{"type":"FeatureCollection","features":[{"type":"Feature","properties":{"id":"0a","arista":0,"lado":"a","orientacion":"sur","muestra_inicio":0,"muestra_cantidad":20},"geometry":{"type":"LineString","coordinates":[[-73.242259,10.475204],[-73.242295,10.475177],[-73.242331,10.47515],[-73.242367,10.475124],[-73.242403,10.475097],[-73.242439,10.47507],[-73.242475,10.475044],[-73.242511,10.475017],[-73.242547,10.47499],[-73.242583,10.474964],[-73.242619,10.474937],[-73.242655,10.474911],[-73.242691,10.474884],[-73.242727,10.474857],[-73.242763,10.474831],[-73.242799,10.474804],[-73.242835,10.474777],[-73.242871,10.474751],[-73.242907,10.474724],[-73.242943,10.474697]]}},{"type":"Feature","properties":{"id":"0b","arista":0,"lado":"b","orientacion":"norte","muestra_inicio":20,"muestra_cantidad":20},"geometry":{"type":"LineString","coordinates":[[-73.242308,10.475269],[-73.242344,10.475242],[-73.24238,10.475215],[-73.242413,10.475185],[-73.242452,10.475162],[-73.242488,10.475136],[-73.242524,10.475109],[-73.24256,10.475082],[-73.242596,10.475056],[-73.242632,10.475029],[-73.242668,10.475002],[-73.242704,10.474976],[-73.24274,10.474949],[-73.242776,10.474922],[-73.242812,10.474896],[-73.242848,10.474869],[-73.242884,10.474843],[-73.24292,10.474816],[-73.242956,10.474789],[-73.242992,10.474763]]}},{"type":"Feature","properties":{"id":"1a","arista":1,"lado":"a","orientacion":"occidental","muestra_inicio":40,"muestra_cantidad":14},"geometry":{"type":"LineString","coordinates":[[-73.241909,10.47476],[-73.241937,10.474795],[-73.241966,10.474829],[-73.241994,10.474864],[-73.242023,10.474899],[-73.242051,10.474933],[-73.24208,10.474968],[-73.242108,10.475002],[-73.242137,10.475037],[-73.242165,10.475071],[-73.242194,10.475106],[-73.242223,10.47514],[-73.242251,10.475175],[-73.24228,10.475209]]}},{"type":"Feature","properties":{"id":"1b","arista":1,"lado":"b","orientacion":"oriental","muestra_inicio":54,"muestra_cantidad":14},"geometry":{"type":"LineString","coordinates":[[-73.241852,10.474806],[-73.241881,10.474841],[-73.241909,10.474875],[-73.241938,10.47491],[-73.241966,10.474944],[-73.241995,10.474979],[-73.242023,10.475013],[-73.242052,10.475048],[-73.24208,10.475082],[-73.242109,10.475117],[-73.242137,10.475152],[-73.242166,10.475186],[-73.242194,10.475221],[-73.242223,10.475255]]}},{"type":"Feature","properties":{"id":"2a","arista":2,"lado":"a","orientacion":"oriental","muestra_inicio":68,"muestra_cantidad":23},"geometry":{"type":"LineString","coordinates":[[-73.2429,10.476041],[-73.242861,10.476015],[-73.242832,10.475981],[-73.242802,10.475946],[-73.242773,10.475912],[-73.242744,10.475877],[-73.242715,10.475843],[-73.242686,10.475809],[-73.242657,10.475774],[-73.242628,10.47574],[-73.242599,10.475705],[-73.24257,10.475671],[-73.242541,10.475636],[-73.242512,10.475602],[-73.242482,10.475567],[-73.242453,10.475533],[-73.242424,10.475498],[-73.242395,10.475464],[-73.242366,10.47543],[-73.242337,10.475395],[-73.242308,10.47536],[-73.24228,10.475325],[-73.242251,10.47529]]}},{"type":"Feature","properties":{"id":"2b","arista":2,"lado":"b","orientacion":"occidental","muestra_inicio":91,"muestra_cantidad":23},"geometry":{"type":"LineString","coordinates":[[-73.242946,10.476003],[-73.242917,10.475969],[-73.242888,10.475934],[-73.242859,10.4759],[-73.242829,10.475866],[-73.2428,10.475831],[-73.242771,10.475797],[-73.242742,10.475762],[-73.242713,10.475728],[-73.242684,10.475693],[-73.242655,10.475659],[-73.242626,10.475624],[-73.242597,10.47559],[-73.242568,10.475555],[-73.242539,10.475521],[-73.242509,10.475487],[-73.24248,10.475452],[-73.242451,10.475418],[-73.242422,10.475383],[-73.242393,10.475349],[-73.242365,10.475314],[-73.242337,10.475279],[-73.242308,10.475244]]}},{"type":"Feature","properties":{"id":"3a","arista":3,"lado":"a","orientacion":"sur","muestra_inicio":114,"muestra_cantidad":30},"geometry":{"type":"LineString","coordinates":[[-73.241157,10.475995],[-73.241193,10.475969],[-73.24123,10.475942],[-73.241266,10.475916],[-73.241303,10.475889],[-73.24134,10.475862],[-73.241376,10.475836],[-73.241413,10.475809],[-73.241449,10.475782],[-73.241486,10.475756],[-73.241523,10.475729],[-73.241559,10.475702],[-73.241596,10.475676],[-73.241633,10.475649],[-73.24167,10.475623],[-73.241707,10.475597],[-73.241744,10.475571],[-73.241781,10.475545],[-73.241818,10.475519],[-73.241855,10.475493],[-73.241892,10.475467],[-73.241929,10.475441],[-73.241966,10.475415],[-73.242002,10.475388],[-73.242039,10.475362],[-73.242076,10.475335],[-73.242113,10.475309],[-73.242149,10.475283],[-73.242186,10.475256],[-73.242223,10.47523]]}},{"type":"Feature","properties":{"id":"3b","arista":3,"lado":"b","orientacion":"norte","muestra_inicio":144,"muestra_cantidad":30},"geometry":{"type":"LineString","coordinates":[[-73.241205,10.476061],[-73.241229,10.476016],[-73.241265,10.475989],[-73.241304,10.475966],[-73.241341,10.47594],[-73.241378,10.475913],[-73.241409,10.475879],[-73.241448,10.475856],[-73.241485,10.47583],[-73.241521,10.475803],[-73.241555,10.475773],[-73.241592,10.475746],[-73.241634,10.475727],[-73.24167,10.4757],[-73.241707,10.475674],[-73.241747,10.475652],[-73.241781,10.475622],[-73.241818,10.475596],[-73.241852,10.475567],[-73.241889,10.475541],[-73.24194,10.475533],[-73.241969,10.475496],[-73.242014,10.47548],[-73.242037,10.475436],[-73.242074,10.475409],[-73.242111,10.475383],[-73.242161,10.475375],[-73.242187,10.475334],[-73.242224,10.475307],[-73.242271,10.475296]]}},{"type":"Feature","properties":{"id":"4a","arista":4,"lado":"a","orientacion":"sur","muestra_inicio":174,"muestra_cantidad":14},"geometry":{"type":"LineString","coordinates":[[-73.239675,10.475398],[-73.239712,10.47537],[-73.23975,10.475342],[-73.239787,10.475314],[-73.239825,10.475285],[-73.239862,10.475257],[-73.2399,10.475229],[-73.239937,10.475201],[-73.239975,10.475172],[-73.240012,10.475144],[-73.24005,10.475116],[-73.240087,10.475087],[-73.240125,10.475059],[-73.240162,10.475031]]}},{"type":"Feature","properties":{"id":"4b","arista":4,"lado":"b","orientacion":"norte","muestra_inicio":188,"muestra_cantidad":14},"geometry":{"type":"LineString","coordinates":[[-73.239719,10.475456],[-73.239757,10.475428],[-73.239794,10.475399],[-73.239832,10.475371],[-73.239869,10.475343],[-73.239906,10.475315],[-73.239944,10.475286],[-73.239981,10.475258],[-73.240019,10.47523],[-73.240056,10.475202],[-73.240094,10.475173],[-73.240131,10.475145],[-73.240169,10.475117],[-73.240206,10.475088]]}},{"type":"Feature","properties":{"id":"5a","arista":5,"lado":"a","orientacion":"norte","muestra_inicio":202,"muestra_cantidad":2},"geometry":{"type":"LineString","coordinates":[[-73.240266,10.475041],[-73.240239,10.475063]]}},{"type":"Feature","properties":{"id":"5b","arista":5,"lado":"b","orientacion":"sur","muestra_inicio":204,"muestra_cantidad":2},"geometry":{"type":"LineString","coordinates":[[-73.240219,10.474985],[-73.240193,10.475007]]}},{"type":"Feature","properties":{"id":"6a","arista":6,"lado":"a","orientacion":"occidental","muestra_inicio":206,"muestra_cantidad":18},"geometry":{"type":"LineString","coordinates":[[-73.240256,10.47503],[-73.240285,10.475064],[-73.240313,10.475098],[-73.240342,10.475132],[-73.240371,10.475166],[-73.2404,10.475199],[-73.240429,10.475233],[-73.240458,10.475267],[-73.240487,10.475301],[-73.240515,10.475335],[-73.240544,10.475368],[-73.240573,10.475402],[-73.240602,10.475436],[-73.24063,10.475469],[-73.24066,10.475502],[-73.24069,10.475535],[-73.240719,10.475568],[-73.240749,10.475602]]}},{"type":"Feature","properties":{"id":"6b","arista":6,"lado":"b","orientacion":"oriental","muestra_inicio":224,"muestra_cantidad":18},"geometry":{"type":"LineString","coordinates":[[-73.240179,10.475095],[-73.240208,10.475128],[-73.240237,10.475162],[-73.240266,10.475196],[-73.240294,10.47523],[-73.240323,10.475264],[-73.240352,10.475297],[-73.240381,10.475331],[-73.24041,10.475365],[-73.240439,10.475399],[-73.240468,10.475433],[-73.240496,10.475466],[-73.240525,10.4755],[-73.240555,10.475535],[-73.240585,10.475568],[-73.240614,10.475601],[-73.240644,10.475634],[-73.240673,10.475667]]}},{"type":"Feature","properties":{"id":"7a","arista":7,"lado":"a","orientacion":"occidental","muestra_inicio":242,"muestra_cantidad":44},"geometry":{"type":"LineString","coordinates":[[-73.239022,10.473436],[-73.23905,10.473473],[-73.239078,10.473509],[-73.239106,10.473545],[-73.239134,10.473581],[-73.239162,10.473618],[-73.23919,10.473654],[-73.239218,10.47369],[-73.239246,10.473727],[-73.239275,10.473763],[-73.239303,10.473799],[-73.239331,10.473836],[-73.239359,10.473872],[-73.239387,10.473908],[-73.239415,10.473944],[-73.239443,10.473981],[-73.239471,10.474017],[-73.239499,10.474053],[-73.239527,10.47409],[-73.239555,10.474126],[-73.239583,10.474162],[-73.239611,10.474199],[-73.239639,10.474235],[-73.239667,10.474271],[-73.239696,10.474307],[-73.239724,10.474344],[-73.239752,10.47438],[-73.23978,10.474416],[-73.239808,10.474453],[-73.239836,10.474489],[-73.239864,10.474525],[-73.239892,10.474562],[-73.23992,10.474598],[-73.239948,10.474634],[-73.239976,10.474671],[-73.240004,10.474707],[-73.240032,10.474743],[-73.24006,10.474779],[-73.240088,10.474816],[-73.240116,10.474852],[-73.240145,10.474888],[-73.240173,10.474925],[-73.240201,10.474961],[-73.240229,10.474997]]}},{"type":"Feature","properties":{"id":"7b","arista":7,"lado":"b","orientacion":"oriental","muestra_inicio":286,"muestra_cantidad":44},"geometry":{"type":"LineString","coordinates":[[-73.238942,10.473497],[-73.23897,10.473533],[-73.238998,10.473569],[-73.239026,10.473606],[-73.239054,10.473642],[-73.239082,10.473678],[-73.239111,10.473714],[-73.239139,10.473751],[-73.239167,10.473787],[-73.239195,10.473823],[-73.239223,10.47386],[-73.239251,10.473896],[-73.239279,10.473932],[-73.239307,10.473969],[-73.239335,10.474005],[-73.239363,10.474041],[-73.239391,10.474078],[-73.239419,10.474114],[-73.239447,10.47415],[-73.239475,10.474186],[-73.239503,10.474223],[-73.239532,10.474259],[-73.23956,10.474295],[-73.239588,10.474332],[-73.239616,10.474368],[-73.239644,10.474404],[-73.239672,10.474441],[-73.2397,10.474477],[-73.239728,10.474513],[-73.239756,10.474549],[-73.239784,10.474586],[-73.239812,10.474622],[-73.23984,10.474658],[-73.239868,10.474695],[-73.239896,10.474731],[-73.239924,10.474767],[-73.239953,10.474804],[-73.239981,10.47484],[-73.240009,10.474876],[-73.240037,10.474912],[-73.240065,10.474949],[-73.240093,10.474985],[-73.240121,10.475021],[-73.240149,10.475058]]}},{"type":"Feature","properties":{"id":"8a","arista":8,"lado":"a","orientacion":"occidental","muestra_inicio":330,"muestra_cantidad":5},"geometry":{"type":"LineString","coordinates":[[-73.241537,10.48021],[-73.241495,10.480236],[-73.241467,10.480273],[-73.241436,10.480308],[-73.241411,10.480349]]}},{"type":"Feature","properties":{"id":"8b","arista":8,"lado":"b","orientacion":"oriental","muestra_inicio":335,"muestra_cantidad":5},"geometry":{"type":"LineString","coordinates":[[-73.241482,10.480162],[-73.241451,10.480196],[-73.24142,10.480231],[-73.241388,10.480266],[-73.241357,10.480301]]}},{"type":"Feature","properties":{"id":"9a","arista":9,"lado":"a","orientacion":"oriental","muestra_inicio":340,"muestra_cantidad":10},"geometry":{"type":"LineString","coordinates":[[-73.241525,10.480732],[-73.241505,10.480692],[-73.241485,10.480653],[-73.241465,10.480614],[-73.241445,10.480575],[-73.241425,10.480536],[-73.241405,10.480496],[-73.241386,10.480457],[-73.241366,10.480418],[-73.241346,10.480379]]}},{"type":"Feature","properties":{"id":"9b","arista":9,"lado":"b","orientacion":"occidental","muestra_inicio":350,"muestra_cantidad":10},"geometry":{"type":"LineString","coordinates":[[-73.24159,10.480699],[-73.24157,10.48066],[-73.24155,10.480621],[-73.241531,10.480581],[-73.241511,10.480542],[-73.241491,10.480503],[-73.241471,10.480464],[-73.241451,10.480425],[-73.241431,10.480385],[-73.241411,10.480346]]}},{"type":"Feature","properties":{"id":"10a","arista":10,"lado":"a","orientacion":"sur","muestra_inicio":360,"muestra_cantidad":6},"geometry":{"type":"LineString","coordinates":[[-73.24117,10.480173],[-73.24121,10.480198],[-73.241249,10.480224],[-73.241289,10.480249],[-73.241329,10.480274],[-73.241368,10.4803]]}},{"type":"Feature","properties":{"id":"10b","arista":10,"lado":"b","orientacion":"norte","muestra_inicio":366,"muestra_cantidad":6},"geometry":{"type":"LineString","coordinates":[[-73.24113,10.480234],[-73.24117,10.480259],[-73.24121,10.480284],[-73.241249,10.48031],[-73.241289,10.480335],[-73.241329,10.480361]]}},{"type":"Feature","properties":{"id":"11a","arista":11,"lado":"a","orientacion":"occidental","muestra_inicio":372,"muestra_cantidad":15},"geometry":{"type":"LineString","coordinates":[[-73.248266,10.481227],[-73.248294,10.481264],[-73.248322,10.481301],[-73.24835,10.481339],[-73.248378,10.481376],[-73.248406,10.481413],[-73.248434,10.48145],[-73.248462,10.481488],[-73.24849,10.481525],[-73.248518,10.481562],[-73.248546,10.481599],[-73.248574,10.481637],[-73.248602,10.481674],[-73.24863,10.481711],[-73.248658,10.481748]]}},{"type":"Feature","properties":{"id":"11b","arista":11,"lado":"b","orientacion":"oriental","muestra_inicio":387,"muestra_cantidad":15},"geometry":{"type":"LineString","coordinates":[[-73.248207,10.48127],[-73.248235,10.481307],[-73.248263,10.481345],[-73.248291,10.481382],[-73.248319,10.481419],[-73.248347,10.481456],[-73.248375,10.481494],[-73.248403,10.481531],[-73.248431,10.481568],[-73.248459,10.481605],[-73.248487,10.481643],[-73.248515,10.48168],[-73.248543,10.481717],[-73.248571,10.481754],[-73.248599,10.481791]]}},{"type":"Feature","properties":{"id":"12a","arista":12,"lado":"a","orientacion":"sur","muestra_inicio":402,"muestra_cantidad":13},"geometry":{"type":"LineString","coordinates":[[-73.248144,10.482076],[-73.248182,10.48205],[-73.24822,10.482025],[-73.248258,10.481999],[-73.248296,10.481973],[-73.248334,10.481948],[-73.248372,10.481922],[-73.24841,10.481896],[-73.248448,10.48187],[-73.248486,10.481845],[-73.248524,10.481819],[-73.248562,10.481793],[-73.2486,10.481768]]}},{"type":"Feature","properties":{"id":"12b","arista":12,"lado":"b","orientacion":"norte","muestra_inicio":415,"muestra_cantidad":13},"geometry":{"type":"LineString","coordinates":[[-73.24819,10.482143],[-73.248228,10.482117],[-73.248266,10.482092],[-73.248304,10.482066],[-73.248342,10.48204],[-73.24838,10.482015],[-73.248418,10.481989],[-73.248456,10.481963],[-73.248494,10.481938],[-73.248532,10.481912],[-73.24857,10.481886],[-73.248608,10.481861],[-73.248646,10.481835]]}},{"type":"Feature","properties":{"id":"13a","arista":13,"lado":"a","orientacion":"norte","muestra_inicio":428,"muestra_cantidad":17},"geometry":{"type":"LineString","coordinates":[[-73.2493,10.481393],[-73.249262,10.481419],[-73.249223,10.481445],[-73.249185,10.481471],[-73.249146,10.481497],[-73.249108,10.481523],[-73.249069,10.481549],[-73.249031,10.481575],[-73.248992,10.481601],[-73.248954,10.481627],[-73.248915,10.481653],[-73.248877,10.481679],[-73.248839,10.481705],[-73.2488,10.481731],[-73.248762,10.481757],[-73.248723,10.481783],[-73.248685,10.481809]]}},{"type":"Feature","properties":{"id":"13b","arista":13,"lado":"b","orientacion":"sur","muestra_inicio":445,"muestra_cantidad":17},"geometry":{"type":"LineString","coordinates":[[-73.249254,10.481326],[-73.249215,10.481352],[-73.249177,10.481378],[-73.249138,10.481404],[-73.2491,10.48143],[-73.249061,10.481456],[-73.249023,10.481482],[-73.248985,10.481508],[-73.248946,10.481534],[-73.248908,10.48156],[-73.248869,10.481586],[-73.248831,10.481612],[-73.248792,10.481638],[-73.248754,10.481664],[-73.248715,10.48169],[-73.248677,10.481716],[-73.248638,10.481742]]}},{"type":"Feature","properties":{"id":"14a","arista":14,"lado":"a","orientacion":"oriental","muestra_inicio":462,"muestra_cantidad":21},"geometry":{"type":"LineString","coordinates":[[-73.244371,10.472803],[-73.244345,10.472766],[-73.244319,10.472729],[-73.244294,10.472692],[-73.244268,10.472655],[-73.244242,10.472618],[-73.244216,10.472581],[-73.24419,10.472544],[-73.244165,10.472507],[-73.244139,10.47247],[-73.244113,10.472433],[-73.244087,10.472396],[-73.244061,10.472359],[-73.244036,10.472322],[-73.24401,10.472285],[-73.243984,10.472248],[-73.243958,10.472211],[-73.243933,10.472174],[-73.243907,10.472137],[-73.243881,10.4721],[-73.243855,10.472063]]}},{"type":"Feature","properties":{"id":"14b","arista":14,"lado":"b","orientacion":"occidental","muestra_inicio":483,"muestra_cantidad":21},"geometry":{"type":"LineString","coordinates":[[-73.244439,10.472757],[-73.244413,10.47272],[-73.244387,10.472683],[-73.244361,10.472646],[-73.244335,10.472609],[-73.24431,10.472572],[-73.244284,10.472535],[-73.244258,10.472498],[-73.244232,10.472461],[-73.244207,10.472424],[-73.244181,10.472387],[-73.244155,10.47235],[-73.244129,10.472313],[-73.244103,10.472276],[-73.244078,10.472239],[-73.244052,10.472202],[-73.244026,10.472165],[-73.244,10.472128],[-73.243974,10.472091],[-73.243949,10.472054],[-73.243923,10.472017]]}},{"type":"Feature","properties":{"id":"15a","arista":15,"lado":"a","orientacion":"norte","muestra_inicio":504,"muestra_cantidad":19},"geometry":{"type":"LineString","coordinates":[[-73.244418,10.472841],[-73.244379,10.472865],[-73.244341,10.47289],[-73.244302,10.472914],[-73.244263,10.472938],[-73.244224,10.472963],[-73.244186,10.472987],[-73.244147,10.473011],[-73.244108,10.473036],[-73.24407,10.47306],[-73.244031,10.473084],[-73.243992,10.473109],[-73.243953,10.473133],[-73.243915,10.473157],[-73.243876,10.473182],[-73.243837,10.473206],[-73.243799,10.47323],[-73.24376,10.473255],[-73.243721,10.473279]]}},{"type":"Feature","properties":{"id":"15b","arista":15,"lado":"b","orientacion":"sur","muestra_inicio":523,"muestra_cantidad":19},"geometry":{"type":"LineString","coordinates":[[-73.244379,10.47278],[-73.24434,10.472804],[-73.244301,10.472829],[-73.244263,10.472853],[-73.244224,10.472877],[-73.244185,10.472902],[-73.244147,10.472926],[-73.244108,10.47295],[-73.244069,10.472975],[-73.24403,10.472999],[-73.243992,10.473023],[-73.243953,10.473048],[-73.243914,10.473072],[-73.243876,10.473096],[-73.243837,10.473121],[-73.243798,10.473145],[-73.243759,10.473169],[-73.243721,10.473194],[-73.243682,10.473218]]}},{"type":"Feature","properties":{"id":"16a","arista":16,"lado":"a","orientacion":"oriental","muestra_inicio":542,"muestra_cantidad":18},"geometry":{"type":"LineString","coordinates":[[-73.244826,10.473461],[-73.2448,10.473424],[-73.244775,10.473388],[-73.24475,10.473351],[-73.244725,10.473315],[-73.244699,10.473278],[-73.244674,10.473242],[-73.244649,10.473205],[-73.244624,10.473168],[-73.244598,10.473132],[-73.244573,10.473095],[-73.244548,10.473059],[-73.244523,10.473022],[-73.244497,10.472986],[-73.244472,10.472949],[-73.244447,10.472913],[-73.244422,10.472876],[-73.244396,10.47284]]}},{"type":"Feature","properties":{"id":"16b","arista":16,"lado":"b","orientacion":"occidental","muestra_inicio":560,"muestra_cantidad":18},"geometry":{"type":"LineString","coordinates":[[-73.244893,10.473415],[-73.244868,10.473378],[-73.244843,10.473342],[-73.244818,10.473305],[-73.244792,10.473269],[-73.244767,10.473232],[-73.244742,10.473196],[-73.244717,10.473159],[-73.244691,10.473123],[-73.244666,10.473086],[-73.244641,10.473049],[-73.244616,10.473013],[-73.24459,10.472976],[-73.244565,10.47294],[-73.24454,10.472903],[-73.244515,10.472867],[-73.244489,10.47283],[-73.244464,10.472794]]}},{"type":"Feature","properties":{"id":"17a","arista":17,"lado":"a","orientacion":"norte","muestra_inicio":578,"muestra_cantidad":14},"geometry":{"type":"LineString","coordinates":[[-73.244922,10.472468],[-73.244886,10.472495],[-73.24485,10.472521],[-73.244814,10.472548],[-73.244779,10.472574],[-73.244743,10.472601],[-73.244707,10.472628],[-73.244672,10.472654],[-73.244636,10.472681],[-73.2446,10.472707],[-73.244565,10.472734],[-73.244529,10.472761],[-73.244493,10.472787],[-73.244458,10.472814]]}},{"type":"Feature","properties":{"id":"17b","arista":17,"lado":"b","orientacion":"sur","muestra_inicio":592,"muestra_cantidad":14},"geometry":{"type":"LineString","coordinates":[[-73.244878,10.47241],[-73.244842,10.472437],[-73.244806,10.472463],[-73.24477,10.47249],[-73.244735,10.472517],[-73.244699,10.472543],[-73.244663,10.47257],[-73.244628,10.472596],[-73.244592,10.472623],[-73.244556,10.47265],[-73.244521,10.472676],[-73.244485,10.472703],[-73.244449,10.47273],[-73.244414,10.472756]]}},{"type":"Feature","properties":{"id":"18a","arista":18,"lado":"a","orientacion":"norte","muestra_inicio":606,"muestra_cantidad":6},"geometry":{"type":"LineString","coordinates":[[-73.241808,10.480616],[-73.241772,10.480649],[-73.241726,10.480667],[-73.241685,10.480693],[-73.241641,10.480715],[-73.241608,10.480753]]}},{"type":"Feature","properties":{"id":"18b","arista":18,"lado":"b","orientacion":"sur","muestra_inicio":612,"muestra_cantidad":6},"geometry":{"type":"LineString","coordinates":[[-73.241773,10.480562],[-73.241732,10.480588],[-73.241691,10.480614],[-73.24165,10.48064],[-73.241609,10.480666],[-73.241568,10.480692]]}},{"type":"Feature","properties":{"id":"19a","arista":19,"lado":"a","orientacion":"sur","muestra_inicio":618,"muestra_cantidad":7},"geometry":{"type":"LineString","coordinates":[[-73.241264,10.480797],[-73.241308,10.480778],[-73.241351,10.480758],[-73.241395,10.480738],[-73.241435,10.480716],[-73.241499,10.480691],[-73.241547,10.480697]]}},{"type":"Feature","properties":{"id":"19b","arista":19,"lado":"b","orientacion":"norte","muestra_inicio":625,"muestra_cantidad":7},"geometry":{"type":"LineString","coordinates":[[-73.241294,10.480863],[-73.241338,10.480843],[-73.241382,10.480823],[-73.241426,10.480803],[-73.241471,10.480779],[-73.241492,10.480763],[-73.24154,10.480768]]}},{"type":"Feature","properties":{"id":"20a","arista":20,"lado":"a","orientacion":"oriental","muestra_inicio":632,"muestra_cantidad":9},"geometry":{"type":"LineString","coordinates":[[-73.241719,10.481086],[-73.241695,10.481049],[-73.241671,10.481011],[-73.241647,10.480973],[-73.241623,10.480931],[-73.241607,10.480889],[-73.241584,10.480851],[-73.241564,10.480811],[-73.241544,10.480771]]}},{"type":"Feature","properties":{"id":"20b","arista":20,"lado":"b","orientacion":"occidental","muestra_inicio":641,"muestra_cantidad":9},"geometry":{"type":"LineString","coordinates":[[-73.241781,10.481048],[-73.241757,10.48101],[-73.241733,10.480972],[-73.241709,10.480935],[-73.241689,10.4809],[-73.241669,10.48086],[-73.241649,10.48082],[-73.24163,10.480779],[-73.24161,10.480739]]}},{"type":"Feature","properties":{"id":"21a","arista":21,"lado":"a","orientacion":"occidental","muestra_inicio":650,"muestra_cantidad":14},"geometry":{"type":"LineString","coordinates":[[-73.238587,10.476198],[-73.23861,10.476236],[-73.238634,10.476275],[-73.238657,10.476313],[-73.23868,10.476351],[-73.238703,10.47639],[-73.238726,10.476428],[-73.23875,10.476466],[-73.238773,10.476505],[-73.238792,10.476545],[-73.238819,10.476581],[-73.238842,10.47662],[-73.238866,10.476658],[-73.238889,10.476696]]}},{"type":"Feature","properties":{"id":"21b","arista":21,"lado":"b","orientacion":"oriental","muestra_inicio":664,"muestra_cantidad":14},"geometry":{"type":"LineString","coordinates":[[-73.238525,10.476235],[-73.238548,10.476273],[-73.238571,10.476312],[-73.238594,10.47635],[-73.238625,10.476384],[-73.238644,10.476424],[-73.238664,10.476465],[-73.238687,10.476503],[-73.23871,10.476542],[-73.238733,10.47658],[-73.238756,10.476618],[-73.23878,10.476657],[-73.238803,10.476695],[-73.238826,10.476733]]}},{"type":"Feature","properties":{"id":"22a","arista":22,"lado":"a","orientacion":"oriental","muestra_inicio":678,"muestra_cantidad":2},"geometry":{"type":"LineString","coordinates":[[-73.238877,10.476814],[-73.238851,10.476774]]}},{"type":"Feature","properties":{"id":"22b","arista":22,"lado":"b","orientacion":"occidental","muestra_inicio":680,"muestra_cantidad":2},"geometry":{"type":"LineString","coordinates":[[-73.238939,10.476774],[-73.238913,10.476734]]}},{"type":"Feature","properties":{"id":"23a","arista":23,"lado":"a","orientacion":"sur","muestra_inicio":682,"muestra_cantidad":8},"geometry":{"type":"LineString","coordinates":[[-73.238532,10.476848],[-73.238576,10.476831],[-73.238621,10.476814],[-73.238665,10.476797],[-73.238709,10.47678],[-73.238753,10.476763],[-73.238798,10.476747],[-73.238842,10.47673]]}},{"type":"Feature","properties":{"id":"23b","arista":23,"lado":"b","orientacion":"norte","muestra_inicio":690,"muestra_cantidad":8},"geometry":{"type":"LineString","coordinates":[[-73.238542,10.476873],[-73.238586,10.476856],[-73.23863,10.476839],[-73.238675,10.476822],[-73.238719,10.476806],[-73.238763,10.476789],[-73.238807,10.476772],[-73.238852,10.476755]]}},{"type":"Feature","properties":{"id":"24a","arista":24,"lado":"a","orientacion":"oriental","muestra_inicio":698,"muestra_cantidad":18},"geometry":{"type":"LineString","coordinates":[[-73.240719,10.475635],[-73.240691,10.475601],[-73.240662,10.475566],[-73.240633,10.475532],[-73.240604,10.475498],[-73.240576,10.475463],[-73.240547,10.475429],[-73.240518,10.475394],[-73.24049,10.47536],[-73.240461,10.475326],[-73.240432,10.475291],[-73.240404,10.475257],[-73.240375,10.475223],[-73.240346,10.475188],[-73.240318,10.475154],[-73.240289,10.47512],[-73.24026,10.475085],[-73.240232,10.475051]]}},{"type":"Feature","properties":{"id":"24b","arista":24,"lado":"b","orientacion":"occidental","muestra_inicio":716,"muestra_cantidad":18},"geometry":{"type":"LineString","coordinates":[[-73.240797,10.475572],[-73.240768,10.475537],[-73.240739,10.475503],[-73.240711,10.475469],[-73.240682,10.475434],[-73.240653,10.4754],[-73.240625,10.475365],[-73.240596,10.475331],[-73.240567,10.475297],[-73.240538,10.475262],[-73.24051,10.475228],[-73.240481,10.475194],[-73.240452,10.475159],[-73.240424,10.475125],[-73.240395,10.475091],[-73.240366,10.475056],[-73.240338,10.475022],[-73.240309,10.474988]]}},{"type":"Feature","properties":{"id":"25a","arista":25,"lado":"a","orientacion":"sur","muestra_inicio":734,"muestra_cantidad":1},"geometry":{"type":"LineString","coordinates":[[-73.240721,10.475611],[-73.240736,10.475601]]}},{"type":"Feature","properties":{"id":"25b","arista":25,"lado":"b","orientacion":"norte","muestra_inicio":735,"muestra_cantidad":1},"geometry":{"type":"LineString","coordinates":[[-73.240762,10.475671],[-73.240777,10.475661]]}},{"type":"Feature","properties":{"id":"26a","arista":26,"lado":"a","orientacion":"norte","muestra_inicio":736,"muestra_cantidad":31},"geometry":{"type":"LineString","coordinates":[[-73.241871,10.474808],[-73.241836,10.474836],[-73.241798,10.47486],[-73.241763,10.474887],[-73.241727,10.474915],[-73.241695,10.474946],[-73.24166,10.474974],[-73.241624,10.475001],[-73.241589,10.475029],[-73.241554,10.475056],[-73.241518,10.475084],[-73.241483,10.475111],[-73.241448,10.475139],[-73.241413,10.475166],[-73.241377,10.475194],[-73.241342,10.475222],[-73.241307,10.475249],[-73.241271,10.475277],[-73.241236,10.475304],[-73.241201,10.475332],[-73.241165,10.475359],[-73.241125,10.47538],[-73.241089,10.475407],[-73.241051,10.475431],[-73.241024,10.47547],[-73.240989,10.475497],[-73.240945,10.475514],[-73.240918,10.475552],[-73.240883,10.47558],[-73.240848,10.475607],[-73.240813,10.475635]]}},{"type":"Feature","properties":{"id":"26b","arista":26,"lado":"b","orientacion":"sur","muestra_inicio":767,"muestra_cantidad":31},"geometry":{"type":"LineString","coordinates":[[-73.241826,10.474751],[-73.241791,10.474779],[-73.241755,10.474807],[-73.24172,10.474834],[-73.241685,10.474862],[-73.24165,10.474889],[-73.241614,10.474917],[-73.241579,10.474944],[-73.241544,10.474972],[-73.241508,10.474999],[-73.241473,10.475027],[-73.241438,10.475055],[-73.241403,10.475082],[-73.241367,10.47511],[-73.241332,10.475137],[-73.241297,10.475165],[-73.241261,10.475192],[-73.241226,10.47522],[-73.241191,10.475247],[-73.241156,10.475275],[-73.24112,10.475303],[-73.241085,10.47533],[-73.24105,10.475358],[-73.241014,10.475385],[-73.240979,10.475413],[-73.240944,10.47544],[-73.240908,10.475468],[-73.240873,10.475496],[-73.240838,10.475523],[-73.240803,10.475551],[-73.240767,10.475578]]}},{"type":"Feature","properties":{"id":"27a","arista":27,"lado":"a","orientacion":"oriental","muestra_inicio":798,"muestra_cantidad":13},"geometry":{"type":"LineString","coordinates":[[-73.241111,10.476059],[-73.241081,10.476027],[-73.241051,10.475994],[-73.241021,10.475962],[-73.240991,10.475929],[-73.240961,10.475897],[-73.240931,10.475865],[-73.240901,10.475832],[-73.24087,10.4758],[-73.24084,10.475767],[-73.24081,10.475735],[-73.24078,10.475703],[-73.24075,10.47567]]}},{"type":"Feature","properties":{"id":"27b","arista":27,"lado":"b","orientacion":"occidental","muestra_inicio":811,"muestra_cantidad":13},"geometry":{"type":"LineString","coordinates":[[-73.241185,10.475992],[-73.241138,10.475975],[-73.241108,10.475942],[-73.241095,10.475895],[-73.241065,10.475862],[-73.241035,10.47583],[-73.241005,10.475797],[-73.240975,10.475765],[-73.240944,10.475733],[-73.240901,10.475712],[-73.240874,10.475677],[-73.240844,10.475645],[-73.240824,10.475603]]}},{"type":"Feature","properties":{"id":"28a","arista":28,"lado":"a","orientacion":"sur","muestra_inicio":824,"muestra_cantidad":1},"geometry":{"type":"LineString","coordinates":[[-73.241108,10.476037],[-73.241123,10.476026]]}},{"type":"Feature","properties":{"id":"28b","arista":28,"lado":"b","orientacion":"norte","muestra_inicio":825,"muestra_cantidad":1},"geometry":{"type":"LineString","coordinates":[[-73.241151,10.476095],[-73.241166,10.476084]]}},{"type":"Feature","properties":{"id":"29a","arista":29,"lado":"a","orientacion":"oriental","muestra_inicio":826,"muestra_cantidad":30},"geometry":{"type":"LineString","coordinates":[[-73.242042,10.477047],[-73.242011,10.477014],[-73.241979,10.476982],[-73.241948,10.476949],[-73.241917,10.476916],[-73.241886,10.476883],[-73.241855,10.47685],[-73.241824,10.476817],[-73.241793,10.476784],[-73.241762,10.476751],[-73.241731,10.476718],[-73.2417,10.476685],[-73.241669,10.476652],[-73.241638,10.476619],[-73.241607,10.476586],[-73.241576,10.476553],[-73.241545,10.47652],[-73.241514,10.476487],[-73.241483,10.476454],[-73.241452,10.476421],[-73.241421,10.476388],[-73.24139,10.476355],[-73.241359,10.476323],[-73.241328,10.47629],[-73.241297,10.476257],[-73.241266,10.476224],[-73.241235,10.476191],[-73.241204,10.476158],[-73.241173,10.476125],[-73.241142,10.476092]]}},{"type":"Feature","properties":{"id":"29b","arista":29,"lado":"b","orientacion":"occidental","muestra_inicio":856,"muestra_cantidad":30},"geometry":{"type":"LineString","coordinates":[[-73.242115,10.47698],[-73.242084,10.476947],[-73.242053,10.476914],[-73.242022,10.476881],[-73.241991,10.476848],[-73.24196,10.476815],[-73.241929,10.476782],[-73.241898,10.476749],[-73.241867,10.476716],[-73.241836,10.476683],[-73.241805,10.47665],[-73.241774,10.476617],[-73.241743,10.476584],[-73.241712,10.476551],[-73.241681,10.476518],[-73.24165,10.476485],[-73.241618,10.476452],[-73.241587,10.476419],[-73.241556,10.476387],[-73.241525,10.476354],[-73.241494,10.476321],[-73.241463,10.476288],[-73.241432,10.476255],[-73.241401,10.476222],[-73.241367,10.476192],[-73.241339,10.476156],[-73.241305,10.476126],[-73.241277,10.47609],[-73.241246,10.476057],[-73.241215,10.476024]]}},{"type":"Feature","properties":{"id":"30a","arista":30,"lado":"a","orientacion":"oriental","muestra_inicio":886,"muestra_cantidad":17},"geometry":{"type":"LineString","coordinates":[[-73.25011,10.480773],[-73.250083,10.480738],[-73.250056,10.480703],[-73.250029,10.480668],[-73.250002,10.480633],[-73.249975,10.480598],[-73.249948,10.480563],[-73.249921,10.480528],[-73.249894,10.480493],[-73.249867,10.480458],[-73.249839,10.480423],[-73.249812,10.480388],[-73.249785,10.480353],[-73.249758,10.480318],[-73.249731,10.480283],[-73.249704,10.480248],[-73.249677,10.480213]]}},{"type":"Feature","properties":{"id":"30b","arista":30,"lado":"b","orientacion":"occidental","muestra_inicio":903,"muestra_cantidad":17},"geometry":{"type":"LineString","coordinates":[[-73.250176,10.480723],[-73.250149,10.480688],[-73.250121,10.480653],[-73.250094,10.480618],[-73.250067,10.480583],[-73.25004,10.480548],[-73.250013,10.480513],[-73.249986,10.480478],[-73.249959,10.480443],[-73.249932,10.480408],[-73.249905,10.480373],[-73.249878,10.480338],[-73.249851,10.480303],[-73.249823,10.480268],[-73.249796,10.480233],[-73.249769,10.480198],[-73.249742,10.480163]]}},{"type":"Feature","properties":{"id":"31a","arista":31,"lado":"a","orientacion":"sur","muestra_inicio":920,"muestra_cantidad":23},"geometry":{"type":"LineString","coordinates":[[-73.249292,10.481301],[-73.249329,10.481275],[-73.249366,10.48125],[-73.249404,10.481225],[-73.249441,10.4812],[-73.249479,10.481174],[-73.249516,10.481149],[-73.249553,10.481124],[-73.249591,10.481099],[-73.249628,10.481073],[-73.249666,10.481048],[-73.249703,10.481023],[-73.249741,10.480997],[-73.249778,10.480972],[-73.249815,10.480947],[-73.249853,10.480922],[-73.24989,10.480896],[-73.249928,10.480871],[-73.249965,10.480846],[-73.250002,10.480821],[-73.25004,10.480795],[-73.250077,10.48077],[-73.250115,10.480745]]}},{"type":"Feature","properties":{"id":"31b","arista":31,"lado":"b","orientacion":"norte","muestra_inicio":943,"muestra_cantidad":23},"geometry":{"type":"LineString","coordinates":[[-73.249338,10.481368],[-73.249375,10.481343],[-73.249413,10.481317],[-73.24945,10.481292],[-73.249488,10.481267],[-73.249525,10.481242],[-73.249562,10.481216],[-73.2496,10.481191],[-73.249637,10.481166],[-73.249675,10.48114],[-73.249712,10.481115],[-73.249749,10.48109],[-73.249787,10.481065],[-73.249824,10.481039],[-73.249862,10.481014],[-73.249899,10.480989],[-73.249937,10.480964],[-73.249974,10.480938],[-73.250011,10.480913],[-73.250049,10.480888],[-73.250086,10.480862],[-73.250124,10.480837],[-73.250161,10.480812]]}},{"type":"Feature","properties":{"id":"32a","arista":32,"lado":"a","orientacion":"norte","muestra_inicio":966,"muestra_cantidad":22},"geometry":{"type":"LineString","coordinates":[[-73.250984,10.48025],[-73.250946,10.480275],[-73.250909,10.480301],[-73.250872,10.480326],[-73.250834,10.480352],[-73.250797,10.480377],[-73.250759,10.480403],[-73.250722,10.480428],[-73.250685,10.480454],[-73.250647,10.48048],[-73.25061,10.480505],[-73.250572,10.480531],[-73.250535,10.480556],[-73.250498,10.480582],[-73.25046,10.480607],[-73.250423,10.480633],[-73.250386,10.480659],[-73.250348,10.480684],[-73.250311,10.48071],[-73.250273,10.480735],[-73.250236,10.480761],[-73.250199,10.480786]]}},{"type":"Feature","properties":{"id":"32b","arista":32,"lado":"b","orientacion":"sur","muestra_inicio":988,"muestra_cantidad":22},"geometry":{"type":"LineString","coordinates":[[-73.250937,10.480183],[-73.2509,10.480208],[-73.250862,10.480234],[-73.250825,10.480259],[-73.250787,10.480285],[-73.25075,10.48031],[-73.250713,10.480336],[-73.250675,10.480362],[-73.250638,10.480387],[-73.250601,10.480413],[-73.250563,10.480438],[-73.250526,10.480464],[-73.250488,10.480489],[-73.250451,10.480515],[-73.250414,10.480541],[-73.250376,10.480566],[-73.250339,10.480592],[-73.250301,10.480617],[-73.250264,10.480643],[-73.250227,10.480668],[-73.250189,10.480694],[-73.250152,10.480719]]}},{"type":"Feature","properties":{"id":"33a","arista":33,"lado":"a","orientacion":"oriental","muestra_inicio":1010,"muestra_cantidad":6},"geometry":{"type":"LineString","coordinates":[[-73.250282,10.481003],[-73.250253,10.480964],[-73.250224,10.480925],[-73.250195,10.480887],[-73.250167,10.480848],[-73.250138,10.480809]]}},{"type":"Feature","properties":{"id":"33b","arista":33,"lado":"b","orientacion":"occidental","muestra_inicio":1016,"muestra_cantidad":6},"geometry":{"type":"LineString","coordinates":[[-73.250348,10.480955],[-73.250319,10.480916],[-73.25029,10.480877],[-73.250262,10.480838],[-73.250233,10.4808],[-73.250204,10.480761]]}},{"type":"Feature","properties":{"id":"34a","arista":34,"lado":"a","orientacion":"sur","muestra_inicio":1022,"muestra_cantidad":5},"geometry":{"type":"LineString","coordinates":[[-73.242167,10.480259],[-73.242202,10.480235],[-73.242237,10.480211],[-73.242273,10.480187],[-73.242308,10.480163]]}},{"type":"Feature","properties":{"id":"34b","arista":34,"lado":"b","orientacion":"norte","muestra_inicio":1027,"muestra_cantidad":5},"geometry":{"type":"LineString","coordinates":[[-73.242205,10.480315],[-73.242243,10.480295],[-73.242279,10.480271],[-73.242314,10.480247],[-73.242349,10.480223]]}},{"type":"Feature","properties":{"id":"35a","arista":35,"lado":"a","orientacion":"oriental","muestra_inicio":1032,"muestra_cantidad":11},"geometry":{"type":"LineString","coordinates":[[-73.242554,10.4806],[-73.242531,10.480561],[-73.242509,10.480523],[-73.242486,10.480485],[-73.242463,10.480447],[-73.24244,10.480409],[-73.242417,10.480371],[-73.242395,10.480333],[-73.242372,10.480295],[-73.242349,10.480257],[-73.242326,10.480218]]}},{"type":"Feature","properties":{"id":"35b","arista":35,"lado":"b","orientacion":"occidental","muestra_inicio":1043,"muestra_cantidad":11},"geometry":{"type":"LineString","coordinates":[[-73.242617,10.480563],[-73.242594,10.480525],[-73.242556,10.480496],[-73.242537,10.480455],[-73.24251,10.48042],[-73.242491,10.480379],[-73.242465,10.480343],[-73.242446,10.480303],[-73.242435,10.480258],[-73.242412,10.48022],[-73.242389,10.480182]]}},{"type":"Feature","properties":{"id":"36a","arista":36,"lado":"a","orientacion":"norte","muestra_inicio":1054,"muestra_cantidad":20},"geometry":{"type":"LineString","coordinates":[[-73.242937,10.480391],[-73.242916,10.480349],[-73.242895,10.480308],[-73.242874,10.480267],[-73.242853,10.480226],[-73.242832,10.480185],[-73.242811,10.480144],[-73.24279,10.480103],[-73.242769,10.480061],[-73.242748,10.48002],[-73.242763,10.48003],[-73.242721,10.480049],[-73.242679,10.480068],[-73.242636,10.480088],[-73.242594,10.480107],[-73.242552,10.480127],[-73.24251,10.480146],[-73.242467,10.480165],[-73.242425,10.480185],[-73.242383,10.480204]]}},{"type":"Feature","properties":{"id":"36b","arista":36,"lado":"b","orientacion":"sur","muestra_inicio":1074,"muestra_cantidad":20},"geometry":{"type":"LineString","coordinates":[[-73.243002,10.480358],[-73.242981,10.480317],[-73.24296,10.480276],[-73.242939,10.480235],[-73.242918,10.480193],[-73.242897,10.480152],[-73.242876,10.480111],[-73.242855,10.48007],[-73.242834,10.480029],[-73.242813,10.479988],[-73.242732,10.479964],[-73.24269,10.479983],[-73.242648,10.480003],[-73.242606,10.480022],[-73.242563,10.480042],[-73.242521,10.480061],[-73.242479,10.48008],[-73.242437,10.4801],[-73.242394,10.480119],[-73.242352,10.480139]]}},{"type":"Feature","properties":{"id":"37a","arista":37,"lado":"a","orientacion":"oriental","muestra_inicio":1094,"muestra_cantidad":22},"geometry":{"type":"LineString","coordinates":[[-73.248688,10.482941],[-73.248661,10.482904],[-73.248635,10.482867],[-73.248608,10.48283],[-73.248582,10.482793],[-73.248555,10.482755],[-73.248529,10.482718],[-73.248502,10.482681],[-73.248476,10.482644],[-73.248449,10.482607],[-73.248423,10.48257],[-73.248396,10.482533],[-73.24837,10.482496],[-73.248343,10.482459],[-73.248317,10.482422],[-73.248291,10.482384],[-73.248264,10.482347],[-73.248238,10.48231],[-73.248211,10.482273],[-73.248185,10.482236],[-73.248158,10.482199],[-73.248132,10.482162]]}},{"type":"Feature","properties":{"id":"37b","arista":37,"lado":"b","orientacion":"occidental","muestra_inicio":1116,"muestra_cantidad":22},"geometry":{"type":"LineString","coordinates":[[-73.248747,10.482899],[-73.248721,10.482862],[-73.248695,10.482825],[-73.248668,10.482788],[-73.248642,10.482751],[-73.248615,10.482714],[-73.248589,10.482677],[-73.248562,10.48264],[-73.248536,10.482602],[-73.248509,10.482565],[-73.248483,10.482528],[-73.248456,10.482491],[-73.24843,10.482454],[-73.248403,10.482417],[-73.248377,10.48238],[-73.24835,10.482343],[-73.248324,10.482306],[-73.248297,10.482269],[-73.248271,10.482231],[-73.248244,10.482194],[-73.248218,10.482157],[-73.248191,10.48212]]}},{"type":"Feature","properties":{"id":"38a","arista":38,"lado":"a","orientacion":"occidental","muestra_inicio":1138,"muestra_cantidad":15},"geometry":{"type":"LineString","coordinates":[[-73.247792,10.48156],[-73.247818,10.481598],[-73.247845,10.481635],[-73.247872,10.481672],[-73.247898,10.48171],[-73.247925,10.481747],[-73.247952,10.481784],[-73.247978,10.481822],[-73.248005,10.481859],[-73.248031,10.481896],[-73.248058,10.481934],[-73.248085,10.481971],[-73.248111,10.482008],[-73.248138,10.482046],[-73.248165,10.482083]]}},{"type":"Feature","properties":{"id":"38b","arista":38,"lado":"b","orientacion":"oriental","muestra_inicio":1153,"muestra_cantidad":15},"geometry":{"type":"LineString","coordinates":[[-73.247732,10.481602],[-73.247759,10.481639],[-73.247785,10.481677],[-73.247812,10.481714],[-73.247839,10.481751],[-73.247865,10.481789],[-73.247892,10.481826],[-73.247919,10.481863],[-73.247945,10.481901],[-73.247972,10.481938],[-73.247998,10.481975],[-73.248025,10.482013],[-73.248052,10.48205],[-73.248078,10.482087],[-73.248105,10.482125]]}},{"type":"Feature","properties":{"id":"39a","arista":39,"lado":"a","orientacion":"sur","muestra_inicio":1168,"muestra_cantidad":22},"geometry":{"type":"LineString","coordinates":[[-73.247317,10.482634],[-73.247355,10.482609],[-73.247392,10.482584],[-73.24743,10.482558],[-73.247468,10.482533],[-73.247505,10.482508],[-73.247543,10.482482],[-73.24758,10.482457],[-73.247618,10.482431],[-73.247655,10.482406],[-73.247693,10.482381],[-73.247731,10.482355],[-73.247768,10.48233],[-73.247806,10.482305],[-73.247843,10.482279],[-73.247881,10.482254],[-73.247918,10.482228],[-73.247956,10.482203],[-73.247994,10.482178],[-73.248031,10.482152],[-73.248069,10.482127],[-73.248106,10.482101]]}},{"type":"Feature","properties":{"id":"39b","arista":39,"lado":"b","orientacion":"norte","muestra_inicio":1190,"muestra_cantidad":22},"geometry":{"type":"LineString","coordinates":[[-73.247364,10.482702],[-73.247401,10.482676],[-73.247439,10.482651],[-73.247476,10.482625],[-73.247514,10.4826],[-73.247551,10.482575],[-73.247589,10.482549],[-73.247627,10.482524],[-73.247664,10.482499],[-73.247702,10.482473],[-73.247739,10.482448],[-73.247777,10.482422],[-73.247814,10.482397],[-73.247852,10.482372],[-73.24789,10.482346],[-73.247927,10.482321],[-73.247965,10.482296],[-73.247989,10.482252],[-73.24803,10.48223],[-73.24807,10.482208],[-73.248115,10.482194],[-73.248153,10.482169]]}},{"type":"Feature","properties":{"id":"40a","arista":40,"lado":"a","orientacion":"occidental","muestra_inicio":1212,"muestra_cantidad":21},"geometry":{"type":"LineString","coordinates":[[-73.249339,10.481343],[-73.249368,10.481379],[-73.249396,10.481416],[-73.249424,10.481452],[-73.249453,10.481489],[-73.249481,10.481525],[-73.24951,10.481562],[-73.249538,10.481598],[-73.249566,10.481635],[-73.249595,10.481671],[-73.249623,10.481708],[-73.249652,10.481744],[-73.24968,10.48178],[-73.249708,10.481817],[-73.249737,10.481853],[-73.249765,10.48189],[-73.249794,10.481926],[-73.249822,10.481963],[-73.24985,10.481999],[-73.249879,10.482036],[-73.249907,10.482072]]}},{"type":"Feature","properties":{"id":"40b","arista":40,"lado":"b","orientacion":"oriental","muestra_inicio":1233,"muestra_cantidad":21},"geometry":{"type":"LineString","coordinates":[[-73.249281,10.481387],[-73.24931,10.481424],[-73.249338,10.48146],[-73.249367,10.481497],[-73.249395,10.481533],[-73.249423,10.481569],[-73.249452,10.481606],[-73.24948,10.481642],[-73.249509,10.481679],[-73.249537,10.481715],[-73.249565,10.481752],[-73.249594,10.481788],[-73.249622,10.481825],[-73.249651,10.481861],[-73.249679,10.481897],[-73.249707,10.481934],[-73.249736,10.48197],[-73.249764,10.482007],[-73.249792,10.482043],[-73.249821,10.48208],[-73.249849,10.482116]]}},{"type":"Feature","properties":{"id":"41a","arista":41,"lado":"a","orientacion":"occidental","muestra_inicio":1254,"muestra_cantidad":16},"geometry":{"type":"LineString","coordinates":[[-73.248882,10.480764],[-73.24891,10.4808],[-73.248939,10.480836],[-73.248967,10.480872],[-73.248996,10.480908],[-73.249025,10.480945],[-73.249053,10.480981],[-73.249082,10.481017],[-73.24911,10.481053],[-73.249139,10.481089],[-73.249168,10.481126],[-73.249196,10.481162],[-73.249225,10.481198],[-73.249253,10.481234],[-73.249282,10.48127],[-73.249311,10.481307]]}},{"type":"Feature","properties":{"id":"41b","arista":41,"lado":"b","orientacion":"oriental","muestra_inicio":1270,"muestra_cantidad":16},"geometry":{"type":"LineString","coordinates":[[-73.248824,10.480808],[-73.248853,10.480844],[-73.248885,10.480878],[-73.248913,10.480914],[-73.248942,10.48095],[-73.248971,10.480986],[-73.248999,10.481023],[-73.249028,10.481059],[-73.249053,10.481098],[-73.249081,10.481134],[-73.24911,10.48117],[-73.249139,10.481206],[-73.249167,10.481243],[-73.249196,10.481279],[-73.249224,10.481315],[-73.249253,10.481351]]}},{"type":"Feature","properties":{"id":"42a","arista":42,"lado":"a","orientacion":"oriental","muestra_inicio":1286,"muestra_cantidad":27},"geometry":{"type":"LineString","coordinates":[[-73.241632,10.478744],[-73.241612,10.478705],[-73.241592,10.478665],[-73.241572,10.478625],[-73.241552,10.478585],[-73.241532,10.478545],[-73.241512,10.478506],[-73.241492,10.478466],[-73.241472,10.478426],[-73.241452,10.478386],[-73.241432,10.478347],[-73.241412,10.478307],[-73.241392,10.478267],[-73.241372,10.478227],[-73.241352,10.478187],[-73.241332,10.478148],[-73.241312,10.478108],[-73.241292,10.478068],[-73.241272,10.478028],[-73.241252,10.477989],[-73.241233,10.477949],[-73.241213,10.477909],[-73.241193,10.477869],[-73.241173,10.47783],[-73.241153,10.47779],[-73.241133,10.47775],[-73.241113,10.47771]]}},{"type":"Feature","properties":{"id":"42b","arista":42,"lado":"b","orientacion":"occidental","muestra_inicio":1313,"muestra_cantidad":27},"geometry":{"type":"LineString","coordinates":[[-73.241697,10.478712],[-73.241677,10.478672],[-73.241649,10.478637],[-73.241629,10.478597],[-73.241605,10.478559],[-73.241585,10.478519],[-73.241578,10.478473],[-73.241537,10.478444],[-73.241513,10.478406],[-73.241518,10.478354],[-73.241481,10.478322],[-73.241457,10.478285],[-73.241441,10.478243],[-73.241417,10.478205],[-73.241397,10.478165],[-73.241381,10.478124],[-73.241361,10.478084],[-73.241337,10.478046],[-73.241322,10.478004],[-73.241297,10.477966],[-73.241273,10.477929],[-73.241258,10.477887],[-73.241233,10.477849],[-73.241209,10.477811],[-73.241202,10.477766],[-73.241182,10.477726],[-73.241158,10.477688]]}},{"type":"Feature","properties":{"id":"43a","arista":43,"lado":"a","orientacion":"sur","muestra_inicio":1340,"muestra_cantidad":7},"geometry":{"type":"LineString","coordinates":[[-73.240864,10.477792],[-73.240903,10.477769],[-73.240942,10.477746],[-73.240981,10.477723],[-73.24102,10.4777],[-73.241058,10.477677],[-73.241097,10.477655]]}},{"type":"Feature","properties":{"id":"43b","arista":43,"lado":"b","orientacion":"norte","muestra_inicio":1347,"muestra_cantidad":7},"geometry":{"type":"LineString","coordinates":[[-73.240902,10.477854],[-73.240931,10.477815],[-73.24097,10.477793],[-73.241007,10.477766],[-73.241048,10.477747],[-73.241096,10.47774],[-73.241135,10.477717]]}},{"type":"Feature","properties":{"id":"44a","arista":44,"lado":"a","orientacion":"norte","muestra_inicio":1354,"muestra_cantidad":16},"geometry":{"type":"LineString","coordinates":[[-73.241799,10.477397],[-73.241757,10.477417],[-73.241706,10.477416],[-73.241664,10.477436],[-73.241622,10.477456],[-73.24158,10.477476],[-73.241538,10.477496],[-73.241497,10.477516],[-73.241451,10.477528],[-73.241409,10.477548],[-73.241381,10.477597],[-73.241327,10.477592],[-73.241298,10.477637],[-73.241256,10.477657],[-73.2412,10.477648],[-73.241158,10.477668]]}},{"type":"Feature","properties":{"id":"44b","arista":44,"lado":"b","orientacion":"sur","muestra_inicio":1370,"muestra_cantidad":16},"geometry":{"type":"LineString","coordinates":[[-73.241767,10.477332],[-73.241726,10.477352],[-73.241684,10.477372],[-73.241642,10.477392],[-73.2416,10.477412],[-73.241558,10.477432],[-73.241517,10.477452],[-73.241475,10.477472],[-73.241433,10.477492],[-73.241391,10.477512],[-73.241349,10.477532],[-73.241308,10.477552],[-73.241266,10.477572],[-73.241224,10.477592],[-73.241182,10.477612],[-73.24114,10.477632]]}},{"type":"Feature","properties":{"id":"45a","arista":45,"lado":"a","orientacion":"occidental","muestra_inicio":1386,"muestra_cantidad":2},"geometry":{"type":"LineString","coordinates":[[-73.246416,10.483349],[-73.246383,10.483392]]}},{"type":"Feature","properties":{"id":"45b","arista":45,"lado":"b","orientacion":"oriental","muestra_inicio":1388,"muestra_cantidad":2},"geometry":{"type":"LineString","coordinates":[[-73.246351,10.4833],[-73.246318,10.483343]]}},{"type":"Feature","properties":{"id":"46a","arista":46,"lado":"a","orientacion":"sur","muestra_inicio":1390,"muestra_cantidad":26},"geometry":{"type":"LineString","coordinates":[[-73.24638,10.483359],[-73.246418,10.483382],[-73.246456,10.483406],[-73.246494,10.48343],[-73.246533,10.483454],[-73.246571,10.483478],[-73.246609,10.483502],[-73.246647,10.483525],[-73.246685,10.483549],[-73.246723,10.483573],[-73.246761,10.483597],[-73.2468,10.483621],[-73.246838,10.483645],[-73.246876,10.483669],[-73.246914,10.483692],[-73.246951,10.483713],[-73.24699,10.483734],[-73.24703,10.483756],[-73.247069,10.483778],[-73.247109,10.483799],[-73.247148,10.483821],[-73.247188,10.483842],[-73.247227,10.483864],[-73.247267,10.483885],[-73.247306,10.483907],[-73.247346,10.483928]]}},{"type":"Feature","properties":{"id":"46b","arista":46,"lado":"b","orientacion":"norte","muestra_inicio":1416,"muestra_cantidad":26},"geometry":{"type":"LineString","coordinates":[[-73.246326,10.483443],[-73.246364,10.483467],[-73.246403,10.48349],[-73.246441,10.483514],[-73.246479,10.483538],[-73.246517,10.483562],[-73.246555,10.483586],[-73.246593,10.48361],[-73.246631,10.483633],[-73.24667,10.483657],[-73.246708,10.483681],[-73.246746,10.483705],[-73.246784,10.483729],[-73.246822,10.483753],[-73.24686,10.483776],[-73.246902,10.4838],[-73.246942,10.483821],[-73.246981,10.483843],[-73.247021,10.483865],[-73.24706,10.483886],[-73.2471,10.483908],[-73.247139,10.483929],[-73.247179,10.483951],[-73.247218,10.483972],[-73.247258,10.483994],[-73.247297,10.484016]]}},{"type":"Feature","properties":{"id":"47a","arista":47,"lado":"a","orientacion":"oriental","muestra_inicio":1442,"muestra_cantidad":63},"geometry":{"type":"LineString","coordinates":[[-73.246744,10.48587],[-73.246725,10.485829],[-73.246705,10.485789],[-73.246685,10.485749],[-73.246666,10.485708],[-73.246646,10.485668],[-73.246627,10.485627],[-73.246607,10.485585],[-73.246589,10.485544],[-73.246571,10.485503],[-73.246553,10.485462],[-73.246534,10.485421],[-73.246516,10.48538],[-73.246498,10.485339],[-73.246481,10.4853],[-73.246459,10.485263],[-73.246436,10.485224],[-73.246413,10.485185],[-73.24639,10.485147],[-73.246367,10.485108],[-73.246344,10.485069],[-73.246322,10.485032],[-73.246298,10.484994],[-73.246273,10.484956],[-73.246249,10.484918],[-73.246225,10.48488],[-73.246199,10.48484],[-73.246179,10.484799],[-73.246158,10.484759],[-73.246138,10.484719],[-73.246118,10.484679],[-73.246098,10.484639],[-73.246077,10.484598],[-73.246057,10.484558],[-73.246037,10.484518],[-73.246016,10.484478],[-73.245996,10.484438],[-73.245979,10.484391],[-73.245967,10.484333],[-73.245988,10.484269],[-73.24602,10.484238],[-73.246059,10.484203],[-73.246098,10.484179],[-73.246137,10.484155],[-73.246171,10.484133],[-73.246207,10.484105],[-73.246243,10.484078],[-73.246247,10.484057],[-73.246259,10.484014],[-73.246268,10.483976],[-73.246271,10.483932],[-73.246275,10.483887],[-73.246275,10.483854],[-73.246265,10.48381],[-73.246255,10.483766],[-73.246245,10.483722],[-73.246241,10.483669],[-73.246242,10.483625],[-73.246242,10.48358],[-73.246243,10.483535],[-73.246259,10.48348],[-73.246275,10.483438],[-73.246292,10.483396]]}},{"type":"Feature","properties":{"id":"47b","arista":47,"lado":"b","orientacion":"occidental","muestra_inicio":1505,"muestra_cantidad":63},"geometry":{"type":"LineString","coordinates":[[-73.24681,10.485839],[-73.24679,10.485798],[-73.246771,10.485758],[-73.246751,10.485717],[-73.246732,10.485677],[-73.246712,10.485636],[-73.246693,10.485596],[-73.246674,10.485556],[-73.246656,10.485515],[-73.246638,10.485474],[-73.24662,10.485433],[-73.246601,10.485392],[-73.246583,10.485351],[-73.246565,10.48531],[-73.246546,10.485267],[-73.246522,10.485226],[-73.246499,10.485188],[-73.246476,10.485149],[-73.246453,10.48511],[-73.24643,10.485071],[-73.246408,10.485033],[-73.246384,10.484993],[-73.246359,10.484955],[-73.246335,10.484917],[-73.246311,10.48488],[-73.246287,10.484842],[-73.246264,10.484806],[-73.246244,10.484767],[-73.246224,10.484727],[-73.246203,10.484686],[-73.246183,10.484646],[-73.246163,10.484606],[-73.246143,10.484566],[-73.246122,10.484526],[-73.246102,10.484486],[-73.246082,10.484446],[-73.246061,10.484406],[-73.246048,10.484369],[-73.246039,10.48434],[-73.246038,10.484321],[-73.246071,10.48429],[-73.246099,10.484263],[-73.246136,10.48424],[-73.246175,10.484217],[-73.246216,10.48419],[-73.246252,10.484162],[-73.246288,10.484135],[-73.246318,10.484076],[-73.24633,10.484033],[-73.24634,10.483983],[-73.246344,10.483938],[-73.246348,10.483893],[-73.246346,10.483838],[-73.246336,10.483794],[-73.246326,10.48375],[-73.246316,10.483707],[-73.246314,10.483671],[-73.246315,10.483626],[-73.246316,10.483581],[-73.246316,10.483536],[-73.246327,10.483506],[-73.246343,10.483465],[-73.24636,10.483423]]}},{"type":"Feature","properties":{"id":"48a","arista":48,"lado":"a","orientacion":"occidental","muestra_inicio":1568,"muestra_cantidad":16},"geometry":{"type":"LineString","coordinates":[[-73.245908,10.482906],[-73.245917,10.482949],[-73.245927,10.482993],[-73.245938,10.482998],[-73.245972,10.483027],[-73.246006,10.483056],[-73.24604,10.483085],[-73.246073,10.483113],[-73.246107,10.483142],[-73.246141,10.483171],[-73.246175,10.4832],[-73.246208,10.483226],[-73.246243,10.483254],[-73.246278,10.483281],[-73.246313,10.483309],[-73.246348,10.483336]]}},{"type":"Feature","properties":{"id":"48b","arista":48,"lado":"b","orientacion":"oriental","muestra_inicio":1584,"muestra_cantidad":16},"geometry":{"type":"LineString","coordinates":[[-73.245809,10.482928],[-73.245819,10.482971],[-73.245829,10.483014],[-73.245873,10.483073],[-73.245906,10.483102],[-73.24594,10.483131],[-73.245974,10.48316],[-73.246008,10.483189],[-73.246042,10.483218],[-73.246075,10.483246],[-73.246109,10.483275],[-73.246145,10.483305],[-73.24618,10.483332],[-73.246215,10.483359],[-73.24625,10.483387],[-73.246285,10.483414]]}},{"type":"Feature","properties":{"id":"49a","arista":49,"lado":"a","orientacion":"oriental","muestra_inicio":1600,"muestra_cantidad":19},"geometry":{"type":"LineString","coordinates":[[-73.246397,10.472452],[-73.246372,10.472414],[-73.246346,10.472376],[-73.24632,10.472338],[-73.246295,10.4723],[-73.246269,10.472262],[-73.246244,10.472223],[-73.246218,10.472185],[-73.246193,10.472147],[-73.246167,10.472109],[-73.246142,10.472071],[-73.246116,10.472033],[-73.24609,10.471995],[-73.246065,10.471957],[-73.246039,10.471918],[-73.246014,10.47188],[-73.245988,10.471842],[-73.245963,10.471804],[-73.245937,10.471766]]}},{"type":"Feature","properties":{"id":"49b","arista":49,"lado":"b","orientacion":"occidental","muestra_inicio":1619,"muestra_cantidad":19},"geometry":{"type":"LineString","coordinates":[[-73.246458,10.472412],[-73.246432,10.472374],[-73.246407,10.472336],[-73.246381,10.472298],[-73.246356,10.47226],[-73.24633,10.472222],[-73.246305,10.472183],[-73.246279,10.472145],[-73.246254,10.472107],[-73.246228,10.472069],[-73.246202,10.472031],[-73.246177,10.471993],[-73.246151,10.471955],[-73.246126,10.471917],[-73.2461,10.471878],[-73.246075,10.47184],[-73.246049,10.471802],[-73.246023,10.471764],[-73.245998,10.471726]]}},{"type":"Feature","properties":{"id":"50a","arista":50,"lado":"a","orientacion":"sur","muestra_inicio":1638,"muestra_cantidad":13},"geometry":{"type":"LineString","coordinates":[[-73.246435,10.472405],[-73.246472,10.47238],[-73.246508,10.472354],[-73.246545,10.472329],[-73.246581,10.472303],[-73.246618,10.472278],[-73.246655,10.472252],[-73.246691,10.472227],[-73.246728,10.472201],[-73.246764,10.472176],[-73.246801,10.47215],[-73.246838,10.472125],[-73.246874,10.4721]]}},{"type":"Feature","properties":{"id":"50b","arista":50,"lado":"b","orientacion":"norte","muestra_inicio":1651,"muestra_cantidad":13},"geometry":{"type":"LineString","coordinates":[[-73.246482,10.472472],[-73.246519,10.472446],[-73.246556,10.472421],[-73.246592,10.472395],[-73.246629,10.47237],[-73.246663,10.472341],[-73.246699,10.472315],[-73.246733,10.472286],[-73.246775,10.472268],[-73.246812,10.472243],[-73.246848,10.472217],[-73.246885,10.472192],[-73.246922,10.472166]]}},{"type":"Feature","properties":{"id":"51a","arista":51,"lado":"a","orientacion":"oriental","muestra_inicio":1664,"muestra_cantidad":21},"geometry":{"type":"LineString","coordinates":[[-73.246906,10.473238],[-73.246882,10.473201],[-73.246858,10.473163],[-73.246833,10.473126],[-73.246809,10.473089],[-73.246785,10.473051],[-73.246761,10.473014],[-73.246737,10.472976],[-73.246712,10.472939],[-73.246688,10.472901],[-73.246664,10.472864],[-73.24664,10.472826],[-73.246615,10.472789],[-73.246591,10.472752],[-73.246567,10.472714],[-73.246543,10.472677],[-73.246519,10.472639],[-73.246494,10.472602],[-73.24647,10.472564],[-73.246446,10.472527],[-73.246422,10.472489]]}},{"type":"Feature","properties":{"id":"51b","arista":51,"lado":"b","orientacion":"occidental","muestra_inicio":1685,"muestra_cantidad":21},"geometry":{"type":"LineString","coordinates":[[-73.246968,10.473199],[-73.246943,10.473162],[-73.246919,10.473124],[-73.246895,10.473087],[-73.246871,10.47305],[-73.246846,10.473012],[-73.246822,10.472975],[-73.246798,10.472937],[-73.246774,10.4729],[-73.24675,10.472862],[-73.246725,10.472825],[-73.246701,10.472787],[-73.246677,10.47275],[-73.246653,10.472713],[-73.246629,10.472675],[-73.246604,10.472638],[-73.24658,10.4726],[-73.246556,10.472563],[-73.246532,10.472525],[-73.246507,10.472488],[-73.246483,10.47245]]}},{"type":"Feature","properties":{"id":"52a","arista":52,"lado":"a","orientacion":"sur","muestra_inicio":1706,"muestra_cantidad":13},"geometry":{"type":"LineString","coordinates":[[-73.245928,10.472732],[-73.245967,10.472707],[-73.246007,10.472682],[-73.246046,10.472657],[-73.246085,10.472631],[-73.246124,10.472606],[-73.246163,10.472581],[-73.246203,10.472556],[-73.246242,10.472531],[-73.246281,10.472505],[-73.24632,10.47248],[-73.246359,10.472455],[-73.246398,10.47243]]}},{"type":"Feature","properties":{"id":"52b","arista":52,"lado":"b","orientacion":"norte","muestra_inicio":1719,"muestra_cantidad":13},"geometry":{"type":"LineString","coordinates":[[-73.245973,10.472801],[-73.246012,10.472775],[-73.246051,10.47275],[-73.246091,10.472725],[-73.24613,10.4727],[-73.246169,10.472674],[-73.246208,10.472649],[-73.246247,10.472624],[-73.246287,10.472599],[-73.246326,10.472574],[-73.246365,10.472548],[-73.246404,10.472523],[-73.246443,10.472498]]}},{"type":"Feature","properties":{"id":"53a","arista":53,"lado":"a","orientacion":"occidental","muestra_inicio":1732,"muestra_cantidad":29},"geometry":{"type":"LineString","coordinates":[[-73.249631,10.4747],[-73.249656,10.474737],[-73.249681,10.474774],[-73.249707,10.474811],[-73.249732,10.474847],[-73.249757,10.474884],[-73.249783,10.474921],[-73.249808,10.474957],[-73.249833,10.474994],[-73.249859,10.475031],[-73.249884,10.475067],[-73.249909,10.475104],[-73.249935,10.475141],[-73.24996,10.475177],[-73.249985,10.475214],[-73.250011,10.475251],[-73.250036,10.475288],[-73.250061,10.475324],[-73.250087,10.475361],[-73.250112,10.475398],[-73.250137,10.475434],[-73.250163,10.475471],[-73.250188,10.475508],[-73.250213,10.475544],[-73.250239,10.475581],[-73.250264,10.475618],[-73.250289,10.475654],[-73.250315,10.475691],[-73.25034,10.475728]]}},{"type":"Feature","properties":{"id":"53b","arista":53,"lado":"b","orientacion":"oriental","muestra_inicio":1761,"muestra_cantidad":29},"geometry":{"type":"LineString","coordinates":[[-73.24957,10.474741],[-73.249596,10.474778],[-73.249621,10.474815],[-73.249646,10.474851],[-73.249672,10.474888],[-73.249697,10.474925],[-73.249722,10.474961],[-73.249748,10.474998],[-73.249773,10.475035],[-73.249798,10.475071],[-73.249824,10.475108],[-73.249849,10.475145],[-73.249874,10.475182],[-73.2499,10.475218],[-73.249925,10.475255],[-73.24995,10.475292],[-73.249976,10.475328],[-73.250001,10.475365],[-73.250026,10.475402],[-73.250052,10.475438],[-73.250077,10.475475],[-73.250102,10.475512],[-73.250128,10.475548],[-73.250153,10.475585],[-73.250178,10.475622],[-73.250204,10.475659],[-73.250229,10.475695],[-73.250254,10.475732],[-73.25028,10.475769]]}},{"type":"Feature","properties":{"id":"54a","arista":54,"lado":"a","orientacion":"oriental","muestra_inicio":1790,"muestra_cantidad":20},"geometry":{"type":"LineString","coordinates":[[-73.25081,10.476524],[-73.250784,10.476486],[-73.250757,10.476448],[-73.250731,10.476411],[-73.250704,10.476373],[-73.250678,10.476335],[-73.250651,10.476297],[-73.250624,10.476259],[-73.250598,10.476222],[-73.250571,10.476184],[-73.250545,10.476146],[-73.250518,10.476108],[-73.250492,10.476071],[-73.250465,10.476033],[-73.250439,10.475995],[-73.250412,10.475957],[-73.250385,10.475919],[-73.250359,10.475882],[-73.250332,10.475844],[-73.250306,10.475806]]}},{"type":"Feature","properties":{"id":"54b","arista":54,"lado":"b","orientacion":"occidental","muestra_inicio":1810,"muestra_cantidad":20},"geometry":{"type":"LineString","coordinates":[[-73.25087,10.476483],[-73.250844,10.476445],[-73.250817,10.476407],[-73.250791,10.476369],[-73.250764,10.476331],[-73.250738,10.476294],[-73.250711,10.476256],[-73.250684,10.476218],[-73.250658,10.47618],[-73.250631,10.476143],[-73.250605,10.476105],[-73.250578,10.476067],[-73.250552,10.476029],[-73.250525,10.475991],[-73.250499,10.475954],[-73.250472,10.475916],[-73.250445,10.475878],[-73.250419,10.47584],[-73.250392,10.475803],[-73.250366,10.475765]]}},{"type":"Feature","properties":{"id":"55a","arista":55,"lado":"a","orientacion":"sur","muestra_inicio":1830,"muestra_cantidad":15},"geometry":{"type":"LineString","coordinates":[[-73.249731,10.476101],[-73.249771,10.476076],[-73.24981,10.476051],[-73.249849,10.476026],[-73.249889,10.476],[-73.249928,10.475975],[-73.249968,10.47595],[-73.250007,10.475925],[-73.250046,10.4759],[-73.250086,10.475875],[-73.250125,10.475849],[-73.250165,10.475824],[-73.250204,10.475799],[-73.250244,10.475774],[-73.250283,10.475749]]}},{"type":"Feature","properties":{"id":"55b","arista":55,"lado":"b","orientacion":"norte","muestra_inicio":1845,"muestra_cantidad":15},"geometry":{"type":"LineString","coordinates":[[-73.249771,10.476162],[-73.24981,10.476137],[-73.24985,10.476112],[-73.249889,10.476086],[-73.249928,10.476061],[-73.249968,10.476036],[-73.250007,10.476011],[-73.250047,10.475986],[-73.250086,10.475961],[-73.250125,10.475935],[-73.250165,10.47591],[-73.250204,10.475885],[-73.250244,10.47586],[-73.250283,10.475835],[-73.250323,10.47581]]}},{"type":"Feature","properties":{"id":"56a","arista":56,"lado":"a","orientacion":"norte","muestra_inicio":1860,"muestra_cantidad":16},"geometry":{"type":"LineString","coordinates":[[-73.25094,10.475411],[-73.250902,10.475436],[-73.250863,10.475461],[-73.250824,10.475486],[-73.250786,10.475511],[-73.250747,10.475536],[-73.250709,10.47556],[-73.25067,10.475585],[-73.250632,10.47561],[-73.250593,10.475635],[-73.250555,10.47566],[-73.250516,10.475685],[-73.250477,10.47571],[-73.250439,10.475735],[-73.2504,10.47576],[-73.250362,10.475784]]}},{"type":"Feature","properties":{"id":"56b","arista":56,"lado":"b","orientacion":"sur","muestra_inicio":1876,"muestra_cantidad":16},"geometry":{"type":"LineString","coordinates":[[-73.2509,10.475351],[-73.250862,10.475375],[-73.250823,10.4754],[-73.250784,10.475425],[-73.250746,10.47545],[-73.250707,10.475475],[-73.250669,10.4755],[-73.25063,10.475525],[-73.250592,10.47555],[-73.250553,10.475575],[-73.250515,10.475599],[-73.250476,10.475624],[-73.250437,10.475649],[-73.250399,10.475674],[-73.25036,10.475699],[-73.250322,10.475724]]}},{"type":"Feature","properties":{"id":"57a","arista":57,"lado":"a","orientacion":"sur","muestra_inicio":1892,"muestra_cantidad":8},"geometry":{"type":"LineString","coordinates":[[-73.244176,10.47833],[-73.244216,10.478303],[-73.244256,10.478276],[-73.244296,10.478249],[-73.244336,10.478222],[-73.244376,10.478195],[-73.244416,10.478168],[-73.244456,10.478141]]}},{"type":"Feature","properties":{"id":"57b","arista":57,"lado":"b","orientacion":"norte","muestra_inicio":1900,"muestra_cantidad":8},"geometry":{"type":"LineString","coordinates":[[-73.244217,10.47839],[-73.244257,10.478363],[-73.244297,10.478335],[-73.244337,10.478308],[-73.244377,10.478281],[-73.244417,10.478254],[-73.244457,10.478227],[-73.244497,10.4782]]}},{"type":"Feature","properties":{"id":"58a","arista":58,"lado":"a","orientacion":"occidental","muestra_inicio":1908,"muestra_cantidad":1},"geometry":{"type":"LineString","coordinates":[[-73.244497,10.478135],[-73.244508,10.478149]]}},{"type":"Feature","properties":{"id":"58b","arista":58,"lado":"b","orientacion":"oriental","muestra_inicio":1909,"muestra_cantidad":1},"geometry":{"type":"LineString","coordinates":[[-73.244475,10.47815],[-73.244486,10.478165]]}},{"type":"Feature","properties":{"id":"59a","arista":59,"lado":"a","orientacion":"occidental","muestra_inicio":1910,"muestra_cantidad":1},"geometry":{"type":"LineString","coordinates":[[-73.244532,10.478144],[-73.244541,10.478159]]}},{"type":"Feature","properties":{"id":"59b","arista":59,"lado":"b","orientacion":"oriental","muestra_inicio":1911,"muestra_cantidad":1},"geometry":{"type":"LineString","coordinates":[[-73.24447,10.478182],[-73.244479,10.478198]]}},{"type":"Feature","properties":{"id":"60a","arista":60,"lado":"a","orientacion":"sur","muestra_inicio":1912,"muestra_cantidad":15},"geometry":{"type":"LineString","coordinates":[[-73.244489,10.478115],[-73.244531,10.478086],[-73.244569,10.478061],[-73.244607,10.478037],[-73.244645,10.478012],[-73.244683,10.477988],[-73.244721,10.477963],[-73.244759,10.477939],[-73.244797,10.477914],[-73.244836,10.477889],[-73.244874,10.477865],[-73.244912,10.47784],[-73.24495,10.477816],[-73.244988,10.477791],[-73.245026,10.477767]]}},{"type":"Feature","properties":{"id":"60b","arista":60,"lado":"b","orientacion":"norte","muestra_inicio":1927,"muestra_cantidad":15},"geometry":{"type":"LineString","coordinates":[[-73.244538,10.478169],[-73.24457,10.478146],[-73.244608,10.478122],[-73.244647,10.478097],[-73.244685,10.478073],[-73.244723,10.478048],[-73.244761,10.478024],[-73.244799,10.477999],[-73.244837,10.477975],[-73.244875,10.47795],[-73.244914,10.477926],[-73.244952,10.477901],[-73.24499,10.477877],[-73.245028,10.477852],[-73.245066,10.477828]]}},{"type":"Feature","properties":{"id":"61a","arista":61,"lado":"a","orientacion":"occidental","muestra_inicio":1942,"muestra_cantidad":14},"geometry":{"type":"LineString","coordinates":[[-73.248233,10.471307],[-73.248258,10.471345],[-73.248283,10.471383],[-73.248307,10.471421],[-73.248332,10.471459],[-73.248357,10.471497],[-73.248382,10.471535],[-73.248406,10.471573],[-73.248431,10.471611],[-73.248456,10.471648],[-73.24848,10.471686],[-73.248505,10.471724],[-73.24853,10.471762],[-73.248555,10.4718]]}},{"type":"Feature","properties":{"id":"61b","arista":61,"lado":"b","orientacion":"oriental","muestra_inicio":1956,"muestra_cantidad":14},"geometry":{"type":"LineString","coordinates":[[-73.248164,10.471352],[-73.248189,10.471389],[-73.248214,10.471427],[-73.248238,10.471465],[-73.248263,10.471503],[-73.248288,10.471541],[-73.248312,10.471579],[-73.248337,10.471617],[-73.248362,10.471655],[-73.248387,10.471693],[-73.248411,10.47173],[-73.248436,10.471768],[-73.248461,10.471806],[-73.248486,10.471844]]}},{"type":"Feature","properties":{"id":"62a","arista":62,"lado":"a","orientacion":"sur","muestra_inicio":1970,"muestra_cantidad":32},"geometry":{"type":"LineString","coordinates":[[-73.246973,10.472035],[-73.247011,10.472011],[-73.247049,10.471987],[-73.247087,10.471963],[-73.247125,10.471939],[-73.247163,10.471915],[-73.2472,10.471891],[-73.247238,10.471867],[-73.247276,10.471843],[-73.247314,10.471819],[-73.247352,10.471795],[-73.24739,10.471771],[-73.247428,10.471747],[-73.247466,10.471723],[-73.247504,10.471699],[-73.247541,10.471676],[-73.247579,10.471652],[-73.247617,10.471628],[-73.247655,10.471604],[-73.247693,10.47158],[-73.247731,10.471556],[-73.247769,10.471532],[-73.247807,10.471508],[-73.247845,10.471484],[-73.247882,10.47146],[-73.24792,10.471436],[-73.247958,10.471412],[-73.247996,10.471388],[-73.248034,10.471364],[-73.248072,10.47134],[-73.24811,10.471316],[-73.248148,10.471292]]}},{"type":"Feature","properties":{"id":"62b","arista":62,"lado":"b","orientacion":"norte","muestra_inicio":2002,"muestra_cantidad":32},"geometry":{"type":"LineString","coordinates":[[-73.247012,10.472096],[-73.24705,10.472072],[-73.247088,10.472048],[-73.247126,10.472024],[-73.247164,10.472],[-73.247202,10.471976],[-73.24724,10.471952],[-73.247278,10.471928],[-73.247316,10.471904],[-73.247353,10.47188],[-73.247391,10.471856],[-73.247429,10.471832],[-73.247467,10.471808],[-73.247505,10.471784],[-73.247543,10.47176],[-73.247581,10.471736],[-73.247619,10.471712],[-73.247657,10.471689],[-73.247694,10.471665],[-73.247732,10.471641],[-73.24777,10.471617],[-73.247808,10.471593],[-73.247846,10.471569],[-73.247884,10.471545],[-73.247922,10.471521],[-73.24796,10.471497],[-73.247998,10.471473],[-73.248035,10.471449],[-73.248073,10.471425],[-73.248111,10.471401],[-73.248149,10.471377],[-73.248187,10.471353]]}},{"type":"Feature","properties":{"id":"63a","arista":63,"lado":"a","orientacion":"occidental","muestra_inicio":2034,"muestra_cantidad":15},"geometry":{"type":"LineString","coordinates":[[-73.247011,10.482116],[-73.247034,10.482154],[-73.247058,10.482191],[-73.247082,10.482229],[-73.247105,10.482266],[-73.247129,10.482304],[-73.247152,10.482342],[-73.247176,10.482379],[-73.247199,10.482417],[-73.247223,10.482455],[-73.247247,10.482492],[-73.24727,10.48253],[-73.247294,10.482568],[-73.247317,10.482605],[-73.247341,10.482643]]}},{"type":"Feature","properties":{"id":"63b","arista":63,"lado":"b","orientacion":"oriental","muestra_inicio":2049,"muestra_cantidad":15},"geometry":{"type":"LineString","coordinates":[[-73.246949,10.482154],[-73.246972,10.482192],[-73.246996,10.482229],[-73.247019,10.482267],[-73.247043,10.482305],[-73.247067,10.482342],[-73.24709,10.48238],[-73.247114,10.482417],[-73.247137,10.482455],[-73.247161,10.482493],[-73.247184,10.48253],[-73.247208,10.482568],[-73.247232,10.482606],[-73.247255,10.482643],[-73.247279,10.482681]]}},{"type":"Feature","properties":{"id":"64a","arista":64,"lado":"a","orientacion":"oriental","muestra_inicio":2064,"muestra_cantidad":26},"geometry":{"type":"LineString","coordinates":[[-73.247899,10.483666],[-73.247875,10.483628],[-73.247852,10.48359],[-73.247828,10.483552],[-73.247804,10.483514],[-73.24778,10.483476],[-73.247756,10.483439],[-73.247732,10.483401],[-73.247708,10.483363],[-73.247685,10.483325],[-73.247661,10.483287],[-73.247637,10.483249],[-73.247613,10.483211],[-73.247589,10.483173],[-73.247565,10.483135],[-73.247541,10.483098],[-73.247517,10.48306],[-73.247494,10.483022],[-73.24747,10.482984],[-73.247446,10.482946],[-73.247422,10.482908],[-73.247398,10.48287],[-73.247374,10.482832],[-73.24735,10.482795],[-73.247326,10.482757],[-73.247303,10.482719]]}},{"type":"Feature","properties":{"id":"64b","arista":64,"lado":"b","orientacion":"occidental","muestra_inicio":2090,"muestra_cantidad":26},"geometry":{"type":"LineString","coordinates":[[-73.247961,10.483628],[-73.247937,10.48359],[-73.247914,10.483552],[-73.24789,10.483514],[-73.247866,10.483476],[-73.247842,10.483438],[-73.247818,10.4834],[-73.247794,10.483362],[-73.24777,10.483324],[-73.247747,10.483287],[-73.247723,10.483249],[-73.247699,10.483211],[-73.247675,10.483173],[-73.247651,10.483135],[-73.247627,10.483097],[-73.247603,10.483059],[-73.247579,10.483021],[-73.247556,10.482984],[-73.247532,10.482946],[-73.247508,10.482908],[-73.247484,10.48287],[-73.24746,10.482832],[-73.247436,10.482794],[-73.247412,10.482756],[-73.247388,10.482718],[-73.247365,10.482681]]}},{"type":"Feature","properties":{"id":"65a","arista":65,"lado":"a","orientacion":"sur","muestra_inicio":2116,"muestra_cantidad":17},"geometry":{"type":"LineString","coordinates":[[-73.246681,10.483064],[-73.246718,10.483039],[-73.246756,10.483014],[-73.246793,10.482988],[-73.24683,10.482963],[-73.246868,10.482938],[-73.246905,10.482913],[-73.246943,10.482887],[-73.24698,10.482862],[-73.247018,10.482837],[-73.247055,10.482811],[-73.247093,10.482786],[-73.24713,10.482761],[-73.247167,10.482736],[-73.247205,10.48271],[-73.247242,10.482685],[-73.24728,10.48266]]}},{"type":"Feature","properties":{"id":"65b","arista":65,"lado":"b","orientacion":"norte","muestra_inicio":2133,"muestra_cantidad":17},"geometry":{"type":"LineString","coordinates":[[-73.246727,10.483132],[-73.246765,10.483106],[-73.246802,10.483081],[-73.246839,10.483056],[-73.246877,10.48303],[-73.246914,10.483005],[-73.246952,10.48298],[-73.246989,10.482955],[-73.247027,10.482929],[-73.247064,10.482904],[-73.247101,10.482879],[-73.247139,10.482853],[-73.247176,10.482828],[-73.247214,10.482803],[-73.247251,10.482778],[-73.247289,10.482752],[-73.247326,10.482727]]}},{"type":"Feature","properties":{"id":"66a","arista":66,"lado":"a","orientacion":"occidental","muestra_inicio":2150,"muestra_cantidad":13},"geometry":{"type":"LineString","coordinates":[[-73.241847,10.47736],[-73.241866,10.477401],[-73.241884,10.477442],[-73.241903,10.477483],[-73.241922,10.477524],[-73.241941,10.477565],[-73.241959,10.477606],[-73.241978,10.477647],[-73.241997,10.477689],[-73.242015,10.47773],[-73.242034,10.477771],[-73.242053,10.477812],[-73.242072,10.477853]]}},{"type":"Feature","properties":{"id":"66b","arista":66,"lado":"b","orientacion":"oriental","muestra_inicio":2163,"muestra_cantidad":13},"geometry":{"type":"LineString","coordinates":[[-73.24178,10.47739],[-73.241799,10.477431],[-73.241818,10.477472],[-73.241836,10.477513],[-73.241855,10.477554],[-73.241874,10.477595],[-73.241893,10.477636],[-73.241911,10.477677],[-73.24193,10.477718],[-73.241949,10.477759],[-73.241968,10.4778],[-73.241986,10.477842],[-73.242005,10.477883]]}},{"type":"Feature","properties":{"id":"67a","arista":67,"lado":"a","orientacion":"oriental","muestra_inicio":2176,"muestra_cantidad":12},"geometry":{"type":"LineString","coordinates":[[-73.24227,10.478341],[-73.242248,10.478303],[-73.242226,10.478265],[-73.242204,10.478227],[-73.242182,10.47819],[-73.24216,10.478152],[-73.242138,10.478114],[-73.242116,10.478076],[-73.242093,10.478039],[-73.242071,10.478001],[-73.242049,10.477963],[-73.242027,10.477925]]}},{"type":"Feature","properties":{"id":"67b","arista":67,"lado":"b","orientacion":"occidental","muestra_inicio":2188,"muestra_cantidad":12},"geometry":{"type":"LineString","coordinates":[[-73.242333,10.478305],[-73.242311,10.478267],[-73.242289,10.478229],[-73.242267,10.478191],[-73.242245,10.478153],[-73.242223,10.478116],[-73.242201,10.478078],[-73.242179,10.47804],[-73.242157,10.478002],[-73.242135,10.477965],[-73.242113,10.477927],[-73.24209,10.477889]]}},{"type":"Feature","properties":{"id":"68a","arista":68,"lado":"a","orientacion":"norte","muestra_inicio":2200,"muestra_cantidad":14},"geometry":{"type":"LineString","coordinates":[[-73.242534,10.477554],[-73.242492,10.477571],[-73.242455,10.477594],[-73.24242,10.477618],[-73.242381,10.47764],[-73.242353,10.477677],[-73.242318,10.477702],[-73.242286,10.477726],[-73.242253,10.477755],[-73.242217,10.477781],[-73.242184,10.47781],[-73.242151,10.477839],[-73.242121,10.477872],[-73.242089,10.477901]]}},{"type":"Feature","properties":{"id":"68b","arista":68,"lado":"b","orientacion":"sur","muestra_inicio":2214,"muestra_cantidad":14},"geometry":{"type":"LineString","coordinates":[[-73.242494,10.477494],[-73.242457,10.477518],[-73.24242,10.477541],[-73.242382,10.477567],[-73.242346,10.477592],[-73.242311,10.477618],[-73.242275,10.477643],[-73.242237,10.477672],[-73.242204,10.477702],[-73.242171,10.477731],[-73.242139,10.47776],[-73.242106,10.477789],[-73.242073,10.477818],[-73.24204,10.477847]]}},{"type":"Feature","properties":{"id":"69a","arista":69,"lado":"a","orientacion":"sur","muestra_inicio":2228,"muestra_cantidad":17},"geometry":{"type":"LineString","coordinates":[[-73.245459,10.479608],[-73.245506,10.479603],[-73.245548,10.479585],[-73.245591,10.479568],[-73.245633,10.47955],[-73.245674,10.479529],[-73.245714,10.479507],[-73.245755,10.479485],[-73.245797,10.479468],[-73.245841,10.479454],[-73.245883,10.479437],[-73.245925,10.479419],[-73.245968,10.479402],[-73.24601,10.479384],[-73.246051,10.479363],[-73.246093,10.479345],[-73.246135,10.479328]]}},{"type":"Feature","properties":{"id":"69b","arista":69,"lado":"b","orientacion":"norte","muestra_inicio":2245,"muestra_cantidad":17},"geometry":{"type":"LineString","coordinates":[[-73.245487,10.479675],[-73.245529,10.479657],[-73.245571,10.47964],[-73.245614,10.479622],[-73.245656,10.479605],[-73.245698,10.479587],[-73.245741,10.47957],[-73.245783,10.479552],[-73.245825,10.479534],[-73.245867,10.479517],[-73.24591,10.479499],[-73.245952,10.479482],[-73.245994,10.479464],[-73.246037,10.479447],[-73.246079,10.479429],[-73.246121,10.479412],[-73.246163,10.479394]]}},{"type":"Feature","properties":{"id":"70a","arista":70,"lado":"a","orientacion":"norte","muestra_inicio":2262,"muestra_cantidad":18},"geometry":{"type":"LineString","coordinates":[[-73.246819,10.478926],[-73.246783,10.478952],[-73.246745,10.478974],[-73.246709,10.479],[-73.246673,10.479026],[-73.246637,10.479052],[-73.246601,10.479078],[-73.246566,10.479104],[-73.246532,10.479134],[-73.246497,10.47916],[-73.246461,10.479186],[-73.246419,10.479205],[-73.246381,10.479227],[-73.246345,10.479253],[-73.246312,10.479283],[-73.246279,10.479313],[-73.246243,10.479339],[-73.24621,10.479368]]}},{"type":"Feature","properties":{"id":"70b","arista":70,"lado":"b","orientacion":"sur","muestra_inicio":2280,"muestra_cantidad":18},"geometry":{"type":"LineString","coordinates":[[-73.246776,10.478868],[-73.24674,10.478894],[-73.246704,10.47892],[-73.246668,10.478946],[-73.246632,10.478972],[-73.246597,10.478998],[-73.246561,10.479024],[-73.246525,10.47905],[-73.246489,10.479076],[-73.246453,10.479102],[-73.246417,10.479128],[-73.246382,10.479154],[-73.246346,10.47918],[-73.24631,10.479206],[-73.246274,10.479232],[-73.246238,10.479258],[-73.246203,10.479284],[-73.246167,10.47931]]}},{"type":"Feature","properties":{"id":"71a","arista":71,"lado":"a","orientacion":"oriental","muestra_inicio":2298,"muestra_cantidad":12},"geometry":{"type":"LineString","coordinates":[[-73.246449,10.479805],[-73.246433,10.479759],[-73.246406,10.479722],[-73.24638,10.479684],[-73.246353,10.479647],[-73.246322,10.479612],[-73.246295,10.479574],[-73.246269,10.479537],[-73.246242,10.479499],[-73.246211,10.479464],[-73.246184,10.479427],[-73.246158,10.479389]]}},{"type":"Feature","properties":{"id":"71b","arista":71,"lado":"b","orientacion":"occidental","muestra_inicio":2310,"muestra_cantidad":12},"geometry":{"type":"LineString","coordinates":[[-73.246508,10.479763],[-73.246474,10.479731],[-73.246447,10.479693],[-73.246424,10.479653],[-73.246398,10.479615],[-73.246374,10.479575],[-73.246348,10.479538],[-73.246321,10.4795],[-73.246294,10.479463],[-73.246267,10.479425],[-73.24624,10.479388],[-73.246214,10.47935]]}},{"type":"Feature","properties":{"id":"72a","arista":72,"lado":"a","orientacion":"oriental","muestra_inicio":2322,"muestra_cantidad":15},"geometry":{"type":"LineString","coordinates":[[-73.246127,10.479353],[-73.246101,10.479314],[-73.246075,10.479275],[-73.246049,10.479237],[-73.246035,10.47919],[-73.246005,10.479154],[-73.245979,10.479115],[-73.245949,10.479079],[-73.245924,10.479041],[-73.245894,10.479004],[-73.245868,10.478966],[-73.245842,10.478927],[-73.245816,10.478888],[-73.24579,10.478849],[-73.245764,10.478811]]}},{"type":"Feature","properties":{"id":"72b","arista":72,"lado":"b","orientacion":"occidental","muestra_inicio":2337,"muestra_cantidad":15},"geometry":{"type":"LineString","coordinates":[[-73.246188,10.479313],[-73.246162,10.479274],[-73.246136,10.479235],[-73.24611,10.479197],[-73.246084,10.479158],[-73.246058,10.479119],[-73.246033,10.47908],[-73.246007,10.479042],[-73.245981,10.479003],[-73.245955,10.478964],[-73.245929,10.478926],[-73.245903,10.478887],[-73.245877,10.478848],[-73.245851,10.47881],[-73.245825,10.478771]]}},{"type":"Feature","properties":{"id":"73a","arista":73,"lado":"a","orientacion":"sur","muestra_inicio":2352,"muestra_cantidad":13},"geometry":{"type":"LineString","coordinates":[[-73.243872,10.471979],[-73.243908,10.471951],[-73.243944,10.471923],[-73.24398,10.471896],[-73.244016,10.471868],[-73.244053,10.47184],[-73.244089,10.471812],[-73.244125,10.471784],[-73.244161,10.471756],[-73.244197,10.471728],[-73.244233,10.4717],[-73.24427,10.471672],[-73.244306,10.471644]]}},{"type":"Feature","properties":{"id":"73b","arista":73,"lado":"b","orientacion":"norte","muestra_inicio":2365,"muestra_cantidad":13},"geometry":{"type":"LineString","coordinates":[[-73.243917,10.472036],[-73.243953,10.472008],[-73.243989,10.47198],[-73.244025,10.471953],[-73.244061,10.471925],[-73.244098,10.471897],[-73.244134,10.471869],[-73.24417,10.471841],[-73.244206,10.471813],[-73.244242,10.471785],[-73.244278,10.471757],[-73.244315,10.471729],[-73.244351,10.471701]]}},{"type":"Feature","properties":{"id":"74a","arista":74,"lado":"a","orientacion":"occidental","muestra_inicio":2378,"muestra_cantidad":21},"geometry":{"type":"LineString","coordinates":[[-73.244393,10.471653],[-73.24442,10.471689],[-73.244447,10.471726],[-73.244475,10.471762],[-73.244502,10.471799],[-73.244529,10.471835],[-73.244556,10.471872],[-73.244583,10.471908],[-73.244611,10.471945],[-73.244638,10.471981],[-73.244665,10.472018],[-73.244692,10.472055],[-73.244719,10.472091],[-73.244747,10.472128],[-73.244774,10.472164],[-73.244801,10.472201],[-73.244828,10.472237],[-73.244855,10.472274],[-73.244883,10.47231],[-73.24491,10.472347],[-73.244937,10.472383]]}},{"type":"Feature","properties":{"id":"74b","arista":74,"lado":"b","orientacion":"oriental","muestra_inicio":2399,"muestra_cantidad":21},"geometry":{"type":"LineString","coordinates":[[-73.244327,10.471701],[-73.244354,10.471738],[-73.244381,10.471774],[-73.244408,10.471811],[-73.244436,10.471847],[-73.244463,10.471884],[-73.24449,10.47192],[-73.244517,10.471957],[-73.244544,10.471993],[-73.244572,10.47203],[-73.244599,10.472066],[-73.244626,10.472103],[-73.244653,10.472139],[-73.24468,10.472176],[-73.244708,10.472212],[-73.244735,10.472249],[-73.244762,10.472285],[-73.244789,10.472322],[-73.244816,10.472359],[-73.244844,10.472395],[-73.244871,10.472432]]}},{"type":"Feature","properties":{"id":"75a","arista":75,"lado":"a","orientacion":"norte","muestra_inicio":2420,"muestra_cantidad":18},"geometry":{"type":"LineString","coordinates":[[-73.244982,10.471202],[-73.244947,10.47123],[-73.244912,10.471258],[-73.244877,10.471285],[-73.244842,10.471313],[-73.244807,10.471341],[-73.244772,10.471368],[-73.244737,10.471396],[-73.244702,10.471424],[-73.244667,10.471452],[-73.244632,10.471479],[-73.244597,10.471507],[-73.244562,10.471535],[-73.244527,10.471562],[-73.244492,10.47159],[-73.244457,10.471618],[-73.244422,10.471645],[-73.244387,10.471673]]}},{"type":"Feature","properties":{"id":"75b","arista":75,"lado":"b","orientacion":"sur","muestra_inicio":2438,"muestra_cantidad":18},"geometry":{"type":"LineString","coordinates":[[-73.244937,10.471146],[-73.244902,10.471174],[-73.244867,10.471201],[-73.244832,10.471229],[-73.244796,10.471257],[-73.244761,10.471284],[-73.244726,10.471312],[-73.244691,10.47134],[-73.244656,10.471367],[-73.244621,10.471395],[-73.244586,10.471423],[-73.244551,10.47145],[-73.244516,10.471478],[-73.244481,10.471506],[-73.244446,10.471533],[-73.244411,10.471561],[-73.244376,10.471589],[-73.244341,10.471617]]}},{"type":"Feature","properties":{"id":"76a","arista":76,"lado":"a","orientacion":"occidental","muestra_inicio":2456,"muestra_cantidad":27},"geometry":{"type":"LineString","coordinates":[[-73.243627,10.470696],[-73.243655,10.470732],[-73.243684,10.470767],[-73.243712,10.470802],[-73.24374,10.470838],[-73.243769,10.470873],[-73.243797,10.470909],[-73.243825,10.470944],[-73.243854,10.470979],[-73.243882,10.471015],[-73.243911,10.47105],[-73.243939,10.471085],[-73.243967,10.471121],[-73.243996,10.471156],[-73.244024,10.471191],[-73.244052,10.471227],[-73.244081,10.471262],[-73.244109,10.471297],[-73.244137,10.471333],[-73.244166,10.471368],[-73.244194,10.471403],[-73.244223,10.471439],[-73.244251,10.471474],[-73.244279,10.47151],[-73.244308,10.471545],[-73.244336,10.47158],[-73.244364,10.471616]]}},{"type":"Feature","properties":{"id":"76b","arista":76,"lado":"b","orientacion":"oriental","muestra_inicio":2483,"muestra_cantidad":27},"geometry":{"type":"LineString","coordinates":[[-73.243562,10.470747],[-73.243591,10.470782],[-73.243619,10.470818],[-73.243648,10.470853],[-73.243676,10.470888],[-73.243704,10.470924],[-73.243733,10.470959],[-73.243761,10.470994],[-73.243789,10.47103],[-73.243818,10.471065],[-73.243846,10.471101],[-73.243875,10.471136],[-73.243903,10.471171],[-73.243931,10.471207],[-73.24396,10.471242],[-73.243988,10.471277],[-73.244016,10.471313],[-73.244045,10.471348],[-73.244073,10.471383],[-73.244101,10.471419],[-73.24413,10.471454],[-73.244158,10.471489],[-73.244187,10.471525],[-73.244215,10.47156],[-73.244243,10.471596],[-73.244272,10.471631],[-73.2443,10.471666]]}},{"type":"Feature","properties":{"id":"77a","arista":77,"lado":"a","orientacion":"sur","muestra_inicio":2510,"muestra_cantidad":13},"geometry":{"type":"LineString","coordinates":[[-73.248436,10.475431],[-73.248474,10.475404],[-73.248512,10.475378],[-73.24855,10.475351],[-73.248587,10.475325],[-73.248625,10.475299],[-73.248663,10.475272],[-73.248701,10.475246],[-73.248739,10.475219],[-73.248777,10.475193],[-73.248815,10.475166],[-73.248853,10.47514],[-73.24889,10.475113]]}},{"type":"Feature","properties":{"id":"77b","arista":77,"lado":"b","orientacion":"norte","muestra_inicio":2523,"muestra_cantidad":13},"geometry":{"type":"LineString","coordinates":[[-73.248478,10.47549],[-73.248516,10.475463],[-73.248554,10.475437],[-73.248592,10.47541],[-73.24863,10.475384],[-73.248667,10.475358],[-73.248705,10.475331],[-73.248743,10.475305],[-73.248781,10.475278],[-73.248819,10.475252],[-73.248857,10.475225],[-73.248895,10.475199],[-73.248933,10.475172]]}},{"type":"Feature","properties":{"id":"78a","arista":78,"lado":"a","orientacion":"oriental","muestra_inicio":2536,"muestra_cantidad":21},"geometry":{"type":"LineString","coordinates":[[-73.248395,10.475475],[-73.248369,10.475437],[-73.248343,10.4754],[-73.248317,10.475362],[-73.248291,10.475325],[-73.248265,10.475287],[-73.24824,10.47525],[-73.248214,10.475212],[-73.248188,10.475174],[-73.248162,10.475137],[-73.248136,10.475099],[-73.24811,10.475062],[-73.248084,10.475024],[-73.24807,10.474979],[-73.248044,10.474941],[-73.248018,10.474904],[-73.247992,10.474866],[-73.247966,10.474828],[-73.24794,10.474791],[-73.247914,10.474753],[-73.247888,10.474716]]}},{"type":"Feature","properties":{"id":"78b","arista":78,"lado":"b","orientacion":"occidental","muestra_inicio":2557,"muestra_cantidad":21},"geometry":{"type":"LineString","coordinates":[[-73.248455,10.475434],[-73.248429,10.475397],[-73.248404,10.475359],[-73.248378,10.475322],[-73.248352,10.475284],[-73.248326,10.475246],[-73.2483,10.475209],[-73.248274,10.475171],[-73.248248,10.475134],[-73.248222,10.475096],[-73.248196,10.475058],[-73.24817,10.475021],[-73.248144,10.474983],[-73.248119,10.474946],[-73.248093,10.474908],[-73.248067,10.47487],[-73.248041,10.474833],[-73.248015,10.474795],[-73.247989,10.474758],[-73.247963,10.47472],[-73.247937,10.474683]]}},{"type":"Feature","properties":{"id":"79a","arista":79,"lado":"a","orientacion":"oriental","muestra_inicio":2578,"muestra_cantidad":26},"geometry":{"type":"LineString","coordinates":[[-73.24909,10.476432],[-73.249063,10.476395],[-73.249036,10.476359],[-73.24901,10.476322],[-73.248983,10.476285],[-73.248956,10.476248],[-73.24893,10.476212],[-73.248903,10.476175],[-73.248876,10.476138],[-73.248849,10.476101],[-73.248823,10.476064],[-73.248796,10.476028],[-73.248769,10.475991],[-73.248742,10.475954],[-73.248716,10.475917],[-73.248689,10.475881],[-73.248662,10.475844],[-73.248636,10.475807],[-73.248609,10.47577],[-73.248582,10.475734],[-73.248555,10.475697],[-73.248529,10.47566],[-73.248502,10.475623],[-73.248475,10.475587],[-73.248449,10.47555],[-73.248422,10.475513]]}},{"type":"Feature","properties":{"id":"79b","arista":79,"lado":"b","orientacion":"occidental","muestra_inicio":2604,"muestra_cantidad":26},"geometry":{"type":"LineString","coordinates":[[-73.249149,10.47639],[-73.249122,10.476353],[-73.249096,10.476316],[-73.249069,10.47628],[-73.249042,10.476243],[-73.249016,10.476206],[-73.248989,10.476169],[-73.248962,10.476133],[-73.248935,10.476096],[-73.248909,10.476059],[-73.248882,10.476022],[-73.248855,10.475985],[-73.248829,10.475949],[-73.248802,10.475912],[-73.248775,10.475875],[-73.248748,10.475838],[-73.248722,10.475802],[-73.248695,10.475765],[-73.248668,10.475728],[-73.248641,10.475691],[-73.248615,10.475655],[-73.248588,10.475618],[-73.248561,10.475581],[-73.248535,10.475544],[-73.248508,10.475508],[-73.248481,10.475471]]}},{"type":"Feature","properties":{"id":"80a","arista":80,"lado":"a","orientacion":"sur","muestra_inicio":2630,"muestra_cantidad":20},"geometry":{"type":"LineString","coordinates":[[-73.247704,10.475972],[-73.24774,10.475938],[-73.247777,10.475912],[-73.247813,10.475885],[-73.24785,10.475858],[-73.247887,10.475832],[-73.247923,10.475805],[-73.24796,10.475778],[-73.247996,10.475751],[-73.248033,10.475725],[-73.248069,10.475698],[-73.248106,10.475671],[-73.248142,10.475645],[-73.248179,10.475618],[-73.248215,10.475591],[-73.248252,10.475565],[-73.248289,10.475538],[-73.248325,10.475511],[-73.248362,10.475484],[-73.248398,10.475458]]}},{"type":"Feature","properties":{"id":"80b","arista":80,"lado":"b","orientacion":"norte","muestra_inicio":2650,"muestra_cantidad":20},"geometry":{"type":"LineString","coordinates":[[-73.247754,10.476024],[-73.247784,10.475996],[-73.247812,10.475959],[-73.247849,10.475932],[-73.247885,10.475905],[-73.247922,10.475879],[-73.247958,10.475852],[-73.247995,10.475825],[-73.248031,10.475799],[-73.248068,10.475772],[-73.248105,10.475745],[-73.248141,10.475719],[-73.24818,10.475696],[-73.248217,10.475669],[-73.248253,10.475642],[-73.24829,10.475615],[-73.248326,10.475589],[-73.248363,10.475562],[-73.248402,10.475539],[-73.248442,10.475516]]}},{"type":"Feature","properties":{"id":"81a","arista":81,"lado":"a","orientacion":"oriental","muestra_inicio":2670,"muestra_cantidad":12},"geometry":{"type":"LineString","coordinates":[[-73.240769,10.479386],[-73.24074,10.47935],[-73.240712,10.479313],[-73.240683,10.479276],[-73.240654,10.479239],[-73.240626,10.479202],[-73.240597,10.479165],[-73.240569,10.479128],[-73.24054,10.479091],[-73.240511,10.479055],[-73.240483,10.479018],[-73.240454,10.478981]]}},{"type":"Feature","properties":{"id":"81b","arista":81,"lado":"b","orientacion":"occidental","muestra_inicio":2682,"muestra_cantidad":12},"geometry":{"type":"LineString","coordinates":[[-73.240827,10.479342],[-73.240798,10.479305],[-73.240769,10.479269],[-73.240741,10.479232],[-73.240712,10.479195],[-73.240684,10.479158],[-73.240655,10.479121],[-73.240626,10.479084],[-73.240598,10.479047],[-73.240569,10.479011],[-73.240541,10.478974],[-73.240512,10.478937]]}},{"type":"Feature","properties":{"id":"82a","arista":82,"lado":"a","orientacion":"sur","muestra_inicio":2694,"muestra_cantidad":7},"geometry":{"type":"LineString","coordinates":[[-73.240192,10.479068],[-73.240231,10.479044],[-73.240271,10.47902],[-73.240311,10.478995],[-73.24035,10.478971],[-73.24039,10.478946],[-73.24043,10.478922]]}},{"type":"Feature","properties":{"id":"82b","arista":82,"lado":"b","orientacion":"norte","muestra_inicio":2701,"muestra_cantidad":7},"geometry":{"type":"LineString","coordinates":[[-73.24023,10.47913],[-73.24027,10.479105],[-73.24031,10.479081],[-73.240349,10.479057],[-73.240389,10.479032],[-73.240429,10.479008],[-73.240468,10.478983]]}},{"type":"Feature","properties":{"id":"83a","arista":83,"lado":"a","orientacion":"occidental","muestra_inicio":2708,"muestra_cantidad":11},"geometry":{"type":"LineString","coordinates":[[-73.240821,10.478624],[-73.24079,10.478656],[-73.240759,10.478689],[-73.240728,10.478721],[-73.240697,10.478754],[-73.240656,10.478777],[-73.240635,10.478819],[-73.240591,10.478839],[-73.24056,10.478872],[-73.240542,10.478916],[-73.240511,10.478949]]}},{"type":"Feature","properties":{"id":"83b","arista":83,"lado":"b","orientacion":"oriental","muestra_inicio":2719,"muestra_cantidad":11},"geometry":{"type":"LineString","coordinates":[[-73.240768,10.478574],[-73.240737,10.478607],[-73.240706,10.478639],[-73.240675,10.478672],[-73.240644,10.478704],[-73.240613,10.478737],[-73.240582,10.478769],[-73.240551,10.478802],[-73.24052,10.478834],[-73.240489,10.478867],[-73.240458,10.478899]]}},{"type":"Feature","properties":{"id":"84a","arista":84,"lado":"a","orientacion":"sur","muestra_inicio":2730,"muestra_cantidad":18},"geometry":{"type":"LineString","coordinates":[[-73.249064,10.477682],[-73.249102,10.477656],[-73.24914,10.477629],[-73.249178,10.477602],[-73.249216,10.477575],[-73.249254,10.477548],[-73.249292,10.477522],[-73.24933,10.477495],[-73.249368,10.477468],[-73.249406,10.477441],[-73.249444,10.477414],[-73.249482,10.477388],[-73.249519,10.477361],[-73.249557,10.477334],[-73.249595,10.477307],[-73.249633,10.47728],[-73.249671,10.477254],[-73.249709,10.477227]]}},{"type":"Feature","properties":{"id":"84b","arista":84,"lado":"b","orientacion":"norte","muestra_inicio":2748,"muestra_cantidad":18},"geometry":{"type":"LineString","coordinates":[[-73.249107,10.477741],[-73.249137,10.477703],[-73.249177,10.47768],[-73.249215,10.477654],[-73.249253,10.477627],[-73.249291,10.4776],[-73.249329,10.477573],[-73.249367,10.477546],[-73.249405,10.47752],[-73.249443,10.477493],[-73.249481,10.477466],[-73.249519,10.477439],[-73.249557,10.477412],[-73.249595,10.477386],[-73.249632,10.477359],[-73.24967,10.477332],[-73.249708,10.477305],[-73.249751,10.477286]]}},{"type":"Feature","properties":{"id":"85a","arista":85,"lado":"a","orientacion":"norte","muestra_inicio":2766,"muestra_cantidad":12},"geometry":{"type":"LineString","coordinates":[[-73.250196,10.476988],[-73.250159,10.477012],[-73.250122,10.477037],[-73.250085,10.477062],[-73.250048,10.477087],[-73.250011,10.477112],[-73.249974,10.477136],[-73.249937,10.477161],[-73.249899,10.477186],[-73.249862,10.477211],[-73.249825,10.477236],[-73.249788,10.47726]]}},{"type":"Feature","properties":{"id":"85b","arista":85,"lado":"b","orientacion":"sur","muestra_inicio":2778,"muestra_cantidad":12},"geometry":{"type":"LineString","coordinates":[[-73.250155,10.476928],[-73.250118,10.476952],[-73.250081,10.476977],[-73.250044,10.477002],[-73.250007,10.477027],[-73.24997,10.477052],[-73.249933,10.477076],[-73.249896,10.477101],[-73.249859,10.477126],[-73.249821,10.477151],[-73.249784,10.477176],[-73.249747,10.477201]]}},{"type":"Feature","properties":{"id":"86a","arista":86,"lado":"a","orientacion":"oriental","muestra_inicio":2790,"muestra_cantidad":21},"geometry":{"type":"LineString","coordinates":[[-73.249707,10.477247],[-73.24968,10.477212],[-73.249653,10.477176],[-73.249626,10.477141],[-73.249599,10.477105],[-73.249572,10.47707],[-73.249545,10.477035],[-73.249518,10.476999],[-73.249491,10.476964],[-73.249464,10.476929],[-73.249437,10.476893],[-73.24941,10.476858],[-73.249383,10.476823],[-73.249356,10.476787],[-73.24933,10.476752],[-73.249303,10.476716],[-73.249276,10.476681],[-73.249249,10.476646],[-73.249222,10.47661],[-73.249195,10.476575],[-73.249168,10.47654]]}},{"type":"Feature","properties":{"id":"86b","arista":86,"lado":"b","orientacion":"occidental","muestra_inicio":2811,"muestra_cantidad":21},"geometry":{"type":"LineString","coordinates":[[-73.249765,10.477203],[-73.249738,10.477168],[-73.249711,10.477133],[-73.249684,10.477097],[-73.249657,10.477062],[-73.24963,10.477027],[-73.249603,10.476991],[-73.249576,10.476956],[-73.249549,10.47692],[-73.249523,10.476885],[-73.249496,10.47685],[-73.249469,10.476814],[-73.249442,10.476779],[-73.249415,10.476744],[-73.249388,10.476708],[-73.249361,10.476673],[-73.249334,10.476638],[-73.249307,10.476602],[-73.24928,10.476567],[-73.249253,10.476531],[-73.249226,10.476496]]}},{"type":"Feature","properties":{"id":"87a","arista":87,"lado":"a","orientacion":"oriental","muestra_inicio":2832,"muestra_cantidad":21},"geometry":{"type":"LineString","coordinates":[[-73.250269,10.477991],[-73.250242,10.477956],[-73.250219,10.477918],[-73.250192,10.477882],[-73.250165,10.477847],[-73.250139,10.477811],[-73.250112,10.477776],[-73.250085,10.47774],[-73.250058,10.477705],[-73.250032,10.47767],[-73.250005,10.477634],[-73.249978,10.477599],[-73.249951,10.477563],[-73.249924,10.477528],[-73.249901,10.47749],[-73.249875,10.477454],[-73.249848,10.477419],[-73.249821,10.477383],[-73.249794,10.477348],[-73.249767,10.477312],[-73.249733,10.477282]]}},{"type":"Feature","properties":{"id":"87b","arista":87,"lado":"b","orientacion":"occidental","muestra_inicio":2853,"muestra_cantidad":21},"geometry":{"type":"LineString","coordinates":[[-73.250327,10.477948],[-73.250301,10.477913],[-73.250274,10.477877],[-73.250247,10.477842],[-73.25022,10.477806],[-73.250193,10.477771],[-73.250167,10.477735],[-73.25014,10.4777],[-73.250113,10.477664],[-73.250086,10.477629],[-73.25006,10.477593],[-73.250033,10.477558],[-73.250006,10.477523],[-73.249979,10.477487],[-73.249953,10.477452],[-73.249926,10.477416],[-73.249899,10.477381],[-73.249872,10.477345],[-73.249845,10.47731],[-73.249819,10.477274],[-73.249792,10.477239]]}},{"type":"Feature","properties":{"id":"88a","arista":88,"lado":"a","orientacion":"occidental","muestra_inicio":2874,"muestra_cantidad":25},"geometry":{"type":"LineString","coordinates":[[-73.245419,10.47629],[-73.245446,10.476325],[-73.245465,10.476367],[-73.245493,10.476402],[-73.24552,10.476438],[-73.245547,10.476474],[-73.245574,10.47651],[-73.245608,10.47654],[-73.245635,10.476576],[-73.245662,10.476612],[-73.245689,10.476647],[-73.245716,10.476683],[-73.245743,10.476719],[-73.24577,10.476755],[-73.245797,10.476791],[-73.245824,10.476826],[-73.245851,10.476862],[-73.245878,10.476898],[-73.245905,10.476934],[-73.245932,10.47697],[-73.245959,10.477005],[-73.245986,10.477041],[-73.246013,10.477077],[-73.24604,10.477113],[-73.246067,10.477148]]}},{"type":"Feature","properties":{"id":"88b","arista":88,"lado":"b","orientacion":"oriental","muestra_inicio":2899,"muestra_cantidad":25},"geometry":{"type":"LineString","coordinates":[[-73.24536,10.476333],[-73.245387,10.476369],[-73.245414,10.476404],[-73.245441,10.47644],[-73.245468,10.476476],[-73.245495,10.476512],[-73.245522,10.476548],[-73.245549,10.476583],[-73.245576,10.476619],[-73.245603,10.476655],[-73.24563,10.476691],[-73.245657,10.476727],[-73.245684,10.476762],[-73.245711,10.476798],[-73.245738,10.476834],[-73.245765,10.47687],[-73.245792,10.476905],[-73.24582,10.476941],[-73.245847,10.476977],[-73.245874,10.477013],[-73.245901,10.477049],[-73.245928,10.477084],[-73.245955,10.47712],[-73.245982,10.477156],[-73.246009,10.477192]]}},{"type":"Feature","properties":{"id":"89a","arista":89,"lado":"a","orientacion":"norte","muestra_inicio":2924,"muestra_cantidad":24},"geometry":{"type":"LineString","coordinates":[[-73.24538,10.476336],[-73.245344,10.476364],[-73.245308,10.476392],[-73.245272,10.47642],[-73.245236,10.476448],[-73.245199,10.476476],[-73.245163,10.476504],[-73.245127,10.476532],[-73.245091,10.47656],[-73.245055,10.476588],[-73.245018,10.476616],[-73.244982,10.476644],[-73.244945,10.476671],[-73.244889,10.476673],[-73.244852,10.476701],[-73.244815,10.476727],[-73.244777,10.476753],[-73.244739,10.476779],[-73.244702,10.476805],[-73.244664,10.47683],[-73.244626,10.476856],[-73.244588,10.476882],[-73.244568,10.476934],[-73.244531,10.47696]]}},{"type":"Feature","properties":{"id":"89b","arista":89,"lado":"b","orientacion":"sur","muestra_inicio":2948,"muestra_cantidad":24},"geometry":{"type":"LineString","coordinates":[[-73.245335,10.476279],[-73.245299,10.476307],[-73.245263,10.476335],[-73.245227,10.476363],[-73.245191,10.476391],[-73.245154,10.476419],[-73.245118,10.476447],[-73.245082,10.476475],[-73.245046,10.476503],[-73.24501,10.476531],[-73.244973,10.476559],[-73.244938,10.476586],[-73.244901,10.476613],[-73.244864,10.476641],[-73.244828,10.476668],[-73.244792,10.476694],[-73.244754,10.47672],[-73.244716,10.476745],[-73.244678,10.476771],[-73.24464,10.476797],[-73.244603,10.476823],[-73.244565,10.476848],[-73.244527,10.476874],[-73.244489,10.4769]]}},{"type":"Feature","properties":{"id":"90a","arista":90,"lado":"a","orientacion":"norte","muestra_inicio":2972,"muestra_cantidad":25},"geometry":{"type":"LineString","coordinates":[[-73.24633,10.475689],[-73.246292,10.475714],[-73.246254,10.47574],[-73.246215,10.475766],[-73.246177,10.475792],[-73.246139,10.475818],[-73.246101,10.475844],[-73.246063,10.47587],[-73.246025,10.475896],[-73.245987,10.475922],[-73.245949,10.475948],[-73.245911,10.475973],[-73.245873,10.475999],[-73.245835,10.476025],[-73.245797,10.476051],[-73.245758,10.476077],[-73.24572,10.476103],[-73.245682,10.476129],[-73.245644,10.476155],[-73.245606,10.476181],[-73.245568,10.476207],[-73.24553,10.476232],[-73.245492,10.476258],[-73.245454,10.476284],[-73.245416,10.47631]]}},{"type":"Feature","properties":{"id":"90b","arista":90,"lado":"b","orientacion":"sur","muestra_inicio":2997,"muestra_cantidad":25},"geometry":{"type":"LineString","coordinates":[[-73.246288,10.475629],[-73.24625,10.475655],[-73.246212,10.475681],[-73.246174,10.475707],[-73.246136,10.475733],[-73.246098,10.475758],[-73.24606,10.475784],[-73.246022,10.47581],[-73.245984,10.475836],[-73.245946,10.475862],[-73.245908,10.475888],[-73.245869,10.475914],[-73.245831,10.47594],[-73.245793,10.475966],[-73.245755,10.475992],[-73.245717,10.476017],[-73.245679,10.476043],[-73.245641,10.476069],[-73.245603,10.476095],[-73.245565,10.476121],[-73.245527,10.476147],[-73.245489,10.476173],[-73.245451,10.476199],[-73.245412,10.476225],[-73.245374,10.476251]]}},{"type":"Feature","properties":{"id":"91a","arista":91,"lado":"a","orientacion":"occidental","muestra_inicio":3022,"muestra_cantidad":15},"geometry":{"type":"LineString","coordinates":[[-73.244967,10.475758],[-73.244997,10.475794],[-73.245027,10.475829],[-73.245057,10.475864],[-73.245088,10.475899],[-73.245118,10.475935],[-73.245148,10.47597],[-73.245178,10.476005],[-73.245208,10.476041],[-73.245238,10.476076],[-73.245268,10.476111],[-73.245298,10.476146],[-73.245329,10.476182],[-73.245359,10.476217],[-73.245389,10.476252]]}},{"type":"Feature","properties":{"id":"91b","arista":91,"lado":"b","orientacion":"oriental","muestra_inicio":3037,"muestra_cantidad":15},"geometry":{"type":"LineString","coordinates":[[-73.244911,10.475805],[-73.244941,10.47584],[-73.244972,10.475875],[-73.245002,10.475911],[-73.245032,10.475946],[-73.245062,10.475981],[-73.245092,10.476017],[-73.245122,10.476052],[-73.245152,10.476087],[-73.245182,10.476123],[-73.245213,10.476158],[-73.245243,10.476193],[-73.245273,10.476228],[-73.245303,10.476264],[-73.245333,10.476299]]}},{"type":"Feature","properties":{"id":"92a","arista":92,"lado":"a","orientacion":"occidental","muestra_inicio":3052,"muestra_cantidad":8},"geometry":{"type":"LineString","coordinates":[[-73.247527,10.475713],[-73.247556,10.47575],[-73.247585,10.475786],[-73.247614,10.475823],[-73.247643,10.47586],[-73.247672,10.475897],[-73.247701,10.475934],[-73.247731,10.47597]]}},{"type":"Feature","properties":{"id":"92b","arista":92,"lado":"b","orientacion":"oriental","muestra_inicio":3060,"muestra_cantidad":8},"geometry":{"type":"LineString","coordinates":[[-73.247462,10.475763],[-73.247491,10.4758],[-73.24752,10.475837],[-73.247549,10.475873],[-73.247579,10.47591],[-73.247608,10.475947],[-73.247637,10.475984],[-73.247666,10.47602]]}},{"type":"Feature","properties":{"id":"93a","arista":93,"lado":"a","orientacion":"occidental","muestra_inicio":3068,"muestra_cantidad":15},"geometry":{"type":"LineString","coordinates":[[-73.247122,10.475166],[-73.247149,10.475202],[-73.247176,10.475239],[-73.247203,10.475275],[-73.24723,10.475312],[-73.247257,10.475348],[-73.247284,10.475385],[-73.247311,10.475421],[-73.247338,10.475458],[-73.247365,10.475495],[-73.247392,10.475531],[-73.247419,10.475568],[-73.247446,10.475604],[-73.247473,10.475641],[-73.2475,10.475677]]}},{"type":"Feature","properties":{"id":"93b","arista":93,"lado":"b","orientacion":"oriental","muestra_inicio":3083,"muestra_cantidad":15},"geometry":{"type":"LineString","coordinates":[[-73.247056,10.475214],[-73.247083,10.47525],[-73.24711,10.475287],[-73.247136,10.475323],[-73.247163,10.47536],[-73.24719,10.475396],[-73.247217,10.475433],[-73.247244,10.47547],[-73.247271,10.475506],[-73.247298,10.475543],[-73.247325,10.475579],[-73.247352,10.475616],[-73.247379,10.475652],[-73.247406,10.475689],[-73.247433,10.475725]]}},{"type":"Feature","properties":{"id":"94a","arista":94,"lado":"a","orientacion":"sur","muestra_inicio":3098,"muestra_cantidad":10},"geometry":{"type":"LineString","coordinates":[[-73.247123,10.475935],[-73.247158,10.475909],[-73.247194,10.475884],[-73.247229,10.475858],[-73.247264,10.475832],[-73.247299,10.475806],[-73.247335,10.475781],[-73.24737,10.475755],[-73.247405,10.475729],[-73.247441,10.475703]]}},{"type":"Feature","properties":{"id":"94b","arista":94,"lado":"b","orientacion":"norte","muestra_inicio":3108,"muestra_cantidad":10},"geometry":{"type":"LineString","coordinates":[[-73.247166,10.475993],[-73.247202,10.475968],[-73.247237,10.475942],[-73.247272,10.475916],[-73.247308,10.47589],[-73.247343,10.475865],[-73.247378,10.475839],[-73.247413,10.475813],[-73.247449,10.475787],[-73.247484,10.475762]]}},{"type":"Feature","properties":{"id":"95a","arista":95,"lado":"a","orientacion":"sur","muestra_inicio":3118,"muestra_cantidad":18},"geometry":{"type":"LineString","coordinates":[[-73.245707,10.480028],[-73.245751,10.480013],[-73.245795,10.479998],[-73.245839,10.479983],[-73.245884,10.479968],[-73.245928,10.479954],[-73.245972,10.479939],[-73.246016,10.479924],[-73.24606,10.479909],[-73.246105,10.479894],[-73.246153,10.479892],[-73.246196,10.479873],[-73.246239,10.479854],[-73.246283,10.479839],[-73.246327,10.479824],[-73.24637,10.479805],[-73.246414,10.47979],[-73.246458,10.479776]]}},{"type":"Feature","properties":{"id":"95b","arista":95,"lado":"b","orientacion":"norte","muestra_inicio":3136,"muestra_cantidad":18},"geometry":{"type":"LineString","coordinates":[[-73.24573,10.480096],[-73.245774,10.480081],[-73.245816,10.480058],[-73.245858,10.480039],[-73.245901,10.48002],[-73.245945,10.480005],[-73.245991,10.479994],[-73.246035,10.47998],[-73.246078,10.47996],[-73.246122,10.479946],[-73.246165,10.479927],[-73.246209,10.479912],[-73.246253,10.479897],[-73.246297,10.479882],[-73.246342,10.479867],[-73.246386,10.479852],[-73.24643,10.479838],[-73.246482,10.479844]]}},{"type":"Feature","properties":{"id":"96a","arista":96,"lado":"a","orientacion":"norte","muestra_inicio":3154,"muestra_cantidad":18},"geometry":{"type":"LineString","coordinates":[[-73.247244,10.479514],[-73.247204,10.479536],[-73.247163,10.479558],[-73.247121,10.479576],[-73.247079,10.479594],[-73.247034,10.479608],[-73.246992,10.479626],[-73.246951,10.479648],[-73.246909,10.479666],[-73.246867,10.479684],[-73.246824,10.479702],[-73.246782,10.479719],[-73.246739,10.479737],[-73.246697,10.479755],[-73.246655,10.479773],[-73.246612,10.479791],[-73.24657,10.479809],[-73.246528,10.479827]]}},{"type":"Feature","properties":{"id":"96b","arista":96,"lado":"b","orientacion":"sur","muestra_inicio":3172,"muestra_cantidad":18},"geometry":{"type":"LineString","coordinates":[[-73.247219,10.479456],[-73.247177,10.479474],[-73.247135,10.479492],[-73.247092,10.47951],[-73.24705,10.479528],[-73.247007,10.479545],[-73.246965,10.479563],[-73.246923,10.479581],[-73.24688,10.479599],[-73.246838,10.479617],[-73.246796,10.479635],[-73.246753,10.479653],[-73.246711,10.479671],[-73.246668,10.479689],[-73.246626,10.479707],[-73.246584,10.479724],[-73.246541,10.479742],[-73.246499,10.47976]]}},{"type":"Feature","properties":{"id":"97a","arista":97,"lado":"a","orientacion":"oriental","muestra_inicio":3190,"muestra_cantidad":12},"geometry":{"type":"LineString","coordinates":[[-73.246762,10.480243],[-73.246736,10.480206],[-73.246709,10.48017],[-73.246683,10.480133],[-73.246657,10.480097],[-73.246631,10.48006],[-73.246605,10.480024],[-73.246579,10.479988],[-73.246553,10.479951],[-73.246527,10.479915],[-73.246501,10.479878],[-73.246475,10.479842]]}},{"type":"Feature","properties":{"id":"97b","arista":97,"lado":"b","orientacion":"occidental","muestra_inicio":3202,"muestra_cantidad":12},"geometry":{"type":"LineString","coordinates":[[-73.246821,10.480201],[-73.246795,10.480165],[-73.246769,10.480128],[-73.246743,10.480092],[-73.246717,10.480055],[-73.246691,10.480019],[-73.246665,10.479982],[-73.246639,10.479946],[-73.246613,10.479909],[-73.246587,10.479873],[-73.246561,10.479836],[-73.246535,10.4798]]}},{"type":"Feature","properties":{"id":"98a","arista":98,"lado":"a","orientacion":"oriental","muestra_inicio":3214,"muestra_cantidad":13},"geometry":{"type":"LineString","coordinates":[[-73.251087,10.478203],[-73.251062,10.478166],[-73.251036,10.478129],[-73.25101,10.478092],[-73.250984,10.478056],[-73.250958,10.478019],[-73.250932,10.477982],[-73.250906,10.477945],[-73.25088,10.477908],[-73.250855,10.477871],[-73.250829,10.477834],[-73.250803,10.477798],[-73.250777,10.477761]]}},{"type":"Feature","properties":{"id":"98b","arista":98,"lado":"b","orientacion":"occidental","muestra_inicio":3227,"muestra_cantidad":13},"geometry":{"type":"LineString","coordinates":[[-73.25117,10.478146],[-73.251144,10.478109],[-73.251118,10.478072],[-73.251092,10.478036],[-73.251066,10.477999],[-73.251041,10.477962],[-73.251015,10.477925],[-73.250989,10.477888],[-73.250963,10.477851],[-73.250937,10.477815],[-73.250911,10.477778],[-73.250885,10.477741],[-73.250859,10.477704]]}},{"type":"Feature","properties":{"id":"99a","arista":99,"lado":"a","orientacion":"sur","muestra_inicio":3240,"muestra_cantidad":1},"geometry":{"type":"LineString","coordinates":[[-73.251091,10.478186],[-73.251105,10.478175]]}},{"type":"Feature","properties":{"id":"99b","arista":99,"lado":"b","orientacion":"norte","muestra_inicio":3241,"muestra_cantidad":1},"geometry":{"type":"LineString","coordinates":[[-73.251136,10.478243],[-73.251151,10.478232]]}},{"type":"Feature","properties":{"id":"100a","arista":100,"lado":"a","orientacion":"occidental","muestra_inicio":3242,"muestra_cantidad":3},"geometry":{"type":"LineString","coordinates":[[-73.247322,10.472713],[-73.247317,10.472753],[-73.247312,10.472792]]}},{"type":"Feature","properties":{"id":"100b","arista":100,"lado":"b","orientacion":"oriental","muestra_inicio":3245,"muestra_cantidad":3},"geometry":{"type":"LineString","coordinates":[[-73.24725,10.472704],[-73.247245,10.472743],[-73.247239,10.472783]]}},{"type":"Feature","properties":{"id":"101a","arista":101,"lado":"a","orientacion":"occidental","muestra_inicio":3248,"muestra_cantidad":1},"geometry":{"type":"LineString","coordinates":[[-73.247344,10.472683],[-73.247353,10.472699]]}},{"type":"Feature","properties":{"id":"101b","arista":101,"lado":"b","orientacion":"oriental","muestra_inicio":3249,"muestra_cantidad":1},"geometry":{"type":"LineString","coordinates":[[-73.247258,10.472734],[-73.247267,10.47275]]}},{"type":"Feature","properties":{"id":"102a","arista":102,"lado":"a","orientacion":"occidental","muestra_inicio":3250,"muestra_cantidad":15},"geometry":{"type":"LineString","coordinates":[[-73.246971,10.472112],[-73.246996,10.47215],[-73.24702,10.472188],[-73.247045,10.472226],[-73.24707,10.472264],[-73.247095,10.472302],[-73.24712,10.47234],[-73.247145,10.472378],[-73.247169,10.472415],[-73.247194,10.472453],[-73.247219,10.472491],[-73.247244,10.472529],[-73.247269,10.472567],[-73.247294,10.472605],[-73.247318,10.472643]]}},{"type":"Feature","properties":{"id":"102b","arista":102,"lado":"b","orientacion":"oriental","muestra_inicio":3265,"muestra_cantidad":15},"geometry":{"type":"LineString","coordinates":[[-73.246886,10.472166],[-73.246934,10.472189],[-73.246959,10.472227],[-73.246984,10.472265],[-73.247009,10.472303],[-73.247037,10.472339],[-73.247062,10.472376],[-73.247083,10.472417],[-73.247108,10.472455],[-73.247133,10.472493],[-73.247158,10.472531],[-73.247186,10.472566],[-73.247211,10.472604],[-73.24724,10.472639],[-73.247234,10.472697]]}},{"type":"Feature","properties":{"id":"103a","arista":103,"lado":"a","orientacion":"occidental","muestra_inicio":3280,"muestra_cantidad":2},"geometry":{"type":"LineString","coordinates":[[-73.247358,10.472667],[-73.24733,10.472698]]}},{"type":"Feature","properties":{"id":"103b","arista":103,"lado":"b","orientacion":"oriental","muestra_inicio":3282,"muestra_cantidad":2},"geometry":{"type":"LineString","coordinates":[[-73.247305,10.472618],[-73.247276,10.472649]]}},{"type":"Feature","properties":{"id":"104a","arista":104,"lado":"a","orientacion":"norte","muestra_inicio":3284,"muestra_cantidad":19},"geometry":{"type":"LineString","coordinates":[[-73.249186,10.476542],[-73.249149,10.476568],[-73.249113,10.476594],[-73.249076,10.476619],[-73.249039,10.476645],[-73.249002,10.476671],[-73.248963,10.476693],[-73.248926,10.476718],[-73.248886,10.47674],[-73.248849,10.476766],[-73.248813,10.476791],[-73.248776,10.476817],[-73.248739,10.476843],[-73.248702,10.476868],[-73.248668,10.476898],[-73.248631,10.476923],[-73.248594,10.476949],[-73.24856,10.476978],[-73.248523,10.477004]]}},{"type":"Feature","properties":{"id":"104b","arista":104,"lado":"b","orientacion":"sur","muestra_inicio":3303,"muestra_cantidad":19},"geometry":{"type":"LineString","coordinates":[[-73.249144,10.476483],[-73.249107,10.476509],[-73.249071,10.476535],[-73.249034,10.47656],[-73.248997,10.476586],[-73.24896,10.476611],[-73.248923,10.476637],[-73.248886,10.476663],[-73.24885,10.476688],[-73.248813,10.476714],[-73.248776,10.47674],[-73.248739,10.476765],[-73.248702,10.476791],[-73.248665,10.476817],[-73.248628,10.476842],[-73.248592,10.476868],[-73.248555,10.476893],[-73.248518,10.476919],[-73.248481,10.476945]]}},{"type":"Feature","properties":{"id":"105a","arista":105,"lado":"a","orientacion":"occidental","muestra_inicio":3322,"muestra_cantidad":21},"geometry":{"type":"LineString","coordinates":[[-73.24853,10.47698],[-73.248558,10.477015],[-73.248585,10.47705],[-73.248613,10.477085],[-73.248641,10.47712],[-73.248669,10.477155],[-73.248697,10.477191],[-73.248724,10.477226],[-73.248752,10.477261],[-73.24878,10.477296],[-73.248808,10.477331],[-73.248835,10.477366],[-73.248863,10.477401],[-73.248891,10.477437],[-73.248919,10.477472],[-73.248946,10.477507],[-73.248974,10.477542],[-73.249002,10.477577],[-73.24903,10.477612],[-73.249057,10.477648],[-73.249085,10.477683]]}},{"type":"Feature","properties":{"id":"105b","arista":105,"lado":"b","orientacion":"oriental","muestra_inicio":3343,"muestra_cantidad":21},"geometry":{"type":"LineString","coordinates":[[-73.248465,10.47703],[-73.248493,10.477065],[-73.248521,10.4771],[-73.248548,10.477135],[-73.248576,10.47717],[-73.248604,10.477205],[-73.248632,10.477241],[-73.24866,10.477276],[-73.248687,10.477311],[-73.248715,10.477346],[-73.248743,10.477381],[-73.248771,10.477416],[-73.248798,10.477452],[-73.248826,10.477487],[-73.248854,10.477522],[-73.248882,10.477557],[-73.248909,10.477592],[-73.248937,10.477627],[-73.248965,10.477662],[-73.248993,10.477698],[-73.24902,10.477733]]}},{"type":"Feature","properties":{"id":"106a","arista":106,"lado":"a","orientacion":"sur","muestra_inicio":3364,"muestra_cantidad":20},"geometry":{"type":"LineString","coordinates":[[-73.24771,10.477448],[-73.247749,10.477423],[-73.247787,10.477398],[-73.247826,10.477372],[-73.247865,10.477347],[-73.247903,10.477322],[-73.247942,10.477297],[-73.24798,10.477272],[-73.248019,10.477246],[-73.248058,10.477221],[-73.248096,10.477196],[-73.248135,10.477171],[-73.248174,10.477146],[-73.248212,10.477121],[-73.248251,10.477095],[-73.24829,10.47707],[-73.248328,10.477045],[-73.248367,10.47702],[-73.248406,10.476995],[-73.248444,10.476969]]}},{"type":"Feature","properties":{"id":"106b","arista":106,"lado":"b","orientacion":"norte","muestra_inicio":3384,"muestra_cantidad":20},"geometry":{"type":"LineString","coordinates":[[-73.24775,10.477508],[-73.247789,10.477483],[-73.247827,10.477458],[-73.247866,10.477433],[-73.247905,10.477408],[-73.247943,10.477382],[-73.247982,10.477357],[-73.248021,10.477332],[-73.248059,10.477307],[-73.248098,10.477282],[-73.248137,10.477257],[-73.248175,10.477231],[-73.248214,10.477206],[-73.248253,10.477181],[-73.248291,10.477156],[-73.24833,10.477131],[-73.248369,10.477105],[-73.248407,10.47708],[-73.248446,10.477055],[-73.248484,10.47703]]}},{"type":"Feature","properties":{"id":"107a","arista":107,"lado":"a","orientacion":"occidental","muestra_inicio":3404,"muestra_cantidad":2},"geometry":{"type":"LineString","coordinates":[[-73.24847,10.476906],[-73.248501,10.476943]]}},{"type":"Feature","properties":{"id":"107b","arista":107,"lado":"b","orientacion":"oriental","muestra_inicio":3406,"muestra_cantidad":2},"geometry":{"type":"LineString","coordinates":[[-73.248406,10.476957],[-73.248437,10.476994]]}},{"type":"Feature","properties":{"id":"108a","arista":108,"lado":"a","orientacion":"occidental","muestra_inicio":3408,"muestra_cantidad":17},"geometry":{"type":"LineString","coordinates":[[-73.246666,10.474565],[-73.246693,10.4746],[-73.24672,10.474635],[-73.246747,10.474671],[-73.246774,10.474706],[-73.2468,10.474741],[-73.246827,10.474777],[-73.246854,10.474812],[-73.246881,10.474847],[-73.246907,10.474882],[-73.246934,10.474918],[-73.246961,10.474953],[-73.246988,10.474988],[-73.247014,10.475024],[-73.247041,10.475059],[-73.247068,10.475094],[-73.247095,10.475129]]}},{"type":"Feature","properties":{"id":"108b","arista":108,"lado":"b","orientacion":"oriental","muestra_inicio":3425,"muestra_cantidad":17},"geometry":{"type":"LineString","coordinates":[[-73.246601,10.474614],[-73.246627,10.474649],[-73.246654,10.474684],[-73.246681,10.47472],[-73.246708,10.474755],[-73.246735,10.47479],[-73.246761,10.474825],[-73.246788,10.474861],[-73.246815,10.474896],[-73.246842,10.474931],[-73.246868,10.474967],[-73.246895,10.475002],[-73.246922,10.475037],[-73.246949,10.475072],[-73.246975,10.475108],[-73.247002,10.475143],[-73.247029,10.475178]]}},{"type":"Feature","properties":{"id":"109a","arista":109,"lado":"a","orientacion":"sur","muestra_inicio":3442,"muestra_cantidad":10},"geometry":{"type":"LineString","coordinates":[[-73.246617,10.474529],[-73.246653,10.474503],[-73.24669,10.474477],[-73.246726,10.474451],[-73.246763,10.474425],[-73.246799,10.474398],[-73.246835,10.474372],[-73.246872,10.474346],[-73.246908,10.47432],[-73.246945,10.474294]]}},{"type":"Feature","properties":{"id":"109b","arista":109,"lado":"b","orientacion":"norte","muestra_inicio":3452,"muestra_cantidad":10},"geometry":{"type":"LineString","coordinates":[[-73.24666,10.474588],[-73.246696,10.474562],[-73.246733,10.474535],[-73.246769,10.474509],[-73.246806,10.474483],[-73.246842,10.474457],[-73.246878,10.474431],[-73.246915,10.474404],[-73.246951,10.474378],[-73.246988,10.474352]]}},{"type":"Feature","properties":{"id":"110a","arista":110,"lado":"a","orientacion":"occidental","muestra_inicio":3462,"muestra_cantidad":19},"geometry":{"type":"LineString","coordinates":[[-73.246129,10.473904],[-73.246158,10.473939],[-73.246186,10.473973],[-73.246214,10.474008],[-73.246242,10.474043],[-73.246271,10.474077],[-73.246299,10.474112],[-73.246327,10.474147],[-73.246355,10.474182],[-73.246384,10.474216],[-73.246412,10.474251],[-73.24644,10.474286],[-73.246468,10.47432],[-73.246497,10.474355],[-73.246525,10.47439],[-73.246553,10.474425],[-73.246582,10.474459],[-73.24661,10.474494],[-73.246638,10.474529]]}},{"type":"Feature","properties":{"id":"110b","arista":110,"lado":"b","orientacion":"oriental","muestra_inicio":3481,"muestra_cantidad":19},"geometry":{"type":"LineString","coordinates":[[-73.246065,10.473955],[-73.246094,10.47399],[-73.246122,10.474024],[-73.24615,10.474059],[-73.246178,10.474094],[-73.246207,10.474128],[-73.246235,10.474163],[-73.246263,10.474198],[-73.246291,10.474233],[-73.24632,10.474267],[-73.246348,10.474302],[-73.246376,10.474337],[-73.246404,10.474372],[-73.246433,10.474406],[-73.246461,10.474441],[-73.246489,10.474476],[-73.246518,10.47451],[-73.246546,10.474545],[-73.246574,10.47458]]}},{"type":"Feature","properties":{"id":"111a","arista":111,"lado":"a","orientacion":"sur","muestra_inicio":3500,"muestra_cantidad":18},"geometry":{"type":"LineString","coordinates":[[-73.245957,10.475004],[-73.245994,10.474978],[-73.24603,10.474952],[-73.246067,10.474925],[-73.246104,10.474899],[-73.24614,10.474872],[-73.246177,10.474846],[-73.246214,10.47482],[-73.24625,10.474793],[-73.246287,10.474767],[-73.246324,10.47474],[-73.24636,10.474714],[-73.246397,10.474688],[-73.246434,10.474661],[-73.24647,10.474635],[-73.246507,10.474608],[-73.246544,10.474582],[-73.24658,10.474556]]}},{"type":"Feature","properties":{"id":"111b","arista":111,"lado":"b","orientacion":"norte","muestra_inicio":3518,"muestra_cantidad":18},"geometry":{"type":"LineString","coordinates":[[-73.246,10.475063],[-73.246037,10.475036],[-73.246073,10.47501],[-73.24611,10.474984],[-73.246147,10.474957],[-73.246183,10.474931],[-73.24622,10.474904],[-73.246257,10.474878],[-73.246293,10.474852],[-73.24633,10.474825],[-73.246367,10.474799],[-73.246403,10.474773],[-73.246432,10.474735],[-73.246469,10.474709],[-73.246505,10.474682],[-73.246542,10.474656],[-73.246579,10.47463],[-73.246623,10.474614]]}},{"type":"Feature","properties":{"id":"112a","arista":112,"lado":"a","orientacion":"norte","muestra_inicio":3536,"muestra_cantidad":26},"geometry":{"type":"LineString","coordinates":[[-73.242036,10.473349],[-73.241989,10.473351],[-73.241943,10.473353],[-73.241896,10.473355],[-73.24185,10.473357],[-73.241804,10.473359],[-73.241757,10.473361],[-73.241711,10.473363],[-73.241665,10.473366],[-73.241618,10.473368],[-73.241572,10.47337],[-73.241525,10.473372],[-73.241479,10.473374],[-73.241433,10.473376],[-73.241386,10.473378],[-73.24134,10.47338],[-73.241294,10.473382],[-73.241247,10.473384],[-73.241201,10.473386],[-73.241154,10.473388],[-73.241108,10.47339],[-73.241062,10.473392],[-73.241015,10.473395],[-73.240969,10.473397],[-73.240923,10.473399],[-73.240876,10.473401]]}},{"type":"Feature","properties":{"id":"112b","arista":112,"lado":"b","orientacion":"sur","muestra_inicio":3562,"muestra_cantidad":26},"geometry":{"type":"LineString","coordinates":[[-73.242032,10.473277],[-73.241986,10.473279],[-73.24194,10.473281],[-73.241893,10.473283],[-73.241847,10.473285],[-73.2418,10.473287],[-73.241754,10.473289],[-73.241708,10.473291],[-73.241661,10.473293],[-73.241615,10.473295],[-73.241568,10.473297],[-73.241522,10.4733],[-73.241476,10.473302],[-73.241429,10.473304],[-73.241383,10.473306],[-73.241337,10.473308],[-73.24129,10.47331],[-73.241244,10.473312],[-73.241197,10.473314],[-73.241151,10.473316],[-73.241105,10.473318],[-73.241058,10.47332],[-73.241012,10.473322],[-73.240966,10.473324],[-73.240919,10.473326],[-73.240873,10.473329]]}},{"type":"Feature","properties":{"id":"113a","arista":113,"lado":"a","orientacion":"oriental","muestra_inicio":3588,"muestra_cantidad":21},"geometry":{"type":"LineString","coordinates":[[-73.240808,10.47337],[-73.240781,10.473334],[-73.240754,10.473298],[-73.240726,10.473262],[-73.240699,10.473227],[-73.240672,10.473191],[-73.240644,10.473155],[-73.240617,10.473119],[-73.240589,10.473084],[-73.240562,10.473048],[-73.240535,10.473012],[-73.240507,10.472976],[-73.24048,10.47294],[-73.240453,10.472905],[-73.240425,10.472869],[-73.240398,10.472833],[-73.24037,10.472797],[-73.240343,10.472762],[-73.240316,10.472726],[-73.240288,10.47269],[-73.240261,10.472654]]}},{"type":"Feature","properties":{"id":"113b","arista":113,"lado":"b","orientacion":"occidental","muestra_inicio":3609,"muestra_cantidad":21},"geometry":{"type":"LineString","coordinates":[[-73.240867,10.473326],[-73.240839,10.47329],[-73.240812,10.473254],[-73.240785,10.473219],[-73.240757,10.473183],[-73.24073,10.473147],[-73.240702,10.473111],[-73.240675,10.473076],[-73.240648,10.47304],[-73.24062,10.473004],[-73.240593,10.472968],[-73.240566,10.472933],[-73.240538,10.472897],[-73.240511,10.472861],[-73.240483,10.472825],[-73.240456,10.472789],[-73.240429,10.472754],[-73.240401,10.472718],[-73.240374,10.472682],[-73.240347,10.472646],[-73.240319,10.472611]]}},{"type":"Feature","properties":{"id":"114a","arista":114,"lado":"a","orientacion":"oriental","muestra_inicio":3630,"muestra_cantidad":21},"geometry":{"type":"LineString","coordinates":[[-73.241366,10.47413],[-73.24134,10.474094],[-73.241313,10.474058],[-73.241287,10.474022],[-73.24126,10.473985],[-73.241234,10.473949],[-73.241207,10.473913],[-73.24118,10.473877],[-73.241154,10.47384],[-73.241127,10.473804],[-73.241101,10.473768],[-73.241074,10.473732],[-73.241048,10.473695],[-73.241021,10.473659],[-73.240994,10.473623],[-73.240968,10.473586],[-73.240941,10.47355],[-73.240915,10.473514],[-73.240888,10.473478],[-73.240862,10.473441],[-73.240835,10.473405]]}},{"type":"Feature","properties":{"id":"114b","arista":114,"lado":"b","orientacion":"occidental","muestra_inicio":3651,"muestra_cantidad":21},"geometry":{"type":"LineString","coordinates":[[-73.241425,10.474088],[-73.241399,10.474052],[-73.241372,10.474015],[-73.241346,10.473979],[-73.241319,10.473943],[-73.241293,10.473907],[-73.241266,10.47387],[-73.24124,10.473834],[-73.241213,10.473798],[-73.241186,10.473762],[-73.24116,10.473725],[-73.241133,10.473689],[-73.241107,10.473653],[-73.24108,10.473617],[-73.241054,10.47358],[-73.241027,10.473544],[-73.241,10.473508],[-73.240974,10.473471],[-73.240947,10.473435],[-73.240921,10.473399],[-73.240894,10.473363]]}},{"type":"Feature","properties":{"id":"115a","arista":115,"lado":"a","orientacion":"norte","muestra_inicio":3672,"muestra_cantidad":7},"geometry":{"type":"LineString","coordinates":[[-73.240531,10.479632],[-73.240496,10.479656],[-73.24046,10.479679],[-73.240424,10.479703],[-73.240389,10.479726],[-73.240353,10.47975],[-73.240317,10.479773]]}},{"type":"Feature","properties":{"id":"115b","arista":115,"lado":"b","orientacion":"sur","muestra_inicio":3679,"muestra_cantidad":7},"geometry":{"type":"LineString","coordinates":[[-73.240491,10.479572],[-73.240455,10.479596],[-73.24042,10.479619],[-73.240384,10.479643],[-73.240348,10.479666],[-73.240313,10.479689],[-73.240277,10.479713]]}},{"type":"Feature","properties":{"id":"116a","arista":116,"lado":"a","orientacion":"sur","muestra_inicio":3686,"muestra_cantidad":7},"geometry":{"type":"LineString","coordinates":[[-73.239995,10.47987],[-73.240036,10.479847],[-73.240077,10.479825],[-73.240118,10.479802],[-73.240159,10.47978],[-73.2402,10.479757],[-73.240241,10.479734]]}},{"type":"Feature","properties":{"id":"116b","arista":116,"lado":"b","orientacion":"norte","muestra_inicio":3693,"muestra_cantidad":7},"geometry":{"type":"LineString","coordinates":[[-73.240031,10.479933],[-73.240072,10.47991],[-73.240113,10.479888],[-73.240154,10.479865],[-73.240195,10.479843],[-73.240236,10.47982],[-73.240277,10.479798]]}},{"type":"Feature","properties":{"id":"117a","arista":117,"lado":"a","orientacion":"sur","muestra_inicio":3700,"muestra_cantidad":12},"geometry":{"type":"LineString","coordinates":[[-73.239798,10.479519],[-73.239841,10.479536],[-73.239884,10.479554],[-73.239927,10.479572],[-73.239971,10.479589],[-73.240014,10.479607],[-73.240057,10.479625],[-73.2401,10.479642],[-73.240143,10.47966],[-73.240186,10.479677],[-73.240229,10.479695],[-73.240272,10.479713]]}},{"type":"Feature","properties":{"id":"117b","arista":117,"lado":"b","orientacion":"norte","muestra_inicio":3712,"muestra_cantidad":12},"geometry":{"type":"LineString","coordinates":[[-73.23977,10.479586],[-73.239813,10.479603],[-73.239857,10.479621],[-73.2399,10.479639],[-73.239943,10.479656],[-73.239986,10.479674],[-73.24003,10.479687],[-73.240073,10.479705],[-73.240116,10.479722],[-73.24016,10.47974],[-73.240201,10.479762],[-73.240244,10.479779]]}},{"type":"Feature","properties":{"id":"118a","arista":118,"lado":"a","orientacion":"oriental","muestra_inicio":3724,"muestra_cantidad":8},"geometry":{"type":"LineString","coordinates":[[-73.240479,10.480037],[-73.240449,10.480003],[-73.240418,10.479968],[-73.240388,10.479934],[-73.240358,10.479899],[-73.240328,10.479865],[-73.240297,10.47983],[-73.240267,10.479796]]}},{"type":"Feature","properties":{"id":"118b","arista":118,"lado":"b","orientacion":"occidental","muestra_inicio":3732,"muestra_cantidad":8},"geometry":{"type":"LineString","coordinates":[[-73.240534,10.47999],[-73.240504,10.479955],[-73.240474,10.479921],[-73.240443,10.479886],[-73.240413,10.479852],[-73.240383,10.479817],[-73.240352,10.479783],[-73.240322,10.479748]]}},{"type":"Feature","properties":{"id":"119a","arista":119,"lado":"a","orientacion":"norte","muestra_inicio":3740,"muestra_cantidad":13},"geometry":{"type":"LineString","coordinates":[[-73.248411,10.474396],[-73.248371,10.474422],[-73.248332,10.474447],[-73.248292,10.474473],[-73.248252,10.474498],[-73.248212,10.474524],[-73.248172,10.474549],[-73.248133,10.474575],[-73.248093,10.4746],[-73.248053,10.474625],[-73.248013,10.474651],[-73.247974,10.474676],[-73.247934,10.474702]]}},{"type":"Feature","properties":{"id":"119b","arista":119,"lado":"b","orientacion":"sur","muestra_inicio":3753,"muestra_cantidad":13},"geometry":{"type":"LineString","coordinates":[[-73.248371,10.474336],[-73.248332,10.474361],[-73.248292,10.474387],[-73.248252,10.474412],[-73.248212,10.474437],[-73.248173,10.474463],[-73.248133,10.474488],[-73.248093,10.474514],[-73.248053,10.474539],[-73.248013,10.474565],[-73.247974,10.47459],[-73.247934,10.474616],[-73.247894,10.474641]]}},{"type":"Feature","properties":{"id":"120a","arista":120,"lado":"a","orientacion":"occidental","muestra_inicio":3766,"muestra_cantidad":21},"geometry":{"type":"LineString","coordinates":[[-73.248465,10.474344],[-73.24849,10.474381],[-73.248515,10.474418],[-73.24854,10.474455],[-73.248564,10.474492],[-73.248589,10.474529],[-73.248614,10.474566],[-73.248638,10.474603],[-73.248663,10.47464],[-73.248688,10.474677],[-73.248713,10.474714],[-73.248737,10.474751],[-73.248762,10.474788],[-73.248787,10.474825],[-73.248812,10.474862],[-73.248836,10.474899],[-73.248861,10.474936],[-73.248886,10.474973],[-73.24891,10.47501],[-73.248935,10.475047],[-73.24896,10.475084]]}},{"type":"Feature","properties":{"id":"120b","arista":120,"lado":"b","orientacion":"oriental","muestra_inicio":3787,"muestra_cantidad":21},"geometry":{"type":"LineString","coordinates":[[-73.248382,10.474399],[-73.248406,10.474436],[-73.248431,10.474473],[-73.248456,10.47451],[-73.24848,10.474547],[-73.248505,10.474584],[-73.24853,10.474621],[-73.248555,10.474658],[-73.248579,10.474695],[-73.248608,10.474729],[-73.248633,10.474766],[-73.248654,10.474806],[-73.248678,10.474843],[-73.248703,10.47488],[-73.248728,10.474917],[-73.24876,10.474949],[-73.248781,10.474988],[-73.248806,10.475025],[-73.24883,10.475062],[-73.248855,10.475099],[-73.248876,10.475139]]}},{"type":"Feature","properties":{"id":"121a","arista":121,"lado":"a","orientacion":"norte","muestra_inicio":3808,"muestra_cantidad":2},"geometry":{"type":"LineString","coordinates":[[-73.248491,10.474361],[-73.248456,10.474383]]}},{"type":"Feature","properties":{"id":"121b","arista":121,"lado":"b","orientacion":"sur","muestra_inicio":3810,"muestra_cantidad":2},"geometry":{"type":"LineString","coordinates":[[-73.248435,10.474278],[-73.248401,10.474301]]}},{"type":"Feature","properties":{"id":"122a","arista":122,"lado":"a","orientacion":"occidental","muestra_inicio":3812,"muestra_cantidad":23},"geometry":{"type":"LineString","coordinates":[[-73.247869,10.473478],[-73.247895,10.473516],[-73.247921,10.473553],[-73.247947,10.473591],[-73.247973,10.473629],[-73.247999,10.473666],[-73.248025,10.473704],[-73.248051,10.473742],[-73.248077,10.473779],[-73.248102,10.473817],[-73.248128,10.473855],[-73.248154,10.473892],[-73.24818,10.47393],[-73.248206,10.473968],[-73.248232,10.474005],[-73.248258,10.474043],[-73.248284,10.474081],[-73.24831,10.474118],[-73.248336,10.474156],[-73.248362,10.474193],[-73.248388,10.474231],[-73.248414,10.474269],[-73.24844,10.474306]]}},{"type":"Feature","properties":{"id":"122b","arista":122,"lado":"b","orientacion":"oriental","muestra_inicio":3835,"muestra_cantidad":23},"geometry":{"type":"LineString","coordinates":[[-73.247786,10.473534],[-73.247835,10.473556],[-73.247861,10.473594],[-73.24789,10.473629],[-73.247916,10.473667],[-73.247942,10.473704],[-73.247972,10.47374],[-73.247998,10.473777],[-73.248024,10.473815],[-73.24805,10.473853],[-73.248076,10.47389],[-73.248102,10.473928],[-73.248127,10.473966],[-73.248138,10.474013],[-73.24816,10.474054],[-73.248183,10.474094],[-73.248205,10.474134],[-73.248227,10.474174],[-73.248253,10.474212],[-73.248279,10.47425],[-73.248305,10.474287],[-73.248331,10.474325],[-73.248357,10.474362]]}},{"type":"Feature","properties":{"id":"123a","arista":123,"lado":"a","orientacion":"sur","muestra_inicio":3858,"muestra_cantidad":11},"geometry":{"type":"LineString","coordinates":[[-73.247261,10.479438],[-73.247302,10.47942],[-73.247344,10.479402],[-73.247385,10.479384],[-73.247426,10.479366],[-73.247468,10.479348],[-73.247509,10.47933],[-73.24755,10.479311],[-73.247592,10.479293],[-73.247633,10.479275],[-73.247674,10.479257]]}},{"type":"Feature","properties":{"id":"123b","arista":123,"lado":"b","orientacion":"norte","muestra_inicio":3869,"muestra_cantidad":11},"geometry":{"type":"LineString","coordinates":[[-73.247285,10.479492],[-73.247328,10.479478],[-73.247368,10.479456],[-73.247411,10.479442],[-73.247452,10.479424],[-73.247493,10.479406],[-73.247535,10.479387],[-73.247574,10.479365],[-73.247616,10.479347],[-73.247657,10.479329],[-73.247698,10.479311]]}},{"type":"Feature","properties":{"id":"124a","arista":124,"lado":"a","orientacion":"norte","muestra_inicio":3880,"muestra_cantidad":24},"geometry":{"type":"LineString","coordinates":[[-73.248675,10.478851],[-73.248626,10.478855],[-73.248588,10.478879],[-73.248548,10.478898],[-73.248507,10.478918],[-73.248467,10.478938],[-73.248427,10.478957],[-73.248386,10.478977],[-73.248346,10.478997],[-73.248307,10.47902],[-73.248267,10.47904],[-73.248227,10.47906],[-73.248186,10.479079],[-73.248146,10.479099],[-73.248106,10.479119],[-73.248067,10.479142],[-73.248029,10.479166],[-73.247982,10.479174],[-73.247942,10.479193],[-73.247906,10.479221],[-73.247867,10.479245],[-73.247827,10.479264],[-73.247787,10.479284],[-73.247746,10.479304]]}},{"type":"Feature","properties":{"id":"124b","arista":124,"lado":"b","orientacion":"sur","muestra_inicio":3904,"muestra_cantidad":24},"geometry":{"type":"LineString","coordinates":[[-73.248643,10.478787],[-73.248602,10.478806],[-73.248562,10.478826],[-73.248522,10.478846],[-73.248481,10.478865],[-73.248441,10.478885],[-73.2484,10.478905],[-73.24836,10.478924],[-73.24832,10.478944],[-73.248279,10.478964],[-73.248239,10.478983],[-73.248199,10.479003],[-73.248158,10.479023],[-73.248118,10.479042],[-73.248077,10.479062],[-73.248037,10.479082],[-73.247997,10.479101],[-73.247956,10.479121],[-73.247916,10.479141],[-73.247875,10.47916],[-73.247835,10.47918],[-73.247795,10.4792],[-73.247754,10.479219],[-73.247714,10.479239]]}},{"type":"Feature","properties":{"id":"125a","arista":125,"lado":"a","orientacion":"occidental","muestra_inicio":3928,"muestra_cantidad":7},"geometry":{"type":"LineString","coordinates":[[-73.247752,10.479279],[-73.247777,10.479315],[-73.247802,10.479351],[-73.247826,10.479387],[-73.247851,10.479423],[-73.247876,10.479459],[-73.2479,10.479495]]}},{"type":"Feature","properties":{"id":"125b","arista":125,"lado":"b","orientacion":"oriental","muestra_inicio":3935,"muestra_cantidad":7},"geometry":{"type":"LineString","coordinates":[[-73.247696,10.479317],[-73.247728,10.479348],[-73.247753,10.479384],[-73.247777,10.47942],[-73.247802,10.479456],[-73.247823,10.479495],[-73.24784,10.479536]]}},{"type":"Feature","properties":{"id":"126a","arista":126,"lado":"a","orientacion":"occidental","muestra_inicio":3942,"muestra_cantidad":19},"geometry":{"type":"LineString","coordinates":[[-73.247242,10.478597],[-73.247269,10.478633],[-73.247296,10.478668],[-73.247323,10.478704],[-73.24735,10.47874],[-73.247377,10.478776],[-73.247403,10.478812],[-73.24743,10.478848],[-73.247457,10.478883],[-73.247484,10.478919],[-73.247511,10.478955],[-73.247538,10.478991],[-73.247565,10.479027],[-73.247591,10.479063],[-73.247618,10.479098],[-73.247645,10.479134],[-73.247672,10.47917],[-73.247699,10.479206],[-73.247726,10.479242]]}},{"type":"Feature","properties":{"id":"126b","arista":126,"lado":"b","orientacion":"oriental","muestra_inicio":3961,"muestra_cantidad":19},"geometry":{"type":"LineString","coordinates":[[-73.247183,10.47864],[-73.24721,10.478676],[-73.247237,10.478711],[-73.247264,10.478747],[-73.247291,10.478783],[-73.247318,10.478819],[-73.247345,10.478855],[-73.247372,10.478891],[-73.247398,10.478926],[-73.247425,10.478962],[-73.247452,10.478998],[-73.247479,10.479034],[-73.247506,10.47907],[-73.247533,10.479106],[-73.24756,10.479141],[-73.247587,10.479177],[-73.247613,10.479213],[-73.24764,10.479249],[-73.247667,10.479285]]}},{"type":"Feature","properties":{"id":"127a","arista":127,"lado":"a","orientacion":"norte","muestra_inicio":3980,"muestra_cantidad":19},"geometry":{"type":"LineString","coordinates":[[-73.247075,10.475214],[-73.247035,10.475239],[-73.246996,10.475263],[-73.246956,10.475288],[-73.246916,10.475313],[-73.246877,10.475337],[-73.246837,10.475362],[-73.246798,10.475386],[-73.246758,10.475411],[-73.246718,10.475435],[-73.246679,10.47546],[-73.246639,10.475485],[-73.2466,10.475509],[-73.24656,10.475534],[-73.246521,10.475558],[-73.246483,10.475582],[-73.246445,10.475609],[-73.246407,10.475636],[-73.246368,10.475662]]}},{"type":"Feature","properties":{"id":"127b","arista":127,"lado":"b","orientacion":"sur","muestra_inicio":3999,"muestra_cantidad":19},"geometry":{"type":"LineString","coordinates":[[-73.247036,10.475153],[-73.246996,10.475178],[-73.246957,10.475202],[-73.246917,10.475227],[-73.246878,10.475251],[-73.246838,10.475276],[-73.246798,10.4753],[-73.246759,10.475325],[-73.246719,10.47535],[-73.24668,10.475374],[-73.24664,10.475399],[-73.2466,10.475423],[-73.246561,10.475448],[-73.246521,10.475472],[-73.246482,10.475497],[-73.24644,10.475523],[-73.246402,10.47555],[-73.246365,10.475577],[-73.246327,10.475603]]}},{"type":"Feature","properties":{"id":"128a","arista":128,"lado":"a","orientacion":"norte","muestra_inicio":4018,"muestra_cantidad":9},"geometry":{"type":"LineString","coordinates":[[-73.247437,10.474984],[-73.247397,10.475011],[-73.247366,10.475054],[-73.247324,10.475077],[-73.247282,10.4751],[-73.24724,10.475123],[-73.247198,10.475146],[-73.247156,10.475169],[-73.247114,10.475192]]}},{"type":"Feature","properties":{"id":"128b","arista":128,"lado":"b","orientacion":"sur","muestra_inicio":4027,"muestra_cantidad":9},"geometry":{"type":"LineString","coordinates":[[-73.247415,10.474945],[-73.247373,10.474968],[-73.247331,10.474991],[-73.247289,10.475014],[-73.247247,10.475037],[-73.247205,10.47506],[-73.247163,10.475082],[-73.247121,10.475105],[-73.247079,10.475128]]}},{"type":"Feature","properties":{"id":"129a","arista":129,"lado":"a","orientacion":"sur","muestra_inicio":4036,"muestra_cantidad":18},"geometry":{"type":"LineString","coordinates":[[-73.242076,10.473274],[-73.242121,10.473269],[-73.242167,10.473264],[-73.242212,10.47326],[-73.242257,10.473255],[-73.242303,10.473251],[-73.242348,10.473246],[-73.242393,10.473242],[-73.242439,10.473237],[-73.242484,10.473232],[-73.242529,10.473228],[-73.242575,10.473223],[-73.24262,10.473219],[-73.242665,10.473214],[-73.242711,10.47321],[-73.242756,10.473205],[-73.242801,10.4732],[-73.242847,10.473196]]}},{"type":"Feature","properties":{"id":"129b","arista":129,"lado":"b","orientacion":"norte","muestra_inicio":4054,"muestra_cantidad":18},"geometry":{"type":"LineString","coordinates":[[-73.242083,10.473345],[-73.242129,10.473341],[-73.242174,10.473336],[-73.242219,10.473332],[-73.242265,10.473327],[-73.24231,10.473323],[-73.242355,10.473318],[-73.242401,10.473314],[-73.242446,10.473309],[-73.242491,10.473304],[-73.242537,10.4733],[-73.242582,10.473295],[-73.242627,10.473291],[-73.242673,10.473286],[-73.242718,10.473282],[-73.242763,10.473277],[-73.242809,10.473272],[-73.242854,10.473268]]}},{"type":"Feature","properties":{"id":"130a","arista":130,"lado":"a","orientacion":"norte","muestra_inicio":4072,"muestra_cantidad":2},"geometry":{"type":"LineString","coordinates":[[-73.242914,10.473305],[-73.242872,10.473274]]}},{"type":"Feature","properties":{"id":"130b","arista":130,"lado":"b","orientacion":"sur","muestra_inicio":4074,"muestra_cantidad":2},"geometry":{"type":"LineString","coordinates":[[-73.242958,10.473248],[-73.242916,10.473216]]}},{"type":"Feature","properties":{"id":"131a","arista":131,"lado":"a","orientacion":"oriental","muestra_inicio":4076,"muestra_cantidad":16},"geometry":{"type":"LineString","coordinates":[[-73.24283,10.473223],[-73.242811,10.473181],[-73.242792,10.473138],[-73.242774,10.473096],[-73.242762,10.473041],[-73.242756,10.472995],[-73.242749,10.472949],[-73.242743,10.472902],[-73.242739,10.472855],[-73.242735,10.472809],[-73.242731,10.472763],[-73.242727,10.472717],[-73.242723,10.472671],[-73.242719,10.472624],[-73.242715,10.472578],[-73.242711,10.472532]]}},{"type":"Feature","properties":{"id":"131b","arista":131,"lado":"b","orientacion":"occidental","muestra_inicio":4092,"muestra_cantidad":16},"geometry":{"type":"LineString","coordinates":[[-73.242897,10.473194],[-73.242878,10.473151],[-73.242859,10.473109],[-73.242841,10.473067],[-73.242834,10.473031],[-73.242828,10.472985],[-73.242822,10.472939],[-73.242816,10.472894],[-73.242812,10.472849],[-73.242808,10.472803],[-73.242804,10.472757],[-73.2428,10.472711],[-73.242796,10.472664],[-73.242792,10.472618],[-73.242788,10.472572],[-73.242784,10.472526]]}},{"type":"Feature","properties":{"id":"132a","arista":132,"lado":"a","orientacion":"sur","muestra_inicio":4108,"muestra_cantidad":16},"geometry":{"type":"LineString","coordinates":[[-73.250524,10.479565],[-73.25056,10.479538],[-73.250597,10.479511],[-73.250633,10.479484],[-73.250669,10.479456],[-73.250705,10.479429],[-73.250742,10.479402],[-73.250778,10.479375],[-73.250814,10.479348],[-73.25085,10.479321],[-73.250887,10.479294],[-73.250923,10.479267],[-73.250959,10.47924],[-73.250995,10.479213],[-73.251032,10.479186],[-73.251068,10.479159]]}},{"type":"Feature","properties":{"id":"132b","arista":132,"lado":"b","orientacion":"norte","muestra_inicio":4124,"muestra_cantidad":16},"geometry":{"type":"LineString","coordinates":[[-73.250568,10.479622],[-73.250604,10.479595],[-73.250641,10.479568],[-73.250677,10.479541],[-73.250713,10.479514],[-73.250749,10.479487],[-73.250786,10.47946],[-73.250822,10.479433],[-73.250858,10.479406],[-73.250894,10.479379],[-73.250931,10.479352],[-73.250967,10.479325],[-73.251003,10.479298],[-73.251039,10.479271],[-73.251076,10.479244],[-73.251112,10.479217]]}},{"type":"Feature","properties":{"id":"133a","arista":133,"lado":"a","orientacion":"occidental","muestra_inicio":4140,"muestra_cantidad":16},"geometry":{"type":"LineString","coordinates":[[-73.250575,10.479601],[-73.250603,10.479639],[-73.250631,10.479676],[-73.25066,10.479713],[-73.250688,10.47975],[-73.250716,10.479788],[-73.250744,10.479825],[-73.250772,10.479862],[-73.250801,10.479899],[-73.250829,10.479937],[-73.250857,10.479974],[-73.250885,10.480011],[-73.250913,10.480048],[-73.250942,10.480086],[-73.25097,10.480123],[-73.250998,10.48016]]}},{"type":"Feature","properties":{"id":"133b","arista":133,"lado":"b","orientacion":"oriental","muestra_inicio":4156,"muestra_cantidad":16},"geometry":{"type":"LineString","coordinates":[[-73.250509,10.47965],[-73.250537,10.479687],[-73.250566,10.479725],[-73.250594,10.479762],[-73.250622,10.479799],[-73.25065,10.479836],[-73.250678,10.479874],[-73.250707,10.479911],[-73.250735,10.479948],[-73.250763,10.479985],[-73.250791,10.480023],[-73.250819,10.48006],[-73.250848,10.480097],[-73.250876,10.480135],[-73.250904,10.480172],[-73.250932,10.480209]]}},{"type":"Feature","properties":{"id":"134a","arista":134,"lado":"a","orientacion":"sur","muestra_inicio":4172,"muestra_cantidad":22},"geometry":{"type":"LineString","coordinates":[[-73.249694,10.480128],[-73.249732,10.480102],[-73.24977,10.480077],[-73.249808,10.480051],[-73.249846,10.480025],[-73.249883,10.48],[-73.249921,10.479974],[-73.249959,10.479949],[-73.249997,10.479923],[-73.250035,10.479897],[-73.250072,10.479872],[-73.25011,10.479846],[-73.250148,10.479821],[-73.250186,10.479795],[-73.250224,10.479769],[-73.250262,10.479744],[-73.250299,10.479718],[-73.250337,10.479692],[-73.250375,10.479667],[-73.250413,10.479641],[-73.250451,10.479616],[-73.250488,10.47959]]}},{"type":"Feature","properties":{"id":"134b","arista":134,"lado":"b","orientacion":"norte","muestra_inicio":4194,"muestra_cantidad":22},"geometry":{"type":"LineString","coordinates":[[-73.249736,10.480188],[-73.249773,10.480162],[-73.249811,10.480136],[-73.249849,10.480111],[-73.249887,10.480085],[-73.249925,10.480059],[-73.249962,10.480034],[-73.25,10.480008],[-73.250038,10.479983],[-73.250073,10.479953],[-73.250111,10.479928],[-73.250152,10.479906],[-73.250189,10.47988],[-73.250227,10.479855],[-73.250265,10.479829],[-73.250303,10.479803],[-73.250335,10.47977],[-73.250371,10.479741],[-73.250409,10.479715],[-73.250444,10.479686],[-73.250479,10.479657],[-73.25053,10.47965]]}},{"type":"Feature","properties":{"id":"135a","arista":135,"lado":"a","orientacion":"occidental","muestra_inicio":4216,"muestra_cantidad":18},"geometry":{"type":"LineString","coordinates":[[-73.250058,10.478943],[-73.250086,10.478979],[-73.250115,10.479016],[-73.250144,10.479052],[-73.250173,10.479089],[-73.250201,10.479126],[-73.25023,10.479162],[-73.250259,10.479199],[-73.250287,10.479235],[-73.250316,10.479272],[-73.250345,10.479308],[-73.250374,10.479345],[-73.250402,10.479381],[-73.250431,10.479418],[-73.25046,10.479454],[-73.250489,10.479491],[-73.250517,10.479527],[-73.250546,10.479564]]}},{"type":"Feature","properties":{"id":"135b","arista":135,"lado":"b","orientacion":"oriental","muestra_inicio":4234,"muestra_cantidad":18},"geometry":{"type":"LineString","coordinates":[[-73.249993,10.478993],[-73.250021,10.479029],[-73.25005,10.479066],[-73.250079,10.479102],[-73.250108,10.479139],[-73.250136,10.479175],[-73.250165,10.479212],[-73.250194,10.479249],[-73.250223,10.479285],[-73.250251,10.479322],[-73.25028,10.479358],[-73.250309,10.479395],[-73.250338,10.479431],[-73.250366,10.479468],[-73.250395,10.479504],[-73.250424,10.479541],[-73.250452,10.479577],[-73.250481,10.479614]]}},{"type":"Feature","properties":{"id":"136a","arista":136,"lado":"a","orientacion":"norte","muestra_inicio":4252,"muestra_cantidad":10},"geometry":{"type":"LineString","coordinates":[[-73.242219,10.47972],[-73.242179,10.479741],[-73.242149,10.479777],[-73.242102,10.479787],[-73.242064,10.479811],[-73.242027,10.479836],[-73.241987,10.479857],[-73.241963,10.479901],[-73.241926,10.479925],[-73.241888,10.47995]]}},{"type":"Feature","properties":{"id":"136b","arista":136,"lado":"b","orientacion":"sur","muestra_inicio":4262,"muestra_cantidad":10},"geometry":{"type":"LineString","coordinates":[[-73.242183,10.479667],[-73.242151,10.4797],[-73.242111,10.479721],[-73.242071,10.479742],[-73.242034,10.479766],[-73.241997,10.479791],[-73.241959,10.479816],[-73.241922,10.479841],[-73.241885,10.479865],[-73.241848,10.47989]]}},{"type":"Feature","properties":{"id":"137a","arista":137,"lado":"a","orientacion":"sur","muestra_inicio":4272,"muestra_cantidad":9},"geometry":{"type":"LineString","coordinates":[[-73.241522,10.480126],[-73.241558,10.4801],[-73.241594,10.480074],[-73.24163,10.480047],[-73.241666,10.480021],[-73.241702,10.479995],[-73.241738,10.479969],[-73.241774,10.479943],[-73.24181,10.479917]]}},{"type":"Feature","properties":{"id":"137b","arista":137,"lado":"b","orientacion":"norte","muestra_inicio":4281,"muestra_cantidad":9},"geometry":{"type":"LineString","coordinates":[[-73.241565,10.480184],[-73.241601,10.480158],[-73.241637,10.480132],[-73.241673,10.480106],[-73.241709,10.480079],[-73.241745,10.480053],[-73.241781,10.480027],[-73.241817,10.480001],[-73.241853,10.479975]]}},{"type":"Feature","properties":{"id":"138a","arista":138,"lado":"a","orientacion":"occidental","muestra_inicio":4290,"muestra_cantidad":12},"geometry":{"type":"LineString","coordinates":[[-73.241646,10.479454],[-73.241666,10.479494],[-73.241683,10.479537],[-73.241703,10.479577],[-73.241724,10.479617],[-73.241736,10.479661],[-73.241757,10.479701],[-73.24179,10.479735],[-73.241798,10.479782],[-73.241818,10.479822],[-73.241851,10.479856],[-73.241872,10.479896]]}},{"type":"Feature","properties":{"id":"138b","arista":138,"lado":"b","orientacion":"oriental","muestra_inicio":4302,"muestra_cantidad":12},"geometry":{"type":"LineString","coordinates":[[-73.241581,10.479487],[-73.241601,10.479527],[-73.241622,10.479567],[-73.241642,10.479607],[-73.241663,10.479648],[-73.241683,10.479688],[-73.241708,10.479726],[-73.241724,10.479768],[-73.241745,10.479808],[-73.241765,10.479848],[-73.241786,10.479889],[-73.241806,10.479929]]}},{"type":"Feature","properties":{"id":"139a","arista":139,"lado":"a","orientacion":"oriental","muestra_inicio":4314,"muestra_cantidad":11},"geometry":{"type":"LineString","coordinates":[[-73.242127,10.480308],[-73.242098,10.480275],[-73.242069,10.480241],[-73.24204,10.480207],[-73.242011,10.480174],[-73.241982,10.48014],[-73.241953,10.480107],[-73.241924,10.480073],[-73.241894,10.48004],[-73.241869,10.480003],[-73.241836,10.479973]]}},{"type":"Feature","properties":{"id":"139b","arista":139,"lado":"b","orientacion":"occidental","muestra_inicio":4325,"muestra_cantidad":11},"geometry":{"type":"LineString","coordinates":[[-73.242183,10.480261],[-73.242154,10.480227],[-73.242125,10.480194],[-73.242095,10.48016],[-73.242066,10.480127],[-73.242037,10.480093],[-73.242008,10.48006],[-73.241979,10.480026],[-73.24195,10.479993],[-73.241921,10.479959],[-73.241892,10.479926]]}},{"type":"Feature","properties":{"id":"140a","arista":140,"lado":"a","orientacion":"occidental","muestra_inicio":4336,"muestra_cantidad":24},"geometry":{"type":"LineString","coordinates":[[-73.250897,10.476519],[-73.250924,10.476555],[-73.250951,10.476591],[-73.250978,10.476627],[-73.251005,10.476664],[-73.251033,10.4767],[-73.25106,10.476736],[-73.251087,10.476772],[-73.251114,10.476809],[-73.251142,10.476845],[-73.251169,10.476881],[-73.251196,10.476917],[-73.251223,10.476953],[-73.25125,10.47699],[-73.251278,10.477026],[-73.251305,10.477062],[-73.251332,10.477098],[-73.251359,10.477135],[-73.251387,10.477171],[-73.251414,10.477207],[-73.251441,10.477243],[-73.251468,10.47728],[-73.251495,10.477316],[-73.251523,10.477352]]}},{"type":"Feature","properties":{"id":"140b","arista":140,"lado":"b","orientacion":"oriental","muestra_inicio":4360,"muestra_cantidad":24},"geometry":{"type":"LineString","coordinates":[[-73.250838,10.476562],[-73.250865,10.476598],[-73.250892,10.476634],[-73.25092,10.47667],[-73.250947,10.476707],[-73.250974,10.476743],[-73.251001,10.476779],[-73.251028,10.476815],[-73.251056,10.476852],[-73.251083,10.476888],[-73.25111,10.476924],[-73.251137,10.47696],[-73.251165,10.476997],[-73.251192,10.477033],[-73.251219,10.477069],[-73.251246,10.477105],[-73.251273,10.477142],[-73.251301,10.477178],[-73.251328,10.477214],[-73.251355,10.47725],[-73.251382,10.477286],[-73.25141,10.477323],[-73.251437,10.477359],[-73.251464,10.477395]]}},{"type":"Feature","properties":{"id":"141a","arista":141,"lado":"a","orientacion":"sur","muestra_inicio":4384,"muestra_cantidad":17},"geometry":{"type":"LineString","coordinates":[[-73.25081,10.477672],[-73.250852,10.477653],[-73.250893,10.477634],[-73.250934,10.477615],[-73.250976,10.477596],[-73.251017,10.477577],[-73.251058,10.477558],[-73.251099,10.477539],[-73.251141,10.47752],[-73.251182,10.477501],[-73.251223,10.477482],[-73.251264,10.477463],[-73.251306,10.477444],[-73.251347,10.477425],[-73.251388,10.477406],[-73.25143,10.477387],[-73.251471,10.477368]]}},{"type":"Feature","properties":{"id":"141b","arista":141,"lado":"b","orientacion":"norte","muestra_inicio":4401,"muestra_cantidad":17},"geometry":{"type":"LineString","coordinates":[[-73.250841,10.477737],[-73.250882,10.477718],[-73.250924,10.477699],[-73.250965,10.47768],[-73.251006,10.477661],[-73.251048,10.477643],[-73.251089,10.477624],[-73.25113,10.477605],[-73.251171,10.477586],[-73.251213,10.477567],[-73.251254,10.477548],[-73.251295,10.477529],[-73.251337,10.47751],[-73.251378,10.477491],[-73.251419,10.477472],[-73.25146,10.477453],[-73.251502,10.477434]]}},{"type":"Feature","properties":{"id":"142a","arista":142,"lado":"a","orientacion":"sur","muestra_inicio":4418,"muestra_cantidad":20},"geometry":{"type":"LineString","coordinates":[[-73.244871,10.480412],[-73.244913,10.480393],[-73.244962,10.48039],[-73.245002,10.480367],[-73.245041,10.480343],[-73.245083,10.480324],[-73.245122,10.480301],[-73.245164,10.480281],[-73.245204,10.480258],[-73.245245,10.480239],[-73.245287,10.48022],[-73.245328,10.4802],[-73.24537,10.480181],[-73.245411,10.480162],[-73.245453,10.480143],[-73.245494,10.480123],[-73.245536,10.480104],[-73.245577,10.480085],[-73.245619,10.480065],[-73.24566,10.480046]]}},{"type":"Feature","properties":{"id":"142b","arista":142,"lado":"b","orientacion":"norte","muestra_inicio":4438,"muestra_cantidad":20},"geometry":{"type":"LineString","coordinates":[[-73.244902,10.480478],[-73.244944,10.480458],[-73.244985,10.480439],[-73.245027,10.48042],[-73.245069,10.480401],[-73.24511,10.480381],[-73.245152,10.480362],[-73.245193,10.480343],[-73.245235,10.480324],[-73.245272,10.480296],[-73.245314,10.480277],[-73.245355,10.480258],[-73.245395,10.480234],[-73.245436,10.480215],[-73.245484,10.480208],[-73.245519,10.480176],[-73.245559,10.480153],[-73.2456,10.480134],[-73.245642,10.480115],[-73.245691,10.480112]]}},{"type":"Feature","properties":{"id":"143a","arista":143,"lado":"a","orientacion":"occidental","muestra_inicio":4458,"muestra_cantidad":11},"geometry":{"type":"LineString","coordinates":[[-73.245494,10.479651],[-73.245517,10.479689],[-73.245539,10.479727],[-73.245561,10.479765],[-73.245583,10.479803],[-73.245606,10.479842],[-73.245628,10.47988],[-73.24565,10.479918],[-73.245672,10.479956],[-73.245691,10.479996],[-73.245717,10.480032]]}},{"type":"Feature","properties":{"id":"143b","arista":143,"lado":"b","orientacion":"oriental","muestra_inicio":4469,"muestra_cantidad":11},"geometry":{"type":"LineString","coordinates":[[-73.245431,10.479687],[-73.245453,10.479725],[-73.245476,10.479763],[-73.245498,10.479802],[-73.24552,10.47984],[-73.245542,10.479878],[-73.245565,10.479916],[-73.245587,10.479954],[-73.245609,10.479992],[-73.245631,10.48003],[-73.245654,10.480068]]}},{"type":"Feature","properties":{"id":"144a","arista":144,"lado":"a","orientacion":"oriental","muestra_inicio":4480,"muestra_cantidad":19},"geometry":{"type":"LineString","coordinates":[[-73.246103,10.480803],[-73.246079,10.480764],[-73.246056,10.480725],[-73.246032,10.480687],[-73.246016,10.480643],[-73.245992,10.480605],[-73.245969,10.480566],[-73.245945,10.480528],[-73.245921,10.480489],[-73.245898,10.48045],[-73.245874,10.480412],[-73.245846,10.480375],[-73.245823,10.480337],[-73.245795,10.4803],[-73.245772,10.480262],[-73.245748,10.480223],[-73.245724,10.480185],[-73.245701,10.480146],[-73.245677,10.480107]]}},{"type":"Feature","properties":{"id":"144b","arista":144,"lado":"b","orientacion":"occidental","muestra_inicio":4499,"muestra_cantidad":19},"geometry":{"type":"LineString","coordinates":[[-73.246165,10.480765],[-73.246142,10.480726],[-73.246106,10.480695],[-73.246079,10.480659],[-73.246055,10.48062],[-73.246031,10.480581],[-73.246008,10.480543],[-73.245984,10.480504],[-73.24596,10.480465],[-73.245933,10.480429],[-73.245909,10.480391],[-73.245889,10.48035],[-73.245866,10.480311],[-73.245842,10.480272],[-73.245818,10.480234],[-73.245795,10.480195],[-73.245783,10.480149],[-73.245763,10.480108],[-73.245739,10.48007]]}},{"type":"Feature","properties":{"id":"145a","arista":145,"lado":"a","orientacion":"sur","muestra_inicio":4518,"muestra_cantidad":28},"geometry":{"type":"LineString","coordinates":[[-73.240298,10.472578],[-73.240344,10.472576],[-73.240391,10.472575],[-73.240437,10.472573],[-73.240483,10.472572],[-73.240529,10.47257],[-73.240575,10.472569],[-73.240621,10.472567],[-73.240667,10.472566],[-73.240714,10.472564],[-73.24076,10.472563],[-73.240806,10.472561],[-73.240852,10.47256],[-73.240898,10.472558],[-73.240944,10.472557],[-73.24099,10.472555],[-73.241037,10.472554],[-73.241083,10.472552],[-73.241129,10.472551],[-73.241175,10.472549],[-73.241221,10.472548],[-73.241267,10.472546],[-73.241313,10.472545],[-73.24136,10.472543],[-73.241406,10.472542],[-73.241452,10.47254],[-73.241498,10.472539],[-73.241544,10.472537]]}},{"type":"Feature","properties":{"id":"145b","arista":145,"lado":"b","orientacion":"norte","muestra_inicio":4546,"muestra_cantidad":28},"geometry":{"type":"LineString","coordinates":[[-73.240301,10.47265],[-73.240347,10.472648],[-73.240393,10.472647],[-73.240439,10.472645],[-73.240485,10.472644],[-73.240531,10.472642],[-73.240578,10.472641],[-73.240624,10.472635],[-73.24067,10.472633],[-73.240716,10.472636],[-73.240762,10.472635],[-73.240808,10.472633],[-73.240854,10.472632],[-73.240901,10.47263],[-73.240947,10.472629],[-73.240993,10.472627],[-73.241039,10.472626],[-73.241085,10.472624],[-73.241131,10.472623],[-73.241177,10.472621],[-73.241223,10.472615],[-73.24127,10.472618],[-73.241316,10.472617],[-73.241362,10.472615],[-73.241408,10.472614],[-73.241454,10.472612],[-73.2415,10.472611],[-73.241547,10.472609]]}},{"type":"Feature","properties":{"id":"146a","arista":146,"lado":"a","orientacion":"norte","muestra_inicio":4574,"muestra_cantidad":26},"geometry":{"type":"LineString","coordinates":[[-73.242725,10.472543],[-73.242679,10.472546],[-73.242634,10.472548],[-73.242589,10.472551],[-73.242544,10.472554],[-73.242498,10.472556],[-73.242453,10.472559],[-73.242408,10.472561],[-73.242363,10.472564],[-73.242317,10.472566],[-73.242272,10.472569],[-73.242227,10.472571],[-73.242182,10.472574],[-73.242136,10.472577],[-73.242091,10.472579],[-73.242046,10.472582],[-73.242001,10.472584],[-73.241955,10.472587],[-73.24191,10.472589],[-73.241865,10.472592],[-73.241819,10.472595],[-73.241774,10.472597],[-73.241729,10.4726],[-73.241684,10.472602],[-73.241638,10.472605],[-73.241593,10.472607]]}},{"type":"Feature","properties":{"id":"146b","arista":146,"lado":"b","orientacion":"sur","muestra_inicio":4600,"muestra_cantidad":26},"geometry":{"type":"LineString","coordinates":[[-73.242721,10.472471],[-73.242675,10.472474],[-73.24263,10.472476],[-73.242585,10.472479],[-73.24254,10.472481],[-73.242494,10.472484],[-73.242449,10.472486],[-73.242404,10.472489],[-73.242358,10.472492],[-73.242313,10.472494],[-73.242268,10.472497],[-73.242223,10.472499],[-73.242177,10.472502],[-73.242132,10.472504],[-73.242087,10.472507],[-73.242042,10.47251],[-73.241996,10.472512],[-73.241951,10.472515],[-73.241906,10.472517],[-73.241861,10.47252],[-73.241815,10.472522],[-73.24177,10.472525],[-73.241725,10.472527],[-73.241679,10.47253],[-73.241634,10.472533],[-73.241589,10.472535]]}},{"type":"Feature","properties":{"id":"147a","arista":147,"lado":"a","orientacion":"oriental","muestra_inicio":4626,"muestra_cantidad":20},"geometry":{"type":"LineString","coordinates":[[-73.242014,10.473313],[-73.24199,10.473276],[-73.241965,10.473239],[-73.241941,10.473202],[-73.241917,10.473165],[-73.241892,10.473128],[-73.241868,10.473091],[-73.241843,10.473054],[-73.241819,10.473017],[-73.241794,10.47298],[-73.24177,10.472943],[-73.241746,10.472907],[-73.241721,10.47287],[-73.241697,10.472833],[-73.241672,10.472796],[-73.241648,10.472759],[-73.241623,10.472722],[-73.241599,10.472685],[-73.241574,10.472648],[-73.24155,10.472611]]}},{"type":"Feature","properties":{"id":"147b","arista":147,"lado":"b","orientacion":"occidental","muestra_inicio":4646,"muestra_cantidad":20},"geometry":{"type":"LineString","coordinates":[[-73.242075,10.473274],[-73.242051,10.473237],[-73.242027,10.4732],[-73.242002,10.473163],[-73.241978,10.473126],[-73.241953,10.473089],[-73.241929,10.473052],[-73.241904,10.473015],[-73.24188,10.472978],[-73.241856,10.472941],[-73.241831,10.472904],[-73.241807,10.472867],[-73.241782,10.47283],[-73.241758,10.472793],[-73.241733,10.472756],[-73.241709,10.472719],[-73.241684,10.472682],[-73.24166,10.472645],[-73.241636,10.472608],[-73.241611,10.472571]]}},{"type":"Feature","properties":{"id":"148a","arista":148,"lado":"a","orientacion":"occidental","muestra_inicio":4666,"muestra_cantidad":23},"geometry":{"type":"LineString","coordinates":[[-73.241039,10.471705],[-73.241064,10.471743],[-73.241089,10.47178],[-73.241113,10.471818],[-73.241138,10.471856],[-73.241163,10.471893],[-73.241188,10.471931],[-73.241213,10.471969],[-73.241238,10.472006],[-73.241263,10.472044],[-73.241288,10.472082],[-73.241313,10.472119],[-73.241338,10.472157],[-73.241362,10.472195],[-73.241387,10.472232],[-73.241412,10.47227],[-73.241437,10.472308],[-73.241462,10.472345],[-73.241487,10.472383],[-73.241512,10.472421],[-73.241537,10.472459],[-73.241562,10.472496],[-73.241587,10.472534]]}},{"type":"Feature","properties":{"id":"148b","arista":148,"lado":"b","orientacion":"oriental","muestra_inicio":4689,"muestra_cantidad":23},"geometry":{"type":"LineString","coordinates":[[-73.240978,10.471745],[-73.241002,10.471782],[-73.241027,10.47182],[-73.241052,10.471858],[-73.241077,10.471895],[-73.241102,10.471933],[-73.241127,10.471971],[-73.241152,10.472008],[-73.241177,10.472046],[-73.241202,10.472084],[-73.241227,10.472121],[-73.241251,10.472159],[-73.241276,10.472197],[-73.241301,10.472234],[-73.241326,10.472272],[-73.241351,10.47231],[-73.241376,10.472347],[-73.241401,10.472385],[-73.241426,10.472423],[-73.241451,10.47246],[-73.241476,10.472498],[-73.2415,10.472536],[-73.241525,10.472573]]}},{"type":"Feature","properties":{"id":"149a","arista":149,"lado":"a","orientacion":"norte","muestra_inicio":4712,"muestra_cantidad":2},"geometry":{"type":"LineString","coordinates":[[-73.246498,10.471366],[-73.246467,10.471389]]}},{"type":"Feature","properties":{"id":"149b","arista":149,"lado":"b","orientacion":"sur","muestra_inicio":4714,"muestra_cantidad":2},"geometry":{"type":"LineString","coordinates":[[-73.246454,10.471308],[-73.246423,10.471331]]}},{"type":"Feature","properties":{"id":"150a","arista":150,"lado":"a","orientacion":"oriental","muestra_inicio":4716,"muestra_cantidad":20},"geometry":{"type":"LineString","coordinates":[[-73.246919,10.472085],[-73.246895,10.472048],[-73.246871,10.47201],[-73.246847,10.471972],[-73.246823,10.471935],[-73.246799,10.471897],[-73.246775,10.47186],[-73.246751,10.471822],[-73.246727,10.471785],[-73.246702,10.471747],[-73.246678,10.471709],[-73.246654,10.471672],[-73.24663,10.471634],[-73.246606,10.471597],[-73.246582,10.471559],[-73.246558,10.471521],[-73.246534,10.471484],[-73.24651,10.471446],[-73.246486,10.471409],[-73.246461,10.471371]]}},{"type":"Feature","properties":{"id":"150b","arista":150,"lado":"b","orientacion":"occidental","muestra_inicio":4736,"muestra_cantidad":20},"geometry":{"type":"LineString","coordinates":[[-73.247004,10.472032],[-73.24698,10.471994],[-73.246956,10.471957],[-73.246932,10.471919],[-73.246908,10.471882],[-73.246884,10.471844],[-73.24686,10.471806],[-73.246835,10.471769],[-73.246811,10.471731],[-73.246787,10.471694],[-73.246763,10.471656],[-73.246739,10.471618],[-73.246715,10.471581],[-73.246691,10.471543],[-73.246667,10.471506],[-73.246643,10.471468],[-73.246619,10.471431],[-73.246594,10.471393],[-73.24657,10.471355],[-73.246546,10.471318]]}},{"type":"Feature","properties":{"id":"151a","arista":151,"lado":"a","orientacion":"norte","muestra_inicio":4756,"muestra_cantidad":21},"geometry":{"type":"LineString","coordinates":[[-73.25001,10.478992],[-73.24997,10.479016],[-73.24993,10.479039],[-73.24989,10.479063],[-73.24985,10.479086],[-73.249811,10.47911],[-73.249771,10.479133],[-73.249731,10.479157],[-73.249691,10.47918],[-73.249651,10.479203],[-73.249612,10.479227],[-73.249572,10.47925],[-73.249532,10.479274],[-73.249492,10.479297],[-73.249453,10.479321],[-73.249413,10.479344],[-73.249373,10.479368],[-73.249333,10.479391],[-73.249293,10.479415],[-73.249254,10.479438],[-73.249214,10.479461]]}},{"type":"Feature","properties":{"id":"151b","arista":151,"lado":"b","orientacion":"sur","muestra_inicio":4777,"muestra_cantidad":21},"geometry":{"type":"LineString","coordinates":[[-73.249972,10.47893],[-73.249932,10.478954],[-73.249893,10.478977],[-73.249853,10.479001],[-73.249813,10.479024],[-73.249773,10.479048],[-73.249733,10.479071],[-73.249694,10.479094],[-73.249654,10.479118],[-73.249614,10.479141],[-73.249574,10.479165],[-73.249535,10.479188],[-73.249495,10.479212],[-73.249455,10.479235],[-73.249415,10.479259],[-73.249375,10.479282],[-73.249336,10.479305],[-73.249296,10.479329],[-73.249256,10.479352],[-73.249216,10.479376],[-73.249176,10.479399]]}},{"type":"Feature","properties":{"id":"152a","arista":152,"lado":"a","orientacion":"sur","muestra_inicio":4798,"muestra_cantidad":23},"geometry":{"type":"LineString","coordinates":[[-73.24824,10.479907],[-73.248281,10.479885],[-73.248321,10.479863],[-73.248362,10.479841],[-73.248403,10.479819],[-73.248444,10.479797],[-73.248485,10.479775],[-73.248525,10.479753],[-73.248566,10.479731],[-73.248607,10.479708],[-73.248648,10.479686],[-73.248689,10.479664],[-73.248729,10.479642],[-73.24877,10.47962],[-73.248811,10.479598],[-73.248852,10.479576],[-73.248892,10.479554],[-73.248933,10.479532],[-73.248974,10.47951],[-73.249015,10.479488],[-73.249056,10.479466],[-73.249096,10.479443],[-73.249137,10.479421]]}},{"type":"Feature","properties":{"id":"152b","arista":152,"lado":"b","orientacion":"norte","muestra_inicio":4821,"muestra_cantidad":23},"geometry":{"type":"LineString","coordinates":[[-73.248275,10.479971],[-73.248316,10.479949],[-73.248356,10.479927],[-73.248397,10.479904],[-73.248438,10.479882],[-73.248479,10.47986],[-73.24852,10.479838],[-73.24856,10.479816],[-73.248601,10.479794],[-73.248642,10.479772],[-73.248683,10.47975],[-73.248724,10.479728],[-73.248764,10.479706],[-73.248805,10.479684],[-73.248846,10.479662],[-73.248887,10.479639],[-73.248928,10.479617],[-73.248968,10.479595],[-73.249009,10.479573],[-73.24905,10.479551],[-73.249091,10.479529],[-73.249132,10.479507],[-73.249172,10.479485]]}},{"type":"Feature","properties":{"id":"153a","arista":153,"lado":"a","orientacion":"oriental","muestra_inicio":4844,"muestra_cantidad":18},"geometry":{"type":"LineString","coordinates":[[-73.249129,10.479449],[-73.249101,10.479414],[-73.249074,10.479379],[-73.249046,10.479344],[-73.249019,10.479309],[-73.248991,10.479274],[-73.248964,10.479238],[-73.248936,10.479203],[-73.248908,10.479168],[-73.248881,10.479133],[-73.248853,10.479098],[-73.248826,10.479063],[-73.248798,10.479028],[-73.248771,10.478992],[-73.248743,10.478957],[-73.248715,10.478922],[-73.248691,10.478884],[-73.248664,10.478849]]}},{"type":"Feature","properties":{"id":"153b","arista":153,"lado":"b","orientacion":"occidental","muestra_inicio":4862,"muestra_cantidad":18},"geometry":{"type":"LineString","coordinates":[[-73.249194,10.4794],[-73.249166,10.479364],[-73.249139,10.479329],[-73.249111,10.479294],[-73.249084,10.479259],[-73.249056,10.479224],[-73.249028,10.479189],[-73.249001,10.479153],[-73.248973,10.479118],[-73.248946,10.479083],[-73.248918,10.479048],[-73.248891,10.479013],[-73.248863,10.478978],[-73.248836,10.478942],[-73.248808,10.478907],[-73.24878,10.478872],[-73.248753,10.478837],[-73.248725,10.478802]]}},{"type":"Feature","properties":{"id":"154a","arista":154,"lado":"a","orientacion":"oriental","muestra_inicio":4880,"muestra_cantidad":20},"geometry":{"type":"LineString","coordinates":[[-73.249649,10.480176],[-73.249623,10.480139],[-73.249597,10.480103],[-73.249571,10.480067],[-73.249545,10.48003],[-73.249519,10.479994],[-73.249493,10.479957],[-73.249467,10.479921],[-73.249441,10.479884],[-73.249415,10.479848],[-73.249389,10.479812],[-73.249363,10.479775],[-73.249337,10.479739],[-73.249311,10.479702],[-73.249285,10.479666],[-73.249259,10.479629],[-73.249233,10.479593],[-73.249207,10.479557],[-73.249181,10.47952],[-73.249155,10.479484]]}},{"type":"Feature","properties":{"id":"154b","arista":154,"lado":"b","orientacion":"occidental","muestra_inicio":4900,"muestra_cantidad":20},"geometry":{"type":"LineString","coordinates":[[-73.249717,10.480129],[-73.24969,10.480092],[-73.249664,10.480056],[-73.249638,10.48002],[-73.249612,10.479983],[-73.249586,10.479947],[-73.24956,10.47991],[-73.249534,10.479874],[-73.249508,10.479837],[-73.249482,10.479801],[-73.249456,10.479765],[-73.24943,10.479728],[-73.249404,10.479692],[-73.249378,10.479655],[-73.249352,10.479619],[-73.249326,10.479582],[-73.2493,10.479546],[-73.249274,10.47951],[-73.249248,10.479473],[-73.249222,10.479437]]}},{"type":"Feature","properties":{"id":"155a","arista":155,"lado":"a","orientacion":"oriental","muestra_inicio":4920,"muestra_cantidad":18},"geometry":{"type":"LineString","coordinates":[[-73.24741,10.474968],[-73.247384,10.474931],[-73.247358,10.474895],[-73.247332,10.474859],[-73.247306,10.474822],[-73.24728,10.474786],[-73.247254,10.474749],[-73.247228,10.474713],[-73.247202,10.474677],[-73.247176,10.47464],[-73.24715,10.474604],[-73.247124,10.474567],[-73.247098,10.474531],[-73.247072,10.474494],[-73.247046,10.474458],[-73.24702,10.474422],[-73.246994,10.474385],[-73.246968,10.474349]]}},{"type":"Feature","properties":{"id":"155b","arista":155,"lado":"b","orientacion":"occidental","muestra_inicio":4938,"muestra_cantidad":18},"geometry":{"type":"LineString","coordinates":[[-73.24747,10.474926],[-73.247444,10.47489],[-73.247418,10.474853],[-73.247392,10.474817],[-73.247366,10.47478],[-73.24734,10.474744],[-73.247314,10.474708],[-73.247288,10.474671],[-73.247262,10.474635],[-73.247236,10.474598],[-73.247209,10.474562],[-73.247183,10.474525],[-73.247157,10.474489],[-73.247131,10.474453],[-73.247102,10.474419],[-73.247076,10.474382],[-73.247049,10.474346],[-73.24702,10.474312]]}},{"type":"Feature","properties":{"id":"156a","arista":156,"lado":"a","orientacion":"sur","muestra_inicio":4956,"muestra_cantidad":13},"geometry":{"type":"LineString","coordinates":[[-73.246981,10.474268],[-73.247017,10.474242],[-73.247053,10.474217],[-73.247088,10.474191],[-73.247124,10.474166],[-73.24716,10.47414],[-73.247196,10.474115],[-73.247232,10.474089],[-73.247268,10.474064],[-73.247304,10.474038],[-73.247339,10.474013],[-73.247375,10.473988],[-73.247411,10.473962]]}},{"type":"Feature","properties":{"id":"156b","arista":156,"lado":"b","orientacion":"norte","muestra_inicio":4969,"muestra_cantidad":13},"geometry":{"type":"LineString","coordinates":[[-73.247024,10.474326],[-73.247041,10.474275],[-73.247077,10.47425],[-73.247112,10.474224],[-73.247148,10.474199],[-73.247203,10.474199],[-73.24722,10.474148],[-73.247256,10.474122],[-73.247292,10.474097],[-73.24733,10.474075],[-73.247369,10.474053],[-73.247405,10.474028],[-73.247454,10.474021]]}},{"type":"Feature","properties":{"id":"157a","arista":157,"lado":"a","orientacion":"occidental","muestra_inicio":4982,"muestra_cantidad":24},"geometry":{"type":"LineString","coordinates":[[-73.247151,10.480662],[-73.247177,10.4807],[-73.247204,10.480737],[-73.247231,10.480775],[-73.247257,10.480812],[-73.247284,10.48085],[-73.247311,10.480887],[-73.247338,10.480924],[-73.247364,10.480962],[-73.247391,10.480999],[-73.247418,10.481037],[-73.247444,10.481074],[-73.247471,10.481111],[-73.247498,10.481149],[-73.247525,10.481186],[-73.247551,10.481224],[-73.247578,10.481261],[-73.247605,10.481299],[-73.247631,10.481336],[-73.247658,10.481373],[-73.247685,10.481411],[-73.247712,10.481448],[-73.247738,10.481486],[-73.247765,10.481523]]}},{"type":"Feature","properties":{"id":"157b","arista":157,"lado":"b","orientacion":"oriental","muestra_inicio":5006,"muestra_cantidad":24},"geometry":{"type":"LineString","coordinates":[[-73.247091,10.480704],[-73.247118,10.480742],[-73.247144,10.480779],[-73.247171,10.480816],[-73.247198,10.480854],[-73.247224,10.480891],[-73.247251,10.480929],[-73.247278,10.480966],[-73.247305,10.481004],[-73.247331,10.481041],[-73.247358,10.481078],[-73.247385,10.481116],[-73.247411,10.481153],[-73.247438,10.481191],[-73.247465,10.481228],[-73.247492,10.481265],[-73.247518,10.481303],[-73.247545,10.48134],[-73.247572,10.481378],[-73.247598,10.481415],[-73.247625,10.481453],[-73.247652,10.48149],[-73.247679,10.481527],[-73.247705,10.481565]]}},{"type":"Feature","properties":{"id":"158a","arista":158,"lado":"a","orientacion":"sur","muestra_inicio":5030,"muestra_cantidad":13},"geometry":{"type":"LineString","coordinates":[[-73.247746,10.48152],[-73.247782,10.481495],[-73.247818,10.481469],[-73.247855,10.481444],[-73.247891,10.481418],[-73.247928,10.481392],[-73.247964,10.481367],[-73.248001,10.481341],[-73.248037,10.481316],[-73.248074,10.48129],[-73.24811,10.481264],[-73.248146,10.481239],[-73.248183,10.481213]]}},{"type":"Feature","properties":{"id":"158b","arista":158,"lado":"b","orientacion":"norte","muestra_inicio":5043,"muestra_cantidad":13},"geometry":{"type":"LineString","coordinates":[[-73.247788,10.481579],[-73.247824,10.481554],[-73.247861,10.481528],[-73.247897,10.481503],[-73.247934,10.481477],[-73.24797,10.481451],[-73.248007,10.481426],[-73.248043,10.4814],[-73.248079,10.481375],[-73.248116,10.481349],[-73.248152,10.481323],[-73.248189,10.481298],[-73.248225,10.481272]]}},{"type":"Feature","properties":{"id":"159a","arista":159,"lado":"a","orientacion":"sur","muestra_inicio":5056,"muestra_cantidad":21},"geometry":{"type":"LineString","coordinates":[[-73.246965,10.482074],[-73.247002,10.482047],[-73.24704,10.482021],[-73.247077,10.481994],[-73.247114,10.481968],[-73.247151,10.481942],[-73.247188,10.481915],[-73.247225,10.481889],[-73.247263,10.481863],[-73.2473,10.481836],[-73.247337,10.48181],[-73.247374,10.481784],[-73.247411,10.481757],[-73.247448,10.481731],[-73.247486,10.481705],[-73.247523,10.481678],[-73.24756,10.481652],[-73.247597,10.481625],[-73.247634,10.481599],[-73.247671,10.481573],[-73.247709,10.481546]]}},{"type":"Feature","properties":{"id":"159b","arista":159,"lado":"b","orientacion":"norte","muestra_inicio":5077,"muestra_cantidad":21},"geometry":{"type":"LineString","coordinates":[[-73.247008,10.482132],[-73.247045,10.482106],[-73.247074,10.482069],[-73.247114,10.482046],[-73.247151,10.48202],[-73.247191,10.481997],[-73.247228,10.48197],[-73.247268,10.481948],[-73.247305,10.481921],[-73.247342,10.481895],[-73.24738,10.481869],[-73.247417,10.481842],[-73.247454,10.481816],[-73.247491,10.48179],[-73.247526,10.48176],[-73.247563,10.481733],[-73.2476,10.481707],[-73.247637,10.481681],[-73.247674,10.481654],[-73.247714,10.481632],[-73.247751,10.481605]]}},{"type":"Feature","properties":{"id":"160a","arista":160,"lado":"a","orientacion":"sur","muestra_inicio":5098,"muestra_cantidad":16},"geometry":{"type":"LineString","coordinates":[[-73.24231,10.478299],[-73.242347,10.478274],[-73.242383,10.478249],[-73.24242,10.478224],[-73.242456,10.478199],[-73.242493,10.478174],[-73.242529,10.478149],[-73.242566,10.478124],[-73.242602,10.478099],[-73.242638,10.478074],[-73.242675,10.478049],[-73.242711,10.478024],[-73.242748,10.477999],[-73.242784,10.477974],[-73.242821,10.477949],[-73.242857,10.477924]]}},{"type":"Feature","properties":{"id":"160b","arista":160,"lado":"b","orientacion":"norte","muestra_inicio":5114,"muestra_cantidad":16},"geometry":{"type":"LineString","coordinates":[[-73.242352,10.478359],[-73.242388,10.478334],[-73.242425,10.478309],[-73.242461,10.478284],[-73.242498,10.478259],[-73.242534,10.478234],[-73.242571,10.478209],[-73.242605,10.47818],[-73.242641,10.478155],[-73.242675,10.478126],[-73.242717,10.478109],[-73.242753,10.478084],[-73.24279,10.478059],[-73.242826,10.478034],[-73.242862,10.478009],[-73.242899,10.477984]]}},{"type":"Feature","properties":{"id":"161a","arista":161,"lado":"a","orientacion":"oriental","muestra_inicio":5130,"muestra_cantidad":9},"geometry":{"type":"LineString","coordinates":[[-73.243008,10.478289],[-73.242975,10.478256],[-73.24298,10.478208],[-73.242963,10.478169],[-73.242947,10.478129],[-73.24293,10.47809],[-73.242913,10.478051],[-73.242901,10.478009],[-73.242858,10.477981]]}},{"type":"Feature","properties":{"id":"161b","arista":161,"lado":"b","orientacion":"occidental","muestra_inicio":5139,"muestra_cantidad":9},"geometry":{"type":"LineString","coordinates":[[-73.243084,10.478259],[-73.243068,10.478219],[-73.243052,10.478179],[-73.243035,10.478139],[-73.243018,10.4781],[-73.243001,10.47806],[-73.242985,10.478021],[-73.242968,10.477981],[-73.242951,10.477942]]}},{"type":"Feature","properties":{"id":"162a","arista":162,"lado":"a","orientacion":"occidental","muestra_inicio":5148,"muestra_cantidad":12},"geometry":{"type":"LineString","coordinates":[[-73.242583,10.47749],[-73.24262,10.477525],[-73.242654,10.477558],[-73.242687,10.477591],[-73.242721,10.477625],[-73.242755,10.477658],[-73.242788,10.477691],[-73.242824,10.477733],[-73.242852,10.477772],[-73.242881,10.477813],[-73.242905,10.477856],[-73.242929,10.477897]]}},{"type":"Feature","properties":{"id":"162b","arista":162,"lado":"b","orientacion":"oriental","muestra_inicio":5160,"muestra_cantidad":12},"geometry":{"type":"LineString","coordinates":[[-73.242518,10.477565],[-73.242549,10.477595],[-73.242583,10.477628],[-73.242616,10.477662],[-73.24265,10.477695],[-73.242684,10.477728],[-73.242717,10.477762],[-73.242743,10.477791],[-73.24277,10.477829],[-73.242799,10.477862],[-73.24283,10.477898],[-73.242841,10.477945]]}},{"type":"Feature","properties":{"id":"163a","arista":163,"lado":"a","orientacion":"norte","muestra_inicio":5172,"muestra_cantidad":8},"geometry":{"type":"LineString","coordinates":[[-73.243211,10.477777],[-73.243172,10.477803],[-73.243133,10.477829],[-73.243093,10.477855],[-73.243054,10.477881],[-73.243015,10.477907],[-73.242976,10.477933],[-73.242936,10.477959]]}},{"type":"Feature","properties":{"id":"163b","arista":163,"lado":"b","orientacion":"sur","muestra_inicio":5180,"muestra_cantidad":8},"geometry":{"type":"LineString","coordinates":[[-73.24317,10.477717],[-73.243131,10.477743],[-73.243092,10.477769],[-73.243053,10.477795],[-73.243013,10.47782],[-73.242974,10.477846],[-73.242935,10.477872],[-73.242896,10.477898]]}},{"type":"Feature","properties":{"id":"164a","arista":164,"lado":"a","orientacion":"sur","muestra_inicio":5188,"muestra_cantidad":2},"geometry":{"type":"LineString","coordinates":[[-73.246906,10.472077],[-73.246935,10.472056]]}},{"type":"Feature","properties":{"id":"164b","arista":164,"lado":"b","orientacion":"norte","muestra_inicio":5190,"muestra_cantidad":2},"geometry":{"type":"LineString","coordinates":[[-73.246955,10.472142],[-73.246984,10.472121]]}},{"type":"Feature","properties":{"id":"165a","arista":165,"lado":"a","orientacion":"occidental","muestra_inicio":5192,"muestra_cantidad":20},"geometry":{"type":"LineString","coordinates":[[-73.246484,10.471363],[-73.246508,10.471401],[-73.246532,10.471438],[-73.246557,10.471476],[-73.246581,10.471513],[-73.246605,10.47155],[-73.24663,10.471588],[-73.246654,10.471625],[-73.246678,10.471663],[-73.246703,10.4717],[-73.246727,10.471738],[-73.246752,10.471775],[-73.246776,10.471812],[-73.2468,10.47185],[-73.246825,10.471887],[-73.246849,10.471925],[-73.246873,10.471962],[-73.246898,10.472],[-73.246922,10.472037],[-73.246946,10.472074]]}},{"type":"Feature","properties":{"id":"165b","arista":165,"lado":"b","orientacion":"oriental","muestra_inicio":5212,"muestra_cantidad":20},"geometry":{"type":"LineString","coordinates":[[-73.246399,10.471417],[-73.246424,10.471455],[-73.246448,10.471492],[-73.246472,10.471529],[-73.246497,10.471567],[-73.246521,10.471604],[-73.246545,10.471642],[-73.24657,10.471679],[-73.246594,10.471717],[-73.246618,10.471754],[-73.246643,10.471791],[-73.246667,10.471829],[-73.246691,10.471866],[-73.246716,10.471904],[-73.24674,10.471941],[-73.246764,10.471979],[-73.246789,10.472016],[-73.246813,10.472053],[-73.246837,10.472091],[-73.246862,10.472128]]}},{"type":"Feature","properties":{"id":"166a","arista":166,"lado":"a","orientacion":"oriental","muestra_inicio":5232,"muestra_cantidad":9},"geometry":{"type":"LineString","coordinates":[[-73.241214,10.480842],[-73.241187,10.480805],[-73.24116,10.480768],[-73.241134,10.48073],[-73.241107,10.480693],[-73.24108,10.480655],[-73.241053,10.480618],[-73.241027,10.480581],[-73.241,10.480543]]}},{"type":"Feature","properties":{"id":"166b","arista":166,"lado":"b","orientacion":"occidental","muestra_inicio":5241,"muestra_cantidad":9},"geometry":{"type":"LineString","coordinates":[[-73.241273,10.480801],[-73.241247,10.480763],[-73.24122,10.480726],[-73.241193,10.480688],[-73.241166,10.480651],[-73.24114,10.480614],[-73.241113,10.480576],[-73.241086,10.480539],[-73.241059,10.480501]]}},{"type":"Feature","properties":{"id":"167a","arista":167,"lado":"a","orientacion":"oriental","muestra_inicio":5250,"muestra_cantidad":24},"geometry":{"type":"LineString","coordinates":[[-73.241275,10.480879],[-73.241251,10.480918],[-73.241226,10.480956],[-73.241201,10.480995],[-73.241177,10.481033],[-73.24115,10.481074],[-73.241063,10.481055],[-73.241029,10.481024],[-73.240995,10.480994],[-73.24096,10.480963],[-73.240926,10.480932],[-73.240892,10.480902],[-73.240857,10.480871],[-73.240823,10.480841],[-73.240789,10.48081],[-73.240755,10.480779],[-73.240721,10.480699],[-73.240762,10.480665],[-73.240797,10.480636],[-73.240833,10.480607],[-73.240868,10.480578],[-73.240904,10.480549],[-73.24094,10.480519],[-73.240975,10.48049]]}},{"type":"Feature","properties":{"id":"167b","arista":167,"lado":"b","orientacion":"occidental","muestra_inicio":5274,"muestra_cantidad":24},"geometry":{"type":"LineString","coordinates":[[-73.241214,10.48084],[-73.241189,10.480879],[-73.241164,10.480918],[-73.24114,10.480956],[-73.241115,10.480995],[-73.241092,10.481031],[-73.241112,10.481001],[-73.241078,10.480971],[-73.241044,10.48094],[-73.241009,10.480909],[-73.240975,10.480879],[-73.240941,10.480848],[-73.240906,10.480818],[-73.240872,10.480787],[-73.240838,10.480756],[-73.240803,10.480726],[-73.240778,10.480745],[-73.240808,10.480721],[-73.240844,10.480692],[-73.240879,10.480663],[-73.240915,10.480633],[-73.240951,10.480604],[-73.240986,10.480575],[-73.241022,10.480546]]}},{"type":"Feature","properties":{"id":"168a","arista":168,"lado":"a","orientacion":"occidental","muestra_inicio":5298,"muestra_cantidad":7},"geometry":{"type":"LineString","coordinates":[[-73.241158,10.480224],[-73.241143,10.48027],[-73.241128,10.480315],[-73.241113,10.480361],[-73.241095,10.480407],[-73.241077,10.480451],[-73.241059,10.480495]]}},{"type":"Feature","properties":{"id":"168b","arista":168,"lado":"b","orientacion":"oriental","muestra_inicio":5305,"muestra_cantidad":7},"geometry":{"type":"LineString","coordinates":[[-73.241088,10.480202],[-73.241073,10.480247],[-73.241059,10.480293],[-73.241044,10.480337],[-73.241027,10.48038],[-73.241009,10.480424],[-73.240991,10.480468]]}},{"type":"Feature","properties":{"id":"169a","arista":169,"lado":"a","orientacion":"sur","muestra_inicio":5312,"muestra_cantidad":25},"geometry":{"type":"LineString","coordinates":[[-73.246049,10.477145],[-73.246087,10.477119],[-73.246125,10.477093],[-73.246163,10.477067],[-73.246201,10.477041],[-73.246238,10.477015],[-73.246276,10.476989],[-73.246314,10.476963],[-73.246352,10.476937],[-73.246389,10.47691],[-73.246427,10.476884],[-73.246465,10.476858],[-73.246503,10.476832],[-73.246541,10.476806],[-73.246578,10.47678],[-73.246616,10.476754],[-73.246654,10.476728],[-73.246692,10.476702],[-73.246729,10.476676],[-73.246767,10.47665],[-73.246805,10.476623],[-73.246843,10.476597],[-73.246881,10.476571],[-73.246918,10.476545],[-73.246956,10.476519]]}},{"type":"Feature","properties":{"id":"169b","arista":169,"lado":"b","orientacion":"norte","muestra_inicio":5337,"muestra_cantidad":25},"geometry":{"type":"LineString","coordinates":[[-73.246091,10.477205],[-73.246129,10.477179],[-73.246167,10.477152],[-73.246205,10.477126],[-73.246242,10.4771],[-73.24628,10.477074],[-73.246318,10.477048],[-73.246356,10.477022],[-73.246393,10.476996],[-73.246431,10.47697],[-73.246469,10.476944],[-73.246507,10.476918],[-73.246545,10.476892],[-73.246582,10.476865],[-73.24662,10.476839],[-73.246658,10.476813],[-73.246696,10.476787],[-73.246734,10.476761],[-73.246771,10.476735],[-73.246809,10.476709],[-73.246847,10.476683],[-73.246885,10.476657],[-73.246922,10.476631],[-73.24696,10.476604],[-73.246998,10.476578]]}},{"type":"Feature","properties":{"id":"170a","arista":170,"lado":"a","orientacion":"occidental","muestra_inicio":5362,"muestra_cantidad":26},"geometry":{"type":"LineString","coordinates":[[-73.246094,10.477183],[-73.246123,10.477218],[-73.246152,10.477253],[-73.246181,10.477288],[-73.24621,10.477323],[-73.246239,10.477359],[-73.246268,10.477394],[-73.246297,10.477429],[-73.246326,10.477464],[-73.246355,10.477499],[-73.246384,10.477534],[-73.246413,10.47757],[-73.246442,10.477605],[-73.246471,10.47764],[-73.2465,10.477675],[-73.246529,10.47771],[-73.246558,10.477745],[-73.246587,10.477781],[-73.246616,10.477816],[-73.246645,10.477851],[-73.246674,10.477886],[-73.246703,10.477921],[-73.246732,10.477956],[-73.246761,10.477992],[-73.24679,10.478027],[-73.246819,10.478062]]}},{"type":"Feature","properties":{"id":"170b","arista":170,"lado":"b","orientacion":"oriental","muestra_inicio":5388,"muestra_cantidad":26},"geometry":{"type":"LineString","coordinates":[[-73.246038,10.477228],[-73.246084,10.477249],[-73.24611,10.477287],[-73.246139,10.477323],[-73.246164,10.477361],[-73.246193,10.477396],[-73.246219,10.477434],[-73.246247,10.477469],[-73.246276,10.477504],[-73.246302,10.477542],[-73.246331,10.477577],[-73.24636,10.477612],[-73.246389,10.477648],[-73.246414,10.477686],[-73.246443,10.477721],[-73.246472,10.477756],[-73.246501,10.477791],[-73.246534,10.477823],[-73.246563,10.477859],[-73.246592,10.477894],[-73.246621,10.477929],[-73.246646,10.477967],[-73.246675,10.478002],[-73.246704,10.478037],[-73.246733,10.478072],[-73.246762,10.478108]]}},{"type":"Feature","properties":{"id":"171a","arista":171,"lado":"a","orientacion":"sur","muestra_inicio":5414,"muestra_cantidad":24},"geometry":{"type":"LineString","coordinates":[[-73.245102,10.477719],[-73.245153,10.477714],[-73.245193,10.477689],[-73.245232,10.477665],[-73.245271,10.477641],[-73.24531,10.477616],[-73.245352,10.477596],[-73.245391,10.477571],[-73.245431,10.477547],[-73.24547,10.477522],[-73.245495,10.477475],[-73.245535,10.47745],[-73.245575,10.477427],[-73.245614,10.477403],[-73.245654,10.47738],[-73.245694,10.477357],[-73.245734,10.477333],[-73.245774,10.47731],[-73.245814,10.477286],[-73.245853,10.477263],[-73.245893,10.477239],[-73.245933,10.477216],[-73.245973,10.477192],[-73.246013,10.477169]]}},{"type":"Feature","properties":{"id":"171b","arista":171,"lado":"b","orientacion":"norte","muestra_inicio":5438,"muestra_cantidad":24},"geometry":{"type":"LineString","coordinates":[[-73.245141,10.47778],[-73.24518,10.477756],[-73.245219,10.477732],[-73.245259,10.477707],[-73.245298,10.477683],[-73.245337,10.477658],[-73.245376,10.477634],[-73.245416,10.47761],[-73.245455,10.477585],[-73.245494,10.477561],[-73.245533,10.477536],[-73.245572,10.477513],[-73.245612,10.477489],[-73.245652,10.477466],[-73.245692,10.477442],[-73.245731,10.477419],[-73.245771,10.477395],[-73.245811,10.477372],[-73.245851,10.477348],[-73.245891,10.477325],[-73.245931,10.477301],[-73.24597,10.477278],[-73.24601,10.477254],[-73.24605,10.477231]]}},{"type":"Feature","properties":{"id":"172a","arista":172,"lado":"a","orientacion":"oriental","muestra_inicio":5462,"muestra_cantidad":20},"geometry":{"type":"LineString","coordinates":[[-73.249544,10.474704],[-73.249518,10.474667],[-73.249492,10.474629],[-73.249465,10.474591],[-73.249439,10.474553],[-73.249412,10.474516],[-73.249386,10.474478],[-73.24936,10.47444],[-73.249333,10.474403],[-73.249307,10.474365],[-73.24928,10.474327],[-73.249254,10.474289],[-73.249228,10.474252],[-73.249201,10.474214],[-73.249175,10.474176],[-73.249148,10.474139],[-73.249122,10.474101],[-73.249096,10.474063],[-73.249069,10.474025],[-73.249043,10.473988]]}},{"type":"Feature","properties":{"id":"172b","arista":172,"lado":"b","orientacion":"occidental","muestra_inicio":5482,"muestra_cantidad":20},"geometry":{"type":"LineString","coordinates":[[-73.249605,10.474663],[-73.249578,10.474625],[-73.249552,10.474588],[-73.249525,10.47455],[-73.249499,10.474512],[-73.249473,10.474474],[-73.249446,10.474437],[-73.24942,10.474399],[-73.249393,10.474361],[-73.249367,10.474324],[-73.24934,10.474286],[-73.249314,10.474248],[-73.249288,10.47421],[-73.249261,10.474173],[-73.249235,10.474135],[-73.249208,10.474097],[-73.249182,10.47406],[-73.249156,10.474022],[-73.249129,10.473984],[-73.249103,10.473946]]}},{"type":"Feature","properties":{"id":"173a","arista":173,"lado":"a","orientacion":"norte","muestra_inicio":5502,"muestra_cantidad":15},"geometry":{"type":"LineString","coordinates":[[-73.249067,10.474002],[-73.249028,10.474026],[-73.24899,10.47405],[-73.248951,10.474074],[-73.248912,10.474098],[-73.248874,10.474122],[-73.248835,10.474146],[-73.248797,10.47417],[-73.248758,10.474194],[-73.248719,10.474218],[-73.248681,10.474242],[-73.248642,10.474266],[-73.248603,10.47429],[-73.248565,10.474314],[-73.248526,10.474338]]}},{"type":"Feature","properties":{"id":"173b","arista":173,"lado":"b","orientacion":"sur","muestra_inicio":5517,"muestra_cantidad":15},"geometry":{"type":"LineString","coordinates":[[-73.249014,10.473918],[-73.248975,10.473942],[-73.248936,10.473966],[-73.248898,10.47399],[-73.248859,10.474014],[-73.24882,10.474038],[-73.248782,10.474062],[-73.248743,10.474086],[-73.248705,10.47411],[-73.248666,10.474134],[-73.248627,10.474158],[-73.248589,10.474182],[-73.24855,10.474206],[-73.248511,10.47423],[-73.248473,10.474254]]}},{"type":"Feature","properties":{"id":"174a","arista":174,"lado":"a","orientacion":"norte","muestra_inicio":5532,"muestra_cantidad":15},"geometry":{"type":"LineString","coordinates":[[-73.249643,10.473614],[-73.249604,10.473639],[-73.249566,10.473665],[-73.249528,10.473691],[-73.24949,10.473717],[-73.249451,10.473743],[-73.249413,10.473769],[-73.249375,10.473795],[-73.249337,10.473821],[-73.249298,10.473847],[-73.24926,10.473873],[-73.249222,10.473899],[-73.249184,10.473924],[-73.249145,10.47395],[-73.249107,10.473976]]}},{"type":"Feature","properties":{"id":"174b","arista":174,"lado":"b","orientacion":"sur","muestra_inicio":5547,"muestra_cantidad":15},"geometry":{"type":"LineString","coordinates":[[-73.249586,10.473532],[-73.249548,10.473557],[-73.249509,10.473583],[-73.249471,10.473609],[-73.249433,10.473635],[-73.249395,10.473661],[-73.249356,10.473687],[-73.249318,10.473713],[-73.24928,10.473739],[-73.249242,10.473765],[-73.249203,10.473791],[-73.249165,10.473816],[-73.249127,10.473842],[-73.249089,10.473868],[-73.24905,10.473894]]}},{"type":"Feature","properties":{"id":"175a","arista":175,"lado":"a","orientacion":"occidental","muestra_inicio":5562,"muestra_cantidad":14},"geometry":{"type":"LineString","coordinates":[[-73.245153,10.479127],[-73.245177,10.479164],[-73.245202,10.479201],[-73.245226,10.479239],[-73.245251,10.479276],[-73.245275,10.479313],[-73.245299,10.479351],[-73.245324,10.479388],[-73.245348,10.479425],[-73.245373,10.479463],[-73.245397,10.4795],[-73.245421,10.479537],[-73.245446,10.479574],[-73.24547,10.479612]]}},{"type":"Feature","properties":{"id":"175b","arista":175,"lado":"b","orientacion":"oriental","muestra_inicio":5576,"muestra_cantidad":14},"geometry":{"type":"LineString","coordinates":[[-73.245092,10.479166],[-73.245116,10.479203],[-73.24514,10.479241],[-73.245165,10.479278],[-73.245189,10.479315],[-73.245214,10.479353],[-73.245238,10.47939],[-73.245262,10.479427],[-73.245287,10.479465],[-73.245311,10.479502],[-73.245336,10.479539],[-73.24536,10.479576],[-73.245384,10.479614],[-73.245409,10.479651]]}},{"type":"Feature","properties":{"id":"176a","arista":176,"lado":"a","orientacion":"sur","muestra_inicio":5590,"muestra_cantidad":17},"geometry":{"type":"LineString","coordinates":[[-73.244769,10.479986],[-73.244816,10.479975],[-73.244854,10.479948],[-73.244892,10.479922],[-73.244932,10.479899],[-73.244973,10.479877],[-73.245013,10.479855],[-73.245053,10.479833],[-73.245094,10.479811],[-73.245134,10.479789],[-73.245174,10.479766],[-73.245214,10.479744],[-73.245257,10.479726],[-73.245297,10.479704],[-73.245338,10.479682],[-73.245373,10.479652],[-73.245414,10.47963]]}},{"type":"Feature","properties":{"id":"176b","arista":176,"lado":"b","orientacion":"norte","muestra_inicio":5607,"muestra_cantidad":17},"geometry":{"type":"LineString","coordinates":[[-73.244806,10.480048],[-73.244839,10.480014],[-73.244883,10.479999],[-73.244925,10.479981],[-73.244966,10.479959],[-73.245006,10.479937],[-73.245046,10.479914],[-73.245086,10.479892],[-73.245127,10.47987],[-73.245167,10.479848],[-73.245205,10.479822],[-73.245245,10.4798],[-73.245286,10.479777],[-73.245324,10.479751],[-73.245364,10.479729],[-73.245404,10.479707],[-73.245449,10.479693]]}},{"type":"Feature","properties":{"id":"177a","arista":177,"lado":"a","orientacion":"sur","muestra_inicio":5624,"muestra_cantidad":15},"geometry":{"type":"LineString","coordinates":[[-73.24487,10.47341],[-73.244908,10.473386],[-73.244947,10.473363],[-73.244985,10.473339],[-73.245024,10.473316],[-73.245062,10.473292],[-73.245101,10.473269],[-73.245139,10.473245],[-73.245178,10.473222],[-73.245216,10.473198],[-73.245255,10.473175],[-73.245293,10.473151],[-73.245332,10.473128],[-73.24537,10.473104],[-73.245409,10.473081]]}},{"type":"Feature","properties":{"id":"177b","arista":177,"lado":"b","orientacion":"norte","muestra_inicio":5639,"muestra_cantidad":15},"geometry":{"type":"LineString","coordinates":[[-73.244913,10.473479],[-73.244951,10.473456],[-73.24499,10.473432],[-73.245028,10.473409],[-73.245067,10.473385],[-73.245105,10.473362],[-73.245144,10.473338],[-73.245182,10.473315],[-73.245221,10.473291],[-73.245259,10.473268],[-73.245298,10.473244],[-73.245336,10.473221],[-73.245375,10.473197],[-73.245413,10.473174],[-73.245452,10.47315]]}},{"type":"Feature","properties":{"id":"178a","arista":178,"lado":"a","orientacion":"sur","muestra_inicio":5654,"muestra_cantidad":30},"geometry":{"type":"LineString","coordinates":[[-73.243715,10.474174],[-73.243752,10.474147],[-73.243792,10.47412],[-73.24383,10.474095],[-73.243869,10.47407],[-73.243907,10.474044],[-73.243946,10.474019],[-73.243984,10.473993],[-73.244022,10.473968],[-73.244061,10.473943],[-73.244099,10.473917],[-73.244138,10.473892],[-73.244176,10.473867],[-73.244215,10.473841],[-73.244253,10.473816],[-73.244292,10.47379],[-73.24433,10.473765],[-73.244369,10.47374],[-73.244407,10.473714],[-73.244445,10.473689],[-73.244484,10.473663],[-73.244522,10.473638],[-73.244561,10.473613],[-73.244599,10.473587],[-73.244638,10.473562],[-73.244676,10.473537],[-73.244715,10.473511],[-73.244753,10.473486],[-73.244792,10.47346],[-73.24483,10.473435]]}},{"type":"Feature","properties":{"id":"178b","arista":178,"lado":"b","orientacion":"norte","muestra_inicio":5684,"muestra_cantidad":30},"geometry":{"type":"LineString","coordinates":[[-73.243763,10.47424],[-73.243801,10.474213],[-73.243837,10.474188],[-73.243876,10.474163],[-73.243914,10.474137],[-73.243953,10.474112],[-73.243991,10.474087],[-73.24403,10.474061],[-73.244068,10.474036],[-73.244107,10.47401],[-73.244145,10.473985],[-73.244183,10.47396],[-73.244222,10.473934],[-73.24426,10.473909],[-73.244299,10.473883],[-73.244337,10.473858],[-73.244376,10.473833],[-73.244414,10.473807],[-73.244453,10.473782],[-73.244491,10.473757],[-73.24453,10.473731],[-73.244568,10.473706],[-73.244606,10.47368],[-73.244645,10.473655],[-73.244683,10.47363],[-73.244722,10.473604],[-73.24476,10.473579],[-73.244799,10.473553],[-73.244837,10.473528],[-73.244876,10.473503]]}},{"type":"Feature","properties":{"id":"179a","arista":179,"lado":"a","orientacion":"oriental","muestra_inicio":5714,"muestra_cantidad":11},"geometry":{"type":"LineString","coordinates":[[-73.245108,10.47387],[-73.245082,10.473833],[-73.245056,10.473796],[-73.245031,10.473758],[-73.245005,10.473721],[-73.244979,10.473684],[-73.244954,10.473647],[-73.244928,10.473609],[-73.244902,10.473572],[-73.244877,10.473535],[-73.244851,10.473498]]}},{"type":"Feature","properties":{"id":"179b","arista":179,"lado":"b","orientacion":"occidental","muestra_inicio":5725,"muestra_cantidad":11},"geometry":{"type":"LineString","coordinates":[[-73.245176,10.473824],[-73.24515,10.473787],[-73.245124,10.47375],[-73.245099,10.473713],[-73.245073,10.473675],[-73.245047,10.473638],[-73.245022,10.473601],[-73.244996,10.473564],[-73.24497,10.473526],[-73.244945,10.473489],[-73.244919,10.473452]]}},{"type":"Feature","properties":{"id":"180a","arista":180,"lado":"a","orientacion":"sur","muestra_inicio":5736,"muestra_cantidad":2},"geometry":{"type":"LineString","coordinates":[[-73.248925,10.47509],[-73.248954,10.47507]]}},{"type":"Feature","properties":{"id":"180b","arista":180,"lado":"b","orientacion":"norte","muestra_inicio":5738,"muestra_cantidad":2},"geometry":{"type":"LineString","coordinates":[[-73.248966,10.47515],[-73.248995,10.47513]]}},{"type":"Feature","properties":{"id":"181a","arista":181,"lado":"a","orientacion":"occidental","muestra_inicio":5740,"muestra_cantidad":12},"geometry":{"type":"LineString","coordinates":[[-73.248985,10.47512],[-73.249011,10.475157],[-73.249038,10.475194],[-73.249064,10.475231],[-73.249091,10.475268],[-73.249117,10.475306],[-73.249143,10.475343],[-73.24917,10.47538],[-73.249196,10.475417],[-73.249223,10.475454],[-73.249249,10.475492],[-73.249276,10.475529]]}},{"type":"Feature","properties":{"id":"181b","arista":181,"lado":"b","orientacion":"oriental","muestra_inicio":5752,"muestra_cantidad":12},"geometry":{"type":"LineString","coordinates":[[-73.248903,10.475177],[-73.248929,10.475214],[-73.248955,10.475251],[-73.248982,10.475288],[-73.249008,10.475326],[-73.249035,10.475363],[-73.249061,10.4754],[-73.249088,10.475437],[-73.249114,10.475474],[-73.249141,10.475512],[-73.249167,10.475549],[-73.249193,10.475586]]}},{"type":"Feature","properties":{"id":"182a","arista":182,"lado":"a","orientacion":"sur","muestra_inicio":5764,"muestra_cantidad":1},"geometry":{"type":"LineString","coordinates":[[-73.245065,10.477742],[-73.245081,10.477732]]}},{"type":"Feature","properties":{"id":"182b","arista":182,"lado":"b","orientacion":"norte","muestra_inicio":5765,"muestra_cantidad":1},"geometry":{"type":"LineString","coordinates":[[-73.245104,10.477803],[-73.24512,10.477793]]}},{"type":"Feature","properties":{"id":"183a","arista":183,"lado":"a","orientacion":"oriental","muestra_inicio":5766,"muestra_cantidad":1},"geometry":{"type":"LineString","coordinates":[[-73.245068,10.477816],[-73.245058,10.477801]]}},{"type":"Feature","properties":{"id":"183b","arista":183,"lado":"b","orientacion":"occidental","muestra_inicio":5767,"muestra_cantidad":1},"geometry":{"type":"LineString","coordinates":[[-73.245128,10.477774],[-73.245118,10.47776]]}},{"type":"Feature","properties":{"id":"184a","arista":184,"lado":"a","orientacion":"occidental","muestra_inicio":5768,"muestra_cantidad":1},"geometry":{"type":"LineString","coordinates":[[-73.245123,10.477754],[-73.24512,10.477772]]}},{"type":"Feature","properties":{"id":"184b","arista":184,"lado":"b","orientacion":"oriental","muestra_inicio":5769,"muestra_cantidad":1},"geometry":{"type":"LineString","coordinates":[[-73.245051,10.477744],[-73.245048,10.477762]]}},{"type":"Feature","properties":{"id":"185a","arista":185,"lado":"a","orientacion":"sur","muestra_inicio":5770,"muestra_cantidad":1},"geometry":{"type":"LineString","coordinates":[[-73.245047,10.477754],[-73.245062,10.477744]]}},{"type":"Feature","properties":{"id":"185b","arista":185,"lado":"b","orientacion":"norte","muestra_inicio":5771,"muestra_cantidad":1},"geometry":{"type":"LineString","coordinates":[[-73.245086,10.477814],[-73.245102,10.477805]]}},{"type":"Feature","properties":{"id":"186a","arista":186,"lado":"a","orientacion":"oriental","muestra_inicio":5772,"muestra_cantidad":15},"geometry":{"type":"LineString","coordinates":[[-73.247292,10.472637],[-73.247267,10.4726],[-73.247242,10.472564],[-73.247217,10.472527],[-73.247192,10.47249],[-73.247168,10.472454],[-73.247143,10.472417],[-73.247118,10.47238],[-73.247093,10.472343],[-73.247068,10.472307],[-73.247044,10.47227],[-73.247019,10.472233],[-73.246994,10.472197],[-73.246969,10.47216],[-73.246944,10.472123]]}},{"type":"Feature","properties":{"id":"186b","arista":186,"lado":"b","orientacion":"occidental","muestra_inicio":5787,"muestra_cantidad":15},"geometry":{"type":"LineString","coordinates":[[-73.247375,10.472582],[-73.24735,10.472545],[-73.247326,10.472508],[-73.247301,10.472472],[-73.247276,10.472435],[-73.247251,10.472398],[-73.247226,10.472362],[-73.247202,10.472325],[-73.247177,10.472288],[-73.247152,10.472251],[-73.247127,10.472215],[-73.247102,10.472178],[-73.247078,10.472141],[-73.247053,10.472105],[-73.247028,10.472068]]}},{"type":"Feature","properties":{"id":"187a","arista":187,"lado":"a","orientacion":"oriental","muestra_inicio":5802,"muestra_cantidad":1},"geometry":{"type":"LineString","coordinates":[[-73.247325,10.47269],[-73.247315,10.472674]]}},{"type":"Feature","properties":{"id":"187b","arista":187,"lado":"b","orientacion":"occidental","muestra_inicio":5803,"muestra_cantidad":1},"geometry":{"type":"LineString","coordinates":[[-73.247411,10.472639],[-73.247402,10.472623]]}},{"type":"Feature","properties":{"id":"188a","arista":188,"lado":"a","orientacion":"norte","muestra_inicio":5804,"muestra_cantidad":31},"geometry":{"type":"LineString","coordinates":[[-73.248534,10.471884],[-73.248495,10.471909],[-73.248457,10.471934],[-73.248419,10.47196],[-73.24838,10.471985],[-73.248342,10.472011],[-73.248304,10.472036],[-73.248266,10.472061],[-73.248227,10.472087],[-73.248189,10.472112],[-73.248151,10.472137],[-73.248113,10.472163],[-73.248074,10.472188],[-73.248036,10.472214],[-73.247998,10.472239],[-73.247959,10.472264],[-73.247921,10.47229],[-73.247883,10.472315],[-73.247845,10.47234],[-73.247806,10.472366],[-73.247768,10.472391],[-73.24773,10.472417],[-73.247691,10.472442],[-73.247653,10.472467],[-73.247615,10.472493],[-73.247577,10.472518],[-73.247538,10.472543],[-73.2475,10.472569],[-73.247462,10.472594],[-73.247424,10.47262],[-73.247385,10.472645]]}},{"type":"Feature","properties":{"id":"188b","arista":188,"lado":"b","orientacion":"sur","muestra_inicio":5835,"muestra_cantidad":31},"geometry":{"type":"LineString","coordinates":[[-73.248493,10.471824],[-73.248455,10.471849],[-73.248416,10.471874],[-73.248378,10.4719],[-73.24834,10.471925],[-73.248302,10.471951],[-73.248263,10.471976],[-73.248225,10.472001],[-73.248187,10.472027],[-73.248148,10.472052],[-73.24811,10.472077],[-73.248072,10.472103],[-73.248034,10.472128],[-73.247995,10.472154],[-73.247957,10.472179],[-73.247919,10.472204],[-73.24788,10.47223],[-73.247842,10.472255],[-73.247804,10.47228],[-73.247766,10.472306],[-73.247727,10.472331],[-73.247689,10.472357],[-73.247651,10.472382],[-73.247613,10.472407],[-73.247574,10.472433],[-73.247536,10.472458],[-73.247498,10.472483],[-73.247459,10.472509],[-73.247421,10.472534],[-73.247383,10.472559],[-73.247345,10.472585]]}},{"type":"Feature","properties":{"id":"189a","arista":189,"lado":"a","orientacion":"oriental","muestra_inicio":5866,"muestra_cantidad":13},"geometry":{"type":"LineString","coordinates":[[-73.246913,10.483658],[-73.246888,10.483619],[-73.246863,10.48358],[-73.246838,10.483541],[-73.246813,10.483502],[-73.246788,10.483462],[-73.246763,10.483423],[-73.246738,10.483384],[-73.246712,10.483345],[-73.246687,10.483306],[-73.246662,10.483267],[-73.246637,10.483228],[-73.246612,10.483189]]}},{"type":"Feature","properties":{"id":"189b","arista":189,"lado":"b","orientacion":"occidental","muestra_inicio":5879,"muestra_cantidad":13},"geometry":{"type":"LineString","coordinates":[[-73.246975,10.483619],[-73.24695,10.48358],[-73.246925,10.483541],[-73.2469,10.483502],[-73.246874,10.483463],[-73.246849,10.483424],[-73.246824,10.483385],[-73.246799,10.483346],[-73.246774,10.483307],[-73.246749,10.483268],[-73.246724,10.483229],[-73.246699,10.48319],[-73.246674,10.48315]]}},{"type":"Feature","properties":{"id":"190a","arista":190,"lado":"a","orientacion":"norte","muestra_inicio":5892,"muestra_cantidad":14},"geometry":{"type":"LineString","coordinates":[[-73.24691,10.483687],[-73.24687,10.483662],[-73.24683,10.483636],[-73.24679,10.483611],[-73.24675,10.483586],[-73.246711,10.48356],[-73.246671,10.483535],[-73.246631,10.48351],[-73.246591,10.483484],[-73.246552,10.483459],[-73.246512,10.483434],[-73.246472,10.483409],[-73.246432,10.483383],[-73.246392,10.483358]]}},{"type":"Feature","properties":{"id":"190b","arista":190,"lado":"b","orientacion":"sur","muestra_inicio":5906,"muestra_cantidad":14},"geometry":{"type":"LineString","coordinates":[[-73.246964,10.483603],[-73.246924,10.483578],[-73.246884,10.483553],[-73.246845,10.483527],[-73.246805,10.483502],[-73.246765,10.483477],[-73.246725,10.483451],[-73.246685,10.483426],[-73.246646,10.483401],[-73.246606,10.483376],[-73.246566,10.48335],[-73.246526,10.483325],[-73.246487,10.4833],[-73.246447,10.483274]]}},{"type":"Feature","properties":{"id":"191a","arista":191,"lado":"a","orientacion":"norte","muestra_inicio":5920,"muestra_cantidad":13},"geometry":{"type":"LineString","coordinates":[[-73.249669,10.476228],[-73.249632,10.476252],[-73.249595,10.476277],[-73.249558,10.476301],[-73.24952,10.476325],[-73.249483,10.476349],[-73.249446,10.476373],[-73.249409,10.476397],[-73.249371,10.476422],[-73.249334,10.476446],[-73.249297,10.47647],[-73.24926,10.476494],[-73.249222,10.476518]]}},{"type":"Feature","properties":{"id":"191b","arista":191,"lado":"b","orientacion":"sur","muestra_inicio":5933,"muestra_cantidad":13},"geometry":{"type":"LineString","coordinates":[[-73.249629,10.476168],[-73.249592,10.476192],[-73.249555,10.476216],[-73.249517,10.47624],[-73.24948,10.476264],[-73.249443,10.476289],[-73.249406,10.476313],[-73.249368,10.476337],[-73.249331,10.476361],[-73.249294,10.476385],[-73.249257,10.476409],[-73.24922,10.476434],[-73.249182,10.476458]]}},{"type":"Feature","properties":{"id":"192a","arista":192,"lado":"a","orientacion":"oriental","muestra_inicio":5946,"muestra_cantidad":2},"geometry":{"type":"LineString","coordinates":[[-73.249141,10.476503],[-73.249116,10.476468]]}},{"type":"Feature","properties":{"id":"192b","arista":192,"lado":"b","orientacion":"occidental","muestra_inicio":5948,"muestra_cantidad":2},"geometry":{"type":"LineString","coordinates":[[-73.249201,10.476461],[-73.249175,10.476426]]}},{"type":"Feature","properties":{"id":"193a","arista":193,"lado":"a","orientacion":"sur","muestra_inicio":5950,"muestra_cantidad":11},"geometry":{"type":"LineString","coordinates":[[-73.244972,10.471118],[-73.245008,10.471089],[-73.245044,10.471061],[-73.24508,10.471032],[-73.245116,10.471004],[-73.245152,10.470975],[-73.245188,10.470947],[-73.245225,10.470918],[-73.245261,10.47089],[-73.245297,10.470861],[-73.245333,10.470833]]}},{"type":"Feature","properties":{"id":"193b","arista":193,"lado":"b","orientacion":"norte","muestra_inicio":5961,"muestra_cantidad":11},"geometry":{"type":"LineString","coordinates":[[-73.245018,10.471174],[-73.245054,10.471146],[-73.24509,10.471117],[-73.245126,10.471089],[-73.245162,10.47106],[-73.245198,10.471032],[-73.245234,10.471003],[-73.24527,10.470975],[-73.245306,10.470946],[-73.245342,10.470918],[-73.245378,10.470889]]}},{"type":"Feature","properties":{"id":"194a","arista":194,"lado":"a","orientacion":"oriental","muestra_inicio":5972,"muestra_cantidad":23},"geometry":{"type":"LineString","coordinates":[[-73.245911,10.471728],[-73.245886,10.471689],[-73.245861,10.471651],[-73.245836,10.471613],[-73.24581,10.471575],[-73.245785,10.471536],[-73.24576,10.471498],[-73.245735,10.47146],[-73.245709,10.471421],[-73.245684,10.471383],[-73.245659,10.471345],[-73.245634,10.471307],[-73.245608,10.471268],[-73.245583,10.47123],[-73.245558,10.471192],[-73.245532,10.471154],[-73.245507,10.471115],[-73.245482,10.471077],[-73.245457,10.471039],[-73.245431,10.471001],[-73.245406,10.470962],[-73.245381,10.470924],[-73.245356,10.470886]]}},{"type":"Feature","properties":{"id":"194b","arista":194,"lado":"b","orientacion":"occidental","muestra_inicio":5995,"muestra_cantidad":23},"geometry":{"type":"LineString","coordinates":[[-73.245973,10.471688],[-73.245947,10.47165],[-73.245922,10.471611],[-73.245897,10.471573],[-73.245872,10.471535],[-73.245846,10.471497],[-73.245821,10.471458],[-73.245796,10.47142],[-73.24577,10.471382],[-73.245745,10.471344],[-73.24572,10.471305],[-73.245695,10.471267],[-73.245669,10.471229],[-73.245644,10.471191],[-73.245619,10.471152],[-73.245594,10.471114],[-73.245568,10.471076],[-73.245543,10.471038],[-73.245518,10.470999],[-73.245493,10.470961],[-73.245467,10.470923],[-73.245442,10.470885],[-73.245417,10.470846]]}},{"type":"Feature","properties":{"id":"195a","arista":195,"lado":"a","orientacion":"oriental","muestra_inicio":6018,"muestra_cantidad":22},"geometry":{"type":"LineString","coordinates":[[-73.243923,10.480975],[-73.2439,10.480934],[-73.243878,10.480894],[-73.243855,10.480854],[-73.243833,10.480814],[-73.24381,10.480774],[-73.243788,10.480734],[-73.243765,10.480693],[-73.243743,10.480653],[-73.24372,10.480613],[-73.243698,10.480573],[-73.243675,10.480533],[-73.243653,10.480493],[-73.243631,10.480452],[-73.243608,10.480412],[-73.243586,10.480372],[-73.243563,10.480332],[-73.243541,10.480292],[-73.243518,10.480252],[-73.243496,10.480211],[-73.243473,10.480171],[-73.243451,10.480131]]}},{"type":"Feature","properties":{"id":"195b","arista":195,"lado":"b","orientacion":"occidental","muestra_inicio":6040,"muestra_cantidad":22},"geometry":{"type":"LineString","coordinates":[[-73.243987,10.48094],[-73.24396,10.480902],[-73.243938,10.480861],[-73.243915,10.480821],[-73.243893,10.480781],[-73.24387,10.480741],[-73.243848,10.480701],[-73.243829,10.480658],[-73.243807,10.480618],[-73.243784,10.480578],[-73.243762,10.480538],[-73.243739,10.480498],[-73.243717,10.480458],[-73.243694,10.480417],[-73.243672,10.480377],[-73.243649,10.480337],[-73.243627,10.480297],[-73.243604,10.480257],[-73.243582,10.480217],[-73.243559,10.480176],[-73.243537,10.480136],[-73.243515,10.480096]]}},{"type":"Feature","properties":{"id":"196a","arista":196,"lado":"a","orientacion":"sur","muestra_inicio":6062,"muestra_cantidad":13},"geometry":{"type":"LineString","coordinates":[[-73.24298,10.480353],[-73.243018,10.480329],[-73.243055,10.480306],[-73.243093,10.480283],[-73.243131,10.48026],[-73.243169,10.480237],[-73.243206,10.480213],[-73.243244,10.48019],[-73.243282,10.480167],[-73.24332,10.480144],[-73.243358,10.480121],[-73.243395,10.480098],[-73.243433,10.480074]]}},{"type":"Feature","properties":{"id":"196b","arista":196,"lado":"b","orientacion":"norte","muestra_inicio":6075,"muestra_cantidad":13},"geometry":{"type":"LineString","coordinates":[[-73.243018,10.480414],[-73.243056,10.480391],[-73.243094,10.480368],[-73.243132,10.480344],[-73.243169,10.480321],[-73.243207,10.480298],[-73.243245,10.480275],[-73.243283,10.480252],[-73.243321,10.480229],[-73.243358,10.480205],[-73.243396,10.480182],[-73.243434,10.480159],[-73.243472,10.480136]]}},{"type":"Feature","properties":{"id":"197a","arista":197,"lado":"a","orientacion":"norte","muestra_inicio":6088,"muestra_cantidad":12},"geometry":{"type":"LineString","coordinates":[[-73.243932,10.479843],[-73.243893,10.479867],[-73.243855,10.479892],[-73.243817,10.479916],[-73.243778,10.47994],[-73.24374,10.479965],[-73.243702,10.479989],[-73.243663,10.480014],[-73.243625,10.480038],[-73.243587,10.480063],[-73.243549,10.480087],[-73.24351,10.480112]]}},{"type":"Feature","properties":{"id":"197b","arista":197,"lado":"b","orientacion":"sur","muestra_inicio":6100,"muestra_cantidad":12},"geometry":{"type":"LineString","coordinates":[[-73.243892,10.479782],[-73.243861,10.479818],[-73.24382,10.479838],[-73.243782,10.479863],[-73.243739,10.47988],[-73.2437,10.479904],[-73.243662,10.479929],[-73.243626,10.479957],[-73.243588,10.479981],[-73.243547,10.480002],[-73.243509,10.480026],[-73.243471,10.480051]]}},{"type":"Feature","properties":{"id":"198a","arista":198,"lado":"a","orientacion":"occidental","muestra_inicio":6112,"muestra_cantidad":24},"geometry":{"type":"LineString","coordinates":[[-73.242922,10.479202],[-73.242945,10.47924],[-73.242969,10.479278],[-73.242992,10.479316],[-73.243016,10.479354],[-73.243039,10.479392],[-73.243063,10.479429],[-73.243087,10.479467],[-73.24311,10.479505],[-73.243134,10.479541],[-73.24316,10.479577],[-73.243185,10.479614],[-73.24321,10.479651],[-73.243236,10.479688],[-73.243261,10.479724],[-73.243286,10.479761],[-73.243312,10.479798],[-73.243337,10.479834],[-73.243362,10.479871],[-73.243387,10.479908],[-73.243413,10.479945],[-73.243438,10.479981],[-73.243463,10.480018],[-73.243489,10.480055]]}},{"type":"Feature","properties":{"id":"198b","arista":198,"lado":"b","orientacion":"oriental","muestra_inicio":6136,"muestra_cantidad":24},"geometry":{"type":"LineString","coordinates":[[-73.242859,10.47924],[-73.242883,10.479278],[-73.242907,10.479316],[-73.24293,10.479354],[-73.242954,10.479392],[-73.242977,10.479429],[-73.243001,10.479467],[-73.243024,10.479505],[-73.243048,10.479543],[-73.243074,10.479581],[-73.243099,10.479618],[-73.243125,10.479655],[-73.24315,10.479692],[-73.243175,10.479728],[-73.2432,10.479765],[-73.243226,10.479802],[-73.243251,10.479838],[-73.243276,10.479875],[-73.243302,10.479912],[-73.243327,10.479949],[-73.243352,10.479985],[-73.243378,10.480022],[-73.243403,10.480059],[-73.243428,10.480096]]}},{"type":"Feature","properties":{"id":"199a","arista":199,"lado":"a","orientacion":"occidental","muestra_inicio":6160,"muestra_cantidad":1},"geometry":{"type":"LineString","coordinates":[[-73.247835,10.47343],[-73.247846,10.473445]]}},{"type":"Feature","properties":{"id":"199b","arista":199,"lado":"b","orientacion":"oriental","muestra_inicio":6161,"muestra_cantidad":1},"geometry":{"type":"LineString","coordinates":[[-73.247753,10.473487],[-73.247764,10.473502]]}},{"type":"Feature","properties":{"id":"200a","arista":200,"lado":"a","orientacion":"norte","muestra_inicio":6162,"muestra_cantidad":2},"geometry":{"type":"LineString","coordinates":[[-73.247859,10.473436],[-73.247823,10.473461]]}},{"type":"Feature","properties":{"id":"200b","arista":200,"lado":"b","orientacion":"sur","muestra_inicio":6164,"muestra_cantidad":2},"geometry":{"type":"LineString","coordinates":[[-73.247816,10.473377],[-73.247781,10.473402]]}},{"type":"Feature","properties":{"id":"201a","arista":201,"lado":"a","orientacion":"occidental","muestra_inicio":6166,"muestra_cantidad":19},"geometry":{"type":"LineString","coordinates":[[-73.247376,10.472735],[-73.247401,10.472772],[-73.247425,10.472809],[-73.247449,10.472846],[-73.247474,10.472883],[-73.247498,10.47292],[-73.247522,10.472956],[-73.247547,10.472993],[-73.247571,10.47303],[-73.247595,10.473067],[-73.24762,10.473104],[-73.247644,10.473141],[-73.247668,10.473178],[-73.247693,10.473214],[-73.247717,10.473251],[-73.247741,10.473288],[-73.247766,10.473325],[-73.24779,10.473362],[-73.247814,10.473399]]}},{"type":"Feature","properties":{"id":"201b","arista":201,"lado":"b","orientacion":"oriental","muestra_inicio":6185,"muestra_cantidad":19},"geometry":{"type":"LineString","coordinates":[[-73.247292,10.47279],[-73.247317,10.472827],[-73.247341,10.472863],[-73.247388,10.472885],[-73.247409,10.472925],[-73.247429,10.472964],[-73.247446,10.473006],[-73.247466,10.473045],[-73.247502,10.473075],[-73.247523,10.473114],[-73.247543,10.473153],[-73.247564,10.473193],[-73.247584,10.473232],[-73.247624,10.473259],[-73.247644,10.473298],[-73.247665,10.473338],[-73.247685,10.473377],[-73.247706,10.473416],[-73.24773,10.473453]]}},{"type":"Feature","properties":{"id":"202a","arista":202,"lado":"a","orientacion":"oriental","muestra_inicio":6204,"muestra_cantidad":2},"geometry":{"type":"LineString","coordinates":[[-73.247732,10.473486],[-73.247744,10.47345]]}},{"type":"Feature","properties":{"id":"202b","arista":202,"lado":"b","orientacion":"occidental","muestra_inicio":6206,"muestra_cantidad":2},"geometry":{"type":"LineString","coordinates":[[-73.247801,10.473509],[-73.247813,10.473474]]}},{"type":"Feature","properties":{"id":"203a","arista":203,"lado":"a","orientacion":"oriental","muestra_inicio":6208,"muestra_cantidad":16},"geometry":{"type":"LineString","coordinates":[[-73.246281,10.475648],[-73.246258,10.475611],[-73.246235,10.475573],[-73.246212,10.475536],[-73.246189,10.475498],[-73.246166,10.475461],[-73.246143,10.475424],[-73.24612,10.475386],[-73.246097,10.475349],[-73.246074,10.475311],[-73.246051,10.475274],[-73.246028,10.475236],[-73.246005,10.475199],[-73.245982,10.475162],[-73.245959,10.475124],[-73.245936,10.475087]]}},{"type":"Feature","properties":{"id":"203b","arista":203,"lado":"b","orientacion":"occidental","muestra_inicio":6224,"muestra_cantidad":16},"geometry":{"type":"LineString","coordinates":[[-73.246352,10.475606],[-73.246329,10.475569],[-73.246306,10.475531],[-73.246283,10.475494],[-73.24626,10.475456],[-73.246237,10.475419],[-73.246214,10.475381],[-73.246191,10.475344],[-73.246168,10.475306],[-73.246145,10.475269],[-73.246122,10.475232],[-73.246099,10.475194],[-73.246076,10.475157],[-73.246053,10.475119],[-73.24603,10.475082],[-73.246007,10.475044]]}},{"type":"Feature","properties":{"id":"204a","arista":204,"lado":"a","orientacion":"oriental","muestra_inicio":6240,"muestra_cantidad":16},"geometry":{"type":"LineString","coordinates":[[-73.246716,10.476225],[-73.246689,10.476189],[-73.246669,10.476148],[-73.246638,10.476115],[-73.246611,10.476079],[-73.24658,10.476046],[-73.246553,10.47601],[-73.246526,10.475974],[-73.246499,10.475938],[-73.246472,10.475903],[-73.246444,10.475867],[-73.246417,10.475831],[-73.24639,10.475795],[-73.246363,10.47576],[-73.246336,10.475724],[-73.246309,10.475688]]}},{"type":"Feature","properties":{"id":"204b","arista":204,"lado":"b","orientacion":"occidental","muestra_inicio":6256,"muestra_cantidad":16},"geometry":{"type":"LineString","coordinates":[[-73.246782,10.476176],[-73.246754,10.47614],[-73.246727,10.476104],[-73.2467,10.476068],[-73.246673,10.476033],[-73.246646,10.475997],[-73.246619,10.475961],[-73.246592,10.475925],[-73.246564,10.47589],[-73.246537,10.475854],[-73.24651,10.475818],[-73.246483,10.475782],[-73.246456,10.475747],[-73.246429,10.475711],[-73.246402,10.475675],[-73.246375,10.475639]]}},{"type":"Feature","properties":{"id":"205a","arista":205,"lado":"a","orientacion":"sur","muestra_inicio":6272,"muestra_cantidad":16},"geometry":{"type":"LineString","coordinates":[[-73.250852,10.47648],[-73.250889,10.476455],[-73.250926,10.47643],[-73.250964,10.476405],[-73.251001,10.476379],[-73.251038,10.476354],[-73.251076,10.476329],[-73.251113,10.476304],[-73.25115,10.476279],[-73.251187,10.476254],[-73.251225,10.476229],[-73.251262,10.476204],[-73.251299,10.476179],[-73.251337,10.476154],[-73.251374,10.476129],[-73.251411,10.476104]]}},{"type":"Feature","properties":{"id":"205b","arista":205,"lado":"b","orientacion":"norte","muestra_inicio":6288,"muestra_cantidad":16},"geometry":{"type":"LineString","coordinates":[[-73.250893,10.476539],[-73.25093,10.476514],[-73.250967,10.476489],[-73.251005,10.476464],[-73.251042,10.476439],[-73.251079,10.476414],[-73.251117,10.476389],[-73.251154,10.476364],[-73.251191,10.476339],[-73.251229,10.476314],[-73.251266,10.476289],[-73.251303,10.476264],[-73.25134,10.476239],[-73.251378,10.476214],[-73.251415,10.476189],[-73.251452,10.476164]]}},{"type":"Feature","properties":{"id":"206a","arista":206,"lado":"a","orientacion":"occidental","muestra_inicio":6304,"muestra_cantidad":20},"geometry":{"type":"LineString","coordinates":[[-73.250986,10.475365],[-73.251012,10.475402],[-73.251037,10.47544],[-73.251063,10.475477],[-73.251089,10.475515],[-73.251114,10.475553],[-73.25114,10.47559],[-73.251165,10.475628],[-73.251191,10.475666],[-73.251216,10.475703],[-73.251242,10.475741],[-73.251267,10.475779],[-73.251293,10.475816],[-73.251319,10.475854],[-73.251344,10.475892],[-73.25137,10.475929],[-73.251395,10.475967],[-73.251421,10.476005],[-73.251446,10.476042],[-73.251472,10.47608]]}},{"type":"Feature","properties":{"id":"206b","arista":206,"lado":"b","orientacion":"oriental","muestra_inicio":6324,"muestra_cantidad":20},"geometry":{"type":"LineString","coordinates":[[-73.250918,10.47541],[-73.250944,10.475448],[-73.250969,10.475485],[-73.250995,10.475523],[-73.25102,10.47556],[-73.251046,10.475598],[-73.251071,10.475636],[-73.251097,10.475673],[-73.251123,10.475711],[-73.251148,10.475749],[-73.251174,10.475786],[-73.251199,10.475824],[-73.251225,10.475862],[-73.25125,10.475899],[-73.251276,10.475937],[-73.251301,10.475975],[-73.251327,10.476012],[-73.251352,10.47605],[-73.251378,10.476088],[-73.251404,10.476125]]}},{"type":"Feature","properties":{"id":"207a","arista":207,"lado":"a","orientacion":"norte","muestra_inicio":6344,"muestra_cantidad":16},"geometry":{"type":"LineString","coordinates":[[-73.246362,10.481199],[-73.246325,10.481227],[-73.246289,10.481256],[-73.246253,10.481284],[-73.246216,10.481313],[-73.24618,10.481341],[-73.246143,10.481369],[-73.246107,10.481398],[-73.24607,10.481426],[-73.246034,10.481455],[-73.245998,10.481483],[-73.245961,10.481511],[-73.245925,10.48154],[-73.245888,10.481568],[-73.245852,10.481597],[-73.245815,10.481625]]}},{"type":"Feature","properties":{"id":"207b","arista":207,"lado":"b","orientacion":"sur","muestra_inicio":6360,"muestra_cantidad":16},"geometry":{"type":"LineString","coordinates":[[-73.246317,10.481142],[-73.24628,10.481171],[-73.246244,10.481199],[-73.24621,10.481231],[-73.246174,10.481259],[-73.246137,10.481288],[-73.246101,10.481316],[-73.246062,10.481341],[-73.246025,10.481369],[-73.245989,10.481398],[-73.245952,10.481426],[-73.245916,10.481455],[-73.245879,10.481483],[-73.245843,10.481511],[-73.245807,10.48154],[-73.24577,10.481568]]}},{"type":"Feature","properties":{"id":"208a","arista":208,"lado":"a","orientacion":"sur","muestra_inicio":6376,"muestra_cantidad":14},"geometry":{"type":"LineString","coordinates":[[-73.245244,10.48196],[-73.245282,10.481932],[-73.24532,10.481904],[-73.245357,10.481876],[-73.245395,10.481848],[-73.245433,10.48182],[-73.24547,10.481792],[-73.245508,10.481764],[-73.245546,10.481736],[-73.245583,10.481708],[-73.245621,10.48168],[-73.245659,10.481652],[-73.245696,10.481624],[-73.245734,10.481596]]}},{"type":"Feature","properties":{"id":"208b","arista":208,"lado":"b","orientacion":"norte","muestra_inicio":6390,"muestra_cantidad":14},"geometry":{"type":"LineString","coordinates":[[-73.245288,10.482018],[-73.245326,10.48199],[-73.245364,10.481962],[-73.245401,10.481934],[-73.245439,10.481906],[-73.245477,10.481878],[-73.245514,10.48185],[-73.245552,10.481822],[-73.24559,10.481794],[-73.245627,10.481766],[-73.245665,10.481738],[-73.245702,10.48171],[-73.24574,10.481682],[-73.245778,10.481654]]}},{"type":"Feature","properties":{"id":"209a","arista":209,"lado":"a","orientacion":"oriental","muestra_inicio":6404,"muestra_cantidad":24},"geometry":{"type":"LineString","coordinates":[[-73.24635,10.482521],[-73.246325,10.482483],[-73.246299,10.482445],[-73.246273,10.482408],[-73.246247,10.48237],[-73.246221,10.482332],[-73.246196,10.482294],[-73.24617,10.482256],[-73.246144,10.482218],[-73.246118,10.48218],[-73.246092,10.482142],[-73.246067,10.482104],[-73.246041,10.482067],[-73.246015,10.482029],[-73.245989,10.481991],[-73.245963,10.481953],[-73.245938,10.481915],[-73.245912,10.481877],[-73.245886,10.481839],[-73.24586,10.481801],[-73.245835,10.481764],[-73.245813,10.481723],[-73.245787,10.481685],[-73.245757,10.48165]]}},{"type":"Feature","properties":{"id":"209b","arista":209,"lado":"b","orientacion":"occidental","muestra_inicio":6428,"muestra_cantidad":24},"geometry":{"type":"LineString","coordinates":[[-73.246411,10.482481],[-73.246385,10.482443],[-73.246359,10.482405],[-73.246334,10.482367],[-73.246308,10.482329],[-73.246282,10.482291],[-73.246256,10.482253],[-73.24623,10.482216],[-73.246205,10.482178],[-73.246179,10.48214],[-73.246153,10.482102],[-73.246127,10.482064],[-73.246101,10.482026],[-73.246076,10.481988],[-73.24605,10.48195],[-73.246024,10.481913],[-73.245998,10.481875],[-73.245973,10.481837],[-73.245947,10.481799],[-73.245921,10.481761],[-73.245895,10.481723],[-73.245869,10.481685],[-73.245844,10.481647],[-73.245818,10.48161]]}},{"type":"Feature","properties":{"id":"210a","arista":210,"lado":"a","orientacion":"oriental","muestra_inicio":6452,"muestra_cantidad":23},"geometry":{"type":"LineString","coordinates":[[-73.248426,10.474317],[-73.2484,10.474279],[-73.248374,10.474241],[-73.248348,10.474204],[-73.248323,10.474166],[-73.248297,10.474128],[-73.248271,10.47409],[-73.248245,10.474052],[-73.24822,10.474015],[-73.248194,10.473977],[-73.248168,10.473939],[-73.248142,10.473901],[-73.248117,10.473864],[-73.248091,10.473826],[-73.248065,10.473788],[-73.248039,10.47375],[-73.248014,10.473713],[-73.247988,10.473675],[-73.247962,10.473637],[-73.247936,10.473599],[-73.247911,10.473561],[-73.247885,10.473524],[-73.247859,10.473486]]}},{"type":"Feature","properties":{"id":"210b","arista":210,"lado":"b","orientacion":"occidental","muestra_inicio":6475,"muestra_cantidad":23},"geometry":{"type":"LineString","coordinates":[[-73.248509,10.474261],[-73.248483,10.474223],[-73.248457,10.474186],[-73.248432,10.474148],[-73.248406,10.47411],[-73.24838,10.474072],[-73.248354,10.474035],[-73.248329,10.473997],[-73.248303,10.473959],[-73.248277,10.473921],[-73.248251,10.473884],[-73.248226,10.473846],[-73.2482,10.473808],[-73.248174,10.47377],[-73.248148,10.473732],[-73.248123,10.473695],[-73.248097,10.473657],[-73.248071,10.473619],[-73.248045,10.473581],[-73.24802,10.473544],[-73.247994,10.473506],[-73.247968,10.473468],[-73.247942,10.47343]]}},{"type":"Feature","properties":{"id":"211a","arista":211,"lado":"a","orientacion":"oriental","muestra_inicio":6498,"muestra_cantidad":21},"geometry":{"type":"LineString","coordinates":[[-73.248935,10.475099],[-73.248911,10.475062],[-73.248887,10.475024],[-73.248862,10.474987],[-73.248838,10.47495],[-73.248814,10.474912],[-73.24879,10.474875],[-73.248765,10.474838],[-73.248741,10.474801],[-73.248717,10.474763],[-73.248693,10.474726],[-73.248668,10.474689],[-73.248644,10.474652],[-73.24862,10.474614],[-73.248596,10.474577],[-73.248571,10.47454],[-73.248547,10.474503],[-73.248523,10.474465],[-73.248499,10.474428],[-73.248474,10.474391],[-73.24845,10.474353]]}},{"type":"Feature","properties":{"id":"211b","arista":211,"lado":"b","orientacion":"occidental","muestra_inicio":6519,"muestra_cantidad":21},"geometry":{"type":"LineString","coordinates":[[-73.24902,10.475045],[-73.248995,10.475008],[-73.248971,10.47497],[-73.248947,10.474933],[-73.248923,10.474896],[-73.248898,10.474859],[-73.248874,10.474821],[-73.24885,10.474784],[-73.248826,10.474747],[-73.248801,10.47471],[-73.248777,10.474672],[-73.248753,10.474635],[-73.248729,10.474598],[-73.248704,10.47456],[-73.24868,10.474523],[-73.248656,10.474486],[-73.248631,10.474449],[-73.248607,10.474411],[-73.248583,10.474374],[-73.248559,10.474337],[-73.248534,10.4743]]}},{"type":"Feature","properties":{"id":"212a","arista":212,"lado":"a","orientacion":"oriental","muestra_inicio":6540,"muestra_cantidad":20},"geometry":{"type":"LineString","coordinates":[[-73.247407,10.47398],[-73.247382,10.473943],[-73.247357,10.473906],[-73.247332,10.473869],[-73.247307,10.473832],[-73.247282,10.473795],[-73.247257,10.473758],[-73.247247,10.473711],[-73.247222,10.473674],[-73.247197,10.473637],[-73.247168,10.473602],[-73.247143,10.473565],[-73.247118,10.473528],[-73.2471,10.473486],[-73.247075,10.473449],[-73.24705,10.473412],[-73.247025,10.473375],[-73.247,10.473338],[-73.246975,10.473301],[-73.246931,10.473276]]}},{"type":"Feature","properties":{"id":"212b","arista":212,"lado":"b","orientacion":"occidental","muestra_inicio":6560,"muestra_cantidad":20},"geometry":{"type":"LineString","coordinates":[[-73.247468,10.47394],[-73.247443,10.473903],[-73.247418,10.473866],[-73.247393,10.473829],[-73.247368,10.473792],[-73.247343,10.473755],[-73.247318,10.473718],[-73.247293,10.473681],[-73.247268,10.473644],[-73.247242,10.473607],[-73.247217,10.47357],[-73.247192,10.473532],[-73.247167,10.473495],[-73.247142,10.473458],[-73.247117,10.473421],[-73.247092,10.473384],[-73.247067,10.473347],[-73.247042,10.47331],[-73.247017,10.473273],[-73.246992,10.473236]]}},{"type":"Feature","properties":{"id":"213a","arista":213,"lado":"a","orientacion":"oriental","muestra_inicio":6580,"muestra_cantidad":12},"geometry":{"type":"LineString","coordinates":[[-73.247433,10.47394],[-73.247459,10.473901],[-73.247484,10.473862],[-73.24751,10.473824],[-73.247536,10.473785],[-73.247562,10.473746],[-73.247588,10.473708],[-73.247613,10.473669],[-73.247639,10.47363],[-73.247665,10.473592],[-73.247691,10.473553],[-73.247717,10.473514]]}},{"type":"Feature","properties":{"id":"213b","arista":213,"lado":"b","orientacion":"occidental","muestra_inicio":6592,"muestra_cantidad":12},"geometry":{"type":"LineString","coordinates":[[-73.247494,10.473979],[-73.247519,10.473941],[-73.247545,10.473902],[-73.247571,10.473863],[-73.247597,10.473825],[-73.247623,10.473786],[-73.247649,10.473747],[-73.247674,10.473709],[-73.2477,10.47367],[-73.247726,10.473631],[-73.247752,10.473593],[-73.247778,10.473554]]}},{"type":"Feature","properties":{"id":"214a","arista":214,"lado":"a","orientacion":"oriental","muestra_inicio":6604,"muestra_cantidad":18},"geometry":{"type":"LineString","coordinates":[[-73.247851,10.474684],[-73.247826,10.474644],[-73.247801,10.474605],[-73.247777,10.474566],[-73.247752,10.474527],[-73.247727,10.474488],[-73.247703,10.474449],[-73.247678,10.474409],[-73.247673,10.474358],[-73.247652,10.474317],[-73.247631,10.474275],[-73.247607,10.474236],[-73.247582,10.474197],[-73.247557,10.474158],[-73.247529,10.474121],[-73.247496,10.474086],[-73.247468,10.47405],[-73.247439,10.474013]]}},{"type":"Feature","properties":{"id":"214b","arista":214,"lado":"b","orientacion":"occidental","muestra_inicio":6622,"muestra_cantidad":18},"geometry":{"type":"LineString","coordinates":[[-73.247913,10.474645],[-73.247888,10.474606],[-73.247863,10.474567],[-73.247839,10.474528],[-73.247814,10.474489],[-73.247789,10.474449],[-73.247765,10.47441],[-73.24774,10.474371],[-73.247716,10.474332],[-73.247691,10.474293],[-73.247666,10.474254],[-73.247642,10.474214],[-73.247617,10.474175],[-73.247592,10.474136],[-73.247568,10.474097],[-73.247543,10.474058],[-73.247518,10.474018],[-73.247494,10.473979]]}},{"type":"Feature","properties":{"id":"215a","arista":215,"lado":"a","orientacion":"oriental","muestra_inicio":6640,"muestra_cantidad":20},"geometry":{"type":"LineString","coordinates":[[-73.242707,10.472487],[-73.242704,10.472443],[-73.2427,10.472398],[-73.242697,10.472354],[-73.242693,10.47231],[-73.24269,10.472266],[-73.242686,10.472222],[-73.242683,10.472178],[-73.24268,10.472134],[-73.242676,10.47209],[-73.242673,10.472046],[-73.242669,10.472001],[-73.242666,10.471957],[-73.242662,10.471913],[-73.242659,10.471869],[-73.242655,10.471825],[-73.242652,10.471781],[-73.242648,10.471737],[-73.242645,10.471693],[-73.242642,10.471649]]}},{"type":"Feature","properties":{"id":"215b","arista":215,"lado":"b","orientacion":"occidental","muestra_inicio":6660,"muestra_cantidad":20},"geometry":{"type":"LineString","coordinates":[[-73.24278,10.472481],[-73.242777,10.472437],[-73.242773,10.472393],[-73.24277,10.472349],[-73.242766,10.472305],[-73.242763,10.472261],[-73.242759,10.472216],[-73.242756,10.472172],[-73.242752,10.472128],[-73.242749,10.472084],[-73.242745,10.47204],[-73.242742,10.471996],[-73.242739,10.471952],[-73.242735,10.471908],[-73.242732,10.471864],[-73.242728,10.471819],[-73.242725,10.471775],[-73.242721,10.471731],[-73.242718,10.471687],[-73.242714,10.471643]]}},{"type":"Feature","properties":{"id":"216a","arista":216,"lado":"a","orientacion":"sur","muestra_inicio":6680,"muestra_cantidad":20},"geometry":{"type":"LineString","coordinates":[[-73.242767,10.472469],[-73.242811,10.472467],[-73.242856,10.472466],[-73.242901,10.472464],[-73.242946,10.472463],[-73.242991,10.472461],[-73.243036,10.47246],[-73.243081,10.472458],[-73.243126,10.472457],[-73.243171,10.472455],[-73.243216,10.472454],[-73.243261,10.472452],[-73.243306,10.472451],[-73.24335,10.472449],[-73.243395,10.472448],[-73.24344,10.472446],[-73.243485,10.472445],[-73.24353,10.472443],[-73.243574,10.472441],[-73.243619,10.472439]]}},{"type":"Feature","properties":{"id":"216b","arista":216,"lado":"b","orientacion":"norte","muestra_inicio":6700,"muestra_cantidad":20},"geometry":{"type":"LineString","coordinates":[[-73.242769,10.472541],[-73.242814,10.47254],[-73.242859,10.472538],[-73.242904,10.472537],[-73.242949,10.472535],[-73.242994,10.472534],[-73.243039,10.472532],[-73.243083,10.472531],[-73.243128,10.472529],[-73.243173,10.472528],[-73.243218,10.472526],[-73.243263,10.472525],[-73.243308,10.472523],[-73.243353,10.472522],[-73.243398,10.47252],[-73.243443,10.472519],[-73.243488,10.472517],[-73.243533,10.472515],[-73.243578,10.472513],[-73.243623,10.472511]]}},{"type":"Feature","properties":{"id":"217a","arista":217,"lado":"a","orientacion":"norte","muestra_inicio":6720,"muestra_cantidad":4},"geometry":{"type":"LineString","coordinates":[[-73.240664,10.479522],[-73.240633,10.47955],[-73.240601,10.479577],[-73.240569,10.479604]]}},{"type":"Feature","properties":{"id":"217b","arista":217,"lado":"b","orientacion":"sur","muestra_inicio":6724,"muestra_cantidad":4},"geometry":{"type":"LineString","coordinates":[[-73.240617,10.479468],[-73.240585,10.479495],[-73.240553,10.479522],[-73.240521,10.47955]]}},{"type":"Feature","properties":{"id":"218a","arista":218,"lado":"a","orientacion":"occidental","muestra_inicio":6728,"muestra_cantidad":13},"geometry":{"type":"LineString","coordinates":[[-73.240234,10.479109],[-73.24026,10.479146],[-73.240286,10.479183],[-73.240312,10.47922],[-73.240338,10.479257],[-73.240364,10.479293],[-73.24039,10.47933],[-73.240416,10.479367],[-73.240442,10.479404],[-73.240468,10.479441],[-73.240494,10.479478],[-73.24052,10.479515],[-73.240546,10.479551]]}},{"type":"Feature","properties":{"id":"218b","arista":218,"lado":"b","orientacion":"oriental","muestra_inicio":6741,"muestra_cantidad":13},"geometry":{"type":"LineString","coordinates":[[-73.240174,10.47915],[-73.2402,10.479187],[-73.240226,10.479224],[-73.240252,10.479261],[-73.240278,10.479298],[-73.240304,10.479335],[-73.24033,10.479372],[-73.240356,10.479408],[-73.240382,10.479445],[-73.240408,10.479482],[-73.240434,10.479519],[-73.24046,10.479556],[-73.240486,10.479593]]}},{"type":"Feature","properties":{"id":"219a","arista":219,"lado":"a","orientacion":"sur","muestra_inicio":6754,"muestra_cantidad":16},"geometry":{"type":"LineString","coordinates":[[-73.250249,10.476871],[-73.250286,10.476846],[-73.250324,10.476822],[-73.250362,10.476797],[-73.2504,10.476773],[-73.250437,10.476748],[-73.250475,10.476724],[-73.250513,10.4767],[-73.250551,10.476675],[-73.250588,10.476651],[-73.250626,10.476626],[-73.250664,10.476602],[-73.250702,10.476577],[-73.250739,10.476553],[-73.250777,10.476528],[-73.250815,10.476504]]}},{"type":"Feature","properties":{"id":"219b","arista":219,"lado":"b","orientacion":"norte","muestra_inicio":6770,"muestra_cantidad":16},"geometry":{"type":"LineString","coordinates":[[-73.250289,10.476931],[-73.250326,10.476907],[-73.250364,10.476882],[-73.250402,10.476858],[-73.25044,10.476833],[-73.250477,10.476809],[-73.250515,10.476784],[-73.250553,10.47676],[-73.250591,10.476736],[-73.250628,10.476711],[-73.250666,10.476687],[-73.250704,10.476662],[-73.250742,10.476638],[-73.250779,10.476613],[-73.250817,10.476589],[-73.250855,10.476565]]}},{"type":"Feature","properties":{"id":"220a","arista":220,"lado":"a","orientacion":"sur","muestra_inicio":6786,"muestra_cantidad":31},"geometry":{"type":"LineString","coordinates":[[-73.245046,10.481628],[-73.245081,10.4816],[-73.245116,10.481572],[-73.245152,10.481544],[-73.245187,10.481516],[-73.245222,10.481488],[-73.245258,10.48146],[-73.245293,10.481432],[-73.245328,10.481404],[-73.245364,10.481376],[-73.245399,10.481348],[-73.245434,10.48132],[-73.24547,10.481292],[-73.245505,10.481264],[-73.24554,10.481236],[-73.245576,10.481208],[-73.245611,10.48118],[-73.245646,10.481152],[-73.245682,10.481125],[-73.245717,10.481097],[-73.245752,10.481069],[-73.245787,10.481041],[-73.245823,10.481013],[-73.245858,10.480985],[-73.245893,10.480957],[-73.245929,10.480929],[-73.245964,10.480901],[-73.245999,10.480873],[-73.246035,10.480845],[-73.24607,10.480817],[-73.246105,10.480789]]}},{"type":"Feature","properties":{"id":"220b","arista":220,"lado":"b","orientacion":"norte","muestra_inicio":6817,"muestra_cantidad":31},"geometry":{"type":"LineString","coordinates":[[-73.245091,10.481684],[-73.245127,10.481656],[-73.245162,10.481629],[-73.245197,10.481601],[-73.245233,10.481573],[-73.245268,10.481545],[-73.245303,10.481517],[-73.245339,10.481489],[-73.245374,10.481461],[-73.245409,10.481433],[-73.245445,10.481405],[-73.24548,10.481377],[-73.245515,10.481349],[-73.245551,10.481321],[-73.245586,10.481293],[-73.245621,10.481265],[-73.245657,10.481237],[-73.245692,10.481209],[-73.245727,10.481181],[-73.245762,10.481153],[-73.245798,10.481125],[-73.245833,10.481097],[-73.245868,10.481069],[-73.245904,10.481041],[-73.245939,10.481013],[-73.245974,10.480985],[-73.24601,10.480957],[-73.246045,10.480929],[-73.24608,10.480901],[-73.246116,10.480873],[-73.246151,10.480845]]}},{"type":"Feature","properties":{"id":"221a","arista":221,"lado":"a","orientacion":"oriental","muestra_inicio":6848,"muestra_cantidad":9},"geometry":{"type":"LineString","coordinates":[[-73.246314,10.481155],[-73.246291,10.481116],[-73.246267,10.481077],[-73.246244,10.481037],[-73.24622,10.480998],[-73.246197,10.480959],[-73.246173,10.48092],[-73.24615,10.48088],[-73.246126,10.480841]]}},{"type":"Feature","properties":{"id":"221b","arista":221,"lado":"b","orientacion":"occidental","muestra_inicio":6857,"muestra_cantidad":9},"geometry":{"type":"LineString","coordinates":[[-73.246377,10.481118],[-73.246354,10.481079],[-73.24633,10.48104],[-73.246307,10.481001],[-73.246283,10.480961],[-73.24626,10.480922],[-73.246236,10.480883],[-73.246213,10.480844],[-73.246189,10.480804]]}},{"type":"Feature","properties":{"id":"222a","arista":222,"lado":"a","orientacion":"norte","muestra_inicio":6866,"muestra_cantidad":19},"geometry":{"type":"LineString","coordinates":[[-73.246805,10.480283],[-73.246767,10.480308],[-73.246729,10.480333],[-73.246693,10.480359],[-73.246657,10.480386],[-73.24662,10.480414],[-73.246584,10.480442],[-73.246547,10.48047],[-73.246511,10.480497],[-73.246474,10.480525],[-73.246443,10.480553],[-73.24641,10.480585],[-73.246376,10.480616],[-73.246343,10.480647],[-73.246309,10.480678],[-73.246275,10.48071],[-73.246242,10.480741],[-73.246214,10.480766],[-73.246189,10.480804]]}},{"type":"Feature","properties":{"id":"222b","arista":222,"lado":"b","orientacion":"sur","muestra_inicio":6885,"muestra_cantidad":19},"geometry":{"type":"LineString","coordinates":[[-73.246765,10.480223],[-73.246727,10.480248],[-73.246688,10.480273],[-73.246649,10.480301],[-73.246612,10.480329],[-73.246576,10.480357],[-73.246539,10.480384],[-73.246503,10.480412],[-73.246466,10.48044],[-73.24643,10.480468],[-73.246393,10.480501],[-73.246359,10.480532],[-73.246326,10.480563],[-73.246292,10.480594],[-73.246259,10.480626],[-73.246226,10.480657],[-73.246192,10.480688],[-73.246153,10.480726],[-73.246128,10.480764]]}},{"type":"Feature","properties":{"id":"223a","arista":223,"lado":"a","orientacion":"norte","muestra_inicio":6904,"muestra_cantidad":11},"geometry":{"type":"LineString","coordinates":[[-73.251101,10.478268],[-73.251062,10.478293],[-73.251023,10.478318],[-73.250984,10.478343],[-73.250945,10.478368],[-73.250906,10.478393],[-73.250868,10.478419],[-73.250829,10.478444],[-73.25079,10.478469],[-73.250751,10.478494],[-73.250712,10.478519]]}},{"type":"Feature","properties":{"id":"223b","arista":223,"lado":"b","orientacion":"sur","muestra_inicio":6915,"muestra_cantidad":11},"geometry":{"type":"LineString","coordinates":[[-73.251061,10.478208],[-73.251022,10.478233],[-73.250983,10.478258],[-73.250944,10.478283],[-73.250905,10.478308],[-73.250867,10.478333],[-73.250828,10.478358],[-73.250789,10.478383],[-73.25075,10.478408],[-73.250711,10.478433],[-73.250672,10.478458]]}},{"type":"Feature","properties":{"id":"224a","arista":224,"lado":"a","orientacion":"sur","muestra_inicio":6926,"muestra_cantidad":18},"geometry":{"type":"LineString","coordinates":[[-73.250009,10.478907],[-73.250045,10.478882],[-73.250082,10.478857],[-73.250119,10.478833],[-73.250156,10.478808],[-73.250192,10.478783],[-73.250229,10.478758],[-73.250266,10.478733],[-73.250303,10.478708],[-73.250339,10.478683],[-73.250376,10.478658],[-73.250413,10.478633],[-73.25045,10.478608],[-73.250487,10.478583],[-73.250523,10.478558],[-73.25056,10.478533],[-73.250597,10.478509],[-73.250634,10.478484]]}},{"type":"Feature","properties":{"id":"224b","arista":224,"lado":"b","orientacion":"norte","muestra_inicio":6944,"muestra_cantidad":18},"geometry":{"type":"LineString","coordinates":[[-73.25005,10.478967],[-73.250087,10.478942],[-73.250123,10.478917],[-73.25016,10.478892],[-73.250197,10.478867],[-73.250234,10.478842],[-73.25027,10.478817],[-73.250307,10.478793],[-73.250344,10.478768],[-73.250381,10.478743],[-73.250417,10.478718],[-73.250452,10.478689],[-73.250491,10.478668],[-73.250528,10.478643],[-73.250562,10.478614],[-73.250599,10.478589],[-73.250636,10.478564],[-73.250675,10.478543]]}},{"type":"Feature","properties":{"id":"225a","arista":225,"lado":"a","orientacion":"oriental","muestra_inicio":6962,"muestra_cantidad":14},"geometry":{"type":"LineString","coordinates":[[-73.25063,10.478503],[-73.250604,10.478467],[-73.250578,10.47843],[-73.250552,10.478393],[-73.250527,10.478357],[-73.250501,10.47832],[-73.250475,10.478283],[-73.250449,10.478247],[-73.250423,10.47821],[-73.250398,10.478173],[-73.250372,10.478136],[-73.250346,10.4781],[-73.25032,10.478063],[-73.250294,10.478026]]}},{"type":"Feature","properties":{"id":"225b","arista":225,"lado":"b","orientacion":"occidental","muestra_inicio":6976,"muestra_cantidad":14},"geometry":{"type":"LineString","coordinates":[[-73.25069,10.478462],[-73.250664,10.478425],[-73.250638,10.478389],[-73.250612,10.478352],[-73.250587,10.478315],[-73.250561,10.478279],[-73.250535,10.478242],[-73.250509,10.478205],[-73.250483,10.478169],[-73.250458,10.478132],[-73.250432,10.478095],[-73.250406,10.478058],[-73.25038,10.478022],[-73.250354,10.477985]]}},{"type":"Feature","properties":{"id":"226a","arista":226,"lado":"a","orientacion":"oriental","muestra_inicio":6990,"muestra_cantidad":18},"geometry":{"type":"LineString","coordinates":[[-73.251065,10.479175],[-73.251041,10.479138],[-73.251017,10.4791],[-73.250993,10.479063],[-73.250968,10.479025],[-73.250944,10.478988],[-73.25092,10.478951],[-73.250896,10.478913],[-73.250872,10.478876],[-73.250847,10.478838],[-73.250823,10.478801],[-73.250799,10.478764],[-73.250775,10.478726],[-73.250751,10.478689],[-73.250727,10.478651],[-73.250702,10.478614],[-73.250678,10.478577],[-73.250654,10.478539]]}},{"type":"Feature","properties":{"id":"226b","arista":226,"lado":"b","orientacion":"occidental","muestra_inicio":7008,"muestra_cantidad":18},"geometry":{"type":"LineString","coordinates":[[-73.251127,10.479136],[-73.251103,10.479099],[-73.251078,10.479061],[-73.251054,10.479024],[-73.25103,10.478986],[-73.251006,10.478949],[-73.250982,10.478912],[-73.250957,10.478874],[-73.250933,10.478837],[-73.250909,10.478799],[-73.250885,10.478762],[-73.250861,10.478725],[-73.250836,10.478687],[-73.250812,10.47865],[-73.250788,10.478612],[-73.250764,10.478575],[-73.25074,10.478538],[-73.250715,10.4785]]}},{"type":"Feature","properties":{"id":"227a","arista":227,"lado":"a","orientacion":"oriental","muestra_inicio":7026,"muestra_cantidad":16},"geometry":{"type":"LineString","coordinates":[[-73.244869,10.474848],[-73.244844,10.474812],[-73.244819,10.474775],[-73.244794,10.474739],[-73.244768,10.474702],[-73.244743,10.474666],[-73.244718,10.47463],[-73.244693,10.474593],[-73.244668,10.474557],[-73.244642,10.47452],[-73.244617,10.474484],[-73.244592,10.474447],[-73.244567,10.474411],[-73.244542,10.474375],[-73.244516,10.474338],[-73.244491,10.474302]]}},{"type":"Feature","properties":{"id":"227b","arista":227,"lado":"b","orientacion":"occidental","muestra_inicio":7042,"muestra_cantidad":16},"geometry":{"type":"LineString","coordinates":[[-73.244915,10.474818],[-73.244889,10.474781],[-73.244864,10.474745],[-73.244839,10.474708],[-73.244814,10.474672],[-73.244789,10.474635],[-73.244763,10.474599],[-73.244738,10.474562],[-73.244713,10.474526],[-73.244688,10.47449],[-73.244663,10.474453],[-73.244637,10.474417],[-73.244612,10.47438],[-73.244587,10.474344],[-73.244562,10.474307],[-73.244537,10.474271]]}},{"type":"Feature","properties":{"id":"228a","arista":228,"lado":"a","orientacion":"norte","muestra_inicio":7058,"muestra_cantidad":17},"geometry":{"type":"LineString","coordinates":[[-73.24515,10.473901],[-73.245111,10.473924],[-73.245073,10.473948],[-73.245034,10.473972],[-73.244996,10.473995],[-73.244958,10.474019],[-73.244919,10.474043],[-73.244881,10.474066],[-73.244842,10.47409],[-73.244804,10.474114],[-73.244766,10.474137],[-73.244727,10.474161],[-73.244689,10.474185],[-73.24465,10.474208],[-73.244612,10.474232],[-73.244573,10.474256],[-73.244535,10.474279]]}},{"type":"Feature","properties":{"id":"228b","arista":228,"lado":"b","orientacion":"sur","muestra_inicio":7075,"muestra_cantidad":17},"geometry":{"type":"LineString","coordinates":[[-73.245121,10.473855],[-73.245082,10.473878],[-73.245044,10.473902],[-73.245006,10.473926],[-73.244967,10.473949],[-73.244929,10.473973],[-73.24489,10.473997],[-73.244852,10.47402],[-73.244813,10.474044],[-73.244775,10.474068],[-73.244737,10.474091],[-73.244698,10.474115],[-73.24466,10.474139],[-73.244621,10.474162],[-73.244583,10.474186],[-73.244544,10.47421],[-73.244506,10.474233]]}},{"type":"Feature","properties":{"id":"229a","arista":229,"lado":"a","orientacion":"sur","muestra_inicio":7092,"muestra_cantidad":14},"geometry":{"type":"LineString","coordinates":[[-73.244011,10.474619],[-73.244046,10.474591],[-73.244081,10.474564],[-73.244116,10.474536],[-73.244151,10.474509],[-73.244186,10.474481],[-73.244221,10.474453],[-73.244256,10.474426],[-73.244291,10.474398],[-73.244327,10.474371],[-73.244362,10.474343],[-73.244397,10.474316],[-73.244432,10.474288],[-73.244467,10.474261]]}},{"type":"Feature","properties":{"id":"229b","arista":229,"lado":"b","orientacion":"norte","muestra_inicio":7106,"muestra_cantidad":14},"geometry":{"type":"LineString","coordinates":[[-73.244045,10.474661],[-73.24408,10.474634],[-73.244115,10.474606],[-73.24415,10.474579],[-73.244185,10.474551],[-73.24422,10.474524],[-73.244255,10.474496],[-73.24429,10.474468],[-73.244326,10.474441],[-73.244361,10.474413],[-73.244396,10.474386],[-73.244431,10.474358],[-73.244466,10.474331],[-73.244501,10.474303]]}},{"type":"Feature","properties":{"id":"230a","arista":230,"lado":"a","orientacion":"occidental","muestra_inicio":7120,"muestra_cantidad":4},"geometry":{"type":"LineString","coordinates":[[-73.241136,10.479201],[-73.241108,10.479237],[-73.241081,10.479273],[-73.241054,10.479308]]}},{"type":"Feature","properties":{"id":"230b","arista":230,"lado":"b","orientacion":"oriental","muestra_inicio":7124,"muestra_cantidad":4},"geometry":{"type":"LineString","coordinates":[[-73.241088,10.479166],[-73.24105,10.479193],[-73.241023,10.479229],[-73.240996,10.479265]]}},{"type":"Feature","properties":{"id":"231a","arista":231,"lado":"a","orientacion":"sur","muestra_inicio":7128,"muestra_cantidad":5},"geometry":{"type":"LineString","coordinates":[[-73.240818,10.479341],[-73.240858,10.479326],[-73.240898,10.47931],[-73.240938,10.479294],[-73.240978,10.479278]]}},{"type":"Feature","properties":{"id":"231b","arista":231,"lado":"b","orientacion":"norte","muestra_inicio":7133,"muestra_cantidad":5},"geometry":{"type":"LineString","coordinates":[[-73.240845,10.479409],[-73.240885,10.479393],[-73.240925,10.479377],[-73.240965,10.479361],[-73.241005,10.479346]]}},{"type":"Feature","properties":{"id":"232a","arista":232,"lado":"a","orientacion":"oriental","muestra_inicio":7138,"muestra_cantidad":10},"geometry":{"type":"LineString","coordinates":[[-73.241181,10.47968],[-73.24116,10.479643],[-73.241138,10.479605],[-73.241117,10.479567],[-73.241096,10.479529],[-73.241075,10.479492],[-73.241054,10.479454],[-73.241033,10.479416],[-73.241011,10.479378],[-73.24099,10.479341]]}},{"type":"Feature","properties":{"id":"232b","arista":232,"lado":"b","orientacion":"occidental","muestra_inicio":7148,"muestra_cantidad":10},"geometry":{"type":"LineString","coordinates":[[-73.241245,10.479645],[-73.241223,10.479608],[-73.241202,10.47957],[-73.241181,10.479532],[-73.24116,10.479494],[-73.241139,10.479457],[-73.241118,10.479419],[-73.241096,10.479381],[-73.241075,10.479343],[-73.241054,10.479306]]}},{"type":"Feature","properties":{"id":"233a","arista":233,"lado":"a","orientacion":"norte","muestra_inicio":7158,"muestra_cantidad":1},"geometry":{"type":"LineString","coordinates":[[-73.250248,10.476956],[-73.250233,10.476965]]}},{"type":"Feature","properties":{"id":"233b","arista":233,"lado":"b","orientacion":"sur","muestra_inicio":7159,"muestra_cantidad":1},"geometry":{"type":"LineString","coordinates":[[-73.250211,10.476893],[-73.250196,10.476902]]}},{"type":"Feature","properties":{"id":"234a","arista":234,"lado":"a","orientacion":"occidental","muestra_inicio":7160,"muestra_cantidad":22},"geometry":{"type":"LineString","coordinates":[[-73.250248,10.476935],[-73.250274,10.476971],[-73.2503,10.477008],[-73.250325,10.477044],[-73.250351,10.477081],[-73.250377,10.477117],[-73.250402,10.477154],[-73.250428,10.47719],[-73.250454,10.477226],[-73.250479,10.477263],[-73.250505,10.477299],[-73.250531,10.477336],[-73.250557,10.477372],[-73.250582,10.477409],[-73.250608,10.477445],[-73.250634,10.477481],[-73.250659,10.477518],[-73.250685,10.477554],[-73.250711,10.477591],[-73.250736,10.477627],[-73.250762,10.477663],[-73.250788,10.4777]]}},{"type":"Feature","properties":{"id":"234b","arista":234,"lado":"b","orientacion":"oriental","muestra_inicio":7182,"muestra_cantidad":22},"geometry":{"type":"LineString","coordinates":[[-73.250166,10.476992],[-73.250192,10.477028],[-73.250217,10.477065],[-73.250243,10.477101],[-73.250269,10.477138],[-73.250294,10.477174],[-73.25032,10.47721],[-73.250346,10.477247],[-73.250371,10.477283],[-73.250397,10.47732],[-73.250423,10.477356],[-73.250449,10.477393],[-73.250474,10.477429],[-73.2505,10.477465],[-73.250526,10.477502],[-73.250551,10.477538],[-73.250577,10.477575],[-73.250603,10.477611],[-73.250628,10.477648],[-73.250654,10.477684],[-73.25068,10.47772],[-73.250705,10.477757]]}},{"type":"Feature","properties":{"id":"235a","arista":235,"lado":"a","orientacion":"occidental","muestra_inicio":7204,"muestra_cantidad":20},"geometry":{"type":"LineString","coordinates":[[-73.249722,10.476177],[-73.249749,10.476215],[-73.249775,10.476253],[-73.249801,10.476291],[-73.249828,10.476329],[-73.249854,10.476367],[-73.24988,10.476405],[-73.249907,10.476443],[-73.249933,10.47648],[-73.249959,10.476518],[-73.249986,10.476556],[-73.250012,10.476594],[-73.250038,10.476632],[-73.250065,10.47667],[-73.250091,10.476708],[-73.250117,10.476746],[-73.250144,10.476784],[-73.25017,10.476822],[-73.250196,10.47686],[-73.250222,10.476898]]}},{"type":"Feature","properties":{"id":"235b","arista":235,"lado":"b","orientacion":"oriental","muestra_inicio":7224,"muestra_cantidad":20},"geometry":{"type":"LineString","coordinates":[[-73.24964,10.476233],[-73.249666,10.476271],[-73.249692,10.476309],[-73.249718,10.476347],[-73.249745,10.476385],[-73.249771,10.476423],[-73.249797,10.476461],[-73.249824,10.476499],[-73.24985,10.476537],[-73.249876,10.476575],[-73.249903,10.476613],[-73.249929,10.476651],[-73.249955,10.476689],[-73.249982,10.476727],[-73.250008,10.476765],[-73.250034,10.476802],[-73.250061,10.47684],[-73.250087,10.476878],[-73.250113,10.476916],[-73.25014,10.476954]]}},{"type":"Feature","properties":{"id":"236a","arista":236,"lado":"a","orientacion":"occidental","muestra_inicio":7244,"muestra_cantidad":25},"geometry":{"type":"LineString","coordinates":[[-73.246401,10.481156],[-73.246425,10.481195],[-73.246449,10.481233],[-73.246474,10.481272],[-73.246498,10.48131],[-73.246523,10.481348],[-73.246547,10.481387],[-73.246571,10.481425],[-73.246596,10.481463],[-73.24662,10.481502],[-73.246645,10.48154],[-73.246669,10.481579],[-73.246694,10.481617],[-73.246718,10.481655],[-73.246742,10.481694],[-73.246767,10.481732],[-73.246791,10.481771],[-73.246816,10.481809],[-73.24684,10.481847],[-73.246865,10.481886],[-73.246889,10.481924],[-73.246913,10.481962],[-73.246938,10.482001],[-73.246962,10.482039],[-73.246987,10.482078]]}},{"type":"Feature","properties":{"id":"236b","arista":236,"lado":"b","orientacion":"oriental","muestra_inicio":7269,"muestra_cantidad":25},"geometry":{"type":"LineString","coordinates":[[-73.246339,10.481195],[-73.246363,10.481233],[-73.246388,10.481272],[-73.246412,10.48131],[-73.246436,10.481348],[-73.246461,10.481387],[-73.246485,10.481425],[-73.24651,10.481464],[-73.246534,10.481502],[-73.246559,10.48154],[-73.246583,10.481579],[-73.246607,10.481617],[-73.246632,10.481656],[-73.246656,10.481694],[-73.246681,10.481732],[-73.246705,10.481771],[-73.246729,10.481809],[-73.246754,10.481847],[-73.246778,10.481886],[-73.246803,10.481924],[-73.246827,10.481963],[-73.246852,10.482001],[-73.246876,10.482039],[-73.2469,10.482078],[-73.246925,10.482116]]}},{"type":"Feature","properties":{"id":"237a","arista":237,"lado":"a","orientacion":"sur","muestra_inicio":7294,"muestra_cantidad":15},"geometry":{"type":"LineString","coordinates":[[-73.246391,10.482477],[-73.24643,10.48245],[-73.246468,10.482423],[-73.246506,10.482396],[-73.246545,10.482369],[-73.246583,10.482342],[-73.246621,10.482315],[-73.24666,10.482289],[-73.246698,10.482262],[-73.246736,10.482235],[-73.246774,10.482208],[-73.246813,10.482181],[-73.246851,10.482154],[-73.246889,10.482127],[-73.246928,10.4821]]}},{"type":"Feature","properties":{"id":"237b","arista":237,"lado":"b","orientacion":"norte","muestra_inicio":7309,"muestra_cantidad":15},"geometry":{"type":"LineString","coordinates":[[-73.246426,10.482525],[-73.246467,10.482502],[-73.24651,10.482482],[-73.246546,10.482451],[-73.246584,10.482425],[-73.246623,10.482398],[-73.246661,10.482371],[-73.246694,10.482336],[-73.24674,10.482321],[-73.246771,10.482283],[-73.246809,10.482256],[-73.246845,10.482225],[-73.246893,10.482213],[-73.246932,10.482186],[-73.24697,10.482159]]}},{"type":"Feature","properties":{"id":"238a","arista":238,"lado":"a","orientacion":"norte","muestra_inicio":7324,"muestra_cantidad":16},"geometry":{"type":"LineString","coordinates":[[-73.246089,10.473955],[-73.246054,10.473985],[-73.246018,10.474015],[-73.245982,10.474046],[-73.245947,10.474076],[-73.245911,10.474106],[-73.245876,10.474137],[-73.24584,10.474167],[-73.245805,10.474197],[-73.245769,10.474228],[-73.245733,10.474258],[-73.245698,10.474288],[-73.245662,10.474319],[-73.245627,10.474349],[-73.245591,10.474379],[-73.245555,10.47441]]}},{"type":"Feature","properties":{"id":"238b","arista":238,"lado":"b","orientacion":"sur","muestra_inicio":7340,"muestra_cantidad":16},"geometry":{"type":"LineString","coordinates":[[-73.246042,10.4739],[-73.246006,10.47393],[-73.24597,10.47396],[-73.245935,10.473991],[-73.245899,10.474021],[-73.245864,10.474051],[-73.245828,10.474082],[-73.245792,10.474112],[-73.245757,10.474142],[-73.245721,10.474173],[-73.245686,10.474203],[-73.24565,10.474233],[-73.245615,10.474264],[-73.245579,10.474294],[-73.245543,10.474324],[-73.245508,10.474355]]}},{"type":"Feature","properties":{"id":"239a","arista":239,"lado":"a","orientacion":"norte","muestra_inicio":7356,"muestra_cantidad":24},"geometry":{"type":"LineString","coordinates":[[-73.246953,10.47328],[-73.246917,10.473308],[-73.246881,10.473336],[-73.246845,10.473364],[-73.246809,10.473392],[-73.246773,10.47342],[-73.246737,10.473449],[-73.246701,10.473477],[-73.246665,10.473505],[-73.246629,10.473533],[-73.246593,10.473561],[-73.246557,10.473589],[-73.246521,10.473617],[-73.246485,10.473645],[-73.246448,10.473673],[-73.246412,10.473702],[-73.246376,10.47373],[-73.24634,10.473758],[-73.246304,10.473786],[-73.246268,10.473814],[-73.246232,10.473842],[-73.246196,10.47387],[-73.24616,10.473898],[-73.246124,10.473926]]}},{"type":"Feature","properties":{"id":"239b","arista":239,"lado":"b","orientacion":"sur","muestra_inicio":7380,"muestra_cantidad":24},"geometry":{"type":"LineString","coordinates":[[-73.246908,10.473223],[-73.246872,10.473251],[-73.246836,10.473279],[-73.2468,10.473307],[-73.246764,10.473336],[-73.246728,10.473364],[-73.246692,10.473392],[-73.246656,10.47342],[-73.24662,10.473448],[-73.246584,10.473476],[-73.246548,10.473504],[-73.246511,10.473532],[-73.246475,10.47356],[-73.246439,10.473588],[-73.246403,10.473617],[-73.246367,10.473645],[-73.246348,10.473694],[-73.246312,10.473722],[-73.246276,10.47375],[-73.24624,10.473778],[-73.246204,10.473807],[-73.246168,10.473835],[-73.246132,10.473863],[-73.246079,10.47387]]}},{"type":"Feature","properties":{"id":"240a","arista":240,"lado":"a","orientacion":"occidental","muestra_inicio":7404,"muestra_cantidad":23},"geometry":{"type":"LineString","coordinates":[[-73.245496,10.473095],[-73.245524,10.473129],[-73.245553,10.473163],[-73.245582,10.473198],[-73.24561,10.473232],[-73.245639,10.473266],[-73.245668,10.473301],[-73.245697,10.473335],[-73.245725,10.473369],[-73.245754,10.473403],[-73.245783,10.473438],[-73.245811,10.473472],[-73.24584,10.473506],[-73.245869,10.47354],[-73.245899,10.473578],[-73.245925,10.473614],[-73.24595,10.473651],[-73.245976,10.473688],[-73.246002,10.473724],[-73.246027,10.473761],[-73.246053,10.473797],[-73.246079,10.473834],[-73.246104,10.473871]]}},{"type":"Feature","properties":{"id":"240b","arista":240,"lado":"b","orientacion":"oriental","muestra_inicio":7427,"muestra_cantidad":23},"geometry":{"type":"LineString","coordinates":[[-73.245432,10.473147],[-73.245461,10.473181],[-73.24549,10.473215],[-73.245518,10.47325],[-73.245547,10.473284],[-73.245576,10.473318],[-73.245605,10.473352],[-73.245633,10.473387],[-73.245662,10.473421],[-73.245691,10.473455],[-73.245719,10.47349],[-73.245748,10.473524],[-73.245777,10.473558],[-73.245806,10.473592],[-73.245832,10.473624],[-73.245857,10.473661],[-73.245883,10.473697],[-73.245909,10.473734],[-73.245934,10.473771],[-73.24596,10.473807],[-73.245985,10.473844],[-73.246011,10.47388],[-73.246037,10.473917]]}},{"type":"Feature","properties":{"id":"241a","arista":241,"lado":"a","orientacion":"sur","muestra_inicio":7450,"muestra_cantidad":17},"geometry":{"type":"LineString","coordinates":[[-73.248218,10.481188],[-73.248255,10.48116],[-73.248291,10.481133],[-73.248327,10.481106],[-73.248363,10.481079],[-73.2484,10.481052],[-73.248436,10.481024],[-73.248472,10.480997],[-73.248508,10.48097],[-73.248545,10.480943],[-73.248581,10.480916],[-73.248617,10.480889],[-73.248653,10.480861],[-73.24869,10.480834],[-73.248726,10.480807],[-73.248762,10.48078],[-73.248798,10.480753]]}},{"type":"Feature","properties":{"id":"241b","arista":241,"lado":"b","orientacion":"norte","muestra_inicio":7467,"muestra_cantidad":17},"geometry":{"type":"LineString","coordinates":[[-73.248262,10.481245],[-73.248299,10.481218],[-73.248332,10.481187],[-73.248368,10.48116],[-73.248405,10.481133],[-73.248441,10.481106],[-73.24848,10.481082],[-73.248516,10.481055],[-73.248553,10.481028],[-73.248589,10.481001],[-73.248625,10.480973],[-73.248661,10.480946],[-73.248698,10.480919],[-73.248734,10.480892],[-73.24877,10.480865],[-73.248806,10.480837],[-73.248843,10.48081]]}},{"type":"Feature","properties":{"id":"242a","arista":242,"lado":"a","orientacion":"oriental","muestra_inicio":7484,"muestra_cantidad":13},"geometry":{"type":"LineString","coordinates":[[-73.243649,10.479433],[-73.243624,10.479394],[-73.243608,10.479349],[-73.243579,10.479312],[-73.243555,10.479273],[-73.243534,10.479231],[-73.24351,10.479191],[-73.243486,10.479152],[-73.243461,10.479112],[-73.243433,10.479075],[-73.243409,10.479036],[-73.243384,10.478996],[-73.243356,10.478959]]}},{"type":"Feature","properties":{"id":"242b","arista":242,"lado":"b","orientacion":"occidental","muestra_inicio":7497,"muestra_cantidad":13},"geometry":{"type":"LineString","coordinates":[[-73.243734,10.479381],[-73.243702,10.479347],[-73.243682,10.479305],[-73.243661,10.479263],[-73.243637,10.479223],[-73.243597,10.479193],[-73.243572,10.479154],[-73.243552,10.479112],[-73.243528,10.479072],[-73.243515,10.479026],[-73.243483,10.478991],[-73.243458,10.478952],[-73.243442,10.478907]]}},{"type":"Feature","properties":{"id":"243a","arista":243,"lado":"a","orientacion":"sur","muestra_inicio":7510,"muestra_cantidad":13},"geometry":{"type":"LineString","coordinates":[[-73.24288,10.47916],[-73.242919,10.479138],[-73.242958,10.479115],[-73.242997,10.479093],[-73.243036,10.479071],[-73.243075,10.479049],[-73.243114,10.479027],[-73.243153,10.479004],[-73.243193,10.478982],[-73.243232,10.47896],[-73.243271,10.478938],[-73.24331,10.478915],[-73.243349,10.478893]]}},{"type":"Feature","properties":{"id":"243b","arista":243,"lado":"b","orientacion":"norte","muestra_inicio":7523,"muestra_cantidad":13},"geometry":{"type":"LineString","coordinates":[[-73.242917,10.479223],[-73.242956,10.4792],[-73.242995,10.479178],[-73.243034,10.479156],[-73.243073,10.479134],[-73.243112,10.479111],[-73.243151,10.479089],[-73.24319,10.479067],[-73.243229,10.479045],[-73.243268,10.479023],[-73.243307,10.479],[-73.243346,10.478978],[-73.243385,10.478956]]}},{"type":"Feature","properties":{"id":"244a","arista":244,"lado":"a","orientacion":"norte","muestra_inicio":7536,"muestra_cantidad":10},"geometry":{"type":"LineString","coordinates":[[-73.24377,10.478696],[-73.243732,10.478722],[-73.243693,10.478748],[-73.243655,10.478774],[-73.243617,10.4788],[-73.243579,10.478826],[-73.243541,10.478852],[-73.243503,10.478878],[-73.243459,10.478897],[-73.243426,10.47893]]}},{"type":"Feature","properties":{"id":"244b","arista":244,"lado":"b","orientacion":"sur","muestra_inicio":7546,"muestra_cantidad":10},"geometry":{"type":"LineString","coordinates":[[-73.243728,10.478636],[-73.24369,10.478662],[-73.243652,10.478688],[-73.243614,10.478714],[-73.243576,10.47874],[-73.243537,10.478767],[-73.243499,10.478793],[-73.243461,10.478819],[-73.243423,10.478845],[-73.243385,10.478871]]}},{"type":"Feature","properties":{"id":"245a","arista":245,"lado":"a","orientacion":"occidental","muestra_inicio":7556,"muestra_cantidad":16},"geometry":{"type":"LineString","coordinates":[[-73.243101,10.478296],[-73.24312,10.478335],[-73.243138,10.478372],[-73.243159,10.47841],[-73.243181,10.478449],[-73.243203,10.478487],[-73.243216,10.47853],[-73.243234,10.47857],[-73.243256,10.478608],[-73.243273,10.478649],[-73.243295,10.478687],[-73.243317,10.478726],[-73.243338,10.478764],[-73.243364,10.4788],[-73.243398,10.478832],[-73.243419,10.47887]]}},{"type":"Feature","properties":{"id":"245b","arista":245,"lado":"b","orientacion":"oriental","muestra_inicio":7572,"muestra_cantidad":16},"geometry":{"type":"LineString","coordinates":[[-73.243014,10.478336],[-73.243029,10.478378],[-73.24305,10.47842],[-73.243072,10.478459],[-73.243093,10.478497],[-73.243119,10.478533],[-73.243141,10.478572],[-73.243158,10.478612],[-73.24318,10.47865],[-73.243202,10.478689],[-73.243223,10.478727],[-73.243245,10.478765],[-73.243267,10.478804],[-73.243288,10.478842],[-73.24331,10.47888],[-73.243332,10.478919]]}},{"type":"Feature","properties":{"id":"246a","arista":246,"lado":"a","orientacion":"occidental","muestra_inicio":7588,"muestra_cantidad":16},"geometry":{"type":"LineString","coordinates":[[-73.24452,10.475197],[-73.244548,10.475232],[-73.244576,10.475267],[-73.244604,10.475302],[-73.244632,10.475337],[-73.24466,10.475373],[-73.244688,10.475408],[-73.244716,10.475443],[-73.244744,10.475478],[-73.244771,10.475513],[-73.244799,10.475548],[-73.244827,10.475583],[-73.244855,10.475619],[-73.244883,10.475654],[-73.244911,10.475689],[-73.244939,10.475724]]}},{"type":"Feature","properties":{"id":"246b","arista":246,"lado":"b","orientacion":"oriental","muestra_inicio":7604,"muestra_cantidad":16},"geometry":{"type":"LineString","coordinates":[[-73.244463,10.475242],[-73.244491,10.475277],[-73.244519,10.475312],[-73.244547,10.475347],[-73.244574,10.475382],[-73.244602,10.475417],[-73.24463,10.475452],[-73.244658,10.475488],[-73.244686,10.475523],[-73.244718,10.475555],[-73.244745,10.47559],[-73.24477,10.475628],[-73.244798,10.475663],[-73.244826,10.475698],[-73.244854,10.475734],[-73.244881,10.475769]]}},{"type":"Feature","properties":{"id":"247a","arista":247,"lado":"a","orientacion":"norte","muestra_inicio":7620,"muestra_cantidad":12},"geometry":{"type":"LineString","coordinates":[[-73.24491,10.474894],[-73.244874,10.474923],[-73.244839,10.474952],[-73.244803,10.474981],[-73.244768,10.47501],[-73.244732,10.47504],[-73.244697,10.475069],[-73.244661,10.475098],[-73.244625,10.475127],[-73.24459,10.475156],[-73.244554,10.475186],[-73.244519,10.475215]]}},{"type":"Feature","properties":{"id":"247b","arista":247,"lado":"b","orientacion":"sur","muestra_inicio":7632,"muestra_cantidad":12},"geometry":{"type":"LineString","coordinates":[[-73.244863,10.474838],[-73.244828,10.474867],[-73.244792,10.474896],[-73.244757,10.474925],[-73.244721,10.474955],[-73.244686,10.474984],[-73.24465,10.475013],[-73.244614,10.475042],[-73.244579,10.475072],[-73.244543,10.475101],[-73.244508,10.47513],[-73.244472,10.475159]]}},{"type":"Feature","properties":{"id":"248a","arista":248,"lado":"a","orientacion":"occidental","muestra_inicio":7644,"muestra_cantidad":16},"geometry":{"type":"LineString","coordinates":[[-73.244053,10.474648],[-73.244082,10.474682],[-73.244111,10.474716],[-73.244141,10.47475],[-73.24417,10.474785],[-73.244199,10.474819],[-73.244228,10.474853],[-73.244257,10.474887],[-73.244287,10.474921],[-73.244316,10.474956],[-73.244345,10.47499],[-73.244374,10.475024],[-73.244403,10.475058],[-73.244433,10.475093],[-73.244462,10.475127],[-73.244491,10.475161]]}},{"type":"Feature","properties":{"id":"248b","arista":248,"lado":"b","orientacion":"oriental","muestra_inicio":7660,"muestra_cantidad":16},"geometry":{"type":"LineString","coordinates":[[-73.243997,10.474694],[-73.244026,10.474728],[-73.244056,10.474763],[-73.244085,10.474797],[-73.244114,10.474831],[-73.244143,10.474865],[-73.244172,10.4749],[-73.244202,10.474934],[-73.244231,10.474968],[-73.24426,10.475002],[-73.244289,10.475037],[-73.244318,10.475071],[-73.244348,10.475105],[-73.244377,10.475139],[-73.244406,10.475174],[-73.244435,10.475208]]}},{"type":"Feature","properties":{"id":"249a","arista":249,"lado":"a","orientacion":"norte","muestra_inicio":7676,"muestra_cantidad":2},"geometry":{"type":"LineString","coordinates":[[-73.239044,10.473474],[-73.238997,10.473481]]}},{"type":"Feature","properties":{"id":"249b","arista":249,"lado":"b","orientacion":"sur","muestra_inicio":7678,"muestra_cantidad":2},"geometry":{"type":"LineString","coordinates":[[-73.239034,10.473403],[-73.238986,10.473409]]}},{"type":"Feature","properties":{"id":"250a","arista":250,"lado":"a","orientacion":"sur","muestra_inicio":7680,"muestra_cantidad":23},"geometry":{"type":"LineString","coordinates":[[-73.248836,10.480725],[-73.248873,10.480699],[-73.248911,10.480673],[-73.248948,10.480647],[-73.248985,10.480621],[-73.249023,10.480595],[-73.24906,10.48057],[-73.249097,10.480544],[-73.249134,10.480518],[-73.249172,10.480492],[-73.249209,10.480466],[-73.249246,10.48044],[-73.249284,10.480414],[-73.249321,10.480388],[-73.249358,10.480362],[-73.249395,10.480336],[-73.249433,10.48031],[-73.24947,10.480284],[-73.249507,10.480258],[-73.249544,10.480232],[-73.249582,10.480206],[-73.249619,10.48018],[-73.249656,10.480154]]}},{"type":"Feature","properties":{"id":"250b","arista":250,"lado":"b","orientacion":"norte","muestra_inicio":7703,"muestra_cantidad":23},"geometry":{"type":"LineString","coordinates":[[-73.248878,10.480784],[-73.248916,10.480759],[-73.24895,10.480729],[-73.24899,10.480707],[-73.249027,10.480681],[-73.249065,10.480655],[-73.249102,10.480629],[-73.249139,10.480603],[-73.249176,10.480577],[-73.249214,10.480551],[-73.249251,10.480525],[-73.249288,10.480499],[-73.249323,10.480469],[-73.249363,10.480447],[-73.2494,10.480421],[-73.249437,10.480395],[-73.249475,10.480369],[-73.249509,10.480339],[-73.249547,10.480313],[-73.249584,10.480287],[-73.249621,10.480261],[-73.249658,10.480235],[-73.249698,10.480213]]}},{"type":"Feature","properties":{"id":"251a","arista":251,"lado":"a","orientacion":"occidental","muestra_inicio":7726,"muestra_cantidad":22},"geometry":{"type":"LineString","coordinates":[[-73.24828,10.479947],[-73.248307,10.479984],[-73.248335,10.480022],[-73.248362,10.480059],[-73.24839,10.480096],[-73.248417,10.480133],[-73.248444,10.48017],[-73.248472,10.480208],[-73.248499,10.480245],[-73.248526,10.480282],[-73.248554,10.480319],[-73.248581,10.480356],[-73.248608,10.480393],[-73.248636,10.480431],[-73.248663,10.480468],[-73.24869,10.480505],[-73.248718,10.480542],[-73.248745,10.480579],[-73.248772,10.480616],[-73.2488,10.480654],[-73.248827,10.480691],[-73.248854,10.480728]]}},{"type":"Feature","properties":{"id":"251b","arista":251,"lado":"b","orientacion":"oriental","muestra_inicio":7748,"muestra_cantidad":22},"geometry":{"type":"LineString","coordinates":[[-73.248221,10.47999],[-73.248248,10.480027],[-73.248276,10.480064],[-73.248303,10.480101],[-73.24833,10.480139],[-73.248358,10.480176],[-73.248385,10.480213],[-73.248412,10.48025],[-73.24844,10.480287],[-73.248467,10.480324],[-73.248495,10.480362],[-73.248522,10.480399],[-73.248549,10.480436],[-73.248577,10.480473],[-73.248604,10.48051],[-73.248631,10.480548],[-73.248659,10.480585],[-73.248686,10.480622],[-73.248713,10.480659],[-73.248741,10.480696],[-73.248768,10.480733],[-73.248795,10.480771]]}},{"type":"Feature","properties":{"id":"252a","arista":252,"lado":"a","orientacion":"norte","muestra_inicio":7770,"muestra_cantidad":13},"geometry":{"type":"LineString","coordinates":[[-73.246433,10.471414],[-73.246397,10.471441],[-73.24636,10.471469],[-73.246324,10.471496],[-73.246287,10.471523],[-73.246251,10.471551],[-73.246214,10.471578],[-73.246178,10.471605],[-73.246141,10.471633],[-73.246105,10.47166],[-73.246068,10.471687],[-73.246032,10.471715],[-73.245995,10.471742]]}},{"type":"Feature","properties":{"id":"252b","arista":252,"lado":"b","orientacion":"sur","muestra_inicio":7783,"muestra_cantidad":13},"geometry":{"type":"LineString","coordinates":[[-73.246389,10.471356],[-73.246352,10.471384],[-73.246316,10.471411],[-73.246279,10.471438],[-73.246243,10.471466],[-73.246206,10.471493],[-73.24617,10.47152],[-73.246133,10.471548],[-73.246097,10.471575],[-73.24606,10.471602],[-73.246024,10.47163],[-73.245987,10.471657],[-73.245951,10.471684]]}},{"type":"Feature","properties":{"id":"253a","arista":253,"lado":"a","orientacion":"occidental","muestra_inicio":7796,"muestra_cantidad":20},"geometry":{"type":"LineString","coordinates":[[-73.238111,10.475408],[-73.238138,10.475446],[-73.23818,10.475476],[-73.238203,10.475516],[-73.238206,10.475567],[-73.238228,10.475607],[-73.238251,10.475648],[-73.238278,10.475686],[-73.238292,10.47573],[-73.238315,10.475771],[-73.238337,10.475811],[-73.238364,10.475849],[-73.238387,10.475889],[-73.238429,10.475918],[-73.238452,10.475959],[-73.238455,10.47601],[-73.238481,10.476048],[-73.238508,10.476086],[-73.238534,10.476124],[-73.238565,10.47616]]}},{"type":"Feature","properties":{"id":"253b","arista":253,"lado":"b","orientacion":"oriental","muestra_inicio":7816,"muestra_cantidad":20},"geometry":{"type":"LineString","coordinates":[[-73.238071,10.47543],[-73.238094,10.475471],[-73.238117,10.475511],[-73.238139,10.475551],[-73.238162,10.475591],[-73.238184,10.475632],[-73.238215,10.475667],[-73.238238,10.475708],[-73.238264,10.475746],[-73.238275,10.475793],[-73.238302,10.475831],[-73.23832,10.475873],[-73.238343,10.475913],[-73.238373,10.475949],[-73.238388,10.475994],[-73.238423,10.476027],[-73.238445,10.476068],[-73.238456,10.476114],[-73.238478,10.476155],[-73.238501,10.476195]]}},{"type":"Feature","properties":{"id":"254a","arista":254,"lado":"a","orientacion":"sur","muestra_inicio":7836,"muestra_cantidad":9},"geometry":{"type":"LineString","coordinates":[[-73.238228,10.476392],[-73.238263,10.476366],[-73.238297,10.47634],[-73.238332,10.476313],[-73.238372,10.476294],[-73.238404,10.476264],[-73.238436,10.476234],[-73.23847,10.476208],[-73.238505,10.476182]]}},{"type":"Feature","properties":{"id":"254b","arista":254,"lado":"b","orientacion":"norte","muestra_inicio":7845,"muestra_cantidad":9},"geometry":{"type":"LineString","coordinates":[[-73.238273,10.476449],[-73.238307,10.476423],[-73.238342,10.476397],[-73.238377,10.476371],[-73.238411,10.476344],[-73.238446,10.476318],[-73.23848,10.476292],[-73.238515,10.476265],[-73.238549,10.476239]]}},{"type":"Feature","properties":{"id":"255a","arista":255,"lado":"a","orientacion":"norte","muestra_inicio":7854,"muestra_cantidad":7},"geometry":{"type":"LineString","coordinates":[[-73.23882,10.476073],[-73.23878,10.476097],[-73.238741,10.476121],[-73.238701,10.476145],[-73.238662,10.476169],[-73.238623,10.476192],[-73.238583,10.476216]]}},{"type":"Feature","properties":{"id":"255b","arista":255,"lado":"b","orientacion":"sur","muestra_inicio":7861,"muestra_cantidad":7},"geometry":{"type":"LineString","coordinates":[[-73.238782,10.476011],[-73.238742,10.476035],[-73.238703,10.476059],[-73.238663,10.476083],[-73.238624,10.476107],[-73.238584,10.476131],[-73.238545,10.476155]]}},{"type":"Feature","properties":{"id":"256a","arista":256,"lado":"a","orientacion":"norte","muestra_inicio":7868,"muestra_cantidad":21},"geometry":{"type":"LineString","coordinates":[[-73.242628,10.474211],[-73.242592,10.474239],[-73.242556,10.474268],[-73.24252,10.474296],[-73.242484,10.474325],[-73.242448,10.474353],[-73.242412,10.474382],[-73.242376,10.47441],[-73.24234,10.474439],[-73.242304,10.474467],[-73.242268,10.474495],[-73.242229,10.47452],[-73.242195,10.474552],[-73.242159,10.474581],[-73.242123,10.474609],[-73.242087,10.474638],[-73.242051,10.474666],[-73.242015,10.474695],[-73.241979,10.474723],[-73.241943,10.474752],[-73.241907,10.47478]]}},{"type":"Feature","properties":{"id":"256b","arista":256,"lado":"b","orientacion":"sur","muestra_inicio":7889,"muestra_cantidad":21},"geometry":{"type":"LineString","coordinates":[[-73.242582,10.474154],[-73.242546,10.474183],[-73.24251,10.474211],[-73.242474,10.47424],[-73.242438,10.474268],[-73.242402,10.474297],[-73.242366,10.474325],[-73.24233,10.474354],[-73.242294,10.474382],[-73.242258,10.47441],[-73.242222,10.474439],[-73.242186,10.474467],[-73.24215,10.474496],[-73.242114,10.474524],[-73.242078,10.474553],[-73.242042,10.474581],[-73.242006,10.47461],[-73.24197,10.474638],[-73.241934,10.474667],[-73.241898,10.474695],[-73.241862,10.474724]]}},{"type":"Feature","properties":{"id":"257a","arista":257,"lado":"a","orientacion":"occidental","muestra_inicio":7910,"muestra_cantidad":14},"geometry":{"type":"LineString","coordinates":[[-73.241492,10.474266],[-73.241522,10.474302],[-73.241552,10.474337],[-73.241582,10.474372],[-73.241611,10.474408],[-73.241641,10.474443],[-73.241671,10.474478],[-73.241701,10.474513],[-73.241731,10.474549],[-73.24176,10.474584],[-73.24179,10.474619],[-73.24182,10.474655],[-73.24185,10.47469],[-73.241879,10.474725]]}},{"type":"Feature","properties":{"id":"257b","arista":257,"lado":"b","orientacion":"oriental","muestra_inicio":7924,"muestra_cantidad":14},"geometry":{"type":"LineString","coordinates":[[-73.241436,10.474313],[-73.241466,10.474348],[-73.241496,10.474383],[-73.241526,10.474419],[-73.241555,10.474454],[-73.241585,10.474489],[-73.241615,10.474525],[-73.241645,10.47456],[-73.241674,10.474595],[-73.241704,10.47463],[-73.241734,10.474666],[-73.241764,10.474701],[-73.241794,10.474736],[-73.241823,10.474772]]}},{"type":"Feature","properties":{"id":"258a","arista":258,"lado":"a","orientacion":"oriental","muestra_inicio":7938,"muestra_cantidad":8},"geometry":{"type":"LineString","coordinates":[[-73.241792,10.477313],[-73.241823,10.47728],[-73.241853,10.477247],[-73.241884,10.477214],[-73.241914,10.477181],[-73.241945,10.477148],[-73.241975,10.477114],[-73.242006,10.477081]]}},{"type":"Feature","properties":{"id":"258b","arista":258,"lado":"b","orientacion":"occidental","muestra_inicio":7946,"muestra_cantidad":8},"geometry":{"type":"LineString","coordinates":[[-73.241846,10.477362],[-73.241877,10.477329],[-73.241907,10.477296],[-73.241938,10.477263],[-73.241968,10.477229],[-73.241999,10.477196],[-73.242029,10.477163],[-73.24206,10.47713]]}},{"type":"Feature","properties":{"id":"259a","arista":259,"lado":"a","orientacion":"occidental","muestra_inicio":7954,"muestra_cantidad":2},"geometry":{"type":"LineString","coordinates":[[-73.242111,10.477067],[-73.242088,10.477096]]}},{"type":"Feature","properties":{"id":"259b","arista":259,"lado":"b","orientacion":"oriental","muestra_inicio":7956,"muestra_cantidad":2},"geometry":{"type":"LineString","coordinates":[[-73.242053,10.477023],[-73.24203,10.477052]]}},{"type":"Feature","properties":{"id":"260a","arista":260,"lado":"a","orientacion":"sur","muestra_inicio":7958,"muestra_cantidad":14},"geometry":{"type":"LineString","coordinates":[[-73.2421,10.47707],[-73.242133,10.477103],[-73.242167,10.477136],[-73.2422,10.477169],[-73.242233,10.477202],[-73.242266,10.477235],[-73.242299,10.477268],[-73.242332,10.477301],[-73.242366,10.477334],[-73.242399,10.477366],[-73.242432,10.477399],[-73.242465,10.477432],[-73.242483,10.477454],[-73.242518,10.477459]]}},{"type":"Feature","properties":{"id":"260b","arista":260,"lado":"b","orientacion":"norte","muestra_inicio":7972,"muestra_cantidad":14},"geometry":{"type":"LineString","coordinates":[[-73.242029,10.477141],[-73.242062,10.477174],[-73.242095,10.477206],[-73.242129,10.477239],[-73.242162,10.477272],[-73.242195,10.477305],[-73.242228,10.477338],[-73.242261,10.477371],[-73.242295,10.477404],[-73.242328,10.477437],[-73.242361,10.47747],[-73.242394,10.477503],[-73.242443,10.477545],[-73.2425,10.477557]]}},{"type":"Feature","properties":{"id":"261a","arista":261,"lado":"a","orientacion":"occidental","muestra_inicio":7986,"muestra_cantidad":30},"geometry":{"type":"LineString","coordinates":[[-73.241164,10.476063],[-73.241195,10.476096],[-73.241226,10.47613],[-73.241257,10.476164],[-73.241289,10.476197],[-73.24132,10.476231],[-73.241351,10.476265],[-73.241382,10.476298],[-73.241414,10.476332],[-73.241445,10.476366],[-73.241476,10.476399],[-73.241507,10.476433],[-73.241538,10.476466],[-73.24157,10.4765],[-73.241601,10.476534],[-73.241632,10.476567],[-73.241663,10.476601],[-73.241695,10.476635],[-73.241726,10.476668],[-73.241757,10.476702],[-73.241788,10.476736],[-73.24182,10.476769],[-73.241851,10.476803],[-73.241882,10.476837],[-73.241913,10.47687],[-73.241944,10.476904],[-73.241976,10.476938],[-73.242007,10.476971],[-73.242038,10.477005],[-73.242069,10.477039]]}},{"type":"Feature","properties":{"id":"261b","arista":261,"lado":"b","orientacion":"oriental","muestra_inicio":8016,"muestra_cantidad":30},"geometry":{"type":"LineString","coordinates":[[-73.24109,10.47613],[-73.241134,10.476151],[-73.241166,10.476185],[-73.241183,10.476231],[-73.241235,10.476246],[-73.241266,10.47628],[-73.241277,10.476332],[-73.241322,10.476353],[-73.241353,10.476387],[-73.241388,10.476417],[-73.241419,10.476451],[-73.24145,10.476485],[-73.241478,10.476522],[-73.241509,10.476555],[-73.24154,10.476589],[-73.241572,10.476622],[-73.241603,10.476656],[-73.241634,10.47669],[-73.241665,10.476723],[-73.241697,10.476757],[-73.241728,10.476791],[-73.241752,10.476831],[-73.241784,10.476864],[-73.241815,10.476898],[-73.241839,10.476938],[-73.24187,10.476971],[-73.241902,10.477005],[-73.241933,10.477039],[-73.241964,10.477072],[-73.241995,10.477106]]}},{"type":"Feature","properties":{"id":"262a","arista":262,"lado":"a","orientacion":"occidental","muestra_inicio":8046,"muestra_cantidad":12},"geometry":{"type":"LineString","coordinates":[[-73.247289,10.472847],[-73.247262,10.472883],[-73.247235,10.472919],[-73.247208,10.472954],[-73.247181,10.47299],[-73.247154,10.473026],[-73.247127,10.473062],[-73.2471,10.473098],[-73.247073,10.473134],[-73.247046,10.47317],[-73.247019,10.473205],[-73.246992,10.473241]]}},{"type":"Feature","properties":{"id":"262b","arista":262,"lado":"b","orientacion":"oriental","muestra_inicio":8058,"muestra_cantidad":12},"geometry":{"type":"LineString","coordinates":[[-73.24723,10.472804],[-73.247203,10.47284],[-73.247176,10.472875],[-73.247149,10.472911],[-73.247122,10.472947],[-73.247095,10.472983],[-73.247068,10.473019],[-73.247041,10.473055],[-73.247014,10.47309],[-73.246987,10.473126],[-73.24696,10.473162],[-73.246933,10.473198]]}},{"type":"Feature","properties":{"id":"263a","arista":263,"lado":"a","orientacion":"occidental","muestra_inicio":8070,"muestra_cantidad":29},"geometry":{"type":"LineString","coordinates":[[-73.250251,10.47428],[-73.250277,10.474318],[-73.250302,10.474355],[-73.250327,10.474392],[-73.250353,10.47443],[-73.250378,10.474467],[-73.250403,10.474505],[-73.250429,10.474542],[-73.250454,10.474579],[-73.250479,10.474617],[-73.250505,10.474654],[-73.25053,10.474692],[-73.250555,10.474729],[-73.250581,10.474766],[-73.250606,10.474804],[-73.250631,10.474841],[-73.250657,10.474878],[-73.250682,10.474916],[-73.250707,10.474953],[-73.250733,10.474991],[-73.250758,10.475028],[-73.250783,10.475065],[-73.250809,10.475103],[-73.250834,10.47514],[-73.250859,10.475178],[-73.250885,10.475215],[-73.25091,10.475252],[-73.250936,10.47529],[-73.250961,10.475327]]}},{"type":"Feature","properties":{"id":"263b","arista":263,"lado":"b","orientacion":"oriental","muestra_inicio":8099,"muestra_cantidad":29},"geometry":{"type":"LineString","coordinates":[[-73.250183,10.474326],[-73.250208,10.474363],[-73.250234,10.4744],[-73.250259,10.474438],[-73.250284,10.474475],[-73.25031,10.474513],[-73.250335,10.47455],[-73.25036,10.474587],[-73.250386,10.474625],[-73.250411,10.474662],[-73.250436,10.474699],[-73.250462,10.474737],[-73.250487,10.474774],[-73.250512,10.474812],[-73.250538,10.474849],[-73.250563,10.474886],[-73.250589,10.474924],[-73.250614,10.474961],[-73.250639,10.474999],[-73.250665,10.475036],[-73.25069,10.475073],[-73.250715,10.475111],[-73.250741,10.475148],[-73.250766,10.475185],[-73.250791,10.475223],[-73.250817,10.47526],[-73.250842,10.475298],[-73.250867,10.475335],[-73.250893,10.475372]]}},{"type":"Feature","properties":{"id":"264a","arista":264,"lado":"a","orientacion":"sur","muestra_inicio":8128,"muestra_cantidad":16},"geometry":{"type":"LineString","coordinates":[[-73.249586,10.47466],[-73.249625,10.474633],[-73.249663,10.474607],[-73.249702,10.474581],[-73.249741,10.474555],[-73.249779,10.474529],[-73.249818,10.474503],[-73.249856,10.474477],[-73.249895,10.47445],[-73.249933,10.474424],[-73.249972,10.474398],[-73.25001,10.474372],[-73.250049,10.474346],[-73.250087,10.47432],[-73.250126,10.474294],[-73.250165,10.474268]]}},{"type":"Feature","properties":{"id":"264b","arista":264,"lado":"b","orientacion":"norte","muestra_inicio":8144,"muestra_cantidad":16},"geometry":{"type":"LineString","coordinates":[[-73.249628,10.474719],[-73.249666,10.474693],[-73.249705,10.474667],[-73.249743,10.474641],[-73.249782,10.474615],[-73.24982,10.474589],[-73.249859,10.474562],[-73.249897,10.474536],[-73.249936,10.47451],[-73.249975,10.474484],[-73.250013,10.474458],[-73.250052,10.474432],[-73.25009,10.474406],[-73.250129,10.474379],[-73.250167,10.474353],[-73.250206,10.474327]]}},{"type":"Feature","properties":{"id":"265a","arista":265,"lado":"a","orientacion":"oriental","muestra_inicio":8160,"muestra_cantidad":18},"geometry":{"type":"LineString","coordinates":[[-73.248742,10.472752],[-73.248716,10.472715],[-73.24869,10.472677],[-73.248665,10.47264],[-73.248639,10.472603],[-73.248613,10.472565],[-73.248587,10.472528],[-73.248562,10.472491],[-73.248536,10.472454],[-73.24851,10.472416],[-73.248484,10.472379],[-73.248458,10.472342],[-73.248433,10.472304],[-73.248407,10.472267],[-73.248381,10.47223],[-73.248355,10.472193],[-73.24833,10.472155],[-73.248304,10.472118]]}},{"type":"Feature","properties":{"id":"265b","arista":265,"lado":"b","orientacion":"occidental","muestra_inicio":8178,"muestra_cantidad":18},"geometry":{"type":"LineString","coordinates":[[-73.248802,10.472711],[-73.248776,10.472674],[-73.248751,10.472636],[-73.248725,10.472599],[-73.248699,10.472562],[-73.248673,10.472525],[-73.248648,10.472487],[-73.248622,10.47245],[-73.248596,10.472413],[-73.24857,10.472375],[-73.248544,10.472338],[-73.248519,10.472301],[-73.248493,10.472264],[-73.248467,10.472226],[-73.248441,10.472189],[-73.248416,10.472152],[-73.24839,10.472114],[-73.248364,10.472077]]}},{"type":"Feature","properties":{"id":"266a","arista":266,"lado":"a","orientacion":"sur","muestra_inicio":8196,"muestra_cantidad":25},"geometry":{"type":"LineString","coordinates":[[-73.24738,10.472643],[-73.247417,10.472619],[-73.247455,10.472595],[-73.247492,10.47257],[-73.24753,10.472546],[-73.247568,10.472522],[-73.247605,10.472498],[-73.247643,10.472473],[-73.247681,10.472449],[-73.247718,10.472425],[-73.247756,10.472401],[-73.247793,10.472376],[-73.247831,10.472352],[-73.247869,10.472328],[-73.247906,10.472304],[-73.247944,10.472279],[-73.247981,10.472255],[-73.248019,10.472231],[-73.248057,10.472206],[-73.248094,10.472182],[-73.248132,10.472158],[-73.248169,10.472134],[-73.248207,10.472109],[-73.248245,10.472085],[-73.248282,10.472061]]}},{"type":"Feature","properties":{"id":"266b","arista":266,"lado":"b","orientacion":"norte","muestra_inicio":8221,"muestra_cantidad":25},"geometry":{"type":"LineString","coordinates":[[-73.24742,10.472704],[-73.247457,10.47268],[-73.247495,10.472655],[-73.247532,10.472631],[-73.24757,10.472607],[-73.247608,10.472583],[-73.247645,10.472558],[-73.247683,10.472534],[-73.24772,10.47251],[-73.247758,10.472485],[-73.247796,10.472461],[-73.247833,10.472437],[-73.247871,10.472413],[-73.247908,10.472388],[-73.247946,10.472364],[-73.247984,10.47234],[-73.248021,10.472316],[-73.248059,10.472291],[-73.248097,10.472267],[-73.248134,10.472243],[-73.248172,10.472218],[-73.248209,10.472194],[-73.248247,10.47217],[-73.248285,10.472146],[-73.248322,10.472121]]}},{"type":"Feature","properties":{"id":"267a","arista":267,"lado":"a","orientacion":"oriental","muestra_inicio":8246,"muestra_cantidad":29},"geometry":{"type":"LineString","coordinates":[[-73.24208,10.47699],[-73.242109,10.476956],[-73.242138,10.476922],[-73.242167,10.476888],[-73.242196,10.476854],[-73.242225,10.47682],[-73.242254,10.476786],[-73.242283,10.476752],[-73.242312,10.476718],[-73.242341,10.476684],[-73.242369,10.47665],[-73.242398,10.476616],[-73.242427,10.476582],[-73.242456,10.476548],[-73.242485,10.476514],[-73.242514,10.47648],[-73.242543,10.476446],[-73.242572,10.476412],[-73.242601,10.476378],[-73.24263,10.476344],[-73.242659,10.47631],[-73.242687,10.476276],[-73.242716,10.476242],[-73.242752,10.476213],[-73.242781,10.476179],[-73.242814,10.476148],[-73.242843,10.476114],[-73.242875,10.476083],[-73.2429,10.476046]]}},{"type":"Feature","properties":{"id":"267b","arista":267,"lado":"b","orientacion":"occidental","muestra_inicio":8275,"muestra_cantidad":29},"geometry":{"type":"LineString","coordinates":[[-73.242136,10.477036],[-73.242165,10.477002],[-73.242194,10.476968],[-73.242223,10.476934],[-73.242252,10.4769],[-73.242281,10.476866],[-73.24231,10.476832],[-73.242339,10.476798],[-73.242368,10.476764],[-73.242382,10.476719],[-73.242425,10.476696],[-73.242454,10.476662],[-73.242483,10.476628],[-73.242512,10.476594],[-73.242541,10.47656],[-73.242559,10.476517],[-73.242585,10.476481],[-73.242614,10.476447],[-73.24265,10.476418],[-73.242672,10.476379],[-73.242701,10.476345],[-73.242733,10.476313],[-73.242762,10.476279],[-73.242794,10.476248],[-73.242823,10.476214],[-73.242856,10.476183],[-73.242888,10.476152],[-73.242917,10.476118],[-73.242946,10.476084]]}},{"type":"Feature","properties":{"id":"268a","arista":268,"lado":"a","orientacion":"occidental","muestra_inicio":8304,"muestra_cantidad":18},"geometry":{"type":"LineString","coordinates":[[-73.243499,10.475503],[-73.243468,10.475535],[-73.243437,10.475568],[-73.243406,10.4756],[-73.243376,10.475633],[-73.243345,10.475665],[-73.243314,10.475698],[-73.24327,10.475718],[-73.243239,10.47575],[-73.243209,10.475782],[-73.243178,10.475815],[-73.243147,10.475847],[-73.243116,10.47588],[-73.243086,10.475912],[-73.243055,10.475944],[-73.243027,10.47598],[-73.242996,10.476012],[-73.242974,10.476053]]}},{"type":"Feature","properties":{"id":"268b","arista":268,"lado":"b","orientacion":"oriental","muestra_inicio":8322,"muestra_cantidad":18},"geometry":{"type":"LineString","coordinates":[[-73.243445,10.475454],[-73.243415,10.475486],[-73.243384,10.475518],[-73.243353,10.475551],[-73.243322,10.475583],[-73.243292,10.475616],[-73.243261,10.475648],[-73.24323,10.47568],[-73.243199,10.475713],[-73.243169,10.475745],[-73.243138,10.475778],[-73.243107,10.47581],[-73.243076,10.475842],[-73.243046,10.475875],[-73.243015,10.475907],[-73.242985,10.475939],[-73.242953,10.475971],[-73.242922,10.476003]]}},{"type":"Feature","properties":{"id":"269a","arista":269,"lado":"a","orientacion":"oriental","muestra_inicio":8340,"muestra_cantidad":20},"geometry":{"type":"LineString","coordinates":[[-73.243435,10.476775],[-73.243407,10.476738],[-73.24338,10.476702],[-73.243353,10.476666],[-73.243325,10.476629],[-73.243298,10.476593],[-73.243271,10.476556],[-73.243244,10.47652],[-73.243216,10.476484],[-73.243189,10.476447],[-73.243162,10.476411],[-73.243135,10.476375],[-73.243107,10.476338],[-73.24308,10.476302],[-73.243053,10.476265],[-73.243026,10.476229],[-73.242998,10.476193],[-73.242971,10.476156],[-73.242944,10.47612],[-73.242917,10.476084]]}},{"type":"Feature","properties":{"id":"269b","arista":269,"lado":"b","orientacion":"occidental","muestra_inicio":8360,"muestra_cantidad":20},"geometry":{"type":"LineString","coordinates":[[-73.243493,10.476732],[-73.243466,10.476695],[-73.243439,10.476659],[-73.243411,10.476623],[-73.243384,10.476586],[-73.243357,10.47655],[-73.24333,10.476513],[-73.243302,10.476477],[-73.243275,10.476441],[-73.243248,10.476404],[-73.243221,10.476368],[-73.243193,10.476331],[-73.243166,10.476295],[-73.243139,10.476259],[-73.243112,10.476222],[-73.243081,10.476189],[-73.243053,10.476152],[-73.243026,10.476116],[-73.242999,10.47608],[-73.242972,10.476043]]}},{"type":"Feature","properties":{"id":"270a","arista":270,"lado":"a","orientacion":"occidental","muestra_inicio":8380,"muestra_cantidad":18},"geometry":{"type":"LineString","coordinates":[[-73.249113,10.477718],[-73.249126,10.477764],[-73.249153,10.477798],[-73.249181,10.477833],[-73.249208,10.477868],[-73.249236,10.477903],[-73.249263,10.477938],[-73.249287,10.477975],[-73.249314,10.47801],[-73.249342,10.478045],[-73.249369,10.47808],[-73.249397,10.478115],[-73.249423,10.478151],[-73.249453,10.478184],[-73.249479,10.47822],[-73.249505,10.478256],[-73.249531,10.478292],[-73.249561,10.478325]]}},{"type":"Feature","properties":{"id":"270b","arista":270,"lado":"b","orientacion":"oriental","muestra_inicio":8398,"muestra_cantidad":18},"geometry":{"type":"LineString","coordinates":[[-73.249048,10.477768],[-73.249075,10.477803],[-73.249103,10.477837],[-73.24913,10.477872],[-73.249158,10.477907],[-73.249185,10.477942],[-73.249213,10.477977],[-73.24924,10.478012],[-73.249268,10.478046],[-73.249295,10.478081],[-73.249323,10.478116],[-73.24935,10.478151],[-73.249375,10.478185],[-73.249401,10.478221],[-73.249427,10.478257],[-73.249453,10.478293],[-73.249479,10.478329],[-73.249506,10.478365]]}},{"type":"Feature","properties":{"id":"271a","arista":271,"lado":"a","orientacion":"oriental","muestra_inicio":8416,"muestra_cantidad":17},"geometry":{"type":"LineString","coordinates":[[-73.245913,10.475051],[-73.245887,10.475012],[-73.24586,10.474974],[-73.245834,10.474936],[-73.245808,10.474898],[-73.245782,10.47486],[-73.245755,10.474821],[-73.245729,10.474783],[-73.245703,10.474745],[-73.245677,10.474707],[-73.24565,10.474669],[-73.245624,10.47463],[-73.245598,10.474592],[-73.245572,10.474554],[-73.245545,10.474516],[-73.245519,10.474477],[-73.245493,10.474439]]}},{"type":"Feature","properties":{"id":"271b","arista":271,"lado":"b","orientacion":"occidental","muestra_inicio":8433,"muestra_cantidad":17},"geometry":{"type":"LineString","coordinates":[[-73.245981,10.475005],[-73.245955,10.474967],[-73.245928,10.474928],[-73.245902,10.47489],[-73.245876,10.474852],[-73.24585,10.474814],[-73.245823,10.474776],[-73.245797,10.474737],[-73.245771,10.474699],[-73.245745,10.474661],[-73.245718,10.474623],[-73.245692,10.474585],[-73.245666,10.474546],[-73.24564,10.474508],[-73.245613,10.47447],[-73.245587,10.474432],[-73.245561,10.474394]]}},{"type":"Feature","properties":{"id":"272a","arista":272,"lado":"a","orientacion":"sur","muestra_inicio":8450,"muestra_cantidad":16},"geometry":{"type":"LineString","coordinates":[[-73.245377,10.475422],[-73.245413,10.475396],[-73.245449,10.47537],[-73.245485,10.475344],[-73.245522,10.475318],[-73.245558,10.475292],[-73.245594,10.475265],[-73.24563,10.475239],[-73.245667,10.475213],[-73.245703,10.475187],[-73.245739,10.475161],[-73.245775,10.475135],[-73.245812,10.475109],[-73.245848,10.475083],[-73.245884,10.475057],[-73.24592,10.475031]]}},{"type":"Feature","properties":{"id":"272b","arista":272,"lado":"b","orientacion":"norte","muestra_inicio":8466,"muestra_cantidad":16},"geometry":{"type":"LineString","coordinates":[[-73.24542,10.47548],[-73.245456,10.475454],[-73.245492,10.475428],[-73.245528,10.475402],[-73.245565,10.475376],[-73.245601,10.47535],[-73.245637,10.475324],[-73.245673,10.475298],[-73.24571,10.475272],[-73.245746,10.475246],[-73.245782,10.47522],[-73.245818,10.475193],[-73.245855,10.475167],[-73.245891,10.475141],[-73.245927,10.475115],[-73.245963,10.475089]]}},{"type":"Feature","properties":{"id":"273a","arista":273,"lado":"a","orientacion":"sur","muestra_inicio":8482,"muestra_cantidad":28},"geometry":{"type":"LineString","coordinates":[[-73.246803,10.480197],[-73.246842,10.480172],[-73.24688,10.480147],[-73.246919,10.480122],[-73.246957,10.480096],[-73.246996,10.480071],[-73.247034,10.480046],[-73.247073,10.480021],[-73.247112,10.479995],[-73.24715,10.47997],[-73.247189,10.479945],[-73.247227,10.47992],[-73.247266,10.479895],[-73.247304,10.479869],[-73.247345,10.479848],[-73.247386,10.479826],[-73.24742,10.479794],[-73.247466,10.47978],[-73.247502,10.479751],[-73.24754,10.479725],[-73.247584,10.479708],[-73.247625,10.479686],[-73.247661,10.479657],[-73.247699,10.479632],[-73.247728,10.479592],[-73.247774,10.479578],[-73.247812,10.479552],[-73.247843,10.479516]]}},{"type":"Feature","properties":{"id":"273b","arista":273,"lado":"b","orientacion":"norte","muestra_inicio":8510,"muestra_cantidad":28},"geometry":{"type":"LineString","coordinates":[[-73.246844,10.480258],[-73.246882,10.480232],[-73.246921,10.480207],[-73.246959,10.480182],[-73.246998,10.480157],[-73.247036,10.480132],[-73.247075,10.480106],[-73.247113,10.480081],[-73.247152,10.480056],[-73.24719,10.480031],[-73.247229,10.480005],[-73.247267,10.47998],[-73.247306,10.479955],[-73.247344,10.47993],[-73.247383,10.479904],[-73.247421,10.479879],[-73.24746,10.479854],[-73.247498,10.479829],[-73.247537,10.479803],[-73.247575,10.479778],[-73.247614,10.479753],[-73.247652,10.479728],[-73.247691,10.479702],[-73.247729,10.479677],[-73.247768,10.479652],[-73.247806,10.479627],[-73.247845,10.479601],[-73.247883,10.479576]]}},{"type":"Feature","properties":{"id":"274a","arista":274,"lado":"a","orientacion":"occidental","muestra_inicio":8538,"muestra_cantidad":12},"geometry":{"type":"LineString","coordinates":[[-73.247925,10.479527],[-73.247955,10.479562],[-73.247984,10.479597],[-73.248014,10.479632],[-73.248043,10.479666],[-73.248073,10.479701],[-73.248102,10.479736],[-73.248132,10.47977],[-73.248161,10.479805],[-73.248191,10.47984],[-73.248221,10.479875],[-73.24825,10.479909]]}},{"type":"Feature","properties":{"id":"274b","arista":274,"lado":"b","orientacion":"oriental","muestra_inicio":8550,"muestra_cantidad":12},"geometry":{"type":"LineString","coordinates":[[-73.247869,10.479574],[-73.247909,10.4796],[-73.247935,10.479638],[-73.247965,10.479672],[-73.247998,10.479704],[-73.248017,10.479748],[-73.248047,10.479782],[-73.248076,10.479817],[-73.248109,10.479849],[-73.248139,10.479884],[-73.248165,10.479921],[-73.248194,10.479956]]}},{"type":"Feature","properties":{"id":"275a","arista":275,"lado":"a","orientacion":"sur","muestra_inicio":8562,"muestra_cantidad":12},"geometry":{"type":"LineString","coordinates":[[-73.244923,10.475721],[-73.244961,10.475696],[-73.244999,10.475671],[-73.245037,10.475646],[-73.245075,10.475621],[-73.245113,10.475596],[-73.245151,10.475571],[-73.245189,10.475547],[-73.245227,10.475522],[-73.245265,10.475497],[-73.245303,10.475472],[-73.245341,10.475447]]}},{"type":"Feature","properties":{"id":"275b","arista":275,"lado":"b","orientacion":"norte","muestra_inicio":8574,"muestra_cantidad":12},"geometry":{"type":"LineString","coordinates":[[-73.244963,10.475782],[-73.245001,10.475757],[-73.245039,10.475732],[-73.245077,10.475707],[-73.245115,10.475682],[-73.245153,10.475657],[-73.245191,10.475632],[-73.245229,10.475607],[-73.245267,10.475582],[-73.245305,10.475557],[-73.245343,10.475532],[-73.245381,10.475507]]}},{"type":"Feature","properties":{"id":"276a","arista":276,"lado":"a","orientacion":"sur","muestra_inicio":8586,"muestra_cantidad":22},"geometry":{"type":"LineString","coordinates":[[-73.244073,10.476236],[-73.24411,10.47621],[-73.244147,10.476184],[-73.244183,10.476158],[-73.24422,10.476132],[-73.244257,10.476106],[-73.244294,10.47608],[-73.244331,10.476054],[-73.244373,10.476028],[-73.244412,10.476006],[-73.244452,10.475984],[-73.244491,10.475962],[-73.244531,10.47594],[-73.24457,10.475918],[-73.24461,10.475897],[-73.244649,10.475875],[-73.244689,10.475853],[-73.244728,10.475831],[-73.244768,10.475809],[-73.244807,10.475787],[-73.244847,10.475765],[-73.244886,10.475743]]}},{"type":"Feature","properties":{"id":"276b","arista":276,"lado":"b","orientacion":"norte","muestra_inicio":8608,"muestra_cantidad":22},"geometry":{"type":"LineString","coordinates":[[-73.244115,10.476295],[-73.244152,10.476269],[-73.244189,10.476243],[-73.244226,10.476217],[-73.244263,10.476191],[-73.2443,10.476165],[-73.244336,10.476139],[-73.244373,10.476113],[-73.244408,10.476091],[-73.244448,10.476069],[-73.244487,10.476047],[-73.244527,10.476025],[-73.244566,10.476004],[-73.244606,10.475982],[-73.244645,10.47596],[-73.244685,10.475938],[-73.244724,10.475916],[-73.244764,10.475894],[-73.244801,10.475868],[-73.244841,10.475846],[-73.244878,10.47582],[-73.244922,10.475806]]}},{"type":"Feature","properties":{"id":"277a","arista":277,"lado":"a","orientacion":"occidental","muestra_inicio":8630,"muestra_cantidad":9},"geometry":{"type":"LineString","coordinates":[[-73.247169,10.475978],[-73.247191,10.476015],[-73.247213,10.476053],[-73.247235,10.47609],[-73.247257,10.476128],[-73.247279,10.476165],[-73.247301,10.476203],[-73.247323,10.47624],[-73.247345,10.476278]]}},{"type":"Feature","properties":{"id":"277b","arista":277,"lado":"b","orientacion":"oriental","muestra_inicio":8639,"muestra_cantidad":9},"geometry":{"type":"LineString","coordinates":[[-73.247106,10.476014],[-73.247128,10.476052],[-73.24715,10.476089],[-73.247172,10.476126],[-73.247194,10.476164],[-73.247216,10.476201],[-73.247242,10.476237],[-73.24726,10.476276],[-73.247282,10.476314]]}},{"type":"Feature","properties":{"id":"278a","arista":278,"lado":"a","orientacion":"sur","muestra_inicio":8648,"muestra_cantidad":11},"geometry":{"type":"LineString","coordinates":[[-73.24732,10.476272],[-73.247356,10.476246],[-73.247392,10.476219],[-73.247428,10.476192],[-73.247464,10.476165],[-73.247499,10.476139],[-73.247535,10.476112],[-73.247571,10.476085],[-73.247607,10.476059],[-73.247638,10.476032],[-73.247671,10.476002]]}},{"type":"Feature","properties":{"id":"278b","arista":278,"lado":"b","orientacion":"norte","muestra_inicio":8659,"muestra_cantidad":11},"geometry":{"type":"LineString","coordinates":[[-73.247364,10.47633],[-73.2474,10.476303],[-73.247436,10.476277],[-73.247472,10.47625],[-73.247508,10.476223],[-73.247543,10.476196],[-73.247579,10.47617],[-73.247615,10.476143],[-73.247651,10.476116],[-73.247688,10.476086],[-73.247721,10.476055]]}},{"type":"Feature","properties":{"id":"279a","arista":279,"lado":"a","orientacion":"sur","muestra_inicio":8670,"muestra_cantidad":9},"geometry":{"type":"LineString","coordinates":[[-73.246994,10.476494],[-73.24703,10.476469],[-73.247067,10.476444],[-73.247103,10.47642],[-73.24714,10.476395],[-73.247176,10.476371],[-73.247213,10.476346],[-73.247249,10.476321],[-73.247286,10.476297]]}},{"type":"Feature","properties":{"id":"279b","arista":279,"lado":"b","orientacion":"norte","muestra_inicio":8679,"muestra_cantidad":9},"geometry":{"type":"LineString","coordinates":[[-73.247035,10.476553],[-73.247071,10.476529],[-73.247108,10.476504],[-73.247144,10.47648],[-73.247181,10.476455],[-73.247217,10.47643],[-73.247254,10.476406],[-73.24729,10.476381],[-73.247327,10.476357]]}},{"type":"Feature","properties":{"id":"280a","arista":280,"lado":"a","orientacion":"norte","muestra_inicio":8688,"muestra_cantidad":8},"geometry":{"type":"LineString","coordinates":[[-73.241413,10.478971],[-73.241377,10.479],[-73.241341,10.479029],[-73.241305,10.479059],[-73.241269,10.479088],[-73.241233,10.479117],[-73.241197,10.479146],[-73.241161,10.479175]]}},{"type":"Feature","properties":{"id":"280b","arista":280,"lado":"b","orientacion":"sur","muestra_inicio":8696,"muestra_cantidad":8},"geometry":{"type":"LineString","coordinates":[[-73.241366,10.478915],[-73.241331,10.478944],[-73.241295,10.478973],[-73.241259,10.479003],[-73.241223,10.479032],[-73.241187,10.479061],[-73.241151,10.47909],[-73.241115,10.479119]]}},{"type":"Feature","properties":{"id":"281a","arista":281,"lado":"a","orientacion":"occidental","muestra_inicio":8704,"muestra_cantidad":14},"geometry":{"type":"LineString","coordinates":[[-73.240845,10.478591],[-73.240863,10.478634],[-73.240886,10.478676],[-73.240912,10.478715],[-73.240926,10.47876],[-73.240952,10.4788],[-73.240974,10.478841],[-73.240988,10.478887],[-73.241014,10.478926],[-73.241036,10.478967],[-73.241075,10.479],[-73.241097,10.479041],[-73.241119,10.479083],[-73.241141,10.479124]]}},{"type":"Feature","properties":{"id":"281b","arista":281,"lado":"b","orientacion":"oriental","muestra_inicio":8718,"muestra_cantidad":14},"geometry":{"type":"LineString","coordinates":[[-73.240789,10.47862],[-73.240811,10.478662],[-73.240833,10.478703],[-73.240859,10.478742],[-73.240877,10.478786],[-73.240912,10.478821],[-73.24093,10.478864],[-73.240952,10.478906],[-73.24097,10.478949],[-73.240988,10.478993],[-73.24101,10.479034],[-73.241032,10.479075],[-73.241063,10.479112],[-73.241085,10.479154]]}},{"type":"Feature","properties":{"id":"282a","arista":282,"lado":"a","orientacion":"oriental","muestra_inicio":8732,"muestra_cantidad":20},"geometry":{"type":"LineString","coordinates":[[-73.250195,10.476921],[-73.250169,10.476883],[-73.250143,10.476844],[-73.250117,10.476806],[-73.250091,10.476768],[-73.250065,10.476729],[-73.250039,10.476691],[-73.250014,10.476652],[-73.249988,10.476614],[-73.249962,10.476575],[-73.249936,10.476537],[-73.24991,10.476498],[-73.249884,10.47646],[-73.249858,10.476422],[-73.249832,10.476383],[-73.249806,10.476345],[-73.24978,10.476306],[-73.249754,10.476268],[-73.249728,10.476229],[-73.249702,10.476191]]}},{"type":"Feature","properties":{"id":"282b","arista":282,"lado":"b","orientacion":"occidental","muestra_inicio":8752,"muestra_cantidad":20},"geometry":{"type":"LineString","coordinates":[[-73.250279,10.476866],[-73.250253,10.476828],[-73.250227,10.476789],[-73.250201,10.476751],[-73.250175,10.476712],[-73.250149,10.476674],[-73.250123,10.476636],[-73.250097,10.476597],[-73.250071,10.476559],[-73.250045,10.47652],[-73.250019,10.476482],[-73.249993,10.476443],[-73.249967,10.476405],[-73.249942,10.476366],[-73.249916,10.476328],[-73.24989,10.476289],[-73.249864,10.476251],[-73.249838,10.476213],[-73.249812,10.476174],[-73.249786,10.476136]]}},{"type":"Feature","properties":{"id":"283a","arista":283,"lado":"a","orientacion":"oriental","muestra_inicio":8772,"muestra_cantidad":21},"geometry":{"type":"LineString","coordinates":[[-73.250751,10.477723],[-73.250724,10.477685],[-73.250698,10.477647],[-73.250671,10.477609],[-73.250645,10.47757],[-73.250618,10.477532],[-73.250592,10.477494],[-73.250565,10.477456],[-73.250539,10.477418],[-73.250513,10.47738],[-73.250486,10.477342],[-73.25046,10.477303],[-73.250433,10.477265],[-73.250407,10.477227],[-73.25038,10.477189],[-73.250354,10.477151],[-73.250327,10.477113],[-73.250301,10.477075],[-73.250274,10.477036],[-73.250248,10.476998],[-73.250222,10.47696]]}},{"type":"Feature","properties":{"id":"283b","arista":283,"lado":"b","orientacion":"occidental","muestra_inicio":8793,"muestra_cantidad":21},"geometry":{"type":"LineString","coordinates":[[-73.250833,10.477667],[-73.250807,10.477629],[-73.250781,10.477591],[-73.250754,10.477552],[-73.250728,10.477514],[-73.250701,10.477476],[-73.250675,10.477438],[-73.250648,10.4774],[-73.250622,10.477362],[-73.250595,10.477324],[-73.250569,10.477285],[-73.250542,10.477247],[-73.250516,10.477209],[-73.25049,10.477171],[-73.250463,10.477133],[-73.250437,10.477095],[-73.25041,10.477057],[-73.250384,10.477018],[-73.250357,10.47698],[-73.250331,10.476942],[-73.250304,10.476904]]}},{"type":"Feature","properties":{"id":"284a","arista":284,"lado":"a","orientacion":"sur","muestra_inicio":8814,"muestra_cantidad":10},"geometry":{"type":"LineString","coordinates":[[-73.244461,10.480657],[-73.244502,10.480633],[-73.244543,10.480608],[-73.244583,10.480584],[-73.244624,10.480559],[-73.244664,10.480534],[-73.244705,10.48051],[-73.244746,10.480485],[-73.244786,10.480461],[-73.244827,10.480436]]}},{"type":"Feature","properties":{"id":"284b","arista":284,"lado":"b","orientacion":"norte","muestra_inicio":8824,"muestra_cantidad":10},"geometry":{"type":"LineString","coordinates":[[-73.244499,10.480719],[-73.244531,10.480679],[-73.244574,10.480658],[-73.244614,10.480634],[-73.244657,10.480613],[-73.244698,10.480588],[-73.244741,10.480568],[-73.244784,10.480547],[-73.244824,10.480522],[-73.244865,10.480498]]}},{"type":"Feature","properties":{"id":"285a","arista":285,"lado":"a","orientacion":"occidental","muestra_inicio":8834,"muestra_cantidad":10},"geometry":{"type":"LineString","coordinates":[[-73.244804,10.480041],[-73.244821,10.480081],[-73.244833,10.480123],[-73.244846,10.480165],[-73.244858,10.480208],[-73.244869,10.480254],[-73.244876,10.480297],[-73.244884,10.480341],[-73.244891,10.480384],[-73.244899,10.480427]]}},{"type":"Feature","properties":{"id":"285b","arista":285,"lado":"b","orientacion":"oriental","muestra_inicio":8844,"muestra_cantidad":10},"geometry":{"type":"LineString","coordinates":[[-73.244739,10.48006],[-73.244751,10.480102],[-73.244763,10.480144],[-73.244776,10.480186],[-73.244788,10.480228],[-73.244797,10.480266],[-73.244804,10.480309],[-73.244812,10.480353],[-73.244819,10.480396],[-73.244826,10.480439]]}},{"type":"Feature","properties":{"id":"286a","arista":286,"lado":"a","orientacion":"sur","muestra_inicio":8854,"muestra_cantidad":16},"geometry":{"type":"LineString","coordinates":[[-73.248988,10.475048],[-73.249026,10.475024],[-73.249063,10.475],[-73.2491,10.474975],[-73.249138,10.474951],[-73.249175,10.474927],[-73.249212,10.474903],[-73.24925,10.474878],[-73.249287,10.474854],[-73.249325,10.47483],[-73.249362,10.474806],[-73.249399,10.474781],[-73.249437,10.474757],[-73.249474,10.474733],[-73.249512,10.474709],[-73.249549,10.474684]]}},{"type":"Feature","properties":{"id":"286b","arista":286,"lado":"b","orientacion":"norte","muestra_inicio":8870,"muestra_cantidad":16},"geometry":{"type":"LineString","coordinates":[[-73.249028,10.475109],[-73.249066,10.475084],[-73.249103,10.47506],[-73.24914,10.475036],[-73.249178,10.475012],[-73.249215,10.474987],[-73.249253,10.474963],[-73.24929,10.474939],[-73.249327,10.474915],[-73.249365,10.47489],[-73.249402,10.474866],[-73.249439,10.474842],[-73.249477,10.474818],[-73.249514,10.474793],[-73.249552,10.474769],[-73.249589,10.474745]]}},{"type":"Feature","properties":{"id":"287a","arista":287,"lado":"a","orientacion":"norte","muestra_inicio":8886,"muestra_cantidad":22},"geometry":{"type":"LineString","coordinates":[[-73.249549,10.478401],[-73.249509,10.478422],[-73.24947,10.478442],[-73.24943,10.478463],[-73.24939,10.478483],[-73.249351,10.478504],[-73.249311,10.478524],[-73.249271,10.478544],[-73.249229,10.478561],[-73.249192,10.478585],[-73.249152,10.478606],[-73.249112,10.478626],[-73.249073,10.478647],[-73.249033,10.478667],[-73.248993,10.478688],[-73.248954,10.478708],[-73.248914,10.478729],[-73.248874,10.478749],[-73.248835,10.47877],[-73.248795,10.47879],[-73.248755,10.478811],[-73.248716,10.478831]]}},{"type":"Feature","properties":{"id":"287b","arista":287,"lado":"b","orientacion":"sur","muestra_inicio":8908,"muestra_cantidad":22},"geometry":{"type":"LineString","coordinates":[[-73.249515,10.478337],[-73.249475,10.478358],[-73.249436,10.478378],[-73.249396,10.478398],[-73.249356,10.478419],[-73.249317,10.478439],[-73.249277,10.47846],[-73.249237,10.47848],[-73.249198,10.478501],[-73.249158,10.478521],[-73.249118,10.478542],[-73.249079,10.478562],[-73.249039,10.478583],[-73.248999,10.478603],[-73.24896,10.478624],[-73.24892,10.478644],[-73.24888,10.478665],[-73.248841,10.478685],[-73.248801,10.478705],[-73.248761,10.478726],[-73.248722,10.478746],[-73.248682,10.478767]]}},{"type":"Feature","properties":{"id":"288a","arista":288,"lado":"a","orientacion":"oriental","muestra_inicio":8930,"muestra_cantidad":36},"geometry":{"type":"LineString","coordinates":[[-73.248632,10.478815],[-73.248605,10.478778],[-73.248586,10.478736],[-73.248563,10.478697],[-73.248536,10.47866],[-73.248498,10.478632],[-73.248471,10.478595],[-73.248455,10.47855],[-73.248425,10.478516],[-73.248398,10.47848],[-73.248363,10.478449],[-73.248336,10.478412],[-73.24831,10.478375],[-73.248283,10.478339],[-73.248256,10.478302],[-73.248229,10.478265],[-73.248202,10.478229],[-73.248175,10.478192],[-73.248148,10.478156],[-73.248121,10.478119],[-73.248094,10.478082],[-73.248067,10.478046],[-73.248041,10.478009],[-73.248014,10.477972],[-73.247987,10.477936],[-73.24796,10.477899],[-73.247933,10.477863],[-73.247906,10.477826],[-73.247879,10.477789],[-73.247852,10.477753],[-73.247825,10.477716],[-73.247798,10.477679],[-73.247772,10.477643],[-73.247745,10.477606],[-73.247718,10.47757],[-73.247691,10.477533]]}},{"type":"Feature","properties":{"id":"288b","arista":288,"lado":"b","orientacion":"occidental","muestra_inicio":8966,"muestra_cantidad":36},"geometry":{"type":"LineString","coordinates":[[-73.248699,10.478767],[-73.248672,10.47873],[-73.248645,10.478694],[-73.248618,10.478657],[-73.248591,10.47862],[-73.248564,10.478584],[-73.248537,10.478547],[-73.248511,10.478511],[-73.248484,10.478474],[-73.248457,10.478437],[-73.24843,10.478401],[-73.248403,10.478364],[-73.248376,10.478327],[-73.248349,10.478291],[-73.248322,10.478254],[-73.248295,10.478218],[-73.248268,10.478181],[-73.248242,10.478144],[-73.248215,10.478108],[-73.248188,10.478071],[-73.248161,10.478034],[-73.248134,10.477998],[-73.248107,10.477961],[-73.24808,10.477925],[-73.248053,10.477888],[-73.248026,10.477851],[-73.247999,10.477815],[-73.247973,10.477778],[-73.247946,10.477741],[-73.247915,10.477708],[-73.247892,10.477668],[-73.247865,10.477632],[-73.247838,10.477595],[-73.247811,10.477558],[-73.247784,10.477522],[-73.247757,10.477485]]}},{"type":"Feature","properties":{"id":"289a","arista":289,"lado":"a","orientacion":"oriental","muestra_inicio":9002,"muestra_cantidad":15},"geometry":{"type":"LineString","coordinates":[[-73.247665,10.477499],[-73.247637,10.477463],[-73.247611,10.477427],[-73.247585,10.477391],[-73.247559,10.477356],[-73.247534,10.47732],[-73.247508,10.477285],[-73.247482,10.477249],[-73.247456,10.477214],[-73.24743,10.477178],[-73.247405,10.477143],[-73.247379,10.477107],[-73.247353,10.477071],[-73.247327,10.477036],[-73.247302,10.477]]}},{"type":"Feature","properties":{"id":"289b","arista":289,"lado":"b","orientacion":"occidental","muestra_inicio":9017,"muestra_cantidad":15},"geometry":{"type":"LineString","coordinates":[[-73.247729,10.477448],[-73.247703,10.477415],[-73.247678,10.47738],[-73.247652,10.477344],[-73.247626,10.477309],[-73.2476,10.477273],[-73.247575,10.477237],[-73.247549,10.477202],[-73.247523,10.477166],[-73.247497,10.477131],[-73.247468,10.477098],[-73.247442,10.477062],[-73.247416,10.477027],[-73.24739,10.476991],[-73.247368,10.476953]]}},{"type":"Feature","properties":{"id":"290a","arista":290,"lado":"a","orientacion":"sur","muestra_inicio":9032,"muestra_cantidad":24},"geometry":{"type":"LineString","coordinates":[[-73.246802,10.47806],[-73.24684,10.478034],[-73.246877,10.478008],[-73.246915,10.477982],[-73.246952,10.477956],[-73.246989,10.47793],[-73.247027,10.477904],[-73.247064,10.477878],[-73.247101,10.477852],[-73.247139,10.477826],[-73.247177,10.477799],[-73.247215,10.477774],[-73.247253,10.477749],[-73.247291,10.477724],[-73.247329,10.477699],[-73.247367,10.477674],[-73.247405,10.477649],[-73.247443,10.477624],[-73.247481,10.477599],[-73.247519,10.477573],[-73.247557,10.477548],[-73.247595,10.477523],[-73.247633,10.477498],[-73.247671,10.477473]]}},{"type":"Feature","properties":{"id":"290b","arista":290,"lado":"b","orientacion":"norte","muestra_inicio":9056,"muestra_cantidad":24},"geometry":{"type":"LineString","coordinates":[[-73.246845,10.478119],[-73.246882,10.478093],[-73.246919,10.478067],[-73.246957,10.478041],[-73.246994,10.478015],[-73.247031,10.477989],[-73.247069,10.477963],[-73.247106,10.477937],[-73.247143,10.477911],[-73.247181,10.477885],[-73.247218,10.477859],[-73.247256,10.477834],[-73.247294,10.477809],[-73.247332,10.477784],[-73.24737,10.477759],[-73.247408,10.477734],[-73.247446,10.477709],[-73.247484,10.477684],[-73.247522,10.477659],[-73.24756,10.477634],[-73.247598,10.477609],[-73.247636,10.477583],[-73.247674,10.477558],[-73.247712,10.477533]]}},{"type":"Feature","properties":{"id":"291a","arista":291,"lado":"a","orientacion":"occidental","muestra_inicio":9080,"muestra_cantidad":14},"geometry":{"type":"LineString","coordinates":[[-73.242667,10.474168],[-73.242693,10.474207],[-73.242718,10.474247],[-73.242744,10.474286],[-73.24277,10.474325],[-73.242796,10.474364],[-73.242822,10.474403],[-73.242848,10.474442],[-73.242874,10.474482],[-73.2429,10.474521],[-73.242926,10.47456],[-73.242951,10.474599],[-73.242977,10.474638],[-73.243003,10.474677]]}},{"type":"Feature","properties":{"id":"291b","arista":291,"lado":"b","orientacion":"oriental","muestra_inicio":9094,"muestra_cantidad":14},"geometry":{"type":"LineString","coordinates":[[-73.242606,10.474208],[-73.242631,10.474247],[-73.242657,10.474286],[-73.242683,10.474325],[-73.242709,10.474364],[-73.242735,10.474404],[-73.242761,10.474443],[-73.242787,10.474482],[-73.242813,10.474521],[-73.242839,10.47456],[-73.242864,10.474599],[-73.24289,10.474639],[-73.242916,10.474678],[-73.242942,10.474717]]}},{"type":"Feature","properties":{"id":"292a","arista":292,"lado":"a","orientacion":"sur","muestra_inicio":9108,"muestra_cantidad":19},"geometry":{"type":"LineString","coordinates":[[-73.242982,10.47467],[-73.24302,10.474644],[-73.243059,10.474618],[-73.243098,10.474592],[-73.243137,10.474566],[-73.243188,10.474558],[-73.243224,10.474528],[-73.243263,10.474502],[-73.243291,10.474461],[-73.24333,10.474435],[-73.243369,10.474409],[-73.243407,10.474383],[-73.243446,10.474357],[-73.243485,10.474331],[-73.243523,10.474305],[-73.243562,10.474278],[-73.243601,10.474252],[-73.243639,10.474226],[-73.243678,10.4742]]}},{"type":"Feature","properties":{"id":"292b","arista":292,"lado":"b","orientacion":"norte","muestra_inicio":9127,"muestra_cantidad":19},"geometry":{"type":"LineString","coordinates":[[-73.243028,10.474737],[-73.243067,10.474711],[-73.243105,10.474685],[-73.243144,10.474659],[-73.243183,10.474633],[-73.243221,10.474607],[-73.24326,10.474581],[-73.243299,10.474555],[-73.243338,10.474528],[-73.243376,10.474502],[-73.243415,10.474476],[-73.243454,10.47445],[-73.243492,10.474424],[-73.243531,10.474398],[-73.24357,10.474372],[-73.243608,10.474346],[-73.243647,10.47432],[-73.243686,10.474293],[-73.243724,10.474267]]}},{"type":"Feature","properties":{"id":"293a","arista":293,"lado":"a","orientacion":"oriental","muestra_inicio":9146,"muestra_cantidad":16},"geometry":{"type":"LineString","coordinates":[[-73.243347,10.475314],[-73.243321,10.475276],[-73.243296,10.475239],[-73.243271,10.475202],[-73.243246,10.475165],[-73.24322,10.475128],[-73.243195,10.47509],[-73.24317,10.475053],[-73.243145,10.475016],[-73.243119,10.474979],[-73.243094,10.474942],[-73.243073,10.474902],[-73.243051,10.474862],[-73.243026,10.474825],[-73.242993,10.474793],[-73.242968,10.474755]]}},{"type":"Feature","properties":{"id":"293b","arista":293,"lado":"b","orientacion":"occidental","muestra_inicio":9162,"muestra_cantidad":16},"geometry":{"type":"LineString","coordinates":[[-73.243407,10.475273],[-73.243382,10.475236],[-73.243357,10.475199],[-73.243332,10.475162],[-73.243306,10.475124],[-73.243281,10.475087],[-73.243256,10.47505],[-73.243231,10.475013],[-73.243205,10.474976],[-73.24318,10.474938],[-73.243155,10.474901],[-73.24313,10.474864],[-73.243104,10.474827],[-73.243079,10.47479],[-73.243054,10.474752],[-73.243029,10.474715]]}},{"type":"Feature","properties":{"id":"294a","arista":294,"lado":"a","orientacion":"norte","muestra_inicio":9178,"muestra_cantidad":29},"geometry":{"type":"LineString","coordinates":[[-73.248237,10.479993],[-73.248198,10.480017],[-73.248159,10.480042],[-73.24812,10.480067],[-73.248081,10.480091],[-73.248042,10.480116],[-73.248003,10.480141],[-73.247964,10.480165],[-73.247926,10.48019],[-73.247887,10.480215],[-73.247848,10.480239],[-73.247809,10.480264],[-73.24777,10.480288],[-73.247731,10.480313],[-73.247692,10.480338],[-73.247653,10.480362],[-73.247614,10.480387],[-73.247575,10.480412],[-73.247536,10.480436],[-73.247497,10.480461],[-73.247458,10.480486],[-73.247419,10.48051],[-73.24738,10.480535],[-73.247341,10.48056],[-73.247302,10.480584],[-73.247263,10.480609],[-73.247224,10.480633],[-73.247186,10.480658],[-73.247147,10.480683]]}},{"type":"Feature","properties":{"id":"294b","arista":294,"lado":"b","orientacion":"sur","muestra_inicio":9207,"muestra_cantidad":29},"geometry":{"type":"LineString","coordinates":[[-73.248198,10.479932],[-73.248159,10.479956],[-73.24812,10.479981],[-73.248081,10.480006],[-73.248044,10.480034],[-73.248005,10.480059],[-73.247967,10.480084],[-73.247925,10.480104],[-73.247886,10.480129],[-73.247847,10.480154],[-73.247808,10.480178],[-73.247769,10.480203],[-73.24773,10.480228],[-73.247691,10.480252],[-73.247652,10.480277],[-73.247614,10.480301],[-73.247575,10.480326],[-73.247536,10.480351],[-73.247497,10.480375],[-73.247458,10.4804],[-73.247419,10.480425],[-73.24738,10.480449],[-73.247341,10.480474],[-73.247302,10.480499],[-73.247263,10.480523],[-73.247224,10.480548],[-73.247185,10.480573],[-73.247146,10.480597],[-73.247107,10.480622]]}},{"type":"Feature","properties":{"id":"295a","arista":295,"lado":"a","orientacion":"sur","muestra_inicio":9236,"muestra_cantidad":20},"geometry":{"type":"LineString","coordinates":[[-73.246356,10.481114],[-73.246393,10.481089],[-73.246431,10.481065],[-73.246468,10.48104],[-73.246506,10.481016],[-73.246543,10.480991],[-73.246581,10.480966],[-73.246618,10.480942],[-73.246656,10.480917],[-73.246693,10.480893],[-73.246731,10.480868],[-73.246768,10.480844],[-73.246806,10.480819],[-73.246843,10.480794],[-73.246881,10.48077],[-73.246918,10.480745],[-73.246956,10.480721],[-73.246993,10.480696],[-73.247031,10.480671],[-73.247068,10.480647]]}},{"type":"Feature","properties":{"id":"295b","arista":295,"lado":"b","orientacion":"norte","muestra_inicio":9256,"muestra_cantidad":20},"geometry":{"type":"LineString","coordinates":[[-73.246396,10.481174],[-73.246434,10.48115],[-73.246471,10.481125],[-73.246509,10.481101],[-73.246546,10.481076],[-73.246584,10.481051],[-73.246621,10.481027],[-73.246659,10.481002],[-73.246696,10.480978],[-73.246734,10.480953],[-73.246771,10.480928],[-73.246809,10.480904],[-73.246846,10.480879],[-73.246884,10.480855],[-73.246921,10.48083],[-73.246959,10.480805],[-73.246996,10.480781],[-73.247034,10.480756],[-73.247071,10.480732],[-73.247109,10.480707]]}},{"type":"Feature","properties":{"id":"296a","arista":296,"lado":"a","orientacion":"occidental","muestra_inicio":9276,"muestra_cantidad":11},"geometry":{"type":"LineString","coordinates":[[-73.246848,10.480239],[-73.246876,10.480277],[-73.246903,10.480316],[-73.246931,10.480354],[-73.246958,10.480393],[-73.246986,10.480432],[-73.247013,10.48047],[-73.247041,10.480509],[-73.247068,10.480547],[-73.247092,10.480588],[-73.247123,10.480624]]}},{"type":"Feature","properties":{"id":"296b","arista":296,"lado":"b","orientacion":"oriental","muestra_inicio":9287,"muestra_cantidad":11},"geometry":{"type":"LineString","coordinates":[[-73.246788,10.48028],[-73.246816,10.480319],[-73.246843,10.480358],[-73.246871,10.480396],[-73.246899,10.480435],[-73.246926,10.480473],[-73.246954,10.480512],[-73.246981,10.48055],[-73.247009,10.480589],[-73.247036,10.480628],[-73.247064,10.480666]]}},{"type":"Feature","properties":{"id":"297a","arista":297,"lado":"a","orientacion":"norte","muestra_inicio":9298,"muestra_cantidad":14},"geometry":{"type":"LineString","coordinates":[[-73.245957,10.471769],[-73.24592,10.471794],[-73.245884,10.471819],[-73.245847,10.471843],[-73.245811,10.471868],[-73.245774,10.471893],[-73.245737,10.471918],[-73.245701,10.471943],[-73.245664,10.471967],[-73.245628,10.471992],[-73.245591,10.472017],[-73.245554,10.472042],[-73.245518,10.472067],[-73.245481,10.472091]]}},{"type":"Feature","properties":{"id":"297b","arista":297,"lado":"b","orientacion":"sur","muestra_inicio":9312,"muestra_cantidad":14},"geometry":{"type":"LineString","coordinates":[[-73.245916,10.471709],[-73.245879,10.471734],[-73.245843,10.471759],[-73.245806,10.471784],[-73.245769,10.471809],[-73.245733,10.471833],[-73.245696,10.471858],[-73.24566,10.471883],[-73.245623,10.471908],[-73.245586,10.471933],[-73.24555,10.471957],[-73.245513,10.471982],[-73.245477,10.472007],[-73.24544,10.472032]]}},{"type":"Feature","properties":{"id":"298a","arista":298,"lado":"a","orientacion":"sur","muestra_inicio":9326,"muestra_cantidad":7},"geometry":{"type":"LineString","coordinates":[[-73.241917,10.480437],[-73.241953,10.480412],[-73.241988,10.480386],[-73.242024,10.480361],[-73.242059,10.480335],[-73.242095,10.48031],[-73.24213,10.480285]]}},{"type":"Feature","properties":{"id":"298b","arista":298,"lado":"b","orientacion":"norte","muestra_inicio":9333,"muestra_cantidad":7},"geometry":{"type":"LineString","coordinates":[[-73.24196,10.480496],[-73.241993,10.480467],[-73.242031,10.480445],[-73.242067,10.480419],[-73.242102,10.480394],[-73.242138,10.480369],[-73.242173,10.480343]]}},{"type":"Feature","properties":{"id":"299a","arista":299,"lado":"a","orientacion":"oriental","muestra_inicio":9340,"muestra_cantidad":11},"geometry":{"type":"LineString","coordinates":[[-73.238471,10.476868],[-73.238446,10.476829],[-73.238435,10.47678],[-73.238414,10.476738],[-73.238369,10.47671],[-73.238355,10.476663],[-73.238333,10.476621],[-73.238292,10.476592],[-73.238267,10.476552],[-73.238241,10.476513],[-73.238215,10.476473]]}},{"type":"Feature","properties":{"id":"299b","arista":299,"lado":"b","orientacion":"occidental","muestra_inicio":9351,"muestra_cantidad":11},"geometry":{"type":"LineString","coordinates":[[-73.238533,10.476829],[-73.238507,10.47679],[-73.238482,10.47675],[-73.238456,10.476711],[-73.23843,10.476671],[-73.238405,10.476632],[-73.238379,10.476592],[-73.238354,10.476553],[-73.238328,10.476513],[-73.238303,10.476474],[-73.238277,10.476434]]}},{"type":"Feature","properties":{"id":"300a","arista":300,"lado":"a","orientacion":"oriental","muestra_inicio":9362,"muestra_cantidad":19},"geometry":{"type":"LineString","coordinates":[[-73.2478,10.473403],[-73.247775,10.473366],[-73.247751,10.473329],[-73.247726,10.473291],[-73.247701,10.473254],[-73.247676,10.473217],[-73.247651,10.473179],[-73.247626,10.473142],[-73.247601,10.473105],[-73.247576,10.473067],[-73.247551,10.47303],[-73.247526,10.472993],[-73.247501,10.472956],[-73.247476,10.472918],[-73.247451,10.472881],[-73.247426,10.472844],[-73.247401,10.472806],[-73.247376,10.472769],[-73.247351,10.472732]]}},{"type":"Feature","properties":{"id":"300b","arista":300,"lado":"b","orientacion":"occidental","muestra_inicio":9381,"muestra_cantidad":19},"geometry":{"type":"LineString","coordinates":[[-73.247884,10.473348],[-73.247859,10.473311],[-73.247834,10.473274],[-73.247809,10.473236],[-73.247784,10.473199],[-73.247759,10.473162],[-73.247735,10.473124],[-73.24771,10.473087],[-73.247685,10.47305],[-73.24766,10.473013],[-73.247635,10.472975],[-73.24761,10.472938],[-73.247585,10.472901],[-73.24756,10.472863],[-73.247535,10.472826],[-73.24751,10.472789],[-73.247485,10.472751],[-73.24746,10.472714],[-73.247435,10.472677]]}},{"type":"Feature","properties":{"id":"301a","arista":301,"lado":"a","orientacion":"norte","muestra_inicio":9400,"muestra_cantidad":25},"geometry":{"type":"LineString","coordinates":[[-73.248787,10.472793],[-73.24875,10.472818],[-73.248713,10.472844],[-73.248676,10.47287],[-73.248639,10.472896],[-73.248601,10.472921],[-73.248564,10.472947],[-73.248527,10.472973],[-73.24849,10.472999],[-73.248452,10.473024],[-73.248415,10.47305],[-73.248378,10.473076],[-73.248341,10.473102],[-73.248304,10.473128],[-73.248266,10.473153],[-73.248229,10.473179],[-73.248192,10.473205],[-73.248155,10.473231],[-73.248118,10.473256],[-73.24808,10.473282],[-73.248043,10.473308],[-73.248006,10.473334],[-73.247969,10.473359],[-73.247932,10.473385],[-73.247894,10.473411]]}},{"type":"Feature","properties":{"id":"301b","arista":301,"lado":"b","orientacion":"sur","muestra_inicio":9425,"muestra_cantidad":25},"geometry":{"type":"LineString","coordinates":[[-73.248745,10.472733],[-73.248708,10.472759],[-73.248671,10.472785],[-73.248634,10.472811],[-73.248597,10.472836],[-73.248559,10.472862],[-73.248522,10.472888],[-73.248485,10.472914],[-73.248448,10.472939],[-73.248411,10.472965],[-73.248373,10.472991],[-73.248336,10.473017],[-73.248299,10.473043],[-73.248262,10.473068],[-73.248225,10.473094],[-73.248187,10.47312],[-73.24815,10.473146],[-73.248113,10.473171],[-73.248076,10.473197],[-73.248038,10.473223],[-73.248001,10.473249],[-73.247964,10.473274],[-73.247927,10.4733],[-73.24789,10.473326],[-73.247852,10.473352]]}},{"type":"Feature","properties":{"id":"302a","arista":302,"lado":"a","orientacion":"oriental","muestra_inicio":9450,"muestra_cantidad":1},"geometry":{"type":"LineString","coordinates":[[-73.247836,10.473453],[-73.247825,10.473439]]}},{"type":"Feature","properties":{"id":"302b","arista":302,"lado":"b","orientacion":"occidental","muestra_inicio":9451,"muestra_cantidad":1},"geometry":{"type":"LineString","coordinates":[[-73.247917,10.473395],[-73.247907,10.47338]]}},{"type":"Feature","properties":{"id":"303a","arista":303,"lado":"a","orientacion":"sur","muestra_inicio":9452,"muestra_cantidad":9},"geometry":{"type":"LineString","coordinates":[[-73.239332,10.475637],[-73.23937,10.475611],[-73.239408,10.475584],[-73.239447,10.475558],[-73.239485,10.475531],[-73.239523,10.475505],[-73.239562,10.475478],[-73.2396,10.475451],[-73.239638,10.475425]]}},{"type":"Feature","properties":{"id":"303b","arista":303,"lado":"b","orientacion":"norte","muestra_inicio":9461,"muestra_cantidad":9},"geometry":{"type":"LineString","coordinates":[[-73.239374,10.475696],[-73.239412,10.47567],[-73.23945,10.475643],[-73.239489,10.475617],[-73.239527,10.47559],[-73.239565,10.475564],[-73.239603,10.475537],[-73.239642,10.475511],[-73.23968,10.475484]]}},{"type":"Feature","properties":{"id":"304a","arista":304,"lado":"a","orientacion":"oriental","muestra_inicio":9470,"muestra_cantidad":18},"geometry":{"type":"LineString","coordinates":[[-73.2402,10.476051],[-73.240169,10.476017],[-73.240138,10.475984],[-73.240106,10.475951],[-73.240075,10.475917],[-73.240043,10.475884],[-73.240012,10.47585],[-73.239981,10.475817],[-73.239949,10.475783],[-73.239918,10.47575],[-73.239887,10.475717],[-73.239855,10.475683],[-73.239824,10.47565],[-73.239793,10.475616],[-73.239761,10.475583],[-73.23973,10.475549],[-73.239698,10.475516],[-73.239667,10.475483]]}},{"type":"Feature","properties":{"id":"304b","arista":304,"lado":"b","orientacion":"occidental","muestra_inicio":9488,"muestra_cantidad":18},"geometry":{"type":"LineString","coordinates":[[-73.240254,10.476002],[-73.240222,10.475968],[-73.240191,10.475935],[-73.24016,10.475901],[-73.240128,10.475868],[-73.240097,10.475835],[-73.240066,10.475801],[-73.240034,10.475768],[-73.240003,10.475734],[-73.239972,10.475701],[-73.23994,10.475667],[-73.239909,10.475634],[-73.239877,10.475601],[-73.239846,10.475567],[-73.239815,10.475534],[-73.239783,10.4755],[-73.239752,10.475467],[-73.239721,10.475433]]}},{"type":"Feature","properties":{"id":"305a","arista":305,"lado":"a","orientacion":"occidental","muestra_inicio":9506,"muestra_cantidad":25},"geometry":{"type":"LineString","coordinates":[[-73.239052,10.47453],[-73.239079,10.474566],[-73.239106,10.474602],[-73.239133,10.474639],[-73.239159,10.474675],[-73.239186,10.474711],[-73.239213,10.474748],[-73.23924,10.474784],[-73.239266,10.47482],[-73.239293,10.474857],[-73.23932,10.474893],[-73.239347,10.474929],[-73.239373,10.474966],[-73.2394,10.475002],[-73.239427,10.475038],[-73.239454,10.475075],[-73.23948,10.475111],[-73.239507,10.475147],[-73.239534,10.475184],[-73.239561,10.47522],[-73.239587,10.475256],[-73.239614,10.475293],[-73.239641,10.475329],[-73.239668,10.475366],[-73.239694,10.475402]]}},{"type":"Feature","properties":{"id":"305b","arista":305,"lado":"b","orientacion":"oriental","muestra_inicio":9531,"muestra_cantidad":25},"geometry":{"type":"LineString","coordinates":[[-73.238993,10.474572],[-73.23902,10.474609],[-73.239047,10.474645],[-73.239074,10.474681],[-73.2391,10.474718],[-73.239127,10.474754],[-73.239154,10.47479],[-73.239181,10.474827],[-73.239207,10.474863],[-73.239234,10.474899],[-73.239261,10.474936],[-73.239288,10.474972],[-73.239314,10.475008],[-73.239341,10.475045],[-73.239368,10.475081],[-73.239395,10.475117],[-73.239421,10.475154],[-73.239448,10.47519],[-73.239475,10.475226],[-73.239502,10.475263],[-73.239528,10.475299],[-73.239555,10.475335],[-73.239582,10.475372],[-73.239609,10.475408],[-73.239635,10.475444]]}},{"type":"Feature","properties":{"id":"306a","arista":306,"lado":"a","orientacion":"sur","muestra_inicio":9556,"muestra_cantidad":15},"geometry":{"type":"LineString","coordinates":[[-73.239095,10.475148],[-73.239135,10.475169],[-73.239175,10.475189],[-73.239215,10.47521],[-73.239255,10.475231],[-73.239295,10.475251],[-73.239336,10.47527],[-73.239377,10.475288],[-73.239418,10.475307],[-73.239459,10.475326],[-73.2395,10.475345],[-73.23954,10.475363],[-73.239581,10.475382],[-73.239622,10.475401],[-73.239663,10.47542]]}},{"type":"Feature","properties":{"id":"306b","arista":306,"lado":"b","orientacion":"norte","muestra_inicio":9571,"muestra_cantidad":15},"geometry":{"type":"LineString","coordinates":[[-73.239082,10.475172],[-73.239122,10.475192],[-73.239162,10.475213],[-73.239202,10.475234],[-73.239242,10.475255],[-73.239283,10.475276],[-73.239324,10.475294],[-73.239365,10.475313],[-73.239406,10.475332],[-73.239447,10.475351],[-73.239488,10.475369],[-73.239529,10.475388],[-73.23957,10.475407],[-73.239611,10.475425],[-73.239652,10.475444]]}},{"type":"Feature","properties":{"id":"307a","arista":307,"lado":"a","orientacion":"occidental","muestra_inicio":9586,"muestra_cantidad":13},"geometry":{"type":"LineString","coordinates":[[-73.244518,10.4795],[-73.244543,10.479538],[-73.244569,10.479577],[-73.244595,10.479616],[-73.244621,10.479655],[-73.244647,10.479694],[-73.244674,10.479735],[-73.244695,10.47978],[-73.244714,10.479823],[-73.244733,10.479865],[-73.244753,10.479907],[-73.244772,10.47995],[-73.244791,10.479992]]}},{"type":"Feature","properties":{"id":"307b","arista":307,"lado":"b","orientacion":"oriental","muestra_inicio":9599,"muestra_cantidad":13},"geometry":{"type":"LineString","coordinates":[[-73.244457,10.479539],[-73.244494,10.479571],[-73.244516,10.479612],[-73.244538,10.479653],[-73.24456,10.479695],[-73.244586,10.479734],[-73.24461,10.47977],[-73.244628,10.47981],[-73.244647,10.479852],[-73.244667,10.479895],[-73.244686,10.479937],[-73.244709,10.479978],[-73.244729,10.48002]]}},{"type":"Feature","properties":{"id":"308a","arista":308,"lado":"a","orientacion":"occidental","muestra_inicio":9612,"muestra_cantidad":12},"geometry":{"type":"LineString","coordinates":[[-73.24376,10.474236],[-73.243767,10.474273],[-73.243788,10.474299],[-73.243814,10.474334],[-73.243841,10.474369],[-73.243867,10.474404],[-73.243894,10.474439],[-73.24392,10.474474],[-73.243947,10.474509],[-73.243973,10.474544],[-73.244,10.47458],[-73.244026,10.474615]]}},{"type":"Feature","properties":{"id":"308b","arista":308,"lado":"b","orientacion":"oriental","muestra_inicio":9624,"muestra_cantidad":12},"geometry":{"type":"LineString","coordinates":[[-73.243688,10.474249],[-73.243698,10.474297],[-73.243729,10.474342],[-73.243756,10.474377],[-73.243782,10.474413],[-73.243809,10.474448],[-73.243835,10.474483],[-73.243862,10.474518],[-73.243888,10.474553],[-73.243915,10.474588],[-73.243941,10.474623],[-73.243968,10.474658]]}},{"type":"Feature","properties":{"id":"309a","arista":309,"lado":"a","orientacion":"occidental","muestra_inicio":9636,"muestra_cantidad":21},"geometry":{"type":"LineString","coordinates":[[-73.243724,10.473282],[-73.243726,10.473328],[-73.243728,10.473373],[-73.24373,10.473419],[-73.243732,10.473465],[-73.243734,10.47351],[-73.243735,10.473556],[-73.243737,10.473602],[-73.243739,10.473648],[-73.243741,10.473693],[-73.243743,10.473739],[-73.243745,10.473785],[-73.243747,10.47383],[-73.243748,10.473876],[-73.24375,10.473922],[-73.243752,10.473968],[-73.243754,10.474013],[-73.243756,10.474059],[-73.243758,10.474105],[-73.24376,10.474151],[-73.243761,10.474197]]}},{"type":"Feature","properties":{"id":"309b","arista":309,"lado":"b","orientacion":"oriental","muestra_inicio":9657,"muestra_cantidad":21},"geometry":{"type":"LineString","coordinates":[[-73.243642,10.473285],[-73.243644,10.473331],[-73.243646,10.473377],[-73.243648,10.473422],[-73.24365,10.473468],[-73.243651,10.473514],[-73.243653,10.473559],[-73.243655,10.473605],[-73.243657,10.473651],[-73.243659,10.473697],[-73.243661,10.473742],[-73.243663,10.473788],[-73.243664,10.473834],[-73.243666,10.473879],[-73.243668,10.473925],[-73.24367,10.473971],[-73.243672,10.474017],[-73.243674,10.474062],[-73.243676,10.474108],[-73.243677,10.474153],[-73.243679,10.474199]]}},{"type":"Feature","properties":{"id":"310a","arista":310,"lado":"a","orientacion":"sur","muestra_inicio":9678,"muestra_cantidad":1},"geometry":{"type":"LineString","coordinates":[[-73.243926,10.48096],[-73.243941,10.48095]]}},{"type":"Feature","properties":{"id":"310b","arista":310,"lado":"b","orientacion":"norte","muestra_inicio":9679,"muestra_cantidad":1},"geometry":{"type":"LineString","coordinates":[[-73.243965,10.481021],[-73.24398,10.481011]]}},{"type":"Feature","properties":{"id":"311a","arista":311,"lado":"a","orientacion":"norte","muestra_inicio":9680,"muestra_cantidad":9},"geometry":{"type":"LineString","coordinates":[[-73.244316,10.480824],[-73.244277,10.480846],[-73.244222,10.48084],[-73.244187,10.48087],[-73.244151,10.480895],[-73.244116,10.480925],[-73.244082,10.480954],[-73.244043,10.480976],[-73.244004,10.480998]]}},{"type":"Feature","properties":{"id":"311b","arista":311,"lado":"b","orientacion":"sur","muestra_inicio":9689,"muestra_cantidad":9},"geometry":{"type":"LineString","coordinates":[[-73.24428,10.480761],[-73.244241,10.480783],[-73.244202,10.480804],[-73.244163,10.480826],[-73.244124,10.480848],[-73.244085,10.48087],[-73.244046,10.480891],[-73.244007,10.480913],[-73.243968,10.480935]]}},{"type":"Feature","properties":{"id":"312a","arista":312,"lado":"a","orientacion":"oriental","muestra_inicio":9698,"muestra_cantidad":16},"geometry":{"type":"LineString","coordinates":[[-73.249677,10.476153],[-73.24965,10.476116],[-73.249624,10.476078],[-73.249597,10.47604],[-73.24957,10.476002],[-73.249544,10.475964],[-73.249517,10.475926],[-73.249491,10.475888],[-73.249464,10.47585],[-73.249438,10.475812],[-73.249411,10.475774],[-73.249384,10.475736],[-73.249358,10.475698],[-73.249331,10.47566],[-73.249305,10.475622],[-73.249278,10.475584]]}},{"type":"Feature","properties":{"id":"312b","arista":312,"lado":"b","orientacion":"occidental","muestra_inicio":9714,"muestra_cantidad":16},"geometry":{"type":"LineString","coordinates":[[-73.249759,10.476097],[-73.249733,10.476059],[-73.249706,10.476021],[-73.24968,10.475983],[-73.249653,10.475945],[-73.249626,10.475907],[-73.2496,10.475869],[-73.249573,10.475831],[-73.249547,10.475793],[-73.24952,10.475755],[-73.249494,10.475717],[-73.249467,10.47568],[-73.24944,10.475642],[-73.249414,10.475604],[-73.249387,10.475566],[-73.249361,10.475528]]}},{"type":"Feature","properties":{"id":"313a","arista":313,"lado":"a","orientacion":"sur","muestra_inicio":9730,"muestra_cantidad":2},"geometry":{"type":"LineString","coordinates":[[-73.249663,10.476145],[-73.249695,10.476124]]}},{"type":"Feature","properties":{"id":"313b","arista":313,"lado":"b","orientacion":"norte","muestra_inicio":9732,"muestra_cantidad":2},"geometry":{"type":"LineString","coordinates":[[-73.249704,10.476206],[-73.249736,10.476185]]}},{"type":"Feature","properties":{"id":"314a","arista":314,"lado":"a","orientacion":"sur","muestra_inicio":9734,"muestra_cantidad":14},"geometry":{"type":"LineString","coordinates":[[-73.240237,10.476001],[-73.240271,10.475973],[-73.240306,10.475945],[-73.24034,10.475917],[-73.240375,10.475889],[-73.240409,10.475861],[-73.240444,10.475833],[-73.240478,10.475805],[-73.240513,10.475777],[-73.240547,10.475749],[-73.240582,10.475721],[-73.240616,10.475693],[-73.240651,10.475665],[-73.240685,10.475637]]}},{"type":"Feature","properties":{"id":"314b","arista":314,"lado":"b","orientacion":"norte","muestra_inicio":9748,"muestra_cantidad":14},"geometry":{"type":"LineString","coordinates":[[-73.240283,10.476057],[-73.240318,10.476029],[-73.240352,10.476001],[-73.240387,10.475973],[-73.240421,10.475945],[-73.240456,10.475917],[-73.24049,10.475889],[-73.240525,10.475861],[-73.240559,10.475833],[-73.240594,10.475805],[-73.240628,10.475777],[-73.240663,10.475749],[-73.240697,10.475721],[-73.240732,10.475693]]}},{"type":"Feature","properties":{"id":"315a","arista":315,"lado":"a","orientacion":"occidental","muestra_inicio":9762,"muestra_cantidad":13},"geometry":{"type":"LineString","coordinates":[[-73.240778,10.475634],[-73.240808,10.475667],[-73.240838,10.4757],[-73.240867,10.475733],[-73.240897,10.475766],[-73.240926,10.475799],[-73.240956,10.475832],[-73.240986,10.475865],[-73.241015,10.475898],[-73.241045,10.475931],[-73.241075,10.475964],[-73.241104,10.475997],[-73.241134,10.47603]]}},{"type":"Feature","properties":{"id":"315b","arista":315,"lado":"b","orientacion":"oriental","muestra_inicio":9775,"muestra_cantidad":13},"geometry":{"type":"LineString","coordinates":[[-73.240703,10.475701],[-73.240733,10.475733],[-73.240776,10.475754],[-73.240802,10.47579],[-73.240832,10.475823],[-73.240858,10.475859],[-73.240884,10.475895],[-73.240911,10.475931],[-73.24094,10.475964],[-73.24097,10.475997],[-73.240999,10.47603],[-73.241029,10.476063],[-73.241059,10.476096]]}},{"type":"Feature","properties":{"id":"316a","arista":316,"lado":"a","orientacion":"occidental","muestra_inicio":9788,"muestra_cantidad":26},"geometry":{"type":"LineString","coordinates":[[-73.245146,10.4778],[-73.245172,10.477837],[-73.245198,10.477874],[-73.245225,10.477912],[-73.245251,10.477949],[-73.245277,10.477986],[-73.245303,10.478024],[-73.245329,10.478061],[-73.245355,10.478098],[-73.245381,10.478135],[-73.245407,10.478173],[-73.245433,10.47821],[-73.24546,10.478247],[-73.245486,10.478285],[-73.245508,10.478325],[-73.245534,10.478362],[-73.245556,10.478402],[-73.245583,10.478439],[-73.245612,10.478474],[-73.245642,10.478508],[-73.245665,10.478548],[-73.245694,10.478583],[-73.245717,10.478623],[-73.245743,10.47866],[-73.245769,10.478697],[-73.245799,10.478732]]}},{"type":"Feature","properties":{"id":"316b","arista":316,"lado":"b","orientacion":"oriental","muestra_inicio":9814,"muestra_cantidad":26},"geometry":{"type":"LineString","coordinates":[[-73.245086,10.477841],[-73.245131,10.477865],[-73.245157,10.477903],[-73.245183,10.47794],[-73.245206,10.47798],[-73.245232,10.478017],[-73.245258,10.478054],[-73.24528,10.478094],[-73.245306,10.478132],[-73.245329,10.478172],[-73.245355,10.478209],[-73.245381,10.478246],[-73.245399,10.478289],[-73.245426,10.478326],[-73.245452,10.478363],[-73.245478,10.4784],[-73.245504,10.478438],[-73.24553,10.478475],[-73.245556,10.478512],[-73.245582,10.47855],[-73.245608,10.478587],[-73.245634,10.478624],[-73.245661,10.478661],[-73.245687,10.478699],[-73.245713,10.478736],[-73.245739,10.478773]]}},{"type":"Feature","properties":{"id":"317a","arista":317,"lado":"a","orientacion":"sur","muestra_inicio":9840,"muestra_cantidad":17},"geometry":{"type":"LineString","coordinates":[[-73.245113,10.479085],[-73.245152,10.479064],[-73.245192,10.479044],[-73.245231,10.479023],[-73.245271,10.479002],[-73.24531,10.478981],[-73.24535,10.47896],[-73.245389,10.478939],[-73.245429,10.478918],[-73.245468,10.478897],[-73.245508,10.478876],[-73.245547,10.478855],[-73.245587,10.478834],[-73.245626,10.478813],[-73.245666,10.478792],[-73.245705,10.478771],[-73.245745,10.47875]]}},{"type":"Feature","properties":{"id":"317b","arista":317,"lado":"b","orientacion":"norte","muestra_inicio":9857,"muestra_cantidad":17},"geometry":{"type":"LineString","coordinates":[[-73.245147,10.479149],[-73.245187,10.479128],[-73.245226,10.479107],[-73.245266,10.479086],[-73.245305,10.479065],[-73.245345,10.479044],[-73.245384,10.479023],[-73.245424,10.479002],[-73.245463,10.478981],[-73.245503,10.478961],[-73.245542,10.47894],[-73.245582,10.478919],[-73.245621,10.478898],[-73.245661,10.478877],[-73.2457,10.478856],[-73.24574,10.478835],[-73.245779,10.478814]]}},{"type":"Feature","properties":{"id":"318a","arista":318,"lado":"a","orientacion":"norte","muestra_inicio":9874,"muestra_cantidad":9},"geometry":{"type":"LineString","coordinates":[[-73.246138,10.478607],[-73.2461,10.478633],[-73.24606,10.478656],[-73.24602,10.478678],[-73.245978,10.478697],[-73.245938,10.47872],[-73.245898,10.478742],[-73.24586,10.478769],[-73.24582,10.478791]]}},{"type":"Feature","properties":{"id":"318b","arista":318,"lado":"b","orientacion":"sur","muestra_inicio":9883,"muestra_cantidad":9},"geometry":{"type":"LineString","coordinates":[[-73.246104,10.478548],[-73.246064,10.47857],[-73.246024,10.478593],[-73.245984,10.478616],[-73.245944,10.478638],[-73.245904,10.478661],[-73.245864,10.478683],[-73.245824,10.478706],[-73.245784,10.478729]]}},{"type":"Feature","properties":{"id":"319a","arista":319,"lado":"a","orientacion":"sur","muestra_inicio":9892,"muestra_cantidad":10},"geometry":{"type":"LineString","coordinates":[[-73.24676,10.476176],[-73.246797,10.476152],[-73.246833,10.476128],[-73.24687,10.476104],[-73.246906,10.47608],[-73.246943,10.476055],[-73.246979,10.476031],[-73.247015,10.476007],[-73.247052,10.475983],[-73.247088,10.475959]]}},{"type":"Feature","properties":{"id":"319b","arista":319,"lado":"b","orientacion":"norte","muestra_inicio":9902,"muestra_cantidad":10},"geometry":{"type":"LineString","coordinates":[[-73.246801,10.476236],[-73.246837,10.476212],[-73.246874,10.476188],[-73.24691,10.476164],[-73.246947,10.47614],[-73.246983,10.476116],[-73.24702,10.476092],[-73.247056,10.476067],[-73.247092,10.476043],[-73.247129,10.476019]]}},{"type":"Feature","properties":{"id":"320a","arista":320,"lado":"a","orientacion":"oriental","muestra_inicio":9912,"muestra_cantidad":9},"geometry":{"type":"LineString","coordinates":[[-73.24695,10.476542],[-73.246924,10.476507],[-73.246898,10.476471],[-73.246872,10.476436],[-73.246846,10.476401],[-73.24682,10.476365],[-73.246794,10.47633],[-73.246768,10.476295],[-73.246742,10.47626]]}},{"type":"Feature","properties":{"id":"320b","arista":320,"lado":"b","orientacion":"occidental","muestra_inicio":9921,"muestra_cantidad":9},"geometry":{"type":"LineString","coordinates":[[-73.247016,10.476494],[-73.24699,10.476459],[-73.246964,10.476424],[-73.246938,10.476388],[-73.246912,10.476353],[-73.246886,10.476318],[-73.24686,10.476282],[-73.246834,10.476247],[-73.246809,10.476212]]}},{"type":"Feature","properties":{"id":"321a","arista":321,"lado":"a","orientacion":"norte","muestra_inicio":9930,"muestra_cantidad":11},"geometry":{"type":"LineString","coordinates":[[-73.247894,10.474727],[-73.247836,10.474726],[-73.247796,10.474752],[-73.247756,10.474777],[-73.247716,10.474803],[-73.247676,10.474828],[-73.247636,10.474854],[-73.247596,10.474879],[-73.247556,10.474905],[-73.247516,10.474931],[-73.247476,10.474956]]}},{"type":"Feature","properties":{"id":"321b","arista":321,"lado":"b","orientacion":"sur","muestra_inicio":9941,"muestra_cantidad":11},"geometry":{"type":"LineString","coordinates":[[-73.247854,10.474666],[-73.247814,10.474692],[-73.247774,10.474718],[-73.247734,10.474743],[-73.247694,10.474769],[-73.247654,10.474794],[-73.247614,10.47482],[-73.247574,10.474845],[-73.247534,10.474871],[-73.247494,10.474896],[-73.247453,10.474922]]}},{"type":"Feature","properties":{"id":"322a","arista":322,"lado":"a","orientacion":"oriental","muestra_inicio":9952,"muestra_cantidad":43},"geometry":{"type":"LineString","coordinates":[[-73.240202,10.475014],[-73.240174,10.474977],[-73.240146,10.474941],[-73.240119,10.474905],[-73.240091,10.474868],[-73.240063,10.474832],[-73.240035,10.474795],[-73.240008,10.474759],[-73.23998,10.474722],[-73.239952,10.474686],[-73.239924,10.474649],[-73.239897,10.474613],[-73.239869,10.474577],[-73.239841,10.47454],[-73.239813,10.474504],[-73.239786,10.474467],[-73.239758,10.474431],[-73.23973,10.474394],[-73.239702,10.474358],[-73.239675,10.474321],[-73.239647,10.474285],[-73.239619,10.474249],[-73.239591,10.474212],[-73.239564,10.474176],[-73.239536,10.474139],[-73.239508,10.474103],[-73.23948,10.474066],[-73.239452,10.47403],[-73.239425,10.473993],[-73.239397,10.473957],[-73.239369,10.473921],[-73.239341,10.473884],[-73.239314,10.473848],[-73.239286,10.473811],[-73.239258,10.473775],[-73.23923,10.473738],[-73.239203,10.473702],[-73.239175,10.473665],[-73.239147,10.473629],[-73.239119,10.473592],[-73.239092,10.473556],[-73.239064,10.47352],[-73.239036,10.473483]]}},{"type":"Feature","properties":{"id":"322b","arista":322,"lado":"b","orientacion":"occidental","muestra_inicio":9995,"muestra_cantidad":43},"geometry":{"type":"LineString","coordinates":[[-73.240282,10.474954],[-73.240254,10.474918],[-73.240227,10.474881],[-73.240199,10.474845],[-73.240171,10.474808],[-73.240143,10.474772],[-73.240116,10.474735],[-73.240088,10.474699],[-73.24006,10.474662],[-73.240032,10.474626],[-73.240005,10.47459],[-73.239977,10.474553],[-73.239949,10.474517],[-73.239921,10.47448],[-73.239894,10.474444],[-73.239866,10.474407],[-73.239838,10.474371],[-73.23981,10.474334],[-73.239783,10.474298],[-73.239755,10.474262],[-73.239727,10.474225],[-73.239699,10.474189],[-73.239672,10.474152],[-73.239644,10.474116],[-73.239616,10.474079],[-73.239588,10.474043],[-73.23956,10.474006],[-73.239533,10.47397],[-73.239505,10.473934],[-73.239477,10.473897],[-73.239449,10.473861],[-73.239422,10.473824],[-73.239394,10.473788],[-73.239366,10.473751],[-73.239338,10.473715],[-73.239311,10.473678],[-73.239283,10.473642],[-73.239255,10.473606],[-73.239227,10.473569],[-73.2392,10.473533],[-73.239172,10.473496],[-73.239144,10.47346],[-73.239116,10.473423]]}},{"type":"Feature","properties":{"id":"323a","arista":323,"lado":"a","orientacion":"norte","muestra_inicio":10038,"muestra_cantidad":29},"geometry":{"type":"LineString","coordinates":[[-73.241313,10.474235],[-73.241271,10.474255],[-73.241237,10.474287],[-73.241204,10.474318],[-73.241168,10.474346],[-73.241131,10.474374],[-73.241095,10.474402],[-73.241059,10.47443],[-73.241022,10.474458],[-73.240986,10.474486],[-73.24095,10.474514],[-73.240905,10.474531],[-73.240872,10.474563],[-73.240835,10.474591],[-73.240805,10.474626],[-73.240768,10.474654],[-73.240732,10.474682],[-73.240696,10.47471],[-73.240659,10.474737],[-73.240623,10.474765],[-73.240587,10.474793],[-73.240551,10.474821],[-73.240514,10.474849],[-73.240478,10.474877],[-73.240442,10.474905],[-73.240405,10.474933],[-73.240369,10.474961],[-73.240333,10.474989],[-73.240296,10.475017]]}},{"type":"Feature","properties":{"id":"323b","arista":323,"lado":"b","orientacion":"sur","muestra_inicio":10067,"muestra_cantidad":29},"geometry":{"type":"LineString","coordinates":[[-73.241268,10.474178],[-73.241232,10.474205],[-73.241195,10.474233],[-73.241159,10.474261],[-73.241123,10.474289],[-73.241087,10.474317],[-73.24105,10.474345],[-73.241014,10.474373],[-73.240978,10.474401],[-73.240941,10.474429],[-73.240905,10.474457],[-73.240869,10.474485],[-73.240832,10.474513],[-73.240796,10.474541],[-73.24076,10.474569],[-73.240724,10.474597],[-73.240687,10.474624],[-73.240651,10.474652],[-73.240615,10.47468],[-73.240578,10.474708],[-73.240542,10.474736],[-73.240506,10.474764],[-73.240469,10.474792],[-73.240433,10.47482],[-73.240397,10.474848],[-73.240361,10.474876],[-73.240324,10.474904],[-73.240288,10.474932],[-73.240252,10.47496]]}},{"type":"Feature","properties":{"id":"324a","arista":324,"lado":"a","orientacion":"norte","muestra_inicio":10096,"muestra_cantidad":10},"geometry":{"type":"LineString","coordinates":[[-73.247202,10.478643],[-73.247158,10.478665],[-73.247122,10.478697],[-73.247087,10.478728],[-73.247048,10.478757],[-73.24701,10.478785],[-73.246972,10.478814],[-73.246933,10.478842],[-73.246895,10.47887],[-73.246856,10.478899]]}},{"type":"Feature","properties":{"id":"324b","arista":324,"lado":"b","orientacion":"sur","muestra_inicio":10106,"muestra_cantidad":10},"geometry":{"type":"LineString","coordinates":[[-73.247158,10.478585],[-73.24712,10.478614],[-73.247082,10.478642],[-73.247043,10.47867],[-73.247005,10.478699],[-73.246966,10.478727],[-73.246928,10.478756],[-73.246892,10.478787],[-73.246854,10.478816],[-73.246813,10.478841]]}},{"type":"Feature","properties":{"id":"325a","arista":325,"lado":"a","orientacion":"occidental","muestra_inicio":10116,"muestra_cantidad":14},"geometry":{"type":"LineString","coordinates":[[-73.246465,10.47838],[-73.246493,10.478416],[-73.246521,10.478452],[-73.246549,10.478487],[-73.246577,10.478523],[-73.246605,10.478558],[-73.246633,10.478594],[-73.246661,10.47863],[-73.24669,10.478665],[-73.246718,10.478701],[-73.246746,10.478737],[-73.246774,10.478772],[-73.246798,10.478811],[-73.24683,10.478844]]}},{"type":"Feature","properties":{"id":"325b","arista":325,"lado":"b","orientacion":"oriental","muestra_inicio":10130,"muestra_cantidad":14},"geometry":{"type":"LineString","coordinates":[[-73.246407,10.478425],[-73.246435,10.47846],[-73.246463,10.478496],[-73.246491,10.478532],[-73.24652,10.478567],[-73.246548,10.478603],[-73.246576,10.478639],[-73.246604,10.478674],[-73.246632,10.47871],[-73.24666,10.478746],[-73.246688,10.478781],[-73.246716,10.478817],[-73.246744,10.478852],[-73.246772,10.478888]]}},{"type":"Feature","properties":{"id":"326a","arista":326,"lado":"a","orientacion":"oriental","muestra_inicio":10144,"muestra_cantidad":16},"geometry":{"type":"LineString","coordinates":[[-73.247212,10.479481],[-73.247186,10.479442],[-73.247161,10.479403],[-73.247135,10.479364],[-73.24711,10.479325],[-73.247085,10.479287],[-73.247059,10.479248],[-73.247034,10.479209],[-73.247007,10.479176],[-73.246978,10.47914],[-73.246948,10.479104],[-73.246919,10.479068],[-73.24689,10.479032],[-73.24686,10.478996],[-73.246831,10.47896],[-73.246802,10.478924]]}},{"type":"Feature","properties":{"id":"326b","arista":326,"lado":"b","orientacion":"occidental","muestra_inicio":10160,"muestra_cantidad":16},"geometry":{"type":"LineString","coordinates":[[-73.247273,10.479441],[-73.247247,10.479402],[-73.247199,10.479378],[-73.247174,10.47934],[-73.247152,10.479298],[-73.247127,10.47926],[-73.247101,10.479221],[-73.247076,10.479182],[-73.24705,10.479142],[-73.247028,10.4791],[-73.246998,10.479064],[-73.246972,10.479025],[-73.246947,10.478987],[-73.246917,10.478951],[-73.246888,10.478915],[-73.246858,10.478879]]}},{"type":"Feature","properties":{"id":"327a","arista":327,"lado":"a","orientacion":"norte","muestra_inicio":10176,"muestra_cantidad":17},"geometry":{"type":"LineString","coordinates":[[-73.245518,10.47444],[-73.245482,10.474466],[-73.245446,10.474493],[-73.24541,10.47452],[-73.245374,10.474546],[-73.245339,10.474573],[-73.245303,10.4746],[-73.245267,10.474626],[-73.245231,10.474653],[-73.245195,10.47468],[-73.245159,10.474706],[-73.245124,10.474733],[-73.245088,10.47476],[-73.245052,10.474787],[-73.245016,10.474813],[-73.24498,10.47484],[-73.244944,10.474867]]}},{"type":"Feature","properties":{"id":"327b","arista":327,"lado":"b","orientacion":"sur","muestra_inicio":10193,"muestra_cantidad":17},"geometry":{"type":"LineString","coordinates":[[-73.245474,10.474382],[-73.245438,10.474408],[-73.245402,10.474435],[-73.245366,10.474462],[-73.245331,10.474489],[-73.245295,10.474515],[-73.245259,10.474542],[-73.245223,10.474569],[-73.245187,10.474595],[-73.245151,10.474622],[-73.245115,10.474649],[-73.24508,10.474675],[-73.245044,10.474702],[-73.245008,10.474729],[-73.244972,10.474755],[-73.244936,10.474782],[-73.2449,10.474809]]}},{"type":"Feature","properties":{"id":"328a","arista":328,"lado":"a","orientacion":"oriental","muestra_inicio":10210,"muestra_cantidad":14},"geometry":{"type":"LineString","coordinates":[[-73.245467,10.474401],[-73.245441,10.474363],[-73.245415,10.474325],[-73.24539,10.474287],[-73.245364,10.474249],[-73.245338,10.474211],[-73.245313,10.474173],[-73.245287,10.474135],[-73.245261,10.474097],[-73.245236,10.474059],[-73.24521,10.474021],[-73.245184,10.473983],[-73.245159,10.473945],[-73.245133,10.473907]]}},{"type":"Feature","properties":{"id":"328b","arista":328,"lado":"b","orientacion":"occidental","muestra_inicio":10224,"muestra_cantidad":14},"geometry":{"type":"LineString","coordinates":[[-73.245535,10.474356],[-73.245509,10.474318],[-73.245484,10.47428],[-73.245458,10.474242],[-73.245432,10.474204],[-73.245407,10.474166],[-73.245381,10.474128],[-73.245355,10.47409],[-73.24533,10.474052],[-73.245304,10.474014],[-73.245278,10.473976],[-73.245253,10.473938],[-73.245227,10.4739],[-73.245201,10.473862]]}},{"type":"Feature","properties":{"id":"329a","arista":329,"lado":"a","orientacion":"sur","muestra_inicio":10238,"muestra_cantidad":11},"geometry":{"type":"LineString","coordinates":[[-73.250314,10.477945],[-73.250355,10.477923],[-73.250396,10.477901],[-73.250437,10.477879],[-73.250477,10.477857],[-73.250518,10.477835],[-73.250559,10.477813],[-73.2506,10.477791],[-73.25064,10.47777],[-73.250681,10.477748],[-73.250722,10.477726]]}},{"type":"Feature","properties":{"id":"329b","arista":329,"lado":"b","orientacion":"norte","muestra_inicio":10249,"muestra_cantidad":11},"geometry":{"type":"LineString","coordinates":[[-73.250349,10.478008],[-73.25039,10.477986],[-73.250431,10.477964],[-73.250471,10.477943],[-73.250512,10.477921],[-73.250553,10.477899],[-73.250594,10.477877],[-73.250634,10.477855],[-73.250675,10.477833],[-73.250716,10.477811],[-73.250757,10.477789]]}},{"type":"Feature","properties":{"id":"330a","arista":330,"lado":"a","orientacion":"norte","muestra_inicio":10260,"muestra_cantidad":1},"geometry":{"type":"LineString","coordinates":[[-73.250811,10.477754],[-73.250796,10.477765]]}},{"type":"Feature","properties":{"id":"330b","arista":330,"lado":"b","orientacion":"sur","muestra_inicio":10261,"muestra_cantidad":1},"geometry":{"type":"LineString","coordinates":[[-73.250768,10.477696],[-73.250754,10.477706]]}},{"type":"Feature","properties":{"id":"331a","arista":331,"lado":"a","orientacion":"occidental","muestra_inicio":10262,"muestra_cantidad":13},"geometry":{"type":"LineString","coordinates":[[-73.250814,10.477736],[-73.25084,10.477773],[-73.250866,10.47781],[-73.250892,10.477847],[-73.250919,10.477884],[-73.250945,10.47792],[-73.250971,10.477957],[-73.250997,10.477994],[-73.251023,10.478031],[-73.25105,10.478068],[-73.251076,10.478105],[-73.251102,10.478141],[-73.251128,10.478178]]}},{"type":"Feature","properties":{"id":"331b","arista":331,"lado":"b","orientacion":"oriental","muestra_inicio":10275,"muestra_cantidad":13},"geometry":{"type":"LineString","coordinates":[[-73.250732,10.477794],[-73.250758,10.47783],[-73.250784,10.477867],[-73.25081,10.477904],[-73.250836,10.477941],[-73.250863,10.477978],[-73.250889,10.478015],[-73.250915,10.478051],[-73.250941,10.478088],[-73.250967,10.478125],[-73.250994,10.478162],[-73.25102,10.478199],[-73.251046,10.478236]]}},{"type":"Feature","properties":{"id":"332a","arista":332,"lado":"a","orientacion":"oriental","muestra_inicio":10288,"muestra_cantidad":14},"geometry":{"type":"LineString","coordinates":[[-73.246642,10.48311],[-73.246617,10.48307],[-73.246593,10.48303],[-73.246569,10.48299],[-73.246544,10.482951],[-73.24652,10.482911],[-73.246496,10.482871],[-73.246471,10.482832],[-73.246447,10.482792],[-73.246422,10.482752],[-73.246398,10.482712],[-73.246374,10.482673],[-73.246349,10.482633],[-73.246325,10.482593]]}},{"type":"Feature","properties":{"id":"332b","arista":332,"lado":"b","orientacion":"occidental","muestra_inicio":10302,"muestra_cantidad":14},"geometry":{"type":"LineString","coordinates":[[-73.246704,10.483072],[-73.24668,10.483032],[-73.246655,10.482993],[-73.246631,10.482953],[-73.246607,10.482913],[-73.246582,10.482873],[-73.246558,10.482834],[-73.246534,10.482794],[-73.246505,10.482757],[-73.246485,10.482715],[-73.246457,10.482677],[-73.246428,10.48264],[-73.246404,10.4826],[-73.246376,10.482563]]}},{"type":"Feature","properties":{"id":"333a","arista":333,"lado":"a","orientacion":"sur","muestra_inicio":10316,"muestra_cantidad":1},"geometry":{"type":"LineString","coordinates":[[-73.24634,10.482513],[-73.246355,10.482503]]}},{"type":"Feature","properties":{"id":"333b","arista":333,"lado":"b","orientacion":"norte","muestra_inicio":10317,"muestra_cantidad":1},"geometry":{"type":"LineString","coordinates":[[-73.246375,10.482561],[-73.246389,10.48255]]}},{"type":"Feature","properties":{"id":"334a","arista":334,"lado":"a","orientacion":"sur","muestra_inicio":10318,"muestra_cantidad":13},"geometry":{"type":"LineString","coordinates":[[-73.245852,10.482853],[-73.245889,10.482826],[-73.245927,10.4828],[-73.245965,10.482774],[-73.246002,10.482748],[-73.24604,10.482722],[-73.246078,10.482695],[-73.246116,10.482669],[-73.246153,10.482643],[-73.246191,10.482617],[-73.246229,10.482591],[-73.246266,10.482564],[-73.246304,10.482538]]}},{"type":"Feature","properties":{"id":"334b","arista":334,"lado":"b","orientacion":"norte","muestra_inicio":10331,"muestra_cantidad":13},"geometry":{"type":"LineString","coordinates":[[-73.245894,10.482912],[-73.245931,10.482886],[-73.245969,10.482859],[-73.246007,10.482833],[-73.246044,10.482807],[-73.246082,10.482781],[-73.24612,10.482755],[-73.246158,10.482728],[-73.246195,10.482702],[-73.246233,10.482676],[-73.246271,10.48265],[-73.246308,10.482624],[-73.246346,10.482597]]}},{"type":"Feature","properties":{"id":"335a","arista":335,"lado":"a","orientacion":"oriental","muestra_inicio":10344,"muestra_cantidad":23},"geometry":{"type":"LineString","coordinates":[[-73.24258,10.47417],[-73.242556,10.474132],[-73.242531,10.474095],[-73.242506,10.474058],[-73.242482,10.474021],[-73.242457,10.473983],[-73.242433,10.473946],[-73.242408,10.473909],[-73.242383,10.473872],[-73.242359,10.473834],[-73.242334,10.473797],[-73.24231,10.47376],[-73.242285,10.473723],[-73.24226,10.473685],[-73.242236,10.473648],[-73.242211,10.473611],[-73.242187,10.473574],[-73.242162,10.473536],[-73.242137,10.473499],[-73.242113,10.473462],[-73.242088,10.473425],[-73.242063,10.473387],[-73.242039,10.47335]]}},{"type":"Feature","properties":{"id":"335b","arista":335,"lado":"b","orientacion":"occidental","muestra_inicio":10367,"muestra_cantidad":23},"geometry":{"type":"LineString","coordinates":[[-73.242641,10.47413],[-73.242617,10.474093],[-73.242592,10.474055],[-73.242568,10.474018],[-73.242543,10.473981],[-73.242518,10.473944],[-73.242494,10.473907],[-73.242469,10.473869],[-73.242445,10.473832],[-73.24242,10.473795],[-73.242395,10.473758],[-73.242371,10.47372],[-73.242346,10.473683],[-73.242321,10.473646],[-73.242297,10.473609],[-73.242272,10.473571],[-73.242248,10.473534],[-73.242223,10.473497],[-73.242198,10.47346],[-73.242174,10.473422],[-73.242149,10.473385],[-73.242125,10.473348],[-73.2421,10.473311]]}},{"type":"Feature","properties":{"id":"336a","arista":336,"lado":"a","orientacion":"oriental","muestra_inicio":10390,"muestra_cantidad":14},"geometry":{"type":"LineString","coordinates":[[-73.242477,10.477505],[-73.242469,10.477482],[-73.242437,10.477448],[-73.242405,10.477413],[-73.242374,10.477381],[-73.242341,10.477347],[-73.242307,10.477314],[-73.242274,10.477281],[-73.242241,10.477248],[-73.242208,10.477214],[-73.242174,10.477181],[-73.242141,10.477148],[-73.242108,10.477115],[-73.242075,10.477082]]}},{"type":"Feature","properties":{"id":"336b","arista":336,"lado":"b","orientacion":"occidental","muestra_inicio":10404,"muestra_cantidad":14},"geometry":{"type":"LineString","coordinates":[[-73.242573,10.477475],[-73.242529,10.477427],[-73.242511,10.47738],[-73.242479,10.477346],[-73.242432,10.477323],[-73.242399,10.47729],[-73.242366,10.477257],[-73.242332,10.477224],[-73.242299,10.47719],[-73.242269,10.477154],[-73.242236,10.477121],[-73.242206,10.477084],[-73.242173,10.477051],[-73.242146,10.477012]]}},{"type":"Feature","properties":{"id":"337a","arista":337,"lado":"a","orientacion":"norte","muestra_inicio":10418,"muestra_cantidad":34},"geometry":{"type":"LineString","coordinates":[[-73.240596,10.47341],[-73.240567,10.473411],[-73.240521,10.473413],[-73.240474,10.473415],[-73.240428,10.473416],[-73.240382,10.473418],[-73.240336,10.47342],[-73.240289,10.473422],[-73.240243,10.473424],[-73.240197,10.473426],[-73.240151,10.473427],[-73.240104,10.473429],[-73.240058,10.473431],[-73.240012,10.473433],[-73.239966,10.473435],[-73.239919,10.473437],[-73.239873,10.473439],[-73.239827,10.47344],[-73.239781,10.473442],[-73.239734,10.473444],[-73.239688,10.473446],[-73.239642,10.473448],[-73.239596,10.47345],[-73.239549,10.473452],[-73.239503,10.473453],[-73.239457,10.473455],[-73.239411,10.473457],[-73.239364,10.473459],[-73.239318,10.473461],[-73.239272,10.473463],[-73.239226,10.473465],[-73.239179,10.473466],[-73.239133,10.473468],[-73.239087,10.47347]]}},{"type":"Feature","properties":{"id":"337b","arista":337,"lado":"b","orientacion":"sur","muestra_inicio":10452,"muestra_cantidad":34},"geometry":{"type":"LineString","coordinates":[[-73.240625,10.473344],[-73.240564,10.473339],[-73.240518,10.47334],[-73.240471,10.473342],[-73.240425,10.473344],[-73.240379,10.473346],[-73.240333,10.473348],[-73.240286,10.47335],[-73.24024,10.473352],[-73.240194,10.473353],[-73.240148,10.473355],[-73.240101,10.473357],[-73.240055,10.473359],[-73.240009,10.473361],[-73.239963,10.473363],[-73.239916,10.473365],[-73.23987,10.473366],[-73.239824,10.473368],[-73.239778,10.47337],[-73.239731,10.473372],[-73.239685,10.473374],[-73.239639,10.473376],[-73.239593,10.473378],[-73.239546,10.473379],[-73.2395,10.473381],[-73.239454,10.473383],[-73.239408,10.473385],[-73.239362,10.473387],[-73.239315,10.473389],[-73.239269,10.473391],[-73.239223,10.473392],[-73.239177,10.473394],[-73.23913,10.473396],[-73.239084,10.473398]]}},{"type":"Feature","properties":{"id":"338a","arista":338,"lado":"a","orientacion":"occidental","muestra_inicio":10486,"muestra_cantidad":17},"geometry":{"type":"LineString","coordinates":[[-73.243246,10.477735],[-73.243272,10.477775],[-73.243295,10.477814],[-73.243319,10.477852],[-73.243342,10.477891],[-73.243365,10.477929],[-73.243389,10.477968],[-73.243396,10.478033],[-73.243363,10.478078],[-73.243328,10.478106],[-73.243292,10.478134],[-73.243257,10.478163],[-73.243222,10.478191],[-73.243187,10.478219],[-73.243151,10.478247],[-73.243116,10.478276],[-73.243081,10.478304]]}},{"type":"Feature","properties":{"id":"338b","arista":338,"lado":"b","orientacion":"oriental","muestra_inicio":10503,"muestra_cantidad":17},"geometry":{"type":"LineString","coordinates":[[-73.243203,10.477768],[-73.243225,10.477803],[-73.243248,10.477842],[-73.243272,10.47788],[-73.243295,10.477919],[-73.243319,10.477957],[-73.243342,10.477996],[-73.243347,10.478009],[-73.243328,10.478036],[-73.243293,10.478064],[-73.243258,10.478092],[-73.243223,10.47812],[-73.243187,10.478149],[-73.243152,10.478177],[-73.243117,10.478205],[-73.243082,10.478234],[-73.243046,10.478262]]}},{"type":"Feature","properties":{"id":"339a","arista":339,"lado":"a","orientacion":"occidental","muestra_inicio":10520,"muestra_cantidad":19},"geometry":{"type":"LineString","coordinates":[[-73.244964,10.472419],[-73.244992,10.472454],[-73.24502,10.47249],[-73.245048,10.472526],[-73.245076,10.472561],[-73.245104,10.472597],[-73.245132,10.472633],[-73.24516,10.472668],[-73.245188,10.472704],[-73.245216,10.47274],[-73.245244,10.472775],[-73.245272,10.472811],[-73.2453,10.472847],[-73.245328,10.472883],[-73.245356,10.472918],[-73.245384,10.472954],[-73.245412,10.47299],[-73.24544,10.473025],[-73.245468,10.473061]]}},{"type":"Feature","properties":{"id":"339b","arista":339,"lado":"b","orientacion":"oriental","muestra_inicio":10539,"muestra_cantidad":19},"geometry":{"type":"LineString","coordinates":[[-73.244899,10.472469],[-73.244927,10.472504],[-73.244955,10.47254],[-73.244983,10.472576],[-73.245011,10.472611],[-73.245039,10.472647],[-73.245067,10.472683],[-73.245095,10.472718],[-73.245123,10.472754],[-73.245151,10.47279],[-73.245179,10.472825],[-73.245207,10.472861],[-73.245235,10.472897],[-73.245263,10.472932],[-73.245291,10.472968],[-73.245319,10.473004],[-73.245347,10.47304],[-73.245375,10.473075],[-73.245403,10.473111]]}},{"type":"Feature","properties":{"id":"340a","arista":340,"lado":"a","orientacion":"norte","muestra_inicio":10558,"muestra_cantidad":14},"geometry":{"type":"LineString","coordinates":[[-73.245444,10.472116],[-73.245407,10.472142],[-73.245369,10.472167],[-73.245332,10.472192],[-73.245294,10.472217],[-73.245257,10.472242],[-73.245219,10.472267],[-73.245182,10.472292],[-73.245144,10.472317],[-73.245107,10.472343],[-73.245069,10.472368],[-73.245032,10.472393],[-73.244994,10.472418],[-73.244957,10.472443]]}},{"type":"Feature","properties":{"id":"340b","arista":340,"lado":"b","orientacion":"sur","muestra_inicio":10572,"muestra_cantidad":14},"geometry":{"type":"LineString","coordinates":[[-73.245403,10.472057],[-73.245366,10.472082],[-73.245328,10.472107],[-73.245291,10.472132],[-73.245253,10.472157],[-73.245216,10.472182],[-73.245178,10.472207],[-73.245141,10.472232],[-73.245103,10.472258],[-73.245066,10.472283],[-73.245028,10.472308],[-73.244991,10.472333],[-73.244953,10.472358],[-73.244916,10.472383]]}},{"type":"Feature","properties":{"id":"341a","arista":341,"lado":"a","orientacion":"oriental","muestra_inicio":10586,"muestra_cantidad":8},"geometry":{"type":"LineString","coordinates":[[-73.239253,10.476135],[-73.239229,10.476098],[-73.239205,10.476061],[-73.239185,10.476022],[-73.239161,10.475985],[-73.239141,10.475946],[-73.239121,10.475907],[-73.239086,10.475877]]}},{"type":"Feature","properties":{"id":"341b","arista":341,"lado":"b","orientacion":"occidental","muestra_inicio":10594,"muestra_cantidad":8},"geometry":{"type":"LineString","coordinates":[[-73.239315,10.476096],[-73.239291,10.476059],[-73.239267,10.476022],[-73.239243,10.475985],[-73.239219,10.475949],[-73.239195,10.475912],[-73.239171,10.475875],[-73.239147,10.475838]]}},{"type":"Feature","properties":{"id":"342a","arista":342,"lado":"a","orientacion":"occidental","muestra_inicio":10602,"muestra_cantidad":21},"geometry":{"type":"LineString","coordinates":[[-73.238674,10.475039],[-73.238696,10.475077],[-73.238719,10.475115],[-73.238741,10.475153],[-73.238764,10.475192],[-73.238786,10.47523],[-73.238809,10.475268],[-73.238831,10.475306],[-73.238854,10.475344],[-73.238876,10.475382],[-73.238899,10.47542],[-73.238922,10.475458],[-73.238944,10.475497],[-73.238967,10.475535],[-73.238989,10.475573],[-73.239012,10.475611],[-73.239034,10.475649],[-73.239057,10.475687],[-73.239079,10.475725],[-73.239102,10.475764],[-73.239125,10.475802]]}},{"type":"Feature","properties":{"id":"342b","arista":342,"lado":"b","orientacion":"oriental","muestra_inicio":10623,"muestra_cantidad":21},"geometry":{"type":"LineString","coordinates":[[-73.23861,10.475076],[-73.238661,10.475098],[-73.238683,10.475136],[-73.238706,10.475174],[-73.238728,10.475212],[-73.238751,10.47525],[-73.238773,10.475288],[-73.238796,10.475326],[-73.238818,10.475365],[-73.238841,10.475403],[-73.238864,10.475441],[-73.238886,10.475479],[-73.238893,10.475526],[-73.238931,10.475555],[-73.23895,10.475596],[-73.238972,10.475634],[-73.238991,10.475674],[-73.238994,10.475724],[-73.239032,10.475753],[-73.239055,10.475791],[-73.239061,10.475838]]}},{"type":"Feature","properties":{"id":"343a","arista":343,"lado":"a","orientacion":"sur","muestra_inicio":10644,"muestra_cantidad":8},"geometry":{"type":"LineString","coordinates":[[-73.238818,10.475989],[-73.238853,10.475965],[-73.238889,10.475941],[-73.238924,10.475917],[-73.23896,10.475893],[-73.238995,10.475869],[-73.239031,10.475845],[-73.239066,10.475821]]}},{"type":"Feature","properties":{"id":"343b","arista":343,"lado":"b","orientacion":"norte","muestra_inicio":10652,"muestra_cantidad":8},"geometry":{"type":"LineString","coordinates":[[-73.238849,10.476033],[-73.238887,10.476013],[-73.238925,10.475993],[-73.238963,10.475973],[-73.239001,10.475953],[-73.239034,10.475925],[-73.239072,10.475905],[-73.239107,10.475881]]}},{"type":"Feature","properties":{"id":"344a","arista":344,"lado":"a","orientacion":"norte","muestra_inicio":10660,"muestra_cantidad":6},"geometry":{"type":"LineString","coordinates":[[-73.23932,10.475701],[-73.239282,10.475727],[-73.239259,10.475776],[-73.239203,10.475776],[-73.239183,10.475829],[-73.239144,10.475855]]}},{"type":"Feature","properties":{"id":"344b","arista":344,"lado":"b","orientacion":"sur","muestra_inicio":10666,"muestra_cantidad":6},"geometry":{"type":"LineString","coordinates":[[-73.239294,10.475664],[-73.239255,10.47569],[-73.239217,10.475717],[-73.239179,10.475743],[-73.239141,10.47577],[-73.239102,10.475796]]}},{"type":"Feature","properties":{"id":"345a","arista":345,"lado":"a","orientacion":"occidental","muestra_inicio":10672,"muestra_cantidad":15},"geometry":{"type":"LineString","coordinates":[[-73.239084,10.475171],[-73.239086,10.475217],[-73.239088,10.475263],[-73.239091,10.475309],[-73.239093,10.475355],[-73.239096,10.475401],[-73.239098,10.475447],[-73.2391,10.475493],[-73.239103,10.475539],[-73.239105,10.475585],[-73.239107,10.475631],[-73.23911,10.475677],[-73.239112,10.475723],[-73.239114,10.475769],[-73.239117,10.475815]]}},{"type":"Feature","properties":{"id":"345b","arista":345,"lado":"b","orientacion":"oriental","muestra_inicio":10687,"muestra_cantidad":15},"geometry":{"type":"LineString","coordinates":[[-73.239056,10.475173],[-73.239059,10.475219],[-73.239061,10.475265],[-73.239063,10.475311],[-73.239066,10.475357],[-73.239068,10.475403],[-73.239071,10.475449],[-73.239073,10.475495],[-73.239075,10.475541],[-73.239078,10.475587],[-73.23908,10.475633],[-73.239082,10.475679],[-73.239085,10.475725],[-73.239087,10.475771],[-73.239089,10.475817]]}},{"type":"Feature","properties":{"id":"346a","arista":346,"lado":"a","orientacion":"sur","muestra_inicio":10702,"muestra_cantidad":25},"geometry":{"type":"LineString","coordinates":[[-73.240286,10.476038],[-73.240315,10.476073],[-73.240345,10.476109],[-73.240374,10.476144],[-73.240404,10.476179],[-73.240433,10.476215],[-73.240463,10.47625],[-73.240493,10.476286],[-73.240522,10.476321],[-73.240552,10.476356],[-73.240566,10.476375],[-73.240611,10.476388],[-73.240635,10.476383],[-73.240668,10.476373],[-73.240703,10.476346],[-73.24074,10.476318],[-73.240777,10.47629],[-73.240814,10.476262],[-73.24085,10.476234],[-73.240887,10.476205],[-73.240924,10.476177],[-73.24096,10.476149],[-73.240997,10.476121],[-73.241034,10.476093],[-73.24107,10.476065]]}},{"type":"Feature","properties":{"id":"346b","arista":346,"lado":"b","orientacion":"norte","muestra_inicio":10727,"muestra_cantidad":25},"geometry":{"type":"LineString","coordinates":[[-73.240229,10.476084],[-73.240259,10.476119],[-73.240288,10.476155],[-73.240318,10.47619],[-73.240348,10.476225],[-73.240377,10.476261],[-73.240407,10.476296],[-73.240436,10.476332],[-73.240466,10.476367],[-73.240495,10.476403],[-73.240546,10.476445],[-73.240591,10.476458],[-73.240652,10.476439],[-73.240694,10.47641],[-73.24074,10.476393],[-73.240779,10.476368],[-73.240819,10.476343],[-73.240858,10.476319],[-73.240895,10.476291],[-73.240932,10.476263],[-73.240968,10.476235],[-73.241005,10.476206],[-73.241042,10.476178],[-73.241076,10.476147],[-73.241115,10.476122]]}},{"type":"Feature","properties":{"id":"347a","arista":347,"lado":"a","orientacion":"oriental","muestra_inicio":10752,"muestra_cantidad":11},"geometry":{"type":"LineString","coordinates":[[-73.24177,10.480582],[-73.241744,10.480544],[-73.241718,10.480507],[-73.241692,10.480469],[-73.241666,10.480432],[-73.241639,10.480395],[-73.241613,10.480357],[-73.241587,10.48032],[-73.241561,10.480282],[-73.241535,10.480245],[-73.241508,10.480207]]}},{"type":"Feature","properties":{"id":"347b","arista":347,"lado":"b","orientacion":"occidental","muestra_inicio":10763,"muestra_cantidad":11},"geometry":{"type":"LineString","coordinates":[[-73.241831,10.48054],[-73.241804,10.480503],[-73.241778,10.480466],[-73.241752,10.480428],[-73.241726,10.480391],[-73.2417,10.480353],[-73.241673,10.480316],[-73.241647,10.480279],[-73.241621,10.480241],[-73.241595,10.480204],[-73.241569,10.480166]]}},{"type":"Feature","properties":{"id":"348a","arista":348,"lado":"a","orientacion":"occidental","muestra_inicio":10774,"muestra_cantidad":13},"geometry":{"type":"LineString","coordinates":[[-73.241266,10.479683],[-73.241288,10.479721],[-73.241311,10.479759],[-73.241333,10.479797],[-73.241355,10.479835],[-73.241378,10.479873],[-73.2414,10.479911],[-73.241422,10.479949],[-73.241444,10.479987],[-73.241466,10.480023],[-73.241491,10.480058],[-73.241517,10.480093],[-73.241542,10.480129]]}},{"type":"Feature","properties":{"id":"348b","arista":348,"lado":"b","orientacion":"oriental","muestra_inicio":10787,"muestra_cantidad":13},"geometry":{"type":"LineString","coordinates":[[-73.241203,10.479719],[-73.241241,10.479748],[-73.241259,10.479788],[-73.24127,10.479833],[-73.241296,10.479869],[-73.241314,10.479909],[-73.241337,10.479947],[-73.241367,10.47998],[-73.241385,10.480021],[-73.241405,10.480063],[-73.241431,10.480099],[-73.241457,10.480135],[-73.241483,10.480171]]}},{"type":"Feature","properties":{"id":"349a","arista":349,"lado":"a","orientacion":"oriental","muestra_inicio":10800,"muestra_cantidad":22},"geometry":{"type":"LineString","coordinates":[[-73.243001,10.48147],[-73.242981,10.48143],[-73.242961,10.481391],[-73.24294,10.481351],[-73.24292,10.481311],[-73.2429,10.481272],[-73.242879,10.481232],[-73.242859,10.481192],[-73.242839,10.481152],[-73.242818,10.481113],[-73.242798,10.481073],[-73.242778,10.481033],[-73.242757,10.480994],[-73.242737,10.480954],[-73.242717,10.480914],[-73.242696,10.480875],[-73.242676,10.480835],[-73.242656,10.480795],[-73.242635,10.480755],[-73.242615,10.480716],[-73.242595,10.480676],[-73.242574,10.480636]]}},{"type":"Feature","properties":{"id":"349b","arista":349,"lado":"b","orientacion":"occidental","muestra_inicio":10822,"muestra_cantidad":22},"geometry":{"type":"LineString","coordinates":[[-73.243067,10.481437],[-73.243046,10.481398],[-73.243026,10.481358],[-73.242989,10.481326],[-73.242969,10.481287],[-73.242961,10.481241],[-73.24294,10.481201],[-73.242924,10.481159],[-73.2429,10.481122],[-73.24288,10.481082],[-73.242863,10.48104],[-73.242843,10.481001],[-73.242823,10.480961],[-73.242802,10.480921],[-73.242782,10.480882],[-73.242762,10.480842],[-73.242741,10.480802],[-73.242721,10.480762],[-73.242701,10.480723],[-73.24268,10.480683],[-73.24266,10.480643],[-73.24264,10.480604]]}},{"type":"Feature","properties":{"id":"350a","arista":350,"lado":"a","orientacion":"sur","muestra_inicio":10844,"muestra_cantidad":11},"geometry":{"type":"LineString","coordinates":[[-73.24217,10.480814],[-73.242208,10.480791],[-73.242247,10.480768],[-73.242286,10.480744],[-73.242325,10.480721],[-73.242364,10.480698],[-73.242403,10.480674],[-73.242442,10.480651],[-73.242481,10.480628],[-73.24252,10.480604],[-73.242559,10.480581]]}},{"type":"Feature","properties":{"id":"350b","arista":350,"lado":"b","orientacion":"norte","muestra_inicio":10855,"muestra_cantidad":11},"geometry":{"type":"LineString","coordinates":[[-73.242207,10.480876],[-73.242246,10.480853],[-73.242285,10.480829],[-73.242324,10.480806],[-73.242363,10.480783],[-73.242402,10.480759],[-73.242441,10.480736],[-73.24248,10.480713],[-73.242519,10.480689],[-73.242557,10.480666],[-73.242596,10.480643]]}},{"type":"Feature","properties":{"id":"351a","arista":351,"lado":"a","orientacion":"norte","muestra_inicio":10866,"muestra_cantidad":10},"geometry":{"type":"LineString","coordinates":[[-73.242978,10.480437],[-73.24294,10.480457],[-73.242902,10.480478],[-73.242863,10.480499],[-73.242825,10.480519],[-73.242787,10.48054],[-73.242748,10.48056],[-73.24271,10.480581],[-73.242672,10.480601],[-73.242633,10.480622]]}},{"type":"Feature","properties":{"id":"351b","arista":351,"lado":"b","orientacion":"sur","muestra_inicio":10876,"muestra_cantidad":10},"geometry":{"type":"LineString","coordinates":[[-73.242944,10.480373],[-73.242905,10.480394],[-73.242867,10.480414],[-73.242829,10.480435],[-73.24279,10.480455],[-73.242752,10.480476],[-73.242714,10.480497],[-73.242675,10.480517],[-73.242637,10.480538],[-73.242599,10.480558]]}},{"type":"Feature","properties":{"id":"352a","arista":352,"lado":"a","orientacion":"norte","muestra_inicio":10886,"muestra_cantidad":20},"geometry":{"type":"LineString","coordinates":[[-73.243552,10.471609],[-73.243507,10.471603],[-73.243462,10.471597],[-73.243417,10.471591],[-73.243378,10.471586],[-73.243334,10.471589],[-73.243289,10.471592],[-73.243243,10.471596],[-73.243198,10.471599],[-73.243154,10.471603],[-73.243109,10.471608],[-73.243064,10.471614],[-73.243019,10.471619],[-73.242974,10.471625],[-73.242929,10.47163],[-73.242884,10.471635],[-73.242839,10.471641],[-73.242793,10.471646],[-73.242748,10.471652],[-73.242703,10.471657]]}},{"type":"Feature","properties":{"id":"352b","arista":352,"lado":"b","orientacion":"sur","muestra_inicio":10906,"muestra_cantidad":20},"geometry":{"type":"LineString","coordinates":[[-73.243562,10.471538],[-73.243517,10.471532],[-73.243472,10.471525],[-73.243427,10.471519],[-73.243376,10.471513],[-73.243329,10.471517],[-73.243283,10.47152],[-73.243238,10.471524],[-73.243193,10.471527],[-73.243146,10.471531],[-73.243101,10.471537],[-73.243055,10.471542],[-73.24301,10.471547],[-73.242965,10.471553],[-73.24292,10.471558],[-73.242875,10.471564],[-73.24283,10.471569],[-73.242785,10.471574],[-73.24274,10.47158],[-73.242694,10.471585]]}},{"type":"Feature","properties":{"id":"353a","arista":353,"lado":"a","orientacion":"norte","muestra_inicio":10926,"muestra_cantidad":3},"geometry":{"type":"LineString","coordinates":[[-73.241928,10.480522],[-73.241892,10.480556],[-73.241857,10.480589]]}},{"type":"Feature","properties":{"id":"353b","arista":353,"lado":"b","orientacion":"sur","muestra_inicio":10929,"muestra_cantidad":3},"geometry":{"type":"LineString","coordinates":[[-73.241878,10.48047],[-73.241842,10.480503],[-73.241806,10.480537]]}},{"type":"Feature","properties":{"id":"354a","arista":354,"lado":"a","orientacion":"oriental","muestra_inicio":10932,"muestra_cantidad":9},"geometry":{"type":"LineString","coordinates":[[-73.245193,10.48201],[-73.245171,10.481973],[-73.24515,10.481936],[-73.245128,10.481899],[-73.245106,10.481862],[-73.245084,10.481825],[-73.245062,10.481788],[-73.24504,10.481751],[-73.245018,10.481714]]}},{"type":"Feature","properties":{"id":"354b","arista":354,"lado":"b","orientacion":"occidental","muestra_inicio":10941,"muestra_cantidad":9},"geometry":{"type":"LineString","coordinates":[[-73.24528,10.48196],[-73.245258,10.481923],[-73.245236,10.481886],[-73.245214,10.481849],[-73.245193,10.481812],[-73.245171,10.481775],[-73.245149,10.481738],[-73.245127,10.481701],[-73.245105,10.481664]]}},{"type":"Feature","properties":{"id":"355a","arista":355,"lado":"a","orientacion":"occidental","muestra_inicio":10950,"muestra_cantidad":25},"geometry":{"type":"LineString","coordinates":[[-73.244515,10.480694],[-73.244535,10.480735],[-73.244554,10.480777],[-73.244586,10.480811],[-73.244609,10.480849],[-73.244633,10.480888],[-73.244657,10.480927],[-73.244676,10.480968],[-73.244696,10.481009],[-73.24472,10.481048],[-73.244736,10.481091],[-73.244759,10.48113],[-73.244783,10.481169],[-73.24481,10.481206],[-73.244834,10.481244],[-73.244869,10.481276],[-73.244873,10.481327],[-73.244905,10.481361],[-73.244929,10.481399],[-73.244952,10.481438],[-73.244972,10.481479],[-73.244999,10.481516],[-73.245027,10.481552],[-73.245058,10.481586],[-73.245082,10.481625]]}},{"type":"Feature","properties":{"id":"355b","arista":355,"lado":"b","orientacion":"oriental","muestra_inicio":10975,"muestra_cantidad":25},"geometry":{"type":"LineString","coordinates":[[-73.244429,10.480746],[-73.244453,10.480784],[-73.244476,10.480823],[-73.2445,10.480862],[-73.244523,10.480901],[-73.244547,10.48094],[-73.244571,10.480978],[-73.244594,10.481017],[-73.244618,10.481056],[-73.244642,10.481095],[-73.244665,10.481134],[-73.244689,10.481172],[-73.244712,10.481211],[-73.244736,10.48125],[-73.24476,10.481289],[-73.244783,10.481327],[-73.244807,10.481366],[-73.244831,10.481405],[-73.244854,10.481444],[-73.244878,10.481483],[-73.244901,10.481521],[-73.244925,10.48156],[-73.244949,10.481599],[-73.244972,10.481638],[-73.244996,10.481676]]}},{"type":"Feature","properties":{"id":"356a","arista":356,"lado":"a","orientacion":"sur","muestra_inicio":11000,"muestra_cantidad":18},"geometry":{"type":"LineString","coordinates":[[-73.242618,10.474126],[-73.242652,10.474098],[-73.242687,10.474071],[-73.242722,10.474043],[-73.242757,10.474015],[-73.242792,10.473987],[-73.242827,10.473959],[-73.242861,10.473931],[-73.242896,10.473904],[-73.242931,10.473876],[-73.242966,10.473848],[-73.243001,10.47382],[-73.243035,10.473792],[-73.24307,10.473764],[-73.243105,10.473736],[-73.24314,10.473709],[-73.243175,10.473681],[-73.24321,10.473653]]}},{"type":"Feature","properties":{"id":"356b","arista":356,"lado":"b","orientacion":"norte","muestra_inicio":11018,"muestra_cantidad":18},"geometry":{"type":"LineString","coordinates":[[-73.242664,10.474183],[-73.242698,10.474155],[-73.242733,10.474127],[-73.242768,10.474099],[-73.242803,10.474071],[-73.242838,10.474043],[-73.242872,10.474015],[-73.242907,10.473988],[-73.242942,10.47396],[-73.242977,10.473932],[-73.243012,10.473904],[-73.243047,10.473876],[-73.243081,10.473848],[-73.243116,10.47382],[-73.243151,10.473793],[-73.243186,10.473765],[-73.243221,10.473737],[-73.243255,10.473709]]}},{"type":"Feature","properties":{"id":"357a","arista":357,"lado":"a","orientacion":"occidental","muestra_inicio":11036,"muestra_cantidad":10},"geometry":{"type":"LineString","coordinates":[[-73.243,10.473289],[-73.243029,10.473326],[-73.243059,10.473364],[-73.243088,10.473401],[-73.243117,10.473439],[-73.243147,10.473476],[-73.243176,10.473514],[-73.243205,10.473551],[-73.243235,10.473589],[-73.243264,10.473626]]}},{"type":"Feature","properties":{"id":"357b","arista":357,"lado":"b","orientacion":"oriental","muestra_inicio":11046,"muestra_cantidad":10},"geometry":{"type":"LineString","coordinates":[[-73.242942,10.473333],[-73.242972,10.47337],[-73.243001,10.473408],[-73.24303,10.473445],[-73.24306,10.473483],[-73.243089,10.47352],[-73.243118,10.473558],[-73.243148,10.473595],[-73.243177,10.473633],[-73.243206,10.47367]]}},{"type":"Feature","properties":{"id":"358a","arista":358,"lado":"a","orientacion":"oriental","muestra_inicio":11056,"muestra_cantidad":13},"geometry":{"type":"LineString","coordinates":[[-73.243576,10.47415],[-73.243548,10.474113],[-73.24352,10.474075],[-73.243493,10.474038],[-73.243465,10.474001],[-73.243437,10.473963],[-73.243409,10.473926],[-73.243381,10.473889],[-73.243353,10.473851],[-73.243325,10.473814],[-73.243298,10.473777],[-73.24327,10.473739],[-73.243242,10.473702]]}},{"type":"Feature","properties":{"id":"358b","arista":358,"lado":"b","orientacion":"occidental","muestra_inicio":11069,"muestra_cantidad":13},"geometry":{"type":"LineString","coordinates":[[-73.24362,10.474118],[-73.243592,10.474081],[-73.243565,10.474043],[-73.243537,10.474006],[-73.243509,10.473969],[-73.243481,10.473931],[-73.243453,10.473894],[-73.243425,10.473856],[-73.243397,10.473819],[-73.243369,10.473782],[-73.243342,10.473744],[-73.243314,10.473707],[-73.243286,10.47367]]}},{"type":"Feature","properties":{"id":"359a","arista":359,"lado":"a","orientacion":"sur","muestra_inicio":11082,"muestra_cantidad":20},"geometry":{"type":"LineString","coordinates":[[-73.241123,10.476771],[-73.241161,10.476798],[-73.241198,10.476825],[-73.241236,10.476852],[-73.241273,10.476879],[-73.24131,10.476906],[-73.241348,10.476933],[-73.241387,10.476964],[-73.241421,10.476995],[-73.241456,10.477025],[-73.241491,10.477055],[-73.241525,10.477086],[-73.241557,10.47712],[-73.241593,10.477137],[-73.241633,10.477161],[-73.241672,10.477184],[-73.241712,10.477208],[-73.241758,10.477243],[-73.241787,10.477278],[-73.241817,10.477313]]}},{"type":"Feature","properties":{"id":"359b","arista":359,"lado":"b","orientacion":"norte","muestra_inicio":11102,"muestra_cantidad":20},"geometry":{"type":"LineString","coordinates":[[-73.24108,10.47683],[-73.241118,10.476857],[-73.241155,10.476884],[-73.241192,10.476911],[-73.24123,10.476938],[-73.241267,10.476965],[-73.241305,10.476992],[-73.241338,10.477018],[-73.241373,10.477049],[-73.241407,10.477079],[-73.241442,10.47711],[-73.241477,10.47714],[-73.241511,10.47717],[-73.241555,10.4772],[-73.241595,10.477223],[-73.241635,10.477246],[-73.241675,10.47727],[-73.241702,10.47729],[-73.241731,10.477325],[-73.241761,10.47736]]}},{"type":"Feature","properties":{"id":"360a","arista":360,"lado":"a","orientacion":"oriental","muestra_inicio":11122,"muestra_cantidad":5},"geometry":{"type":"LineString","coordinates":[[-73.23859,10.477067],[-73.238567,10.477027],[-73.238543,10.476987],[-73.238519,10.476947],[-73.238495,10.476907]]}},{"type":"Feature","properties":{"id":"360b","arista":360,"lado":"b","orientacion":"occidental","muestra_inicio":11127,"muestra_cantidad":5},"geometry":{"type":"LineString","coordinates":[[-73.238653,10.47703],[-73.23863,10.47699],[-73.238606,10.47695],[-73.238582,10.47691],[-73.238558,10.47687]]}},{"type":"Feature","properties":{"id":"361a","arista":361,"lado":"a","orientacion":"sur","muestra_inicio":11132,"muestra_cantidad":7},"geometry":{"type":"LineString","coordinates":[[-73.238227,10.476991],[-73.23827,10.47697],[-73.238314,10.47695],[-73.238357,10.476929],[-73.2384,10.476908],[-73.238444,10.476887],[-73.238487,10.476867]]}},{"type":"Feature","properties":{"id":"361b","arista":361,"lado":"b","orientacion":"norte","muestra_inicio":11139,"muestra_cantidad":7},"geometry":{"type":"LineString","coordinates":[[-73.238239,10.477015],[-73.238282,10.476995],[-73.238326,10.476974],[-73.238369,10.476953],[-73.238412,10.476933],[-73.238456,10.476912],[-73.238499,10.476891]]}},{"type":"Feature","properties":{"id":"362a","arista":362,"lado":"a","orientacion":"occidental","muestra_inicio":11146,"muestra_cantidad":14},"geometry":{"type":"LineString","coordinates":[[-73.246848,10.478098],[-73.246876,10.478133],[-73.246904,10.478169],[-73.246932,10.478204],[-73.24696,10.47824],[-73.246989,10.478276],[-73.247017,10.478311],[-73.247045,10.478347],[-73.247073,10.478382],[-73.247101,10.478418],[-73.247129,10.478453],[-73.247158,10.478489],[-73.247186,10.478525],[-73.247214,10.47856]]}},{"type":"Feature","properties":{"id":"362b","arista":362,"lado":"b","orientacion":"oriental","muestra_inicio":11160,"muestra_cantidad":14},"geometry":{"type":"LineString","coordinates":[[-73.24679,10.478142],[-73.246833,10.478167],[-73.246857,10.478205],[-73.246885,10.478241],[-73.246914,10.478276],[-73.246938,10.478315],[-73.246966,10.47835],[-73.246991,10.478389],[-73.247019,10.478424],[-73.247047,10.47846],[-73.247076,10.478495],[-73.247107,10.478528],[-73.247132,10.478566],[-73.247157,10.478605]]}},{"type":"Feature","properties":{"id":"363a","arista":363,"lado":"a","orientacion":"sur","muestra_inicio":11174,"muestra_cantidad":10},"geometry":{"type":"LineString","coordinates":[[-73.246419,10.478342],[-73.246458,10.478313],[-73.246496,10.478285],[-73.246534,10.478257],[-73.246572,10.478229],[-73.246611,10.4782],[-73.246649,10.478172],[-73.246687,10.478144],[-73.246726,10.478116],[-73.246764,10.478087]]}},{"type":"Feature","properties":{"id":"363b","arista":363,"lado":"b","orientacion":"norte","muestra_inicio":11184,"muestra_cantidad":10},"geometry":{"type":"LineString","coordinates":[[-73.246463,10.4784],[-73.246501,10.478371],[-73.246539,10.478343],[-73.246578,10.478315],[-73.246616,10.478287],[-73.246654,10.478258],[-73.246693,10.47823],[-73.246731,10.478202],[-73.246769,10.478174],[-73.246807,10.478145]]}},{"type":"Feature","properties":{"id":"364a","arista":364,"lado":"a","orientacion":"sur","muestra_inicio":11194,"muestra_cantidad":13},"geometry":{"type":"LineString","coordinates":[[-73.245445,10.473058],[-73.245482,10.473033],[-73.245519,10.473008],[-73.245556,10.472983],[-73.245593,10.472958],[-73.24563,10.472933],[-73.245667,10.472908],[-73.245704,10.472883],[-73.245741,10.472858],[-73.245778,10.472833],[-73.245815,10.472808],[-73.245852,10.472783],[-73.245889,10.472758]]}},{"type":"Feature","properties":{"id":"364b","arista":364,"lado":"b","orientacion":"norte","muestra_inicio":11207,"muestra_cantidad":13},"geometry":{"type":"LineString","coordinates":[[-73.245491,10.473125],[-73.245528,10.4731],[-73.245565,10.473075],[-73.245602,10.47305],[-73.245639,10.473025],[-73.245676,10.473],[-73.245713,10.472975],[-73.245751,10.47295],[-73.245788,10.472925],[-73.245825,10.4729],[-73.245862,10.472875],[-73.245899,10.47285],[-73.245936,10.472825]]}},{"type":"Feature","properties":{"id":"365a","arista":365,"lado":"a","orientacion":"occidental","muestra_inicio":11220,"muestra_cantidad":23},"geometry":{"type":"LineString","coordinates":[[-73.243986,10.479795],[-73.244009,10.479834],[-73.244032,10.479873],[-73.244055,10.479912],[-73.244078,10.479951],[-73.244101,10.47999],[-73.244124,10.48003],[-73.244147,10.480069],[-73.24417,10.480108],[-73.244193,10.480147],[-73.244216,10.480186],[-73.244239,10.480225],[-73.244262,10.480264],[-73.244285,10.480304],[-73.244308,10.480343],[-73.244331,10.480382],[-73.244354,10.480421],[-73.244377,10.48046],[-73.2444,10.480499],[-73.244423,10.480539],[-73.244446,10.480578],[-73.244469,10.480617],[-73.244492,10.480656]]}},{"type":"Feature","properties":{"id":"365b","arista":365,"lado":"b","orientacion":"oriental","muestra_inicio":11243,"muestra_cantidad":23},"geometry":{"type":"LineString","coordinates":[[-73.243899,10.479845],[-73.243938,10.479875],[-73.243961,10.479914],[-73.243988,10.479951],[-73.244007,10.479992],[-73.24403,10.480031],[-73.244053,10.48007],[-73.244076,10.48011],[-73.244095,10.480151],[-73.244122,10.480188],[-73.244145,10.480227],[-73.244168,10.480266],[-73.244195,10.480303],[-73.244218,10.480342],[-73.244241,10.480381],[-73.244264,10.480421],[-73.244287,10.48046],[-73.24431,10.480499],[-73.244333,10.480538],[-73.244352,10.480579],[-73.244375,10.480619],[-73.244394,10.48066],[-73.244405,10.480706]]}},{"type":"Feature","properties":{"id":"366a","arista":366,"lado":"a","orientacion":"sur","muestra_inicio":11266,"muestra_cantidad":4},"geometry":{"type":"LineString","coordinates":[[-73.244317,10.48074],[-73.244353,10.48072],[-73.244388,10.4807],[-73.244424,10.480679]]}},{"type":"Feature","properties":{"id":"366b","arista":366,"lado":"b","orientacion":"norte","muestra_inicio":11270,"muestra_cantidad":4},"geometry":{"type":"LineString","coordinates":[[-73.244353,10.480803],[-73.244389,10.480783],[-73.244425,10.480762],[-73.24446,10.480742]]}},{"type":"Feature","properties":{"id":"367a","arista":367,"lado":"a","orientacion":"oriental","muestra_inicio":11274,"muestra_cantidad":2},"geometry":{"type":"LineString","coordinates":[[-73.24731,10.472704],[-73.247341,10.472673]]}},{"type":"Feature","properties":{"id":"367b","arista":367,"lado":"b","orientacion":"occidental","muestra_inicio":11276,"muestra_cantidad":2},"geometry":{"type":"LineString","coordinates":[[-73.247363,10.472754],[-73.24739,10.472726]]}},{"type":"Feature","properties":{"id":"368a","arista":368,"lado":"a","orientacion":"sur","muestra_inicio":11278,"muestra_cantidad":1},"geometry":{"type":"LineString","coordinates":[[-73.246626,10.483103],[-73.246641,10.483092]]}},{"type":"Feature","properties":{"id":"368b","arista":368,"lado":"b","orientacion":"norte","muestra_inicio":11279,"muestra_cantidad":1},"geometry":{"type":"LineString","coordinates":[[-73.246675,10.483169],[-73.246689,10.483158]]}},{"type":"Feature","properties":{"id":"369a","arista":369,"lado":"a","orientacion":"oriental","muestra_inicio":11280,"muestra_cantidad":17},"geometry":{"type":"LineString","coordinates":[[-73.244448,10.476942],[-73.244423,10.476903],[-73.244399,10.476864],[-73.244374,10.476825],[-73.24435,10.476786],[-73.244326,10.476747],[-73.244301,10.476708],[-73.244277,10.476669],[-73.244252,10.47663],[-73.244228,10.476591],[-73.244203,10.476552],[-73.244179,10.476513],[-73.244154,10.476474],[-73.24413,10.476435],[-73.244106,10.476395],[-73.244081,10.476356],[-73.244057,10.476317]]}},{"type":"Feature","properties":{"id":"369b","arista":369,"lado":"b","orientacion":"occidental","muestra_inicio":11297,"muestra_cantidad":17},"geometry":{"type":"LineString","coordinates":[[-73.24451,10.476904],[-73.244485,10.476865],[-73.244461,10.476826],[-73.244437,10.476787],[-73.244412,10.476748],[-73.244388,10.476709],[-73.244363,10.47667],[-73.244339,10.476631],[-73.244314,10.476592],[-73.24429,10.476553],[-73.244265,10.476514],[-73.244241,10.476475],[-73.244217,10.476435],[-73.244192,10.476396],[-73.244168,10.476357],[-73.244143,10.476318],[-73.244119,10.476279]]}},{"type":"Feature","properties":{"id":"370a","arista":370,"lado":"a","orientacion":"oriental","muestra_inicio":11314,"muestra_cantidad":22},"geometry":{"type":"LineString","coordinates":[[-73.245045,10.477746],[-73.245018,10.47771],[-73.244991,10.477673],[-73.244964,10.477637],[-73.244936,10.4776],[-73.244909,10.477564],[-73.244882,10.477528],[-73.244855,10.477491],[-73.244828,10.477455],[-73.244801,10.477419],[-73.244774,10.477382],[-73.244747,10.477346],[-73.244719,10.47731],[-73.244692,10.477273],[-73.244665,10.477237],[-73.244638,10.477201],[-73.244611,10.477164],[-73.244584,10.477128],[-73.244557,10.477091],[-73.244529,10.477055],[-73.244502,10.477019],[-73.244475,10.476982]]}},{"type":"Feature","properties":{"id":"370b","arista":370,"lado":"b","orientacion":"occidental","muestra_inicio":11336,"muestra_cantidad":22},"geometry":{"type":"LineString","coordinates":[[-73.245104,10.477703],[-73.245077,10.477667],[-73.24505,10.47763],[-73.245022,10.477594],[-73.244995,10.477557],[-73.244968,10.477521],[-73.244941,10.477485],[-73.244914,10.477448],[-73.244887,10.477412],[-73.24486,10.477376],[-73.244832,10.477339],[-73.244805,10.477303],[-73.244778,10.477267],[-73.244751,10.47723],[-73.244724,10.477194],[-73.244697,10.477158],[-73.24467,10.477121],[-73.244643,10.477085],[-73.244615,10.477048],[-73.244588,10.477012],[-73.244561,10.476976],[-73.244534,10.476939]]}},{"type":"Feature","properties":{"id":"371a","arista":371,"lado":"a","orientacion":"norte","muestra_inicio":11358,"muestra_cantidad":16},"geometry":{"type":"LineString","coordinates":[[-73.244492,10.476985],[-73.244453,10.477009],[-73.244415,10.477033],[-73.244377,10.477056],[-73.244339,10.47708],[-73.244301,10.477104],[-73.244263,10.477127],[-73.244225,10.477151],[-73.244187,10.477175],[-73.244149,10.477198],[-73.244111,10.477222],[-73.244073,10.477246],[-73.244035,10.477269],[-73.243998,10.477293],[-73.24396,10.477318],[-73.243922,10.477342]]}},{"type":"Feature","properties":{"id":"371b","arista":371,"lado":"b","orientacion":"sur","muestra_inicio":11374,"muestra_cantidad":16},"geometry":{"type":"LineString","coordinates":[[-73.244452,10.476924],[-73.244415,10.476948],[-73.244376,10.476971],[-73.244338,10.476995],[-73.2443,10.477019],[-73.244262,10.477042],[-73.244224,10.477066],[-73.244186,10.47709],[-73.244148,10.477114],[-73.24411,10.477137],[-73.244072,10.477161],[-73.244034,10.477185],[-73.243996,10.477209],[-73.243958,10.477233],[-73.24392,10.477257],[-73.243883,10.477281]]}},{"type":"Feature","properties":{"id":"372a","arista":372,"lado":"a","orientacion":"oriental","muestra_inicio":11390,"muestra_cantidad":23},"geometry":{"type":"LineString","coordinates":[[-73.242836,10.479203],[-73.242811,10.479166],[-73.242787,10.479128],[-73.242762,10.479091],[-73.242737,10.479054],[-73.242713,10.479016],[-73.242688,10.478979],[-73.242664,10.478941],[-73.242639,10.478904],[-73.242614,10.478866],[-73.24259,10.478829],[-73.242569,10.478789],[-73.242541,10.478754],[-73.242516,10.478717],[-73.242495,10.478677],[-73.242467,10.478642],[-73.242442,10.478604],[-73.242421,10.478565],[-73.242393,10.47853],[-73.242372,10.47849],[-73.242351,10.47845],[-73.242319,10.478417],[-73.242294,10.47838]]}},{"type":"Feature","properties":{"id":"372b","arista":372,"lado":"b","orientacion":"occidental","muestra_inicio":11413,"muestra_cantidad":23},"geometry":{"type":"LineString","coordinates":[[-73.242897,10.479164],[-73.242873,10.479126],[-73.242848,10.479089],[-73.242823,10.479052],[-73.242799,10.479014],[-73.242774,10.478977],[-73.242749,10.478939],[-73.242725,10.478902],[-73.2427,10.478864],[-73.242676,10.478827],[-73.242651,10.47879],[-73.242626,10.478752],[-73.242602,10.478715],[-73.242577,10.478677],[-73.242553,10.47864],[-73.242528,10.478602],[-73.242503,10.478565],[-73.242479,10.478528],[-73.242454,10.47849],[-73.242429,10.478453],[-73.242405,10.478415],[-73.24238,10.478378],[-73.242356,10.47834]]}},{"type":"Feature","properties":{"id":"373a","arista":373,"lado":"a","orientacion":"sur","muestra_inicio":11436,"muestra_cantidad":17},"geometry":{"type":"LineString","coordinates":[[-73.241674,10.478706],[-73.241711,10.478682],[-73.241749,10.478658],[-73.241786,10.478634],[-73.241824,10.47861],[-73.241861,10.478586],[-73.241899,10.478562],[-73.241936,10.478538],[-73.241974,10.478514],[-73.242011,10.47849],[-73.242049,10.478467],[-73.242087,10.478443],[-73.242124,10.478419],[-73.242162,10.478395],[-73.242199,10.478371],[-73.242237,10.478347],[-73.242274,10.478323]]}},{"type":"Feature","properties":{"id":"373b","arista":373,"lado":"b","orientacion":"norte","muestra_inicio":11453,"muestra_cantidad":17},"geometry":{"type":"LineString","coordinates":[[-73.241713,10.478767],[-73.241751,10.478743],[-73.241788,10.478719],[-73.241826,10.478695],[-73.241863,10.478671],[-73.241901,10.478647],[-73.241938,10.478623],[-73.241976,10.478599],[-73.242013,10.478575],[-73.242051,10.478551],[-73.242089,10.478527],[-73.242126,10.478503],[-73.242164,10.47848],[-73.242201,10.478456],[-73.242239,10.478432],[-73.242276,10.478408],[-73.242314,10.478384]]}},{"type":"Feature","properties":{"id":"374a","arista":374,"lado":"a","orientacion":"oriental","muestra_inicio":11470,"muestra_cantidad":12},"geometry":{"type":"LineString","coordinates":[[-73.249252,10.475547],[-73.249225,10.47551],[-73.249199,10.475473],[-73.249173,10.475435],[-73.249146,10.475398],[-73.24912,10.475361],[-73.249094,10.475324],[-73.249067,10.475287],[-73.249041,10.475249],[-73.249014,10.475212],[-73.248988,10.475175],[-73.248962,10.475138]]}},{"type":"Feature","properties":{"id":"374b","arista":374,"lado":"b","orientacion":"occidental","muestra_inicio":11482,"muestra_cantidad":12},"geometry":{"type":"LineString","coordinates":[[-73.249334,10.47549],[-73.249308,10.475453],[-73.249281,10.475416],[-73.249255,10.475378],[-73.249229,10.475341],[-73.249202,10.475304],[-73.249176,10.475267],[-73.249149,10.475229],[-73.249123,10.475192],[-73.249097,10.475155],[-73.24907,10.475118],[-73.249044,10.475081]]}},{"type":"Feature","properties":{"id":"375a","arista":375,"lado":"a","orientacion":"oriental","muestra_inicio":11494,"muestra_cantidad":12},"geometry":{"type":"LineString","coordinates":[[-73.247276,10.476965],[-73.247249,10.476929],[-73.247223,10.476893],[-73.247197,10.476856],[-73.247171,10.47682],[-73.247145,10.476787],[-73.247118,10.476752],[-73.24709,10.476717],[-73.247062,10.476682],[-73.247034,10.476648],[-73.247006,10.476613],[-73.246978,10.476578]]}},{"type":"Feature","properties":{"id":"375b","arista":375,"lado":"b","orientacion":"occidental","muestra_inicio":11506,"muestra_cantidad":12},"geometry":{"type":"LineString","coordinates":[[-73.247342,10.476917],[-73.247316,10.476881],[-73.247286,10.476848],[-73.24726,10.476812],[-73.247234,10.476776],[-73.247206,10.476739],[-73.247182,10.476701],[-73.247154,10.476666],[-73.247126,10.476632],[-73.247098,10.476597],[-73.24707,10.476562],[-73.247042,10.476528]]}},{"type":"Feature","properties":{"id":"376a","arista":376,"lado":"a","orientacion":"norte","muestra_inicio":11518,"muestra_cantidad":19},"geometry":{"type":"LineString","coordinates":[[-73.250308,10.47803],[-73.250268,10.478049],[-73.250228,10.478069],[-73.250188,10.478088],[-73.250148,10.478108],[-73.250108,10.478127],[-73.250068,10.478147],[-73.250028,10.478166],[-73.249988,10.478186],[-73.249948,10.478206],[-73.249908,10.478225],[-73.249868,10.478245],[-73.249828,10.478264],[-73.249788,10.478284],[-73.249748,10.478303],[-73.249708,10.478323],[-73.249668,10.478342],[-73.249628,10.478362],[-73.249588,10.478382]]}},{"type":"Feature","properties":{"id":"376b","arista":376,"lado":"b","orientacion":"sur","muestra_inicio":11537,"muestra_cantidad":19},"geometry":{"type":"LineString","coordinates":[[-73.250275,10.477965],[-73.250239,10.477992],[-73.250201,10.478016],[-73.250161,10.478036],[-73.250121,10.478055],[-73.250081,10.478075],[-73.250042,10.478094],[-73.250002,10.478114],[-73.249962,10.478133],[-73.249922,10.478153],[-73.249882,10.478172],[-73.249842,10.478192],[-73.249802,10.478212],[-73.249762,10.478231],[-73.249722,10.478251],[-73.249682,10.47827],[-73.249642,10.47829],[-73.249602,10.478309],[-73.249556,10.478317]]}},{"type":"Feature","properties":{"id":"377a","arista":377,"lado":"a","orientacion":"occidental","muestra_inicio":11556,"muestra_cantidad":16},"geometry":{"type":"LineString","coordinates":[[-73.249599,10.478353],[-73.249628,10.478389],[-73.249656,10.478426],[-73.249685,10.478463],[-73.249714,10.4785],[-73.249742,10.478537],[-73.249771,10.478574],[-73.2498,10.478611],[-73.249828,10.478648],[-73.249857,10.478685],[-73.249886,10.478722],[-73.249914,10.478759],[-73.249943,10.478796],[-73.249972,10.478833],[-73.25,10.478869],[-73.250029,10.478906]]}},{"type":"Feature","properties":{"id":"377b","arista":377,"lado":"b","orientacion":"oriental","muestra_inicio":11572,"muestra_cantidad":16},"geometry":{"type":"LineString","coordinates":[[-73.249534,10.478402],[-73.249562,10.478439],[-73.249591,10.478476],[-73.24962,10.478513],[-73.249648,10.47855],[-73.249677,10.478587],[-73.249706,10.478624],[-73.249734,10.478661],[-73.249763,10.478698],[-73.249792,10.478734],[-73.24982,10.478771],[-73.249849,10.478808],[-73.249878,10.478845],[-73.249907,10.478882],[-73.249935,10.478919],[-73.249964,10.478956]]}},{"type":"Feature","properties":{"id":"378a","arista":378,"lado":"a","orientacion":"sur","muestra_inicio":11588,"muestra_cantidad":3},"geometry":{"type":"LineString","coordinates":[[-73.240165,10.472583],[-73.240209,10.472581],[-73.240253,10.472579]]}},{"type":"Feature","properties":{"id":"378b","arista":378,"lado":"b","orientacion":"norte","muestra_inicio":11591,"muestra_cantidad":3},"geometry":{"type":"LineString","coordinates":[[-73.240168,10.472656],[-73.240212,10.472654],[-73.240256,10.472652]]}},{"type":"Feature","properties":{"id":"379a","arista":379,"lado":"a","orientacion":"oriental","muestra_inicio":11594,"muestra_cantidad":20},"geometry":{"type":"LineString","coordinates":[[-73.243377,10.475272],[-73.243406,10.475237],[-73.243436,10.475203],[-73.243465,10.475168],[-73.243495,10.475134],[-73.243524,10.4751],[-73.243553,10.475065],[-73.243583,10.475031],[-73.243612,10.474997],[-73.243642,10.474962],[-73.243675,10.474927],[-73.243708,10.474896],[-73.243741,10.474864],[-73.243773,10.474833],[-73.243806,10.474801],[-73.243838,10.47477],[-73.243871,10.474738],[-73.243904,10.474707],[-73.243936,10.474675],[-73.243969,10.474644]]}},{"type":"Feature","properties":{"id":"379b","arista":379,"lado":"b","orientacion":"occidental","muestra_inicio":11614,"muestra_cantidad":20},"geometry":{"type":"LineString","coordinates":[[-73.243432,10.475318],[-73.243462,10.475284],[-73.243491,10.47525],[-73.243521,10.475215],[-73.24355,10.475181],[-73.24358,10.475147],[-73.243609,10.475112],[-73.243639,10.475078],[-73.243668,10.475044],[-73.243698,10.475009],[-73.243727,10.474979],[-73.243759,10.474947],[-73.243792,10.474916],[-73.243824,10.474884],[-73.243857,10.474853],[-73.243889,10.474821],[-73.243922,10.47479],[-73.243955,10.474758],[-73.243987,10.474727],[-73.24402,10.474695]]}},{"type":"Feature","properties":{"id":"380a","arista":380,"lado":"a","orientacion":"oriental","muestra_inicio":11634,"muestra_cantidad":24},"geometry":{"type":"LineString","coordinates":[[-73.245799,10.482904],[-73.245775,10.482866],[-73.24575,10.482829],[-73.245725,10.482791],[-73.2457,10.482754],[-73.245676,10.482716],[-73.245651,10.482679],[-73.245626,10.482643],[-73.2456,10.482606],[-73.245575,10.482568],[-73.245549,10.482531],[-73.245524,10.482494],[-73.245499,10.482457],[-73.245473,10.48242],[-73.245448,10.482383],[-73.245422,10.482346],[-73.245397,10.482309],[-73.245371,10.482272],[-73.245346,10.482235],[-73.245321,10.482198],[-73.245295,10.482161],[-73.24527,10.482124],[-73.245244,10.482087],[-73.245219,10.48205]]}},{"type":"Feature","properties":{"id":"380b","arista":380,"lado":"b","orientacion":"occidental","muestra_inicio":11658,"muestra_cantidad":24},"geometry":{"type":"LineString","coordinates":[[-73.245883,10.482849],[-73.245859,10.482812],[-73.245834,10.482774],[-73.245809,10.482737],[-73.245784,10.482699],[-73.24576,10.482662],[-73.245735,10.482624],[-73.245709,10.482587],[-73.245683,10.48255],[-73.245658,10.482513],[-73.245633,10.482476],[-73.245607,10.482438],[-73.245582,10.482401],[-73.245556,10.482364],[-73.245531,10.482327],[-73.245505,10.48229],[-73.24548,10.482253],[-73.245455,10.482216],[-73.245429,10.482179],[-73.245404,10.482142],[-73.245378,10.482105],[-73.245353,10.482068],[-73.245327,10.482031],[-73.245302,10.481994]]}},{"type":"Feature","properties":{"id":"381a","arista":381,"lado":"a","orientacion":"sur","muestra_inicio":11682,"muestra_cantidad":14},"geometry":{"type":"LineString","coordinates":[[-73.24474,10.482315],[-73.244774,10.482288],[-73.244809,10.482261],[-73.244846,10.482233],[-73.244882,10.482208],[-73.244918,10.482184],[-73.244955,10.482159],[-73.244991,10.482134],[-73.245027,10.482109],[-73.245064,10.482085],[-73.2451,10.48206],[-73.245136,10.482035],[-73.245172,10.482011],[-73.245209,10.481986]]}},{"type":"Feature","properties":{"id":"381b","arista":381,"lado":"b","orientacion":"norte","muestra_inicio":11696,"muestra_cantidad":14},"geometry":{"type":"LineString","coordinates":[[-73.244785,10.482372],[-73.244819,10.482345],[-73.244854,10.482318],[-73.244887,10.482293],[-73.244923,10.482268],[-73.24496,10.482243],[-73.244996,10.482218],[-73.245032,10.482194],[-73.245069,10.482169],[-73.245105,10.482144],[-73.245141,10.48212],[-73.245178,10.482095],[-73.245214,10.48207],[-73.24525,10.482045]]}},{"type":"Feature","properties":{"id":"382a","arista":382,"lado":"a","orientacion":"sur","muestra_inicio":11710,"muestra_cantidad":2},"geometry":{"type":"LineString","coordinates":[[-73.243547,10.470639],[-73.243583,10.470659]]}},{"type":"Feature","properties":{"id":"382b","arista":382,"lado":"b","orientacion":"norte","muestra_inicio":11712,"muestra_cantidad":2},"geometry":{"type":"LineString","coordinates":[[-73.243507,10.47071],[-73.243542,10.470729]]}},{"type":"Feature","properties":{"id":"383a","arista":383,"lado":"a","orientacion":"oriental","muestra_inicio":11714,"muestra_cantidad":21},"geometry":{"type":"LineString","coordinates":[[-73.24358,10.471648],[-73.243578,10.471602],[-73.243576,10.471555],[-73.243574,10.471509],[-73.243573,10.471463],[-73.24357,10.47142],[-73.243566,10.471374],[-73.243564,10.471325],[-73.243563,10.47128],[-73.243561,10.471234],[-73.243559,10.471188],[-73.243557,10.471142],[-73.243555,10.471096],[-73.243553,10.47105],[-73.243551,10.471004],[-73.243549,10.470958],[-73.243547,10.470912],[-73.243545,10.470866],[-73.243544,10.47082],[-73.243542,10.470774],[-73.24354,10.470728]]}},{"type":"Feature","properties":{"id":"383b","arista":383,"lado":"b","orientacion":"occidental","muestra_inicio":11735,"muestra_cantidad":21},"geometry":{"type":"LineString","coordinates":[[-73.243662,10.471644],[-73.24366,10.471598],[-73.243658,10.471553],[-73.243656,10.471507],[-73.243655,10.471461],[-73.243652,10.471412],[-73.243647,10.471366],[-73.243646,10.471324],[-73.243645,10.471277],[-73.243643,10.471231],[-73.243641,10.471185],[-73.243639,10.471139],[-73.243637,10.471093],[-73.243635,10.471047],[-73.243633,10.471001],[-73.243631,10.470955],[-73.243629,10.470909],[-73.243627,10.470863],[-73.243626,10.470817],[-73.243624,10.470772],[-73.243622,10.470726]]}},{"type":"Feature","properties":{"id":"384a","arista":384,"lado":"a","orientacion":"sur","muestra_inicio":11756,"muestra_cantidad":9},"geometry":{"type":"LineString","coordinates":[[-73.243048,10.48143],[-73.24309,10.481407],[-73.243132,10.481384],[-73.243174,10.481362],[-73.243216,10.481339],[-73.243259,10.481316],[-73.243301,10.481293],[-73.243343,10.48127],[-73.243385,10.481247]]}},{"type":"Feature","properties":{"id":"384b","arista":384,"lado":"b","orientacion":"norte","muestra_inicio":11765,"muestra_cantidad":9},"geometry":{"type":"LineString","coordinates":[[-73.243083,10.481494],[-73.243125,10.481471],[-73.243167,10.481448],[-73.243209,10.481425],[-73.243252,10.481402],[-73.243294,10.481379],[-73.243336,10.481356],[-73.243378,10.481333],[-73.24342,10.48131]]}},{"type":"Feature","properties":{"id":"385a","arista":385,"lado":"a","orientacion":"norte","muestra_inicio":11774,"muestra_cantidad":13},"geometry":{"type":"LineString","coordinates":[[-73.243937,10.481036],[-73.243898,10.481057],[-73.243858,10.481078],[-73.243818,10.481099],[-73.243779,10.48112],[-73.243739,10.481141],[-73.243699,10.481162],[-73.243659,10.481183],[-73.24362,10.481204],[-73.24358,10.481225],[-73.24354,10.481246],[-73.243501,10.481267],[-73.243461,10.481288]]}},{"type":"Feature","properties":{"id":"385b","arista":385,"lado":"b","orientacion":"sur","muestra_inicio":11787,"muestra_cantidad":13},"geometry":{"type":"LineString","coordinates":[[-73.243903,10.480972],[-73.243863,10.480993],[-73.243823,10.481014],[-73.243784,10.481035],[-73.243744,10.481056],[-73.243704,10.481077],[-73.243665,10.481098],[-73.243625,10.48112],[-73.243585,10.481141],[-73.243546,10.481162],[-73.243506,10.481183],[-73.243466,10.481204],[-73.243426,10.481225]]}},{"type":"Feature","properties":{"id":"386a","arista":386,"lado":"a","orientacion":"occidental","muestra_inicio":11800,"muestra_cantidad":22},"geometry":{"type":"LineString","coordinates":[[-73.243023,10.480398],[-73.243043,10.480438],[-73.243063,10.480478],[-73.243083,10.480517],[-73.243103,10.480557],[-73.243124,10.480597],[-73.243144,10.480636],[-73.243164,10.480676],[-73.243184,10.480716],[-73.243204,10.480755],[-73.243224,10.480795],[-73.243245,10.480835],[-73.243265,10.480874],[-73.243285,10.480914],[-73.243305,10.480953],[-73.243325,10.480993],[-73.243346,10.481033],[-73.243366,10.481072],[-73.243386,10.481112],[-73.243402,10.481154],[-73.243426,10.481191],[-73.243446,10.481231]]}},{"type":"Feature","properties":{"id":"386b","arista":386,"lado":"b","orientacion":"oriental","muestra_inicio":11822,"muestra_cantidad":22},"geometry":{"type":"LineString","coordinates":[[-73.242958,10.480431],[-73.242978,10.480471],[-73.242998,10.48051],[-73.243018,10.48055],[-73.243038,10.48059],[-73.243058,10.480629],[-73.243079,10.480669],[-73.243099,10.480709],[-73.243119,10.480748],[-73.243139,10.480788],[-73.243159,10.480827],[-73.243179,10.480867],[-73.2432,10.480907],[-73.24322,10.480946],[-73.24324,10.480986],[-73.24326,10.481026],[-73.24328,10.481065],[-73.2433,10.481105],[-73.243321,10.481145],[-73.243341,10.481184],[-73.243361,10.481224],[-73.243381,10.481264]]}},{"type":"Feature","properties":{"id":"387a","arista":387,"lado":"a","orientacion":"oriental","muestra_inicio":11844,"muestra_cantidad":18},"geometry":{"type":"LineString","coordinates":[[-73.243739,10.481996],[-73.243719,10.481955],[-73.243699,10.481914],[-73.243679,10.481874],[-73.243659,10.481833],[-73.243639,10.481792],[-73.243619,10.481751],[-73.2436,10.481711],[-73.24358,10.48167],[-73.24356,10.481629],[-73.24354,10.481588],[-73.24352,10.481548],[-73.2435,10.481507],[-73.24348,10.481466],[-73.24346,10.481425],[-73.243441,10.481385],[-73.243421,10.481344],[-73.243401,10.481303]]}},{"type":"Feature","properties":{"id":"387b","arista":387,"lado":"b","orientacion":"occidental","muestra_inicio":11862,"muestra_cantidad":18},"geometry":{"type":"LineString","coordinates":[[-73.243805,10.481964],[-73.243785,10.481924],[-73.243765,10.481883],[-73.243745,10.481842],[-73.243725,10.481801],[-73.243705,10.481761],[-73.243685,10.48172],[-73.243665,10.481679],[-73.243646,10.481638],[-73.243626,10.481598],[-73.243606,10.481557],[-73.243586,10.481516],[-73.243566,10.481475],[-73.243546,10.481435],[-73.243526,10.481394],[-73.243506,10.481353],[-73.243487,10.481312],[-73.243467,10.481272]]}},{"type":"Feature","properties":{"id":"388a","arista":388,"lado":"a","orientacion":"norte","muestra_inicio":11880,"muestra_cantidad":9},"geometry":{"type":"LineString","coordinates":[[-73.24475,10.482398],[-73.244716,10.482425],[-73.244682,10.482451],[-73.244648,10.482478],[-73.244614,10.482504],[-73.24458,10.482531],[-73.244546,10.482557],[-73.244512,10.482583],[-73.244478,10.48261]]}},{"type":"Feature","properties":{"id":"388b","arista":388,"lado":"b","orientacion":"sur","muestra_inicio":11889,"muestra_cantidad":9},"geometry":{"type":"LineString","coordinates":[[-73.244705,10.482341],[-73.244671,10.482368],[-73.244637,10.482394],[-73.244603,10.482421],[-73.244569,10.482447],[-73.244535,10.482474],[-73.244501,10.4825],[-73.244467,10.482526],[-73.244433,10.482553]]}},{"type":"Feature","properties":{"id":"389a","arista":389,"lado":"a","orientacion":"sur","muestra_inicio":11898,"muestra_cantidad":10},"geometry":{"type":"LineString","coordinates":[[-73.244114,10.482869],[-73.244146,10.482838],[-73.244178,10.482807],[-73.24421,10.482776],[-73.244242,10.482745],[-73.244274,10.482714],[-73.244307,10.482683],[-73.244339,10.482652],[-73.244371,10.482622],[-73.244403,10.482591]]}},{"type":"Feature","properties":{"id":"389b","arista":389,"lado":"b","orientacion":"norte","muestra_inicio":11908,"muestra_cantidad":10},"geometry":{"type":"LineString","coordinates":[[-73.244152,10.482908],[-73.244184,10.482877],[-73.244216,10.482846],[-73.244248,10.482815],[-73.244281,10.482784],[-73.244313,10.482753],[-73.244345,10.482722],[-73.244377,10.482691],[-73.244409,10.48266],[-73.244441,10.482629]]}},{"type":"Feature","properties":{"id":"390a","arista":390,"lado":"a","orientacion":"sur","muestra_inicio":11918,"muestra_cantidad":12},"geometry":{"type":"LineString","coordinates":[[-73.244056,10.482295],[-73.244089,10.482325],[-73.244121,10.482355],[-73.244154,10.482385],[-73.244186,10.482415],[-73.244218,10.482445],[-73.244251,10.482475],[-73.244283,10.482506],[-73.244316,10.482536],[-73.244343,10.482547],[-73.244384,10.482562],[-73.244414,10.48256]]}},{"type":"Feature","properties":{"id":"390b","arista":390,"lado":"b","orientacion":"norte","muestra_inicio":11930,"muestra_cantidad":12},"geometry":{"type":"LineString","coordinates":[[-73.244006,10.482348],[-73.244039,10.482378],[-73.244071,10.482408],[-73.244104,10.482438],[-73.244136,10.482468],[-73.244168,10.482498],[-73.244201,10.482528],[-73.244233,10.482558],[-73.244266,10.482588],[-73.244317,10.482615],[-73.24436,10.48263],[-73.244418,10.482632]]}},{"type":"Feature","properties":{"id":"391a","arista":391,"lado":"a","orientacion":"occidental","muestra_inicio":11942,"muestra_cantidad":16},"geometry":{"type":"LineString","coordinates":[[-73.249302,10.475567],[-73.249329,10.475605],[-73.249355,10.475643],[-73.249381,10.475681],[-73.249407,10.47572],[-73.249434,10.475758],[-73.24946,10.475796],[-73.249486,10.475834],[-73.249512,10.475872],[-73.249539,10.47591],[-73.249565,10.475948],[-73.249591,10.475986],[-73.249617,10.476024],[-73.249644,10.476063],[-73.24967,10.476101],[-73.249696,10.476139]]}},{"type":"Feature","properties":{"id":"391b","arista":391,"lado":"b","orientacion":"oriental","muestra_inicio":11958,"muestra_cantidad":16},"geometry":{"type":"LineString","coordinates":[[-73.249219,10.475623],[-73.249246,10.475661],[-73.249272,10.475699],[-73.249298,10.475737],[-73.249324,10.475776],[-73.249351,10.475814],[-73.249377,10.475852],[-73.249403,10.47589],[-73.249429,10.475928],[-73.249456,10.475966],[-73.249482,10.476004],[-73.249508,10.476042],[-73.249534,10.47608],[-73.249561,10.476119],[-73.249587,10.476157],[-73.249613,10.476195]]}},{"type":"Feature","properties":{"id":"392a","arista":392,"lado":"a","orientacion":"sur","muestra_inicio":11974,"muestra_cantidad":16},"geometry":{"type":"LineString","coordinates":[[-73.244475,10.479457],[-73.244515,10.479434],[-73.244555,10.479411],[-73.244595,10.479387],[-73.244634,10.479364],[-73.244674,10.479341],[-73.244714,10.479318],[-73.244754,10.479294],[-73.244793,10.479271],[-73.244833,10.479248],[-73.244873,10.479225],[-73.244913,10.479201],[-73.244952,10.479178],[-73.244992,10.479155],[-73.245032,10.479132],[-73.245072,10.479108]]}},{"type":"Feature","properties":{"id":"392b","arista":392,"lado":"b","orientacion":"norte","muestra_inicio":11990,"muestra_cantidad":16},"geometry":{"type":"LineString","coordinates":[[-73.244513,10.479519],[-73.24455,10.479492],[-73.24459,10.479469],[-73.24463,10.479446],[-73.244669,10.479423],[-73.244709,10.479399],[-73.244747,10.479372],[-73.244791,10.479357],[-73.244831,10.479333],[-73.24487,10.47931],[-73.24491,10.479287],[-73.24495,10.479264],[-73.24499,10.47924],[-73.245029,10.479217],[-73.245069,10.479194],[-73.245109,10.479171]]}},{"type":"Feature","properties":{"id":"393a","arista":393,"lado":"a","orientacion":"occidental","muestra_inicio":12006,"muestra_cantidad":25},"geometry":{"type":"LineString","coordinates":[[-73.244557,10.478185],[-73.244566,10.478232],[-73.244589,10.47827],[-73.244613,10.478307],[-73.244637,10.478345],[-73.244661,10.478383],[-73.244689,10.478418],[-73.244705,10.478461],[-73.244729,10.478498],[-73.244772,10.478524],[-73.244796,10.478562],[-73.244819,10.4786],[-73.244843,10.478637],[-73.244867,10.478675],[-73.244887,10.478715],[-73.244915,10.47875],[-73.244939,10.478788],[-73.244959,10.478828],[-73.244978,10.478868],[-73.24501,10.478901],[-73.245026,10.478944],[-73.245046,10.478984],[-73.24507,10.479022],[-73.245094,10.479059],[-73.245129,10.47909]]}},{"type":"Feature","properties":{"id":"393b","arista":393,"lado":"b","orientacion":"oriental","muestra_inicio":12031,"muestra_cantidad":25},"geometry":{"type":"LineString","coordinates":[[-73.244507,10.478216],[-73.244531,10.478254],[-73.244555,10.478291],[-73.244578,10.478329],[-73.244602,10.478367],[-73.244626,10.478404],[-73.24465,10.478442],[-73.244662,10.478487],[-73.244686,10.478525],[-73.24471,10.478562],[-73.244734,10.4786],[-73.244769,10.478631],[-73.244793,10.478668],[-73.244817,10.478706],[-73.244837,10.478746],[-73.244861,10.478784],[-73.244884,10.478822],[-73.244908,10.478859],[-73.244932,10.478897],[-73.244956,10.478935],[-73.24498,10.478972],[-73.244996,10.479015],[-73.24502,10.479053],[-73.245043,10.47909],[-73.245067,10.479128]]}},{"type":"Feature","properties":{"id":"394a","arista":394,"lado":"a","orientacion":"oriental","muestra_inicio":12056,"muestra_cantidad":3},"geometry":{"type":"LineString","coordinates":[[-73.241407,10.474257],[-73.241394,10.474209],[-73.241381,10.474161]]}},{"type":"Feature","properties":{"id":"394b","arista":394,"lado":"b","orientacion":"occidental","muestra_inicio":12059,"muestra_cantidad":3},"geometry":{"type":"LineString","coordinates":[[-73.241478,10.474238],[-73.241464,10.47419],[-73.241451,10.474142]]}},{"type":"Feature","properties":{"id":"395a","arista":395,"lado":"a","orientacion":"sur","muestra_inicio":12062,"muestra_cantidad":4},"geometry":{"type":"LineString","coordinates":[[-73.241344,10.474171],[-73.24138,10.474191],[-73.241415,10.474211],[-73.24145,10.474231]]}},{"type":"Feature","properties":{"id":"395b","arista":395,"lado":"b","orientacion":"norte","muestra_inicio":12066,"muestra_cantidad":4},"geometry":{"type":"LineString","coordinates":[[-73.241308,10.474233],[-73.241343,10.474253],[-73.241378,10.474273],[-73.241414,10.474293]]}},{"type":"Feature","properties":{"id":"396a","arista":396,"lado":"a","orientacion":"sur","muestra_inicio":12070,"muestra_cantidad":4},"geometry":{"type":"LineString","coordinates":[[-73.240656,10.479438],[-73.240695,10.479414],[-73.240734,10.479389],[-73.240773,10.479365]]}},{"type":"Feature","properties":{"id":"396b","arista":396,"lado":"b","orientacion":"norte","muestra_inicio":12074,"muestra_cantidad":4},"geometry":{"type":"LineString","coordinates":[[-73.240696,10.479499],[-73.240734,10.479475],[-73.240773,10.47945],[-73.240812,10.479426]]}},{"type":"Feature","properties":{"id":"397a","arista":397,"lado":"a","orientacion":"oriental","muestra_inicio":12078,"muestra_cantidad":4},"geometry":{"type":"LineString","coordinates":[[-73.24383,10.472029],[-73.243803,10.471994],[-73.243775,10.471959],[-73.243748,10.471924]]}},{"type":"Feature","properties":{"id":"397b","arista":397,"lado":"b","orientacion":"occidental","muestra_inicio":12082,"muestra_cantidad":4},"geometry":{"type":"LineString","coordinates":[[-73.243895,10.471979],[-73.243868,10.471944],[-73.24384,10.47191],[-73.243813,10.471875]]}},{"type":"Feature","properties":{"id":"398a","arista":398,"lado":"a","orientacion":"sur","muestra_inicio":12086,"muestra_cantidad":7},"geometry":{"type":"LineString","coordinates":[[-73.241406,10.478886],[-73.241444,10.47886],[-73.241482,10.478834],[-73.241521,10.478808],[-73.241559,10.478783],[-73.241597,10.478757],[-73.241635,10.478731]]}},{"type":"Feature","properties":{"id":"398b","arista":398,"lado":"b","orientacion":"norte","muestra_inicio":12093,"muestra_cantidad":7},"geometry":{"type":"LineString","coordinates":[[-73.241447,10.478945],[-73.241485,10.47892],[-73.241524,10.478894],[-73.241562,10.478868],[-73.2416,10.478842],[-73.241638,10.478817],[-73.241676,10.478791]]}},{"type":"Feature","properties":{"id":"399a","arista":399,"lado":"a","orientacion":"sur","muestra_inicio":12100,"muestra_cantidad":9},"geometry":{"type":"LineString","coordinates":[[-73.243129,10.482564],[-73.243167,10.48254],[-73.243205,10.482515],[-73.243243,10.48249],[-73.243281,10.482465],[-73.243319,10.48244],[-73.243357,10.482415],[-73.243395,10.48239],[-73.243434,10.482366]]}},{"type":"Feature","properties":{"id":"399b","arista":399,"lado":"b","orientacion":"norte","muestra_inicio":12109,"muestra_cantidad":9},"geometry":{"type":"LineString","coordinates":[[-73.243169,10.482625],[-73.243207,10.4826],[-73.243245,10.482575],[-73.243284,10.48255],[-73.243322,10.482525],[-73.24336,10.482501],[-73.243398,10.482476],[-73.243436,10.482451],[-73.243474,10.482426]]}},{"type":"Feature","properties":{"id":"400a","arista":400,"lado":"a","orientacion":"occidental","muestra_inicio":12118,"muestra_cantidad":22},"geometry":{"type":"LineString","coordinates":[[-73.243087,10.481479],[-73.243106,10.48152],[-73.243126,10.481562],[-73.243145,10.481603],[-73.243165,10.481644],[-73.243184,10.481686],[-73.243204,10.481727],[-73.243223,10.481768],[-73.243243,10.48181],[-73.243262,10.481851],[-73.243282,10.481892],[-73.243301,10.481934],[-73.243321,10.481975],[-73.24334,10.482017],[-73.24336,10.482058],[-73.243379,10.482099],[-73.243399,10.482141],[-73.243418,10.482182],[-73.243438,10.482223],[-73.243457,10.482265],[-73.243477,10.482306],[-73.243496,10.482347]]}},{"type":"Feature","properties":{"id":"400b","arista":400,"lado":"b","orientacion":"oriental","muestra_inicio":12140,"muestra_cantidad":22},"geometry":{"type":"LineString","coordinates":[[-73.243021,10.481509],[-73.24304,10.481551],[-73.24306,10.481592],[-73.243079,10.481634],[-73.243099,10.481675],[-73.243118,10.481716],[-73.243138,10.481758],[-73.243157,10.481799],[-73.243177,10.48184],[-73.243196,10.481882],[-73.243216,10.481923],[-73.243235,10.481964],[-73.243255,10.482006],[-73.243274,10.482047],[-73.243293,10.482088],[-73.243313,10.48213],[-73.243332,10.482171],[-73.243352,10.482212],[-73.243371,10.482254],[-73.243391,10.482295],[-73.24341,10.482337],[-73.24343,10.482378]]}},{"type":"Feature","properties":{"id":"401a","arista":401,"lado":"a","orientacion":"occidental","muestra_inicio":12162,"muestra_cantidad":11},"geometry":{"type":"LineString","coordinates":[[-73.243804,10.482037],[-73.243783,10.482078],[-73.243763,10.482119],[-73.243734,10.482155],[-73.243721,10.4822],[-73.2437,10.482241],[-73.243659,10.482285],[-73.243622,10.482313],[-73.243586,10.482341],[-73.24355,10.482369],[-73.243513,10.482398]]}},{"type":"Feature","properties":{"id":"401b","arista":401,"lado":"b","orientacion":"oriental","muestra_inicio":12173,"muestra_cantidad":11},"geometry":{"type":"LineString","coordinates":[[-73.243739,10.482005],[-73.243718,10.482045],[-73.243697,10.482086],[-73.243677,10.482127],[-73.243656,10.482168],[-73.243635,10.482209],[-73.243613,10.482228],[-73.243577,10.482256],[-73.243541,10.482284],[-73.243505,10.482313],[-73.243468,10.482341]]}},{"type":"Feature","properties":{"id":"402a","arista":402,"lado":"a","orientacion":"occidental","muestra_inicio":12184,"muestra_cantidad":17},"geometry":{"type":"LineString","coordinates":[[-73.243686,10.472495],[-73.243688,10.472541],[-73.24369,10.472587],[-73.243693,10.472634],[-73.243695,10.47268],[-73.243697,10.472726],[-73.243699,10.472773],[-73.243702,10.472819],[-73.243704,10.472865],[-73.243706,10.472911],[-73.243709,10.472958],[-73.243711,10.473004],[-73.243713,10.47305],[-73.243715,10.473097],[-73.243718,10.473143],[-73.24372,10.473189],[-73.243722,10.473235]]}},{"type":"Feature","properties":{"id":"402b","arista":402,"lado":"b","orientacion":"oriental","muestra_inicio":12201,"muestra_cantidad":17},"geometry":{"type":"LineString","coordinates":[[-73.243604,10.472499],[-73.243606,10.472545],[-73.243608,10.472591],[-73.243611,10.472638],[-73.243613,10.472684],[-73.243615,10.47273],[-73.243617,10.472776],[-73.24362,10.472823],[-73.243622,10.472869],[-73.243624,10.472915],[-73.243626,10.472962],[-73.243629,10.473008],[-73.243631,10.473054],[-73.243633,10.473101],[-73.243636,10.473147],[-73.243638,10.473193],[-73.24364,10.473239]]}},{"type":"Feature","properties":{"id":"403a","arista":403,"lado":"a","orientacion":"occidental","muestra_inicio":12218,"muestra_cantidad":11},"geometry":{"type":"LineString","coordinates":[[-73.243659,10.471981],[-73.243661,10.472028],[-73.243664,10.472075],[-73.243666,10.472121],[-73.243669,10.472168],[-73.243671,10.472215],[-73.243673,10.472261],[-73.243676,10.472308],[-73.243678,10.472355],[-73.243681,10.472401],[-73.243683,10.472448]]}},{"type":"Feature","properties":{"id":"403b","arista":403,"lado":"b","orientacion":"oriental","muestra_inicio":12229,"muestra_cantidad":11},"geometry":{"type":"LineString","coordinates":[[-73.243576,10.471985],[-73.243579,10.472032],[-73.243581,10.472079],[-73.243584,10.472126],[-73.243586,10.472172],[-73.243589,10.472219],[-73.243591,10.472266],[-73.243594,10.472312],[-73.243596,10.472359],[-73.243599,10.472406],[-73.243601,10.472452]]}},{"type":"Feature","properties":{"id":"404a","arista":404,"lado":"a","orientacion":"sur","muestra_inicio":12240,"muestra_cantidad":16},"geometry":{"type":"LineString","coordinates":[[-73.242977,10.473255],[-73.243023,10.473252],[-73.243068,10.47325],[-73.243113,10.473248],[-73.243159,10.473245],[-73.243204,10.473243],[-73.243249,10.47324],[-73.243295,10.473238],[-73.24334,10.473236],[-73.243386,10.473233],[-73.243431,10.473231],[-73.243476,10.473228],[-73.243522,10.473226],[-73.243567,10.473224],[-73.243612,10.473221],[-73.243662,10.473223]]}},{"type":"Feature","properties":{"id":"404b","arista":404,"lado":"b","orientacion":"norte","muestra_inicio":12256,"muestra_cantidad":16},"geometry":{"type":"LineString","coordinates":[[-73.242981,10.473327],[-73.243026,10.473325],[-73.243072,10.473322],[-73.243117,10.47332],[-73.243163,10.473317],[-73.243208,10.473315],[-73.243253,10.473313],[-73.243299,10.47331],[-73.243344,10.473308],[-73.243389,10.473305],[-73.243435,10.473303],[-73.24348,10.473301],[-73.243525,10.473298],[-73.243571,10.473296],[-73.243616,10.473293],[-73.243658,10.473295]]}},{"type":"Feature","properties":{"id":"405a","arista":405,"lado":"a","orientacion":"oriental","muestra_inicio":12272,"muestra_cantidad":1},"geometry":{"type":"LineString","coordinates":[[-73.243889,10.477336],[-73.243877,10.477322]]}},{"type":"Feature","properties":{"id":"405b","arista":405,"lado":"b","orientacion":"occidental","muestra_inicio":12273,"muestra_cantidad":1},"geometry":{"type":"LineString","coordinates":[[-73.243902,10.477324],[-73.24389,10.47731]]}},{"type":"Feature","properties":{"id":"406a","arista":406,"lado":"a","orientacion":"norte","muestra_inicio":12274,"muestra_cantidad":17},"geometry":{"type":"LineString","coordinates":[[-73.243866,10.477339],[-73.243826,10.477363],[-73.243787,10.477387],[-73.243747,10.477412],[-73.243708,10.477436],[-73.243668,10.47746],[-73.243628,10.477484],[-73.243589,10.477508],[-73.243549,10.477532],[-73.24351,10.477556],[-73.24347,10.477581],[-73.243431,10.477605],[-73.243391,10.477629],[-73.243351,10.477653],[-73.243312,10.477677],[-73.243272,10.477701],[-73.243249,10.477752]]}},{"type":"Feature","properties":{"id":"406b","arista":406,"lado":"b","orientacion":"sur","muestra_inicio":12291,"muestra_cantidad":17},"geometry":{"type":"LineString","coordinates":[[-73.243844,10.477305],[-73.243805,10.477329],[-73.243765,10.477353],[-73.243726,10.477377],[-73.243686,10.477401],[-73.243646,10.477425],[-73.243607,10.477449],[-73.243567,10.477473],[-73.243528,10.477498],[-73.243488,10.477522],[-73.243449,10.477546],[-73.243409,10.47757],[-73.243369,10.477594],[-73.24333,10.477618],[-73.24329,10.477642],[-73.243251,10.477667],[-73.243211,10.477691]]}},{"type":"Feature","properties":{"id":"407a","arista":407,"lado":"a","orientacion":"occidental","muestra_inicio":12308,"muestra_cantidad":15},"geometry":{"type":"LineString","coordinates":[[-73.243502,10.476782],[-73.24353,10.476818],[-73.243557,10.476855],[-73.243584,10.476892],[-73.243611,10.476928],[-73.243638,10.476965],[-73.243665,10.477002],[-73.243692,10.477039],[-73.243719,10.477076],[-73.243746,10.477113],[-73.243773,10.477149],[-73.2438,10.477186],[-73.243827,10.477223],[-73.243854,10.47726],[-73.243881,10.477297]]}},{"type":"Feature","properties":{"id":"407b","arista":407,"lado":"b","orientacion":"oriental","muestra_inicio":12323,"muestra_cantidad":15},"geometry":{"type":"LineString","coordinates":[[-73.24348,10.476798],[-73.243508,10.476834],[-73.243535,10.476871],[-73.243562,10.476907],[-73.243589,10.476944],[-73.243616,10.476981],[-73.243643,10.477018],[-73.24367,10.477055],[-73.243697,10.477092],[-73.243724,10.477129],[-73.243751,10.477165],[-73.243778,10.477202],[-73.243805,10.477239],[-73.243832,10.477276],[-73.243859,10.477313]]}},{"type":"Feature","properties":{"id":"408a","arista":408,"lado":"a","orientacion":"oriental","muestra_inicio":12338,"muestra_cantidad":11},"geometry":{"type":"LineString","coordinates":[[-73.240875,10.479888],[-73.240851,10.479851],[-73.240827,10.479814],[-73.240804,10.479777],[-73.24078,10.479741],[-73.240756,10.479704],[-73.240732,10.479667],[-73.240709,10.47963],[-73.240685,10.479593],[-73.240661,10.479556],[-73.240637,10.479519]]}},{"type":"Feature","properties":{"id":"408b","arista":408,"lado":"b","orientacion":"occidental","muestra_inicio":12349,"muestra_cantidad":11},"geometry":{"type":"LineString","coordinates":[[-73.240937,10.479849],[-73.240913,10.479812],[-73.240889,10.479776],[-73.240865,10.479739],[-73.240842,10.479702],[-73.240818,10.479665],[-73.240794,10.479628],[-73.24077,10.479591],[-73.240747,10.479554],[-73.240723,10.479517],[-73.240699,10.47948]]}},{"type":"Feature","properties":{"id":"409a","arista":409,"lado":"a","orientacion":"oriental","muestra_inicio":12360,"muestra_cantidad":21},"geometry":{"type":"LineString","coordinates":[[-73.238778,10.47603],[-73.238778,10.475977],[-73.23875,10.475941],[-73.238707,10.475914],[-73.238707,10.475862],[-73.238684,10.475824],[-73.238661,10.475785],[-73.238614,10.475761],[-73.23859,10.475722],[-73.238594,10.475667],[-73.238571,10.475629],[-73.238547,10.47559],[-73.238524,10.475552],[-73.2385,10.475514],[-73.238477,10.475475],[-73.238454,10.475437],[-73.23843,10.475398],[-73.238407,10.47536],[-73.238383,10.475321],[-73.23836,10.475283],[-73.238309,10.475261]]}},{"type":"Feature","properties":{"id":"409b","arista":409,"lado":"b","orientacion":"occidental","muestra_inicio":12381,"muestra_cantidad":21},"geometry":{"type":"LineString","coordinates":[[-73.23884,10.475993],[-73.238817,10.475954],[-73.238793,10.475916],[-73.23877,10.475877],[-73.238746,10.475839],[-73.238723,10.4758],[-73.2387,10.475762],[-73.238676,10.475723],[-73.238653,10.475685],[-73.238618,10.475653],[-73.238598,10.475613],[-73.238575,10.475574],[-73.238555,10.475533],[-73.238536,10.475493],[-73.238512,10.475454],[-73.238489,10.475416],[-73.238465,10.475377],[-73.238442,10.475339],[-73.238419,10.4753],[-73.238395,10.475262],[-73.238372,10.475223]]}},{"type":"Feature","properties":{"id":"410a","arista":410,"lado":"a","orientacion":"sur","muestra_inicio":12402,"muestra_cantidad":6},"geometry":{"type":"LineString","coordinates":[[-73.23809,10.475349],[-73.23813,10.475321],[-73.238169,10.475293],[-73.238209,10.475264],[-73.238248,10.475236],[-73.23829,10.475211]]}},{"type":"Feature","properties":{"id":"410b","arista":410,"lado":"b","orientacion":"norte","muestra_inicio":12408,"muestra_cantidad":6},"geometry":{"type":"LineString","coordinates":[[-73.238122,10.475393],[-73.238165,10.475369],[-73.238204,10.47534],[-73.238243,10.475312],[-73.238286,10.475287],[-73.238328,10.475263]]}},{"type":"Feature","properties":{"id":"411a","arista":411,"lado":"a","orientacion":"norte","muestra_inicio":12414,"muestra_cantidad":8},"geometry":{"type":"LineString","coordinates":[[-73.238624,10.475069],[-73.238586,10.475092],[-73.238546,10.475111],[-73.238513,10.475142],[-73.238473,10.475161],[-73.238442,10.475196],[-73.238405,10.475219],[-73.238367,10.475242]]}},{"type":"Feature","properties":{"id":"411b","arista":411,"lado":"b","orientacion":"sur","muestra_inicio":12422,"muestra_cantidad":8},"geometry":{"type":"LineString","coordinates":[[-73.2386,10.475031],[-73.23856,10.47505],[-73.238522,10.475073],[-73.238479,10.475088],[-73.238442,10.475111],[-73.238404,10.475134],[-73.238366,10.475157],[-73.238328,10.47518]]}},{"type":"Feature","properties":{"id":"412a","arista":412,"lado":"a","orientacion":"oriental","muestra_inicio":12430,"muestra_cantidad":14},"geometry":{"type":"LineString","coordinates":[[-73.239086,10.4766],[-73.239064,10.476559],[-73.239042,10.476518],[-73.23902,10.476477],[-73.239002,10.476434],[-73.23898,10.476393],[-73.238954,10.476354],[-73.238932,10.476313],[-73.23891,10.476272],[-73.238888,10.476231],[-73.238866,10.476191],[-73.238844,10.47615],[-73.238821,10.476109],[-73.238799,10.476068]]}},{"type":"Feature","properties":{"id":"412b","arista":412,"lado":"b","orientacion":"occidental","muestra_inicio":12444,"muestra_cantidad":14},"geometry":{"type":"LineString","coordinates":[[-73.239151,10.476566],[-73.239129,10.476525],[-73.23909,10.476492],[-73.239068,10.476451],[-73.239046,10.47641],[-73.239024,10.47637],[-73.239002,10.476329],[-73.23898,10.476288],[-73.238958,10.476247],[-73.238936,10.476206],[-73.238918,10.476163],[-73.238896,10.476122],[-73.238874,10.476081],[-73.238848,10.476042]]}},{"type":"Feature","properties":{"id":"413a","arista":413,"lado":"a","orientacion":"norte","muestra_inicio":12458,"muestra_cantidad":8},"geometry":{"type":"LineString","coordinates":[[-73.238629,10.477111],[-73.238587,10.477131],[-73.238545,10.47715],[-73.238504,10.47717],[-73.238462,10.47719],[-73.23842,10.47721],[-73.238379,10.47723],[-73.238337,10.477249]]}},{"type":"Feature","properties":{"id":"413b","arista":413,"lado":"b","orientacion":"sur","muestra_inicio":12466,"muestra_cantidad":8},"geometry":{"type":"LineString","coordinates":[[-73.238597,10.477046],[-73.238555,10.477065],[-73.238514,10.477085],[-73.238472,10.477105],[-73.23843,10.477125],[-73.238389,10.477145],[-73.238347,10.477164],[-73.238305,10.477184]]}},{"type":"Feature","properties":{"id":"414a","arista":414,"lado":"a","orientacion":"occidental","muestra_inicio":12474,"muestra_cantidad":5},"geometry":{"type":"LineString","coordinates":[[-73.238254,10.477016],[-73.238278,10.477062],[-73.238295,10.477106],[-73.238311,10.477149],[-73.238327,10.477193]]}},{"type":"Feature","properties":{"id":"414b","arista":414,"lado":"b","orientacion":"oriental","muestra_inicio":12479,"muestra_cantidad":5},"geometry":{"type":"LineString","coordinates":[[-73.23819,10.477051],[-73.23821,10.477087],[-73.238226,10.477131],[-73.238242,10.477174],[-73.238258,10.477218]]}},{"type":"Feature","properties":{"id":"415a","arista":415,"lado":"a","orientacion":"oriental","muestra_inicio":12484,"muestra_cantidad":99},"geometry":{"type":"LineString","coordinates":[[-73.23999,10.479955],[-73.23995,10.479977],[-73.239909,10.479999],[-73.239869,10.48002],[-73.239829,10.480042],[-73.239789,10.480064],[-73.239749,10.480085],[-73.239685,10.480101],[-73.23964,10.480097],[-73.239594,10.480093],[-73.239545,10.480088],[-73.239497,10.480073],[-73.239454,10.480059],[-73.23941,10.480044],[-73.239367,10.48003],[-73.239323,10.480016],[-73.23928,10.480001],[-73.239236,10.479986],[-73.239193,10.479971],[-73.23915,10.479957],[-73.239107,10.479942],[-73.239063,10.479927],[-73.23902,10.479912],[-73.238977,10.479897],[-73.238934,10.479882],[-73.23889,10.479868],[-73.238847,10.479853],[-73.238802,10.479833],[-73.23876,10.479814],[-73.238719,10.479794],[-73.238677,10.479775],[-73.238636,10.479756],[-73.238595,10.479736],[-73.238548,10.479711],[-73.238512,10.479684],[-73.238495,10.479631],[-73.238458,10.479603],[-73.238422,10.479576],[-73.238366,10.479573],[-73.238324,10.479539],[-73.238321,10.479483],[-73.238294,10.479447],[-73.238266,10.479411],[-73.238238,10.479375],[-73.23821,10.479339],[-73.238182,10.479304],[-73.238154,10.479268],[-73.238126,10.479232],[-73.238098,10.479196],[-73.238071,10.47916],[-73.238043,10.479124],[-73.238015,10.479088],[-73.237987,10.479052],[-73.237959,10.479016],[-73.237931,10.47898],[-73.237903,10.478944],[-73.237882,10.478903],[-73.237863,10.478862],[-73.237845,10.478821],[-73.237826,10.478779],[-73.237808,10.478738],[-73.237789,10.478696],[-73.237782,10.47865],[-73.237779,10.478605],[-73.237753,10.478562],[-73.237741,10.478517],[-73.237759,10.478457],[-73.237779,10.478416],[-73.2378,10.478376],[-73.237834,10.478332],[-73.237865,10.478299],[-73.237896,10.478265],[-73.237927,10.478232],[-73.237958,10.478199],[-73.23799,10.478166],[-73.238021,10.478133],[-73.238052,10.4781],[-73.238083,10.478066],[-73.238114,10.478033],[-73.238146,10.478],[-73.238177,10.477967],[-73.238208,10.477934],[-73.238239,10.477901],[-73.23827,10.477867],[-73.238301,10.477834],[-73.238333,10.477801],[-73.238333,10.477777],[-73.23834,10.477732],[-73.238347,10.477688],[-73.238351,10.477654],[-73.238344,10.47761],[-73.238336,10.477565],[-73.238328,10.47752],[-73.238321,10.477476],[-73.238312,10.477434],[-73.238301,10.477389],[-73.238291,10.477345],[-73.23828,10.477301],[-73.23827,10.477257]]}},{"type":"Feature","properties":{"id":"415b","arista":415,"lado":"b","orientacion":"occidental","muestra_inicio":12583,"muestra_cantidad":99},"geometry":{"type":"LineString","coordinates":[[-73.239955,10.479892],[-73.239915,10.479913],[-73.239874,10.479935],[-73.239834,10.479957],[-73.239794,10.479978],[-73.239754,10.48],[-73.239714,10.480022],[-73.239692,10.480029],[-73.239647,10.480025],[-73.239601,10.480021],[-73.239559,10.480017],[-73.23952,10.480004],[-73.239477,10.47999],[-73.239433,10.479976],[-73.23939,10.479961],[-73.239346,10.479947],[-73.239303,10.479933],[-73.23926,10.479918],[-73.239217,10.479903],[-73.239174,10.479888],[-73.239131,10.479873],[-73.239087,10.479859],[-73.239044,10.479844],[-73.239001,10.479829],[-73.238958,10.479814],[-73.238914,10.479799],[-73.23887,10.479789],[-73.238829,10.479776],[-73.238786,10.479761],[-73.23874,10.479749],[-73.238697,10.479734],[-73.238654,10.479719],[-73.238612,10.4797],[-73.238573,10.479679],[-73.238537,10.479651],[-73.2385,10.479624],[-73.238464,10.479596],[-73.238428,10.479569],[-73.238391,10.479541],[-73.238356,10.479514],[-73.238329,10.479478],[-73.238301,10.479442],[-73.238273,10.479406],[-73.238245,10.47937],[-73.238217,10.479334],[-73.238189,10.479298],[-73.238161,10.479262],[-73.238134,10.479226],[-73.238106,10.47919],[-73.238078,10.479154],[-73.23805,10.479118],[-73.238022,10.479082],[-73.237994,10.479046],[-73.237966,10.479011],[-73.237939,10.478975],[-73.237911,10.478939],[-73.23789,10.4789],[-73.237872,10.478858],[-73.237853,10.478817],[-73.237835,10.478775],[-73.237816,10.478734],[-73.237797,10.478693],[-73.237791,10.47865],[-73.237788,10.478605],[-73.237817,10.478557],[-73.237813,10.478512],[-73.237825,10.478489],[-73.237845,10.478448],[-73.237865,10.478408],[-73.237887,10.478381],[-73.237918,10.478348],[-73.23795,10.478315],[-73.237981,10.478282],[-73.238012,10.478248],[-73.238043,10.478215],[-73.238074,10.478182],[-73.238106,10.478149],[-73.238137,10.478116],[-73.238168,10.478083],[-73.238199,10.478049],[-73.23823,10.478016],[-73.238261,10.477983],[-73.238293,10.47795],[-73.238324,10.477917],[-73.238355,10.477884],[-73.238386,10.47785],[-73.238406,10.477788],[-73.238412,10.477743],[-73.238419,10.477698],[-73.238423,10.477642],[-73.238416,10.477598],[-73.238408,10.477553],[-73.238401,10.477508],[-73.238393,10.477464],[-73.238383,10.477417],[-73.238373,10.477373],[-73.238362,10.477329],[-73.238352,10.477285],[-73.238341,10.477241]]}},{"type":"Feature","properties":{"id":"416a","arista":416,"lado":"a","orientacion":"occidental","muestra_inicio":12682,"muestra_cantidad":7},"geometry":{"type":"LineString","coordinates":[[-73.243623,10.471596],[-73.243627,10.471642],[-73.243632,10.471688],[-73.243637,10.471734],[-73.243641,10.47178],[-73.243646,10.471826],[-73.24365,10.471872]]}},{"type":"Feature","properties":{"id":"416b","arista":416,"lado":"b","orientacion":"oriental","muestra_inicio":12689,"muestra_cantidad":7},"geometry":{"type":"LineString","coordinates":[[-73.243541,10.471604],[-73.243545,10.47165],[-73.24355,10.471696],[-73.243555,10.471742],[-73.243559,10.471788],[-73.243564,10.471834],[-73.243569,10.47188]]}},{"type":"Feature","properties":{"id":"417a","arista":417,"lado":"a","orientacion":"occidental","muestra_inicio":12696,"muestra_cantidad":20},"geometry":{"type":"LineString","coordinates":[[-73.243552,10.470684],[-73.243556,10.47073],[-73.243559,10.470775],[-73.243563,10.470821],[-73.243566,10.470866],[-73.24357,10.470912],[-73.243573,10.470958],[-73.243577,10.471003],[-73.24358,10.471049],[-73.243584,10.471095],[-73.243587,10.47114],[-73.243591,10.471186],[-73.243594,10.471231],[-73.243598,10.471277],[-73.243601,10.471323],[-73.243605,10.471368],[-73.243608,10.471414],[-73.243612,10.471459],[-73.243615,10.471505],[-73.243619,10.471551]]}},{"type":"Feature","properties":{"id":"417b","arista":417,"lado":"b","orientacion":"oriental","muestra_inicio":12716,"muestra_cantidad":20},"geometry":{"type":"LineString","coordinates":[[-73.24347,10.47069],[-73.243474,10.470736],[-73.243477,10.470781],[-73.243481,10.470827],[-73.243484,10.470873],[-73.243488,10.470918],[-73.243491,10.470964],[-73.243495,10.471009],[-73.243498,10.471055],[-73.243502,10.471101],[-73.243505,10.471146],[-73.243509,10.471192],[-73.243512,10.471238],[-73.243516,10.471283],[-73.243519,10.471329],[-73.243523,10.471374],[-73.243526,10.47142],[-73.24353,10.471466],[-73.243533,10.471511],[-73.243537,10.471557]]}},{"type":"Feature","properties":{"id":"418a","arista":418,"lado":"a","orientacion":"oriental","muestra_inicio":12736,"muestra_cantidad":2},"geometry":{"type":"LineString","coordinates":[[-73.243574,10.471663],[-73.243553,10.471617]]}},{"type":"Feature","properties":{"id":"418b","arista":418,"lado":"b","orientacion":"occidental","muestra_inicio":12738,"muestra_cantidad":2},"geometry":{"type":"LineString","coordinates":[[-73.243649,10.471629],[-73.243627,10.471583]]}},{"type":"Feature","properties":{"id":"419a","arista":419,"lado":"a","orientacion":"sur","muestra_inicio":12740,"muestra_cantidad":31},"geometry":{"type":"LineString","coordinates":[[-73.247887,10.473396],[-73.247926,10.473371],[-73.247965,10.473346],[-73.248003,10.473321],[-73.248042,10.473296],[-73.248081,10.473271],[-73.24812,10.473246],[-73.248158,10.473221],[-73.248197,10.473196],[-73.248236,10.47317],[-73.248275,10.473145],[-73.248313,10.47312],[-73.248352,10.473095],[-73.248391,10.47307],[-73.248429,10.473045],[-73.248468,10.47302],[-73.248507,10.472995],[-73.248546,10.47297],[-73.248584,10.472944],[-73.248623,10.472919],[-73.248662,10.472894],[-73.248701,10.472869],[-73.248739,10.472844],[-73.248778,10.472819],[-73.248817,10.472794],[-73.248856,10.472769],[-73.248894,10.472744],[-73.248933,10.472718],[-73.248972,10.472693],[-73.24901,10.472668],[-73.249049,10.472643]]}},{"type":"Feature","properties":{"id":"419b","arista":419,"lado":"b","orientacion":"norte","muestra_inicio":12771,"muestra_cantidad":31},"geometry":{"type":"LineString","coordinates":[[-73.247927,10.473457],[-73.247966,10.473432],[-73.248005,10.473407],[-73.248043,10.473382],[-73.248082,10.473356],[-73.248121,10.473331],[-73.24816,10.473306],[-73.248198,10.473281],[-73.248237,10.473256],[-73.248276,10.473231],[-73.248315,10.473206],[-73.248353,10.473181],[-73.248392,10.473156],[-73.248431,10.47313],[-73.248469,10.473105],[-73.248508,10.47308],[-73.248547,10.473055],[-73.248586,10.47303],[-73.248624,10.473005],[-73.248663,10.47298],[-73.248702,10.472955],[-73.248741,10.47293],[-73.248779,10.472904],[-73.248818,10.472879],[-73.248857,10.472854],[-73.248896,10.472829],[-73.248934,10.472804],[-73.248973,10.472779],[-73.249012,10.472754],[-73.249051,10.472729],[-73.249089,10.472704]]}},{"type":"Feature","properties":{"id":"420a","arista":420,"lado":"a","orientacion":"sur","muestra_inicio":12802,"muestra_cantidad":2},"geometry":{"type":"LineString","coordinates":[[-73.247813,10.473445],[-73.247849,10.473421]]}},{"type":"Feature","properties":{"id":"420b","arista":420,"lado":"b","orientacion":"norte","muestra_inicio":12804,"muestra_cantidad":2},"geometry":{"type":"LineString","coordinates":[[-73.247853,10.473505],[-73.24789,10.473481]]}},{"type":"Feature","properties":{"id":"421a","arista":421,"lado":"a","orientacion":"norte","muestra_inicio":12806,"muestra_cantidad":10},"geometry":{"type":"LineString","coordinates":[[-73.239042,10.475147],[-73.239003,10.47512],[-73.238964,10.475093],[-73.238926,10.475067],[-73.23889,10.475057],[-73.238843,10.475056],[-73.238796,10.475055],[-73.238748,10.475054],[-73.238701,10.475053],[-73.238654,10.475052]]}},{"type":"Feature","properties":{"id":"421b","arista":421,"lado":"b","orientacion":"sur","muestra_inicio":12816,"muestra_cantidad":10},"geometry":{"type":"LineString","coordinates":[[-73.239057,10.475125],[-73.239019,10.475098],[-73.23898,10.475071],[-73.238941,10.475045],[-73.23889,10.47503],[-73.238843,10.475029],[-73.238796,10.475028],[-73.238749,10.475027],[-73.238702,10.475026],[-73.238655,10.475025]]}},{"type":"Feature","properties":{"id":"422a","arista":422,"lado":"a","orientacion":"oriental","muestra_inicio":12826,"muestra_cantidad":4},"geometry":{"type":"LineString","coordinates":[[-73.243444,10.475463],[-73.24342,10.475425],[-73.243396,10.475388],[-73.243371,10.47535]]}},{"type":"Feature","properties":{"id":"422b","arista":422,"lado":"b","orientacion":"occidental","muestra_inicio":12830,"muestra_cantidad":4},"geometry":{"type":"LineString","coordinates":[[-73.243506,10.475424],[-73.243481,10.475386],[-73.243457,10.475349],[-73.243433,10.475311]]}},{"type":"Feature","properties":{"id":"423a","arista":423,"lado":"a","orientacion":"oriental","muestra_inicio":12834,"muestra_cantidad":22},"geometry":{"type":"LineString","coordinates":[[-73.244032,10.476281],[-73.244006,10.476244],[-73.243979,10.476207],[-73.243952,10.47617],[-73.243925,10.476133],[-73.243899,10.476096],[-73.243872,10.476058],[-73.243845,10.476021],[-73.243819,10.475984],[-73.243792,10.475947],[-73.243765,10.47591],[-73.243738,10.475873],[-73.243712,10.475836],[-73.243685,10.475799],[-73.243658,10.475762],[-73.243631,10.475724],[-73.243605,10.475687],[-73.243578,10.47565],[-73.243551,10.475613],[-73.243524,10.475576],[-73.243498,10.475539],[-73.243471,10.475502]]}},{"type":"Feature","properties":{"id":"423b","arista":423,"lado":"b","orientacion":"occidental","muestra_inicio":12856,"muestra_cantidad":22},"geometry":{"type":"LineString","coordinates":[[-73.244092,10.476239],[-73.244065,10.476202],[-73.244027,10.476173],[-73.244001,10.476136],[-73.243974,10.476099],[-73.243947,10.476062],[-73.24392,10.476024],[-73.243894,10.475987],[-73.243878,10.475942],[-73.243851,10.475905],[-73.243825,10.475868],[-73.243798,10.475831],[-73.243771,10.475794],[-73.243744,10.475757],[-73.243718,10.47572],[-73.243691,10.475682],[-73.243664,10.475645],[-73.243637,10.475608],[-73.243611,10.475571],[-73.243584,10.475534],[-73.243557,10.475497],[-73.243531,10.47546]]}},{"type":"Feature","properties":{"id":"424a","arista":424,"lado":"a","orientacion":"norte","muestra_inicio":12878,"muestra_cantidad":10},"geometry":{"type":"LineString","coordinates":[[-73.240529,10.478073],[-73.240489,10.478096],[-73.240448,10.47812],[-73.240407,10.478143],[-73.240367,10.478167],[-73.240326,10.47819],[-73.240285,10.478214],[-73.240245,10.478237],[-73.240204,10.47826],[-73.240163,10.478284]]}},{"type":"Feature","properties":{"id":"424b","arista":424,"lado":"b","orientacion":"sur","muestra_inicio":12888,"muestra_cantidad":10},"geometry":{"type":"LineString","coordinates":[[-73.240492,10.47801],[-73.240459,10.478046],[-73.240418,10.478069],[-73.24037,10.478081],[-73.240334,10.478112],[-73.240294,10.478135],[-73.240248,10.478151],[-73.240212,10.478182],[-73.240169,10.478202],[-73.240127,10.478221]]}},{"type":"Feature","properties":{"id":"425a","arista":425,"lado":"a","orientacion":"occidental","muestra_inicio":12898,"muestra_cantidad":5},"geometry":{"type":"LineString","coordinates":[[-73.240064,10.478055],[-73.240073,10.478104],[-73.240093,10.478147],[-73.240118,10.478188],[-73.240147,10.478227]]}},{"type":"Feature","properties":{"id":"425b","arista":425,"lado":"b","orientacion":"oriental","muestra_inicio":12903,"muestra_cantidad":5},"geometry":{"type":"LineString","coordinates":[[-73.239998,10.478086],[-73.240019,10.478129],[-73.24004,10.478172],[-73.240061,10.478215],[-73.240081,10.478258]]}},{"type":"Feature","properties":{"id":"426a","arista":426,"lado":"a","orientacion":"norte","muestra_inicio":12908,"muestra_cantidad":9},"geometry":{"type":"LineString","coordinates":[[-73.240375,10.478567],[-73.240337,10.47854],[-73.2403,10.478513],[-73.240262,10.478486],[-73.240225,10.478458],[-73.240184,10.478428],[-73.240153,10.478382],[-73.240129,10.478342],[-73.240105,10.478303]]}},{"type":"Feature","properties":{"id":"426b","arista":426,"lado":"b","orientacion":"sur","muestra_inicio":12917,"muestra_cantidad":9},"geometry":{"type":"LineString","coordinates":[[-73.240418,10.478509],[-73.240375,10.478489],[-73.240343,10.478454],[-73.240305,10.478427],[-73.240252,10.478422],[-73.240231,10.478379],[-73.240212,10.478347],[-73.240192,10.478305],[-73.240168,10.478265]]}},{"type":"Feature","properties":{"id":"427a","arista":427,"lado":"a","orientacion":"sur","muestra_inicio":12926,"muestra_cantidad":8},"geometry":{"type":"LineString","coordinates":[[-73.240533,10.477987],[-73.240575,10.477962],[-73.240616,10.477938],[-73.240658,10.477913],[-73.2407,10.477889],[-73.240741,10.477864],[-73.240783,10.47784],[-73.240824,10.477815]]}},{"type":"Feature","properties":{"id":"427b","arista":427,"lado":"b","orientacion":"norte","muestra_inicio":12934,"muestra_cantidad":8},"geometry":{"type":"LineString","coordinates":[[-73.240554,10.478022],[-73.240598,10.478001],[-73.24064,10.477977],[-73.240684,10.477956],[-73.240728,10.477935],[-73.240769,10.477911],[-73.240813,10.47789],[-73.240857,10.47787]]}},{"type":"Feature","properties":{"id":"428a","arista":428,"lado":"a","orientacion":"oriental","muestra_inicio":12942,"muestra_cantidad":27},"geometry":{"type":"LineString","coordinates":[[-73.241365,10.478924],[-73.241345,10.478884],[-73.241349,10.478831],[-73.241329,10.478791],[-73.241309,10.47875],[-73.241264,10.478722],[-73.241273,10.478667],[-73.241252,10.478627],[-73.241204,10.4786],[-73.241208,10.478547],[-73.241188,10.478507],[-73.241143,10.478478],[-73.241148,10.478426],[-73.241127,10.478385],[-73.241107,10.478345],[-73.241087,10.478304],[-73.241067,10.478264],[-73.241043,10.478225],[-73.241023,10.478185],[-73.241002,10.478144],[-73.240962,10.478114],[-73.240966,10.478061],[-73.240946,10.478021],[-73.240918,10.477984],[-73.240898,10.477944],[-73.240878,10.477903],[-73.240841,10.47787]]}},{"type":"Feature","properties":{"id":"428b","arista":428,"lado":"b","orientacion":"occidental","muestra_inicio":12969,"muestra_cantidad":27},"geometry":{"type":"LineString","coordinates":[[-73.24143,10.478892],[-73.24141,10.478852],[-73.24139,10.478811],[-73.24137,10.478771],[-73.24135,10.47873],[-73.24133,10.47869],[-73.241309,10.478649],[-73.241289,10.478609],[-73.241269,10.478568],[-73.241249,10.478528],[-73.241229,10.478487],[-73.241209,10.478446],[-73.241189,10.478406],[-73.241168,10.478365],[-73.241148,10.478325],[-73.241128,10.478284],[-73.241108,10.478244],[-73.241088,10.478203],[-73.241068,10.478163],[-73.241048,10.478122],[-73.241027,10.478082],[-73.241007,10.478041],[-73.240987,10.478001],[-73.240967,10.47796],[-73.240947,10.47792],[-73.240927,10.477879],[-73.240907,10.477839]]}},{"type":"Feature","properties":{"id":"429a","arista":429,"lado":"a","orientacion":"oriental","muestra_inicio":12996,"muestra_cantidad":14},"geometry":{"type":"LineString","coordinates":[[-73.240767,10.478579],[-73.240747,10.47854],[-73.240728,10.4785],[-73.240708,10.478461],[-73.240688,10.478421],[-73.240668,10.478382],[-73.240648,10.478342],[-73.240628,10.478303],[-73.240608,10.478263],[-73.240588,10.478224],[-73.240568,10.478184],[-73.240548,10.478145],[-73.240528,10.478105],[-73.240508,10.478066]]}},{"type":"Feature","properties":{"id":"429b","arista":429,"lado":"b","orientacion":"occidental","muestra_inicio":13010,"muestra_cantidad":14},"geometry":{"type":"LineString","coordinates":[[-73.24082,10.478553],[-73.240801,10.478513],[-73.240789,10.47847],[-73.240765,10.478432],[-73.240741,10.478395],[-73.240721,10.478356],[-73.240697,10.478318],[-73.240673,10.478281],[-73.240661,10.478237],[-73.240637,10.4782],[-73.240613,10.478162],[-73.240597,10.478121],[-73.240577,10.478081],[-73.240553,10.478044]]}},{"type":"Feature","properties":{"id":"430a","arista":430,"lado":"a","orientacion":"occidental","muestra_inicio":13024,"muestra_cantidad":4},"geometry":{"type":"LineString","coordinates":[[-73.240499,10.477889],[-73.240516,10.477926],[-73.240536,10.477962],[-73.240557,10.477997]]}},{"type":"Feature","properties":{"id":"430b","arista":430,"lado":"b","orientacion":"oriental","muestra_inicio":13028,"muestra_cantidad":4},"geometry":{"type":"LineString","coordinates":[[-73.240441,10.477914],[-73.240457,10.477952],[-73.240473,10.477989],[-73.240494,10.478024]]}},{"type":"Feature","properties":{"id":"431a","arista":431,"lado":"a","orientacion":"occidental","muestra_inicio":13032,"muestra_cantidad":22},"geometry":{"type":"LineString","coordinates":[[-73.239663,10.478278],[-73.239688,10.478317],[-73.239712,10.478356],[-73.239737,10.478394],[-73.239762,10.478433],[-73.239787,10.478471],[-73.239812,10.47851],[-73.239837,10.478548],[-73.239862,10.478587],[-73.239879,10.47863],[-73.239901,10.478671],[-73.239937,10.478702],[-73.239962,10.478738],[-73.239986,10.478778],[-73.240017,10.478812],[-73.240044,10.478849],[-73.240071,10.478886],[-73.240098,10.478923],[-73.240126,10.47896],[-73.240149,10.479],[-73.24018,10.479034],[-73.240207,10.479072]]}},{"type":"Feature","properties":{"id":"431b","arista":431,"lado":"b","orientacion":"oriental","muestra_inicio":13054,"muestra_cantidad":22},"geometry":{"type":"LineString","coordinates":[[-73.239601,10.478317],[-73.239626,10.478356],[-73.239651,10.478395],[-73.239676,10.478433],[-73.239701,10.478472],[-73.239726,10.47851],[-73.239751,10.478549],[-73.239776,10.478587],[-73.239801,10.478626],[-73.239826,10.478664],[-73.239851,10.478703],[-73.239876,10.478742],[-73.239903,10.478781],[-73.23993,10.478818],[-73.239958,10.478855],[-73.239985,10.478892],[-73.240012,10.478929],[-73.240039,10.478966],[-73.240066,10.479003],[-73.240094,10.47904],[-73.240121,10.479077],[-73.240148,10.479114]]}},{"type":"Feature","properties":{"id":"432a","arista":432,"lado":"a","orientacion":"occidental","muestra_inicio":13076,"muestra_cantidad":10},"geometry":{"type":"LineString","coordinates":[[-73.241805,10.48109],[-73.241825,10.48113],[-73.241846,10.48117],[-73.241866,10.48121],[-73.241886,10.48125],[-73.241907,10.48129],[-73.241927,10.48133],[-73.241947,10.48137],[-73.241967,10.481409],[-73.241988,10.481449]]}},{"type":"Feature","properties":{"id":"432b","arista":432,"lado":"b","orientacion":"oriental","muestra_inicio":13086,"muestra_cantidad":10},"geometry":{"type":"LineString","coordinates":[[-73.24174,10.481122],[-73.24176,10.481162],[-73.24178,10.481202],[-73.241801,10.481242],[-73.241821,10.481282],[-73.241841,10.481322],[-73.241862,10.481362],[-73.241882,10.481402],[-73.241902,10.481442],[-73.241923,10.481482]]}},{"type":"Feature","properties":{"id":"433a","arista":433,"lado":"a","orientacion":"norte","muestra_inicio":13096,"muestra_cantidad":22},"geometry":{"type":"LineString","coordinates":[[-73.242617,10.481683],[-73.242595,10.481645],[-73.242572,10.481606],[-73.24255,10.481568],[-73.242531,10.481528],[-73.242505,10.481492],[-73.242482,10.481454],[-73.24246,10.481415],[-73.242437,10.481377],[-73.242419,10.481337],[-73.242392,10.481301],[-73.242404,10.481318],[-73.242364,10.481337],[-73.242324,10.481356],[-73.242283,10.481375],[-73.242243,10.481394],[-73.242203,10.481413],[-73.242162,10.481432],[-73.242122,10.481451],[-73.242082,10.481471],[-73.242042,10.48149],[-73.242001,10.481509]]}},{"type":"Feature","properties":{"id":"433b","arista":433,"lado":"b","orientacion":"sur","muestra_inicio":13118,"muestra_cantidad":22},"geometry":{"type":"LineString","coordinates":[[-73.24268,10.481646],[-73.242658,10.481608],[-73.242635,10.48157],[-73.242613,10.481532],[-73.24259,10.481493],[-73.242568,10.481455],[-73.242545,10.481417],[-73.242523,10.481379],[-73.2425,10.481341],[-73.242478,10.481302],[-73.242455,10.481264],[-73.242373,10.481252],[-73.242332,10.481272],[-73.242292,10.481291],[-73.242252,10.48131],[-73.242212,10.481329],[-73.242171,10.481348],[-73.242133,10.481371],[-73.242091,10.481386],[-73.24205,10.481405],[-73.24201,10.481424],[-73.24197,10.481444]]}},{"type":"Feature","properties":{"id":"434a","arista":434,"lado":"a","orientacion":"sur","muestra_inicio":13140,"muestra_cantidad":17},"geometry":{"type":"LineString","coordinates":[[-73.241396,10.481203],[-73.24143,10.481236],[-73.241463,10.481268],[-73.241497,10.481301],[-73.24153,10.481333],[-73.241564,10.481365],[-73.241597,10.481398],[-73.241631,10.48143],[-73.241664,10.481463],[-73.241698,10.481495],[-73.241724,10.481519],[-73.241765,10.48154],[-73.241787,10.481552],[-73.241834,10.481547],[-73.241853,10.481535],[-73.241888,10.481504],[-73.241924,10.481474]]}},{"type":"Feature","properties":{"id":"434b","arista":434,"lado":"b","orientacion":"norte","muestra_inicio":13157,"muestra_cantidad":17},"geometry":{"type":"LineString","coordinates":[[-73.241345,10.481255],[-73.241379,10.481287],[-73.241412,10.48132],[-73.241446,10.481352],[-73.241479,10.481385],[-73.241513,10.481417],[-73.241546,10.481449],[-73.24158,10.481482],[-73.241613,10.481514],[-73.241647,10.481547],[-73.24169,10.481584],[-73.241732,10.481605],[-73.241795,10.481624],[-73.241842,10.481619],[-73.241902,10.481589],[-73.241937,10.481559],[-73.241972,10.481528]]}},{"type":"Feature","properties":{"id":"435a","arista":435,"lado":"a","orientacion":"occidental","muestra_inicio":13174,"muestra_cantidad":11},"geometry":{"type":"LineString","coordinates":[[-73.244005,10.481598],[-73.243966,10.481628],[-73.243944,10.481666],[-73.243926,10.481706],[-73.243903,10.481744],[-73.243889,10.481785],[-73.243867,10.481823],[-73.243878,10.481876],[-73.243852,10.481912],[-73.243838,10.481954],[-73.243824,10.481995]]}},{"type":"Feature","properties":{"id":"435b","arista":435,"lado":"b","orientacion":"oriental","muestra_inicio":13185,"muestra_cantidad":11},"geometry":{"type":"LineString","coordinates":[[-73.243938,10.481568],[-73.24392,10.481608],[-73.243902,10.481647],[-73.243884,10.481687],[-73.243866,10.481727],[-73.243848,10.481767],[-73.24383,10.481807],[-73.243812,10.481846],[-73.243794,10.481886],[-73.243775,10.481926],[-73.243757,10.481966]]}},{"type":"Feature","properties":{"id":"436a","arista":436,"lado":"a","orientacion":"occidental","muestra_inicio":13196,"muestra_cantidad":23},"geometry":{"type":"LineString","coordinates":[[-73.242703,10.481687],[-73.242724,10.481726],[-73.242746,10.481766],[-73.242767,10.481806],[-73.242788,10.481845],[-73.24281,10.481885],[-73.242831,10.481925],[-73.242852,10.481965],[-73.242873,10.482004],[-73.242895,10.482044],[-73.242916,10.482084],[-73.242921,10.482132],[-73.242958,10.482165],[-73.242961,10.482214],[-73.242997,10.482246],[-73.243017,10.482287],[-73.243036,10.482328],[-73.243056,10.482368],[-73.243075,10.482409],[-73.243095,10.482449],[-73.243114,10.48249],[-73.243134,10.482531],[-73.243153,10.482571]]}},{"type":"Feature","properties":{"id":"436b","arista":436,"lado":"b","orientacion":"oriental","muestra_inicio":13219,"muestra_cantidad":23},"geometry":{"type":"LineString","coordinates":[[-73.242639,10.48172],[-73.24266,10.48176],[-73.242681,10.4818],[-73.242702,10.48184],[-73.242724,10.481879],[-73.242745,10.481919],[-73.242766,10.481959],[-73.242788,10.481999],[-73.242809,10.482038],[-73.24283,10.482078],[-73.242851,10.482118],[-73.242873,10.482157],[-73.242892,10.482196],[-73.242912,10.482237],[-73.242931,10.482278],[-73.242951,10.482318],[-73.24297,10.482359],[-73.24299,10.482399],[-73.243009,10.48244],[-73.243029,10.482481],[-73.243048,10.482521],[-73.243068,10.482562],[-73.243087,10.482602]]}},{"type":"Feature","properties":{"id":"437a","arista":437,"lado":"a","orientacion":"sur","muestra_inicio":13242,"muestra_cantidad":15},"geometry":{"type":"LineString","coordinates":[[-73.242483,10.48264],[-73.242529,10.482645],[-73.242575,10.482649],[-73.24262,10.482653],[-73.242666,10.482658],[-73.242712,10.482662],[-73.242752,10.482665],[-73.242798,10.482661],[-73.242844,10.482658],[-73.242889,10.482654],[-73.242935,10.482651],[-73.242971,10.482639],[-73.243013,10.482623],[-73.243056,10.482606],[-73.243099,10.48259]]}},{"type":"Feature","properties":{"id":"437b","arista":437,"lado":"b","orientacion":"norte","muestra_inicio":13257,"muestra_cantidad":15},"geometry":{"type":"LineString","coordinates":[[-73.242478,10.482694],[-73.242524,10.482699],[-73.242569,10.482703],[-73.242615,10.482707],[-73.242661,10.482712],[-73.242706,10.482716],[-73.242757,10.482719],[-73.242802,10.482715],[-73.242848,10.482712],[-73.242894,10.482708],[-73.242939,10.482705],[-73.242991,10.48269],[-73.243033,10.482673],[-73.243076,10.482657],[-73.243119,10.482641]]}},{"type":"Feature","properties":{"id":"438a","arista":438,"lado":"a","orientacion":"oriental","muestra_inicio":13272,"muestra_cantidad":8},"geometry":{"type":"LineString","coordinates":[[-73.241087,10.480192],[-73.24106,10.480154],[-73.241034,10.480116],[-73.241007,10.480079],[-73.240981,10.480041],[-73.240954,10.480003],[-73.240928,10.479965],[-73.240901,10.479927]]}},{"type":"Feature","properties":{"id":"438b","arista":438,"lado":"b","orientacion":"occidental","muestra_inicio":13280,"muestra_cantidad":8},"geometry":{"type":"LineString","coordinates":[[-73.241147,10.480151],[-73.24112,10.480113],[-73.241094,10.480075],[-73.241067,10.480037],[-73.241041,10.479999],[-73.241014,10.479961],[-73.240988,10.479924],[-73.240961,10.479886]]}},{"type":"Feature","properties":{"id":"439a","arista":439,"lado":"a","orientacion":"norte","muestra_inicio":13288,"muestra_cantidad":8},"geometry":{"type":"LineString","coordinates":[[-73.241225,10.479724],[-73.241187,10.47975],[-73.241148,10.479776],[-73.24111,10.479802],[-73.241072,10.479827],[-73.241034,10.479853],[-73.240996,10.479879],[-73.240957,10.479904]]}},{"type":"Feature","properties":{"id":"439b","arista":439,"lado":"b","orientacion":"sur","muestra_inicio":13296,"muestra_cantidad":8},"geometry":{"type":"LineString","coordinates":[[-73.241184,10.479665],[-73.241145,10.47969],[-73.241107,10.479716],[-73.241069,10.479742],[-73.241031,10.479767],[-73.240993,10.479793],[-73.240954,10.479819],[-73.240916,10.479844]]}},{"type":"Feature","properties":{"id":"440a","arista":440,"lado":"a","orientacion":"sur","muestra_inicio":13304,"muestra_cantidad":5},"geometry":{"type":"LineString","coordinates":[[-73.241607,10.479407],[-73.241649,10.479384],[-73.241691,10.479362],[-73.241733,10.479339],[-73.241775,10.479316]]}},{"type":"Feature","properties":{"id":"440b","arista":440,"lado":"b","orientacion":"norte","muestra_inicio":13309,"muestra_cantidad":5},"geometry":{"type":"LineString","coordinates":[[-73.241642,10.479471],[-73.241684,10.479448],[-73.241726,10.479425],[-73.241768,10.479402],[-73.24181,10.479379]]}},{"type":"Feature","properties":{"id":"441a","arista":441,"lado":"a","orientacion":"sur","muestra_inicio":13314,"muestra_cantidad":10},"geometry":{"type":"LineString","coordinates":[[-73.241223,10.479639],[-73.241261,10.479616],[-73.241299,10.479593],[-73.241337,10.47957],[-73.241375,10.479547],[-73.241413,10.479524],[-73.241451,10.479501],[-73.241489,10.479477],[-73.241527,10.479454],[-73.241565,10.479431]]}},{"type":"Feature","properties":{"id":"441b","arista":441,"lado":"b","orientacion":"norte","muestra_inicio":13324,"muestra_cantidad":10},"geometry":{"type":"LineString","coordinates":[[-73.241261,10.479701],[-73.241299,10.479678],[-73.241337,10.479655],[-73.241375,10.479632],[-73.241413,10.479608],[-73.241451,10.479585],[-73.241489,10.479562],[-73.241527,10.479539],[-73.241565,10.479516],[-73.241603,10.479493]]}},{"type":"Feature","properties":{"id":"442a","arista":442,"lado":"a","orientacion":"sur","muestra_inicio":13334,"muestra_cantidad":3},"geometry":{"type":"LineString","coordinates":[[-73.24632,10.478408],[-73.246353,10.478387],[-73.246385,10.478365]]}},{"type":"Feature","properties":{"id":"442b","arista":442,"lado":"b","orientacion":"norte","muestra_inicio":13337,"muestra_cantidad":3},"geometry":{"type":"LineString","coordinates":[[-73.246355,10.478461],[-73.246393,10.478447],[-73.246426,10.478426]]}},{"type":"Feature","properties":{"id":"443a","arista":443,"lado":"a","orientacion":"norte","muestra_inicio":13340,"muestra_cantidad":11},"geometry":{"type":"LineString","coordinates":[[-73.242655,10.481726],[-73.242609,10.481739],[-73.242569,10.481763],[-73.242523,10.481775],[-73.242481,10.481796],[-73.242441,10.48182],[-73.242399,10.48184],[-73.242361,10.481869],[-73.242319,10.481889],[-73.242277,10.48191],[-73.242235,10.48193]]}},{"type":"Feature","properties":{"id":"443b","arista":443,"lado":"b","orientacion":"sur","muestra_inicio":13351,"muestra_cantidad":11},"geometry":{"type":"LineString","coordinates":[[-73.242623,10.481661],[-73.242581,10.481682],[-73.242539,10.481702],[-73.242497,10.481723],[-73.242455,10.481743],[-73.242413,10.481763],[-73.242371,10.481784],[-73.242329,10.481804],[-73.242287,10.481824],[-73.242245,10.481845],[-73.242203,10.481865]]}},{"type":"Feature","properties":{"id":"444a","arista":444,"lado":"a","orientacion":"sur","muestra_inicio":13362,"muestra_cantidad":13},"geometry":{"type":"LineString","coordinates":[[-73.239702,10.476275],[-73.239743,10.476254],[-73.239785,10.476232],[-73.239827,10.476211],[-73.239869,10.47619],[-73.239911,10.476169],[-73.239953,10.476148],[-73.239995,10.476127],[-73.240037,10.476106],[-73.240079,10.476085],[-73.240121,10.476064],[-73.240163,10.476042],[-73.240205,10.476021]]}},{"type":"Feature","properties":{"id":"444b","arista":444,"lado":"b","orientacion":"norte","muestra_inicio":13375,"muestra_cantidad":13},"geometry":{"type":"LineString","coordinates":[[-73.239735,10.476339],[-73.239777,10.476318],[-73.239819,10.476297],[-73.239861,10.476276],[-73.239903,10.476255],[-73.239944,10.476234],[-73.239986,10.476212],[-73.240028,10.476191],[-73.24007,10.47617],[-73.240112,10.476149],[-73.240154,10.476128],[-73.240196,10.476107],[-73.240238,10.476086]]}},{"type":"Feature","properties":{"id":"445a","arista":445,"lado":"a","orientacion":"sur","muestra_inicio":13388,"muestra_cantidad":17},"geometry":{"type":"LineString","coordinates":[[-73.243472,10.476729],[-73.243507,10.4767],[-73.243542,10.476671],[-73.243577,10.476642],[-73.243612,10.476613],[-73.243648,10.476584],[-73.243683,10.476555],[-73.243718,10.476526],[-73.243753,10.476497],[-73.243788,10.476468],[-73.243823,10.476439],[-73.243859,10.47641],[-73.243894,10.476381],[-73.243929,10.476352],[-73.243964,10.476323],[-73.243999,10.476294],[-73.244035,10.476265]]}},{"type":"Feature","properties":{"id":"445b","arista":445,"lado":"b","orientacion":"norte","muestra_inicio":13405,"muestra_cantidad":17},"geometry":{"type":"LineString","coordinates":[[-73.243513,10.476778],[-73.243554,10.476756],[-73.243577,10.476713],[-73.243609,10.47668],[-73.243647,10.476655],[-73.24368,10.476622],[-73.243712,10.47659],[-73.243744,10.476558],[-73.243779,10.476529],[-73.243815,10.4765],[-73.243856,10.476478],[-73.243894,10.476452],[-73.243932,10.476427],[-73.24397,10.476401],[-73.244011,10.476379],[-73.244046,10.47635],[-73.244081,10.476321]]}},{"type":"Feature","properties":{"id":"446a","arista":446,"lado":"a","orientacion":"sur","muestra_inicio":13422,"muestra_cantidad":10},"geometry":{"type":"LineString","coordinates":[[-73.242662,10.481641],[-73.2427,10.48162],[-73.242738,10.481599],[-73.242777,10.481578],[-73.242815,10.481557],[-73.242854,10.481536],[-73.242892,10.481515],[-73.24293,10.481494],[-73.242969,10.481473],[-73.243007,10.481452]]}},{"type":"Feature","properties":{"id":"446b","arista":446,"lado":"b","orientacion":"norte","muestra_inicio":13432,"muestra_cantidad":10},"geometry":{"type":"LineString","coordinates":[[-73.242697,10.481705],[-73.242735,10.481684],[-73.242774,10.481663],[-73.242812,10.481642],[-73.242851,10.481621],[-73.242889,10.4816],[-73.242919,10.481563],[-73.242957,10.481542],[-73.242995,10.481521],[-73.243043,10.481516]]}},{"type":"Feature","properties":{"id":"447a","arista":447,"lado":"a","orientacion":"sur","muestra_inicio":13442,"muestra_cantidad":6},"geometry":{"type":"LineString","coordinates":[[-73.246396,10.483257],[-73.246434,10.483231],[-73.246473,10.483206],[-73.246511,10.48318],[-73.24655,10.483155],[-73.246588,10.483129]]}},{"type":"Feature","properties":{"id":"447b","arista":447,"lado":"b","orientacion":"norte","muestra_inicio":13448,"muestra_cantidad":6},"geometry":{"type":"LineString","coordinates":[[-73.246442,10.483325],[-73.24648,10.483299],[-73.246519,10.483273],[-73.246557,10.483248],[-73.246596,10.483222],[-73.246634,10.483197]]}},{"type":"Feature","properties":{"id":"448a","arista":448,"lado":"a","orientacion":"norte","muestra_inicio":13454,"muestra_cantidad":15},"geometry":{"type":"LineString","coordinates":[[-73.24635,10.483327],[-73.246315,10.483298],[-73.246279,10.48327],[-73.246244,10.483241],[-73.246209,10.483212],[-73.246173,10.483183],[-73.246138,10.483154],[-73.246103,10.483125],[-73.246067,10.483096],[-73.246032,10.483067],[-73.245997,10.483038],[-73.245961,10.483009],[-73.245926,10.482981],[-73.245897,10.482968],[-73.245855,10.48295]]}},{"type":"Feature","properties":{"id":"448b","arista":448,"lado":"b","orientacion":"sur","muestra_inicio":13469,"muestra_cantidad":15},"geometry":{"type":"LineString","coordinates":[[-73.246414,10.483251],[-73.246379,10.483222],[-73.246343,10.483193],[-73.246308,10.483164],[-73.24627,10.483139],[-73.246229,10.483117],[-73.246202,10.483077],[-73.246167,10.483048],[-73.246131,10.48302],[-73.246096,10.482991],[-73.246061,10.482962],[-73.246022,10.482936],[-73.24599,10.482904],[-73.245937,10.482877],[-73.245895,10.482859]]}},{"type":"Feature","properties":{"id":"449a","arista":449,"lado":"a","orientacion":"oriental","muestra_inicio":13484,"muestra_cantidad":7},"geometry":{"type":"LineString","coordinates":[[-73.243959,10.481526],[-73.24398,10.481487],[-73.244,10.481448],[-73.244021,10.481409],[-73.244042,10.48137],[-73.244063,10.48133],[-73.244084,10.481291]]}},{"type":"Feature","properties":{"id":"449b","arista":449,"lado":"b","orientacion":"occidental","muestra_inicio":13491,"muestra_cantidad":7},"geometry":{"type":"LineString","coordinates":[[-73.244023,10.48156],[-73.244044,10.481521],[-73.244065,10.481482],[-73.244082,10.48144],[-73.244107,10.481403],[-73.244127,10.481364],[-73.24414,10.481321]]}},{"type":"Feature","properties":{"id":"450a","arista":450,"lado":"a","orientacion":"occidental","muestra_inicio":13498,"muestra_cantidad":8},"geometry":{"type":"LineString","coordinates":[[-73.243983,10.480993],[-73.244006,10.48103],[-73.244029,10.481067],[-73.244052,10.481103],[-73.244076,10.48114],[-73.244099,10.481177],[-73.244122,10.481214],[-73.244146,10.481251]]}},{"type":"Feature","properties":{"id":"450b","arista":450,"lado":"b","orientacion":"oriental","muestra_inicio":13506,"muestra_cantidad":8},"geometry":{"type":"LineString","coordinates":[[-73.243921,10.481031],[-73.243944,10.481068],[-73.243967,10.481105],[-73.243991,10.481142],[-73.244014,10.481179],[-73.244037,10.481216],[-73.24406,10.481252],[-73.244084,10.481289]]}},{"type":"Feature","properties":{"id":"451a","arista":451,"lado":"a","orientacion":"occidental","muestra_inicio":13514,"muestra_cantidad":12},"geometry":{"type":"LineString","coordinates":[[-73.244354,10.480805],[-73.244354,10.48085],[-73.244349,10.4809],[-73.244331,10.480955],[-73.244311,10.480996],[-73.244291,10.481037],[-73.244267,10.481076],[-73.244246,10.481117],[-73.24423,10.48116],[-73.244206,10.4812],[-73.24419,10.481243],[-73.244153,10.481276]]}},{"type":"Feature","properties":{"id":"451b","arista":451,"lado":"b","orientacion":"oriental","muestra_inicio":13526,"muestra_cantidad":12},"geometry":{"type":"LineString","coordinates":[[-73.244281,10.480805],[-73.244281,10.48085],[-73.244276,10.480891],[-73.244266,10.480923],[-73.244245,10.480964],[-73.244225,10.481005],[-73.244205,10.481046],[-73.244185,10.481088],[-73.244164,10.481129],[-73.244144,10.48117],[-73.244124,10.481211],[-73.244104,10.481252]]}},{"type":"Feature","properties":{"id":"452a","arista":452,"lado":"a","orientacion":"sur","muestra_inicio":13538,"muestra_cantidad":26},"geometry":{"type":"LineString","coordinates":[[-73.242528,10.47747],[-73.242576,10.477455],[-73.242601,10.477413],[-73.242637,10.477384],[-73.242673,10.477356],[-73.24271,10.477327],[-73.242746,10.477299],[-73.242782,10.47727],[-73.242819,10.477242],[-73.242855,10.477213],[-73.242891,10.477185],[-73.242928,10.477156],[-73.242964,10.477128],[-73.243,10.477099],[-73.243037,10.477071],[-73.243073,10.477042],[-73.243109,10.477014],[-73.243146,10.476985],[-73.243182,10.476957],[-73.243219,10.476928],[-73.243255,10.4769],[-73.243291,10.476871],[-73.243328,10.476843],[-73.243364,10.476814],[-73.2434,10.476786],[-73.243437,10.476757]]}},{"type":"Feature","properties":{"id":"452b","arista":452,"lado":"b","orientacion":"norte","muestra_inicio":13564,"muestra_cantidad":26},"geometry":{"type":"LineString","coordinates":[[-73.242573,10.477526],[-73.24261,10.477498],[-73.242646,10.477469],[-73.242682,10.477441],[-73.242719,10.477412],[-73.242755,10.477384],[-73.242791,10.477355],[-73.242828,10.477327],[-73.242864,10.477298],[-73.2429,10.47727],[-73.242937,10.477241],[-73.242973,10.477213],[-73.243009,10.477184],[-73.243046,10.477156],[-73.243082,10.477127],[-73.243113,10.477092],[-73.243149,10.477063],[-73.243183,10.477031],[-73.243219,10.477003],[-73.243255,10.476974],[-73.243292,10.476946],[-73.243328,10.476917],[-73.243364,10.476889],[-73.243404,10.476864],[-73.243446,10.476842],[-73.243482,10.476814]]}},{"type":"Feature","properties":{"id":"453a","arista":453,"lado":"a","orientacion":"sur","muestra_inicio":13590,"muestra_cantidad":1},"geometry":{"type":"LineString","coordinates":[[-73.247763,10.473473],[-73.247779,10.473465]]}},{"type":"Feature","properties":{"id":"453b","arista":453,"lado":"b","orientacion":"norte","muestra_inicio":13591,"muestra_cantidad":1},"geometry":{"type":"LineString","coordinates":[[-73.247796,10.473537],[-73.247812,10.473529]]}},{"type":"Feature","properties":{"id":"454a","arista":454,"lado":"a","orientacion":"sur","muestra_inicio":13592,"muestra_cantidad":20},"geometry":{"type":"LineString","coordinates":[[-73.240035,10.479909],[-73.240061,10.479945],[-73.240088,10.479981],[-73.240114,10.480017],[-73.240141,10.480052],[-73.240167,10.480088],[-73.240193,10.480124],[-73.240221,10.480151],[-73.240253,10.480181],[-73.240285,10.480212],[-73.240317,10.480243],[-73.24035,10.480273],[-73.240382,10.480304],[-73.240411,10.480328],[-73.240449,10.480353],[-73.240486,10.480377],[-73.240523,10.480402],[-73.24056,10.480426],[-73.240597,10.480451],[-73.240634,10.480476]]}},{"type":"Feature","properties":{"id":"454b","arista":454,"lado":"b","orientacion":"norte","muestra_inicio":13612,"muestra_cantidad":20},"geometry":{"type":"LineString","coordinates":[[-73.239976,10.479952],[-73.240002,10.479988],[-73.240029,10.480023],[-73.240055,10.480059],[-73.240082,10.480095],[-73.240108,10.480131],[-73.240134,10.480167],[-73.24017,10.480203],[-73.240202,10.480233],[-73.240234,10.480264],[-73.240267,10.480295],[-73.240299,10.480325],[-73.240331,10.480356],[-73.240371,10.480388],[-73.240408,10.480413],[-73.240445,10.480437],[-73.240482,10.480462],[-73.240519,10.480487],[-73.240557,10.480511],[-73.240594,10.480536]]}},{"type":"Feature","properties":{"id":"455a","arista":455,"lado":"a","orientacion":"oriental","muestra_inicio":13632,"muestra_cantidad":30},"geometry":{"type":"LineString","coordinates":[[-73.239978,10.478044],[-73.239959,10.478003],[-73.239939,10.477963],[-73.239917,10.477931],[-73.239891,10.477894],[-73.239865,10.477857],[-73.239839,10.477821],[-73.239813,10.477784],[-73.239787,10.477747],[-73.23976,10.477711],[-73.239734,10.477674],[-73.239708,10.477637],[-73.239682,10.4776],[-73.239656,10.477564],[-73.23963,10.477527],[-73.239604,10.47749],[-73.239578,10.477454],[-73.239552,10.477417],[-73.239525,10.47738],[-73.239499,10.477344],[-73.239473,10.477307],[-73.239447,10.47727],[-73.239421,10.477233],[-73.239395,10.477197],[-73.239369,10.47716],[-73.239343,10.477123],[-73.239317,10.477087],[-73.23929,10.47705],[-73.239264,10.477013],[-73.239238,10.476976]]}},{"type":"Feature","properties":{"id":"455b","arista":455,"lado":"b","orientacion":"occidental","muestra_inicio":13662,"muestra_cantidad":30},"geometry":{"type":"LineString","coordinates":[[-73.240044,10.478013],[-73.240025,10.477972],[-73.240005,10.477932],[-73.239977,10.477889],[-73.239951,10.477852],[-73.239925,10.477816],[-73.239899,10.477779],[-73.239872,10.477742],[-73.239846,10.477706],[-73.23982,10.477669],[-73.239794,10.477632],[-73.239768,10.477596],[-73.239742,10.477559],[-73.239716,10.477522],[-73.23969,10.477485],[-73.239664,10.477449],[-73.239637,10.477412],[-73.239611,10.477375],[-73.239585,10.477339],[-73.239559,10.477302],[-73.239533,10.477265],[-73.239507,10.477228],[-73.239481,10.477192],[-73.239451,10.477158],[-73.239429,10.477118],[-73.239402,10.477082],[-73.239373,10.477048],[-73.23935,10.477008],[-73.23932,10.476974],[-73.239291,10.47694]]}},{"type":"Feature","properties":{"id":"456a","arista":456,"lado":"a","orientacion":"occidental","muestra_inicio":13692,"muestra_cantidad":16},"geometry":{"type":"LineString","coordinates":[[-73.238677,10.477069],[-73.238702,10.477108],[-73.238727,10.477148],[-73.238752,10.477187],[-73.238777,10.477227],[-73.238799,10.477275],[-73.238816,10.477318],[-73.238834,10.477361],[-73.238851,10.477404],[-73.238869,10.477447],[-73.238887,10.477491],[-73.238904,10.477534],[-73.238922,10.477577],[-73.238939,10.47762],[-73.238949,10.477667],[-73.23897,10.477708]]}},{"type":"Feature","properties":{"id":"456b","arista":456,"lado":"b","orientacion":"oriental","muestra_inicio":13708,"muestra_cantidad":16},"geometry":{"type":"LineString","coordinates":[[-73.238615,10.477107],[-73.23864,10.477147],[-73.238665,10.477186],[-73.23869,10.477226],[-73.238715,10.477265],[-73.238731,10.477302],[-73.238749,10.477345],[-73.238766,10.477388],[-73.238784,10.477431],[-73.238801,10.477475],[-73.238819,10.477518],[-73.238837,10.477561],[-73.238854,10.477604],[-73.238872,10.477647],[-73.238889,10.47769],[-73.238907,10.477733]]}},{"type":"Feature","properties":{"id":"457a","arista":457,"lado":"a","orientacion":"occidental","muestra_inicio":13724,"muestra_cantidad":13},"geometry":{"type":"LineString","coordinates":[[-73.244019,10.481545],[-73.244057,10.481569],[-73.244094,10.481593],[-73.244131,10.481617],[-73.244168,10.481641],[-73.244206,10.481665],[-73.244245,10.481696],[-73.244278,10.481726],[-73.24431,10.481756],[-73.244339,10.481812],[-73.244342,10.481871],[-73.244333,10.481918],[-73.244312,10.481963]]}},{"type":"Feature","properties":{"id":"457b","arista":457,"lado":"b","orientacion":"oriental","muestra_inicio":13737,"muestra_cantidad":13},"geometry":{"type":"LineString","coordinates":[[-73.243979,10.481605],[-73.244019,10.481625],[-73.244056,10.48165],[-73.244091,10.481677],[-73.244128,10.481701],[-73.244166,10.481726],[-73.244195,10.481749],[-73.244228,10.481779],[-73.24426,10.481809],[-73.244268,10.481831],[-73.244271,10.481858],[-73.244263,10.481897],[-73.244246,10.481932]]}},{"type":"Feature","properties":{"id":"458a","arista":458,"lado":"a","orientacion":"oriental","muestra_inicio":13750,"muestra_cantidad":36},"geometry":{"type":"LineString","coordinates":[[-73.239576,10.478276],[-73.239555,10.478237],[-73.239533,10.478197],[-73.239511,10.478158],[-73.239489,10.478116],[-73.239469,10.478075],[-73.23945,10.478035],[-73.239431,10.477994],[-73.239411,10.477953],[-73.239392,10.477913],[-73.239372,10.477872],[-73.239353,10.477831],[-73.239333,10.47779],[-73.239314,10.47775],[-73.239295,10.477709],[-73.239275,10.477668],[-73.239256,10.477628],[-73.239236,10.477587],[-73.239217,10.477546],[-73.239198,10.477506],[-73.239178,10.477465],[-73.239159,10.477424],[-73.239139,10.477384],[-73.23912,10.477343],[-73.239101,10.477302],[-73.239081,10.477261],[-73.239062,10.477221],[-73.239042,10.47718],[-73.239023,10.477138],[-73.239005,10.477097],[-73.238987,10.477055],[-73.238969,10.477014],[-73.238951,10.476973],[-73.238932,10.476932],[-73.238914,10.47689],[-73.238896,10.476849]]}},{"type":"Feature","properties":{"id":"458b","arista":458,"lado":"b","orientacion":"occidental","muestra_inicio":13786,"muestra_cantidad":36},"geometry":{"type":"LineString","coordinates":[[-73.239641,10.478242],[-73.239619,10.478202],[-73.239597,10.478163],[-73.239575,10.478123],[-73.239555,10.478085],[-73.239535,10.478045],[-73.239516,10.478004],[-73.239497,10.477963],[-73.239477,10.477922],[-73.239458,10.477882],[-73.239438,10.477841],[-73.239415,10.477802],[-73.239395,10.477762],[-73.23938,10.477719],[-73.239361,10.477678],[-73.239341,10.477638],[-73.239322,10.477597],[-73.239302,10.477556],[-73.239283,10.477515],[-73.239264,10.477475],[-73.23924,10.477436],[-73.239221,10.477395],[-73.239205,10.477353],[-73.239178,10.477316],[-73.239158,10.477275],[-73.239135,10.477236],[-73.239115,10.477196],[-73.239096,10.477155],[-73.239069,10.477118],[-73.239051,10.477077],[-73.239054,10.477027],[-73.239019,10.476993],[-73.239001,10.476951],[-73.239,10.476903],[-73.238981,10.476862],[-73.238963,10.47682]]}},{"type":"Feature","properties":{"id":"459a","arista":459,"lado":"a","orientacion":"occidental","muestra_inicio":13822,"muestra_cantidad":8},"geometry":{"type":"LineString","coordinates":[[-73.239173,10.476606],[-73.239194,10.476647],[-73.239148,10.476703],[-73.239119,10.476745],[-73.239079,10.476768],[-73.239039,10.47679],[-73.238999,10.476812],[-73.238959,10.476834]]}},{"type":"Feature","properties":{"id":"459b","arista":459,"lado":"b","orientacion":"oriental","muestra_inicio":13830,"muestra_cantidad":8},"geometry":{"type":"LineString","coordinates":[[-73.239108,10.47664],[-73.239129,10.47668],[-73.239123,10.47666],[-73.239083,10.476682],[-73.239043,10.476705],[-73.239003,10.476727],[-73.238963,10.476749],[-73.238923,10.476771]]}},{"type":"Feature","properties":{"id":"460a","arista":460,"lado":"a","orientacion":"norte","muestra_inicio":13838,"muestra_cantidad":14},"geometry":{"type":"LineString","coordinates":[[-73.239693,10.47636],[-73.239653,10.47638],[-73.239612,10.476401],[-73.239572,10.476421],[-73.239531,10.476442],[-73.239491,10.476462],[-73.23945,10.476482],[-73.23941,10.476503],[-73.239369,10.476523],[-73.239328,10.476543],[-73.239288,10.476564],[-73.239247,10.476584],[-73.239207,10.476605],[-73.239166,10.476625]]}},{"type":"Feature","properties":{"id":"460b","arista":460,"lado":"b","orientacion":"sur","muestra_inicio":13852,"muestra_cantidad":14},"geometry":{"type":"LineString","coordinates":[[-73.23966,10.476295],[-73.23962,10.476316],[-73.239579,10.476336],[-73.239539,10.476357],[-73.239498,10.476377],[-73.239458,10.476397],[-73.239417,10.476418],[-73.239376,10.476438],[-73.239336,10.476459],[-73.239295,10.476479],[-73.239255,10.476499],[-73.239214,10.47652],[-73.239174,10.47654],[-73.239133,10.476561]]}},{"type":"Feature","properties":{"id":"461a","arista":461,"lado":"a","orientacion":"norte","muestra_inicio":13866,"muestra_cantidad":10},"geometry":{"type":"LineString","coordinates":[[-73.240019,10.478091],[-73.239979,10.478114],[-73.239939,10.478137],[-73.239899,10.47816],[-73.239859,10.478183],[-73.239818,10.478206],[-73.239778,10.478229],[-73.239738,10.478252],[-73.239698,10.478275],[-73.239658,10.478298]]}},{"type":"Feature","properties":{"id":"461b","arista":461,"lado":"b","orientacion":"sur","muestra_inicio":13876,"muestra_cantidad":10},"geometry":{"type":"LineString","coordinates":[[-73.239983,10.478029],[-73.239942,10.478052],[-73.239902,10.478075],[-73.239862,10.478098],[-73.239822,10.478121],[-73.239782,10.478144],[-73.239742,10.478167],[-73.239701,10.47819],[-73.239661,10.478213],[-73.239621,10.478236]]}},{"type":"Feature","properties":{"id":"462a","arista":462,"lado":"a","orientacion":"oriental","muestra_inicio":13886,"muestra_cantidad":10},"geometry":{"type":"LineString","coordinates":[[-73.243877,10.479807],[-73.243873,10.479758],[-73.243851,10.479721],[-73.243824,10.479686],[-73.243801,10.479648],[-73.243763,10.479621],[-73.24374,10.479583],[-73.243718,10.479546],[-73.243707,10.479502],[-73.243684,10.479464]]}},{"type":"Feature","properties":{"id":"462b","arista":462,"lado":"b","orientacion":"occidental","muestra_inicio":13896,"muestra_cantidad":10},"geometry":{"type":"LineString","coordinates":[[-73.243963,10.479756],[-73.243936,10.479721],[-73.243913,10.479683],[-73.243891,10.479646],[-73.243868,10.479609],[-73.243845,10.479572],[-73.243822,10.479534],[-73.243804,10.479495],[-73.243781,10.479457],[-73.243758,10.47942]]}},{"type":"Feature","properties":{"id":"463a","arista":463,"lado":"a","orientacion":"norte","muestra_inicio":13906,"muestra_cantidad":21},"geometry":{"type":"LineString","coordinates":[[-73.244383,10.478837],[-73.244363,10.478878],[-73.24435,10.478913],[-73.244339,10.478956],[-73.244329,10.479],[-73.244315,10.479051],[-73.244267,10.479092],[-73.24423,10.479118],[-73.24419,10.479143],[-73.244151,10.479167],[-73.244124,10.479186],[-73.244095,10.479221],[-73.244054,10.47926],[-73.244015,10.479284],[-73.243976,10.479307],[-73.243937,10.47933],[-73.243898,10.479353],[-73.243859,10.479377],[-73.24382,10.4794],[-73.243781,10.479423],[-73.243742,10.479446]]}},{"type":"Feature","properties":{"id":"463b","arista":463,"lado":"b","orientacion":"sur","muestra_inicio":13927,"muestra_cantidad":21},"geometry":{"type":"LineString","coordinates":[[-73.244317,10.478805],[-73.244297,10.478846],[-73.244279,10.478895],[-73.244268,10.478939],[-73.244258,10.478983],[-73.244249,10.47902],[-73.244225,10.479033],[-73.244188,10.479059],[-73.244152,10.479082],[-73.244113,10.479105],[-73.244068,10.47914],[-73.244039,10.479175],[-73.244017,10.479198],[-73.243977,10.479222],[-73.243938,10.479245],[-73.243899,10.479268],[-73.24386,10.479291],[-73.243821,10.479315],[-73.243782,10.479338],[-73.243743,10.479361],[-73.243704,10.479384]]}},{"type":"Feature","properties":{"id":"464a","arista":464,"lado":"a","orientacion":"norte","muestra_inicio":13948,"muestra_cantidad":12},"geometry":{"type":"LineString","coordinates":[[-73.247327,10.477001],[-73.247272,10.477003],[-73.247237,10.477031],[-73.247202,10.477058],[-73.247167,10.477085],[-73.247141,10.477122],[-73.247125,10.477169],[-73.247093,10.4772],[-73.247061,10.477231],[-73.247029,10.477262],[-73.246997,10.477293],[-73.246965,10.477324]]}},{"type":"Feature","properties":{"id":"464b","arista":464,"lado":"b","orientacion":"sur","muestra_inicio":13960,"muestra_cantidad":12},"geometry":{"type":"LineString","coordinates":[[-73.247282,10.476944],[-73.247266,10.476996],[-73.247231,10.477024],[-73.247196,10.477051],[-73.247161,10.477078],[-73.247106,10.477087],[-73.247074,10.477118],[-73.247042,10.477149],[-73.24701,10.477179],[-73.246978,10.47721],[-73.246946,10.477241],[-73.246914,10.477272]]}},{"type":"Feature","properties":{"id":"465a","arista":465,"lado":"a","orientacion":"norte","muestra_inicio":13972,"muestra_cantidad":2},"geometry":{"type":"LineString","coordinates":[[-73.249312,10.475577],[-73.249283,10.475596]]}},{"type":"Feature","properties":{"id":"465b","arista":465,"lado":"b","orientacion":"sur","muestra_inicio":13974,"muestra_cantidad":2},"geometry":{"type":"LineString","coordinates":[[-73.249271,10.475517],[-73.249242,10.475536]]}},{"type":"Feature","properties":{"id":"466a","arista":466,"lado":"a","orientacion":"oriental","muestra_inicio":13976,"muestra_cantidad":14},"geometry":{"type":"LineString","coordinates":[[-73.246106,10.478564],[-73.246079,10.478526],[-73.246052,10.478488],[-73.246026,10.47845],[-73.245999,10.478412],[-73.245972,10.478373],[-73.245945,10.478335],[-73.245919,10.478297],[-73.245892,10.478259],[-73.245865,10.478221],[-73.245838,10.478183],[-73.245812,10.478144],[-73.245785,10.478106],[-73.245758,10.478068]]}},{"type":"Feature","properties":{"id":"466b","arista":466,"lado":"b","orientacion":"occidental","muestra_inicio":13990,"muestra_cantidad":14},"geometry":{"type":"LineString","coordinates":[[-73.246151,10.478533],[-73.246124,10.478495],[-73.246097,10.478457],[-73.246071,10.478419],[-73.246044,10.478381],[-73.246017,10.478342],[-73.24599,10.478304],[-73.245964,10.478266],[-73.245937,10.478228],[-73.24591,10.47819],[-73.245883,10.478152],[-73.245857,10.478114],[-73.24583,10.478075],[-73.245803,10.478037]]}},{"type":"Feature","properties":{"id":"467a","arista":467,"lado":"a","orientacion":"norte","muestra_inicio":14004,"muestra_cantidad":5},"geometry":{"type":"LineString","coordinates":[[-73.24632,10.478484],[-73.246284,10.478507],[-73.24625,10.478535],[-73.246214,10.478559],[-73.246178,10.478582]]}},{"type":"Feature","properties":{"id":"467b","arista":467,"lado":"b","orientacion":"sur","muestra_inicio":14009,"muestra_cantidad":5},"geometry":{"type":"LineString","coordinates":[[-73.246285,10.478431],[-73.246249,10.478455],[-73.246212,10.478478],[-73.246176,10.478502],[-73.24614,10.478526]]}},{"type":"Feature","properties":{"id":"468a","arista":468,"lado":"a","orientacion":"oriental","muestra_inicio":14014,"muestra_cantidad":11},"geometry":{"type":"LineString","coordinates":[[-73.24562,10.475878],[-73.245595,10.47584],[-73.24557,10.475802],[-73.245545,10.475764],[-73.24552,10.475726],[-73.245495,10.475688],[-73.24547,10.47565],[-73.245445,10.475612],[-73.24542,10.475574],[-73.245395,10.475536],[-73.24537,10.475498]]}},{"type":"Feature","properties":{"id":"468b","arista":468,"lado":"b","orientacion":"occidental","muestra_inicio":14025,"muestra_cantidad":11},"geometry":{"type":"LineString","coordinates":[[-73.245666,10.475849],[-73.245641,10.475811],[-73.245616,10.475773],[-73.245591,10.475735],[-73.245566,10.475697],[-73.245541,10.475658],[-73.245516,10.47562],[-73.245491,10.475582],[-73.245466,10.475544],[-73.245441,10.475506],[-73.245416,10.475468]]}},{"type":"Feature","properties":{"id":"469a","arista":469,"lado":"a","orientacion":"occidental","muestra_inicio":14036,"muestra_cantidad":1},"geometry":{"type":"LineString","coordinates":[[-73.243654,10.471918],[-73.243656,10.471936]]}},{"type":"Feature","properties":{"id":"469b","arista":469,"lado":"b","orientacion":"oriental","muestra_inicio":14037,"muestra_cantidad":1},"geometry":{"type":"LineString","coordinates":[[-73.243572,10.471923],[-73.243574,10.471941]]}},{"type":"Feature","properties":{"id":"470a","arista":470,"lado":"a","orientacion":"norte","muestra_inicio":14038,"muestra_cantidad":4},"geometry":{"type":"LineString","coordinates":[[-73.243724,10.471904],[-73.243683,10.471878],[-73.243681,10.471876],[-73.24366,10.471894]]}},{"type":"Feature","properties":{"id":"470b","arista":470,"lado":"b","orientacion":"sur","muestra_inicio":14042,"muestra_cantidad":4},"geometry":{"type":"LineString","coordinates":[[-73.243767,10.471835],[-73.243725,10.471808],[-73.243632,10.471811],[-73.243585,10.471859]]}},{"type":"Feature","properties":{"id":"471a","arista":471,"lado":"a","orientacion":"norte","muestra_inicio":14046,"muestra_cantidad":3},"geometry":{"type":"LineString","coordinates":[[-73.241412,10.474169],[-73.241379,10.47419],[-73.241345,10.474212]]}},{"type":"Feature","properties":{"id":"471b","arista":471,"lado":"b","orientacion":"sur","muestra_inicio":14049,"muestra_cantidad":3},"geometry":{"type":"LineString","coordinates":[[-73.241373,10.474108],[-73.241339,10.474129],[-73.241305,10.474151]]}},{"type":"Feature","properties":{"id":"472a","arista":472,"lado":"a","orientacion":"occidental","muestra_inicio":14052,"muestra_cantidad":23},"geometry":{"type":"LineString","coordinates":[[-73.240675,10.473381],[-73.240704,10.473416],[-73.240734,10.473451],[-73.240763,10.473486],[-73.240793,10.473521],[-73.240822,10.473556],[-73.240851,10.473591],[-73.240881,10.473626],[-73.24091,10.473661],[-73.24094,10.473696],[-73.240969,10.473731],[-73.240998,10.473766],[-73.241028,10.473801],[-73.241057,10.473836],[-73.241087,10.473871],[-73.241116,10.473906],[-73.241146,10.473941],[-73.241175,10.473976],[-73.241204,10.474011],[-73.241234,10.474046],[-73.241263,10.474081],[-73.241293,10.474116],[-73.241322,10.474151]]}},{"type":"Feature","properties":{"id":"472b","arista":472,"lado":"b","orientacion":"oriental","muestra_inicio":14075,"muestra_cantidad":23},"geometry":{"type":"LineString","coordinates":[[-73.240619,10.473427],[-73.240648,10.473462],[-73.240678,10.473497],[-73.240707,10.473532],[-73.240736,10.473567],[-73.240766,10.473602],[-73.240795,10.473637],[-73.240825,10.473672],[-73.240854,10.473707],[-73.240883,10.473742],[-73.240913,10.473777],[-73.240942,10.473812],[-73.240972,10.473847],[-73.241001,10.473882],[-73.24103,10.473917],[-73.24106,10.473952],[-73.241089,10.473987],[-73.241119,10.474022],[-73.241148,10.474058],[-73.241178,10.474093],[-73.241207,10.474128],[-73.241236,10.474163],[-73.241266,10.474198]]}},{"type":"Feature","properties":{"id":"473a","arista":473,"lado":"a","orientacion":"occidental","muestra_inicio":14098,"muestra_cantidad":20},"geometry":{"type":"LineString","coordinates":[[-73.240187,10.47262],[-73.240212,10.472659],[-73.240236,10.472697],[-73.240261,10.472735],[-73.240285,10.472773],[-73.240309,10.472812],[-73.240334,10.47285],[-73.240358,10.472888],[-73.240383,10.472927],[-73.240407,10.472965],[-73.240431,10.473003],[-73.240456,10.473041],[-73.24048,10.47308],[-73.240505,10.473118],[-73.240529,10.473156],[-73.240553,10.473195],[-73.240578,10.473233],[-73.240602,10.473271],[-73.240626,10.473309],[-73.240651,10.473348]]}},{"type":"Feature","properties":{"id":"473b","arista":473,"lado":"b","orientacion":"oriental","muestra_inicio":14118,"muestra_cantidad":20},"geometry":{"type":"LineString","coordinates":[[-73.240126,10.472659],[-73.240158,10.472692],[-73.240174,10.472735],[-73.240199,10.472774],[-73.240227,10.47281],[-73.240255,10.472846],[-73.240272,10.472889],[-73.240296,10.472927],[-73.240328,10.47296],[-73.240349,10.473001],[-73.24037,10.473042],[-73.240394,10.47308],[-73.240418,10.473118],[-73.240443,10.473157],[-73.240467,10.473195],[-73.240491,10.473233],[-73.240516,10.473271],[-73.24054,10.47331],[-73.240565,10.473348],[-73.240589,10.473386]]}},{"type":"Feature","properties":{"id":"474a","arista":474,"lado":"a","orientacion":"sur","muestra_inicio":14138,"muestra_cantidad":10},"geometry":{"type":"LineString","coordinates":[[-73.241764,10.481043],[-73.241805,10.48102],[-73.241846,10.480997],[-73.241887,10.480974],[-73.241927,10.480951],[-73.241968,10.480929],[-73.242009,10.480906],[-73.242049,10.480883],[-73.242092,10.480864],[-73.242131,10.480837]]}},{"type":"Feature","properties":{"id":"474b","arista":474,"lado":"b","orientacion":"norte","muestra_inicio":14148,"muestra_cantidad":10},"geometry":{"type":"LineString","coordinates":[[-73.241801,10.481106],[-73.241841,10.481083],[-73.241882,10.48106],[-73.241923,10.481037],[-73.241963,10.481014],[-73.242004,10.480991],[-73.242045,10.480968],[-73.242085,10.480946],[-73.242126,10.480923],[-73.242167,10.4809]]}},{"type":"Feature","properties":{"id":"475a","arista":475,"lado":"a","orientacion":"occidental","muestra_inicio":14158,"muestra_cantidad":10},"geometry":{"type":"LineString","coordinates":[[-73.241964,10.480482],[-73.241977,10.480526],[-73.242007,10.480562],[-73.242029,10.480602],[-73.24205,10.480641],[-73.242071,10.480674],[-73.242096,10.480713],[-73.242127,10.480746],[-73.242156,10.480781],[-73.242184,10.480817]]}},{"type":"Feature","properties":{"id":"475b","arista":475,"lado":"b","orientacion":"oriental","muestra_inicio":14168,"muestra_cantidad":10},"geometry":{"type":"LineString","coordinates":[[-73.2419,10.480516],[-73.241921,10.480556],[-73.241943,10.480596],[-73.241964,10.480636],[-73.241986,10.480676],[-73.242014,10.480719],[-73.242042,10.480754],[-73.242081,10.480782],[-73.242098,10.480826],[-73.242126,10.480861]]}},{"type":"Feature","properties":{"id":"476a","arista":476,"lado":"a","orientacion":"norte","muestra_inicio":14178,"muestra_cantidad":14},"geometry":{"type":"LineString","coordinates":[[-73.244469,10.479535],[-73.244431,10.479557],[-73.244392,10.479579],[-73.244356,10.479605],[-73.24432,10.479631],[-73.244282,10.479654],[-73.244243,10.479676],[-73.244205,10.479698],[-73.244166,10.47972],[-73.244127,10.479742],[-73.244089,10.479764],[-73.244047,10.479786],[-73.244007,10.479805],[-73.243967,10.479823]]}},{"type":"Feature","properties":{"id":"476b","arista":476,"lado":"b","orientacion":"sur","muestra_inicio":14192,"muestra_cantidad":14},"geometry":{"type":"LineString","coordinates":[[-73.244441,10.479488],[-73.244405,10.479514],[-73.244367,10.479536],[-73.244324,10.479551],[-73.244288,10.479577],[-73.244249,10.479599],[-73.244211,10.479621],[-73.244168,10.479636],[-73.24413,10.479657],[-73.244091,10.479679],[-73.244053,10.479701],[-73.244018,10.479725],[-73.24398,10.479748],[-73.243936,10.479758]]}},{"type":"Feature","properties":{"id":"477a","arista":477,"lado":"a","orientacion":"oriental","muestra_inicio":14206,"muestra_cantidad":10},"geometry":{"type":"LineString","coordinates":[[-73.246288,10.478444],[-73.246262,10.478406],[-73.246237,10.478367],[-73.246212,10.478328],[-73.246187,10.478289],[-73.246161,10.478251],[-73.246136,10.478212],[-73.246111,10.478173],[-73.246086,10.478134],[-73.24606,10.478095]]}},{"type":"Feature","properties":{"id":"477b","arista":477,"lado":"b","orientacion":"occidental","muestra_inicio":14216,"muestra_cantidad":10},"geometry":{"type":"LineString","coordinates":[[-73.246334,10.478415],[-73.246309,10.478376],[-73.246283,10.478337],[-73.246258,10.478299],[-73.246233,10.47826],[-73.246208,10.478221],[-73.246182,10.478182],[-73.246157,10.478144],[-73.246132,10.478105],[-73.246107,10.478066]]}},{"type":"Feature","properties":{"id":"478a","arista":478,"lado":"a","orientacion":"oriental","muestra_inicio":14226,"muestra_cantidad":16},"geometry":{"type":"LineString","coordinates":[[-73.239654,10.476315],[-73.239643,10.476269],[-73.23962,10.476229],[-73.239598,10.476189],[-73.239575,10.476149],[-73.239552,10.476109],[-73.23953,10.47607],[-73.239507,10.47603],[-73.239484,10.47599],[-73.239469,10.475946],[-73.239447,10.475906],[-73.239424,10.475866],[-73.239401,10.475826],[-73.239379,10.475786],[-73.239356,10.475746],[-73.239329,10.475709]]}},{"type":"Feature","properties":{"id":"478b","arista":478,"lado":"b","orientacion":"occidental","muestra_inicio":14242,"muestra_cantidad":16},"geometry":{"type":"LineString","coordinates":[[-73.239718,10.47628],[-73.239695,10.47624],[-73.239672,10.4762],[-73.239649,10.47616],[-73.239627,10.47612],[-73.239604,10.476081],[-73.239581,10.476041],[-73.239559,10.476001],[-73.239536,10.475961],[-73.239513,10.475921],[-73.23949,10.475881],[-73.239468,10.475842],[-73.239445,10.475802],[-73.239422,10.475762],[-73.2394,10.475722],[-73.239377,10.475682]]}},{"type":"Feature","properties":{"id":"479a","arista":479,"lado":"a","orientacion":"occidental","muestra_inicio":14258,"muestra_cantidad":15},"geometry":{"type":"LineString","coordinates":[[-73.24502,10.471156],[-73.245047,10.471192],[-73.245074,10.471228],[-73.245101,10.471263],[-73.245128,10.471299],[-73.245155,10.471334],[-73.245182,10.47137],[-73.245209,10.471406],[-73.245236,10.471441],[-73.245263,10.471477],[-73.24529,10.471512],[-73.245317,10.471548],[-73.245344,10.471584],[-73.245371,10.471619],[-73.245399,10.471655]]}},{"type":"Feature","properties":{"id":"479b","arista":479,"lado":"b","orientacion":"oriental","muestra_inicio":14273,"muestra_cantidad":15},"geometry":{"type":"LineString","coordinates":[[-73.244961,10.4712],[-73.244988,10.471235],[-73.245015,10.471271],[-73.245042,10.471307],[-73.24507,10.471342],[-73.245097,10.471378],[-73.245124,10.471413],[-73.245151,10.471449],[-73.245178,10.471485],[-73.245205,10.47152],[-73.245232,10.471556],[-73.245259,10.471591],[-73.245286,10.471627],[-73.245313,10.471663],[-73.24534,10.471698]]}},{"type":"Feature","properties":{"id":"480a","arista":480,"lado":"a","orientacion":"norte","muestra_inicio":14288,"muestra_cantidad":15},"geometry":{"type":"LineString","coordinates":[[-73.243596,10.471989],[-73.243551,10.471993],[-73.243507,10.471997],[-73.243462,10.472002],[-73.243417,10.472006],[-73.243372,10.47201],[-73.243327,10.472014],[-73.243282,10.472018],[-73.243237,10.472023],[-73.243192,10.472027],[-73.243147,10.472031],[-73.243102,10.472035],[-73.243057,10.472039],[-73.243012,10.472044],[-73.242967,10.472048]]}},{"type":"Feature","properties":{"id":"480b","arista":480,"lado":"b","orientacion":"sur","muestra_inicio":14303,"muestra_cantidad":15},"geometry":{"type":"LineString","coordinates":[[-73.243591,10.471935],[-73.243546,10.471939],[-73.243501,10.471943],[-73.243456,10.471948],[-73.243411,10.471952],[-73.243367,10.471956],[-73.243322,10.47196],[-73.243277,10.471964],[-73.243232,10.471969],[-73.243187,10.471973],[-73.243142,10.471977],[-73.243097,10.471981],[-73.243052,10.471985],[-73.243007,10.47199],[-73.242962,10.471994]]}},{"type":"Feature","properties":{"id":"481a","arista":481,"lado":"a","orientacion":"occidental","muestra_inicio":14318,"muestra_cantidad":19},"geometry":{"type":"LineString","coordinates":[[-73.245485,10.472072],[-73.245511,10.472109],[-73.245537,10.472146],[-73.245562,10.472183],[-73.245588,10.47222],[-73.245614,10.472258],[-73.24564,10.472295],[-73.245665,10.472332],[-73.245691,10.472369],[-73.245717,10.472406],[-73.245743,10.472443],[-73.245768,10.47248],[-73.245794,10.472517],[-73.24582,10.472555],[-73.245845,10.472592],[-73.245871,10.472629],[-73.245897,10.472666],[-73.245923,10.472703],[-73.245948,10.47274]]}},{"type":"Feature","properties":{"id":"481b","arista":481,"lado":"b","orientacion":"oriental","muestra_inicio":14337,"muestra_cantidad":19},"geometry":{"type":"LineString","coordinates":[[-73.245425,10.472113],[-73.245451,10.47215],[-73.245476,10.472187],[-73.245502,10.472224],[-73.245528,10.472261],[-73.245554,10.472298],[-73.245579,10.472336],[-73.245605,10.472373],[-73.245631,10.47241],[-73.245657,10.472447],[-73.245682,10.472484],[-73.245708,10.472521],[-73.245734,10.472558],[-73.245759,10.472595],[-73.245785,10.472633],[-73.245811,10.47267],[-73.245837,10.472707],[-73.245862,10.472744],[-73.245888,10.472781]]}},{"type":"Feature","properties":{"id":"482a","arista":482,"lado":"a","orientacion":"occidental","muestra_inicio":14356,"muestra_cantidad":2},"geometry":{"type":"LineString","coordinates":[[-73.247339,10.472782],[-73.247314,10.472814]]}},{"type":"Feature","properties":{"id":"482b","arista":482,"lado":"b","orientacion":"oriental","muestra_inicio":14358,"muestra_cantidad":2},"geometry":{"type":"LineString","coordinates":[[-73.247281,10.472738],[-73.247256,10.472769]]}},{"type":"Feature","properties":{"id":"483a","arista":483,"lado":"a","orientacion":"oriental","muestra_inicio":14360,"muestra_cantidad":1},"geometry":{"type":"LineString","coordinates":[[-73.244165,10.478417],[-73.244154,10.478403]]}},{"type":"Feature","properties":{"id":"483b","arista":483,"lado":"b","orientacion":"occidental","muestra_inicio":14361,"muestra_cantidad":1},"geometry":{"type":"LineString","coordinates":[[-73.244223,10.478373],[-73.244211,10.478359]]}},{"type":"Feature","properties":{"id":"484a","arista":484,"lado":"a","orientacion":"sur","muestra_inicio":14362,"muestra_cantidad":11},"geometry":{"type":"LineString","coordinates":[[-73.243766,10.478611],[-73.243803,10.478585],[-73.24384,10.47856],[-73.243877,10.478534],[-73.243915,10.478509],[-73.243952,10.478484],[-73.243989,10.478458],[-73.244026,10.478433],[-73.244063,10.478408],[-73.2441,10.478382],[-73.244137,10.478357]]}},{"type":"Feature","properties":{"id":"484b","arista":484,"lado":"b","orientacion":"norte","muestra_inicio":14373,"muestra_cantidad":11},"geometry":{"type":"LineString","coordinates":[[-73.243807,10.47867],[-73.243845,10.478645],[-73.243882,10.478619],[-73.243919,10.478594],[-73.243956,10.478569],[-73.243993,10.478543],[-73.24403,10.478518],[-73.244068,10.478492],[-73.244105,10.478467],[-73.244142,10.478441],[-73.244179,10.478416]]}},{"type":"Feature","properties":{"id":"485a","arista":485,"lado":"a","orientacion":"occidental","muestra_inicio":14384,"muestra_cantidad":8},"geometry":{"type":"LineString","coordinates":[[-73.244242,10.478398],[-73.244269,10.478432],[-73.244297,10.478471],[-73.244321,10.478508],[-73.244345,10.478547],[-73.244354,10.478622],[-73.244342,10.478649],[-73.244335,10.47867]]}},{"type":"Feature","properties":{"id":"485b","arista":485,"lado":"b","orientacion":"oriental","muestra_inicio":14392,"muestra_cantidad":8},"geometry":{"type":"LineString","coordinates":[[-73.244185,10.478442],[-73.244212,10.478477],[-73.244236,10.47851],[-73.24426,10.478547],[-73.244282,10.478583],[-73.244293,10.478584],[-73.24427,10.478636],[-73.244294,10.478699]]}},{"type":"Feature","properties":{"id":"486a","arista":486,"lado":"a","orientacion":"sur","muestra_inicio":14400,"muestra_cantidad":10},"geometry":{"type":"LineString","coordinates":[[-73.244786,10.482344],[-73.244823,10.482373],[-73.244859,10.482403],[-73.244895,10.482433],[-73.244931,10.482462],[-73.244968,10.482492],[-73.245004,10.482521],[-73.24504,10.482551],[-73.245077,10.482581],[-73.245113,10.48261]]}},{"type":"Feature","properties":{"id":"486b","arista":486,"lado":"b","orientacion":"norte","muestra_inicio":14410,"muestra_cantidad":10},"geometry":{"type":"LineString","coordinates":[[-73.24474,10.482399],[-73.244776,10.482429],[-73.244812,10.482459],[-73.244849,10.482488],[-73.244885,10.482518],[-73.244924,10.482544],[-73.244958,10.482577],[-73.244994,10.482607],[-73.24503,10.482637],[-73.245067,10.482666]]}},{"type":"Feature","properties":{"id":"487a","arista":487,"lado":"a","orientacion":"sur","muestra_inicio":14420,"muestra_cantidad":14},"geometry":{"type":"LineString","coordinates":[[-73.243901,10.477305],[-73.243941,10.47728],[-73.243982,10.477255],[-73.244022,10.477231],[-73.244062,10.477206],[-73.244102,10.477181],[-73.244142,10.477156],[-73.244182,10.477131],[-73.244222,10.477106],[-73.244262,10.477081],[-73.244302,10.477056],[-73.244342,10.477031],[-73.244382,10.477007],[-73.244422,10.476982]]}},{"type":"Feature","properties":{"id":"487b","arista":487,"lado":"b","orientacion":"norte","muestra_inicio":14434,"muestra_cantidad":14},"geometry":{"type":"LineString","coordinates":[[-73.243916,10.477328],[-73.243956,10.477303],[-73.243996,10.477278],[-73.244036,10.477254],[-73.244076,10.477229],[-73.244116,10.477204],[-73.244156,10.477179],[-73.244196,10.477154],[-73.244236,10.477129],[-73.244276,10.477104],[-73.244317,10.477079],[-73.244357,10.477054],[-73.244397,10.47703],[-73.244437,10.477005]]}},{"type":"Feature","properties":{"id":"488a","arista":488,"lado":"a","orientacion":"oriental","muestra_inicio":14448,"muestra_cantidad":22},"geometry":{"type":"LineString","coordinates":[[-73.244462,10.478132],[-73.244438,10.478093],[-73.244407,10.478058],[-73.24438,10.478021],[-73.244353,10.477984],[-73.244326,10.477947],[-73.244299,10.47791],[-73.244272,10.477873],[-73.244245,10.477836],[-73.244217,10.477799],[-73.24419,10.477762],[-73.244163,10.477725],[-73.244136,10.477688],[-73.244109,10.477651],[-73.244082,10.477614],[-73.244062,10.477572],[-73.244035,10.477535],[-73.244004,10.477501],[-73.243973,10.477466],[-73.243946,10.477429],[-73.243919,10.477392],[-73.243899,10.47735]]}},{"type":"Feature","properties":{"id":"488b","arista":488,"lado":"b","orientacion":"occidental","muestra_inicio":14470,"muestra_cantidad":22},"geometry":{"type":"LineString","coordinates":[[-73.244484,10.478116],[-73.244457,10.478079],[-73.24443,10.478042],[-73.244402,10.478005],[-73.244375,10.477968],[-73.244348,10.477931],[-73.244321,10.477894],[-73.244294,10.477857],[-73.244267,10.47782],[-73.24424,10.477783],[-73.244212,10.477746],[-73.244185,10.477709],[-73.244158,10.477672],[-73.244131,10.477635],[-73.244104,10.477598],[-73.244077,10.477561],[-73.24405,10.477524],[-73.244023,10.477487],[-73.243995,10.47745],[-73.243968,10.477413],[-73.243941,10.477376],[-73.243914,10.477339]]}},{"type":"Feature","properties":{"id":"489a","arista":489,"lado":"a","orientacion":"occidental","muestra_inicio":14492,"muestra_cantidad":1},"geometry":{"type":"LineString","coordinates":[[-73.245101,10.477737],[-73.245111,10.477752]]}},{"type":"Feature","properties":{"id":"489b","arista":489,"lado":"b","orientacion":"oriental","muestra_inicio":14493,"muestra_cantidad":1},"geometry":{"type":"LineString","coordinates":[[-73.245078,10.477753],[-73.245089,10.477767]]}},{"type":"Feature","properties":{"id":"490a","arista":490,"lado":"a","orientacion":"oriental","muestra_inicio":14494,"muestra_cantidad":1},"geometry":{"type":"LineString","coordinates":[[-73.245105,10.47779],[-73.245094,10.477775]]}},{"type":"Feature","properties":{"id":"490b","arista":490,"lado":"b","orientacion":"occidental","muestra_inicio":14495,"muestra_cantidad":1},"geometry":{"type":"LineString","coordinates":[[-73.245127,10.477774],[-73.245117,10.477759]]}},{"type":"Feature","properties":{"id":"491a","arista":491,"lado":"a","orientacion":"oriental","muestra_inicio":14496,"muestra_cantidad":21},"geometry":{"type":"LineString","coordinates":[[-73.245064,10.477732],[-73.245037,10.477695],[-73.245011,10.477658],[-73.244985,10.477621],[-73.244958,10.477584],[-73.244932,10.477547],[-73.244906,10.47751],[-73.244879,10.477473],[-73.244853,10.477436],[-73.244827,10.477399],[-73.2448,10.477362],[-73.244774,10.477325],[-73.244748,10.477288],[-73.244722,10.477251],[-73.244695,10.477214],[-73.244669,10.477177],[-73.244643,10.47714],[-73.244616,10.477103],[-73.24459,10.477066],[-73.244564,10.477029],[-73.244537,10.476992]]}},{"type":"Feature","properties":{"id":"491b","arista":491,"lado":"b","orientacion":"occidental","muestra_inicio":14517,"muestra_cantidad":21},"geometry":{"type":"LineString","coordinates":[[-73.245086,10.477716],[-73.24506,10.477679],[-73.245033,10.477642],[-73.245007,10.477605],[-73.244981,10.477568],[-73.244954,10.477531],[-73.244928,10.477494],[-73.244902,10.477458],[-73.244876,10.477421],[-73.244849,10.477384],[-73.244823,10.477347],[-73.244797,10.47731],[-73.24477,10.477273],[-73.244744,10.477236],[-73.244718,10.477199],[-73.244691,10.477162],[-73.244665,10.477125],[-73.244639,10.477088],[-73.244612,10.477051],[-73.244586,10.477014],[-73.24456,10.476977]]}},{"type":"Feature","properties":{"id":"492a","arista":492,"lado":"a","orientacion":"sur","muestra_inicio":14538,"muestra_cantidad":19},"geometry":{"type":"LineString","coordinates":[[-73.243769,10.478622],[-73.243807,10.478595],[-73.243845,10.478569],[-73.243884,10.478542],[-73.243922,10.478516],[-73.24396,10.478489],[-73.243999,10.478463],[-73.244037,10.478436],[-73.244076,10.47841],[-73.244114,10.478383],[-73.244152,10.478357],[-73.244191,10.47833],[-73.244229,10.478304],[-73.244267,10.478277],[-73.244306,10.478251],[-73.244344,10.478224],[-73.244383,10.478198],[-73.244421,10.478171],[-73.244459,10.478145]]}},{"type":"Feature","properties":{"id":"492b","arista":492,"lado":"b","orientacion":"norte","muestra_inicio":14557,"muestra_cantidad":19},"geometry":{"type":"LineString","coordinates":[[-73.243784,10.478644],[-73.243823,10.478617],[-73.243861,10.478591],[-73.243899,10.478564],[-73.243938,10.478538],[-73.243976,10.478512],[-73.244014,10.478485],[-73.244053,10.478459],[-73.244091,10.478432],[-73.24413,10.478406],[-73.244168,10.478379],[-73.244206,10.478353],[-73.244245,10.478326],[-73.244283,10.4783],[-73.244321,10.478273],[-73.24436,10.478247],[-73.244398,10.47822],[-73.244437,10.478194],[-73.244475,10.478167]]}},{"type":"Feature","properties":{"id":"493a","arista":493,"lado":"a","orientacion":"norte","muestra_inicio":14576,"muestra_cantidad":8},"geometry":{"type":"LineString","coordinates":[[-73.244502,10.47821],[-73.244463,10.478237],[-73.244421,10.47826],[-73.244382,10.478288],[-73.244343,10.478315],[-73.244303,10.478342],[-73.244267,10.478373],[-73.244227,10.4784]]}},{"type":"Feature","properties":{"id":"493b","arista":493,"lado":"b","orientacion":"sur","muestra_inicio":14584,"muestra_cantidad":8},"geometry":{"type":"LineString","coordinates":[[-73.244487,10.478187],[-73.244447,10.478215],[-73.244408,10.478242],[-73.244369,10.478269],[-73.244329,10.478296],[-73.24429,10.478324],[-73.244251,10.478351],[-73.244212,10.478378]]}},{"type":"Feature","properties":{"id":"494a","arista":494,"lado":"a","orientacion":"norte","muestra_inicio":14592,"muestra_cantidad":15},"geometry":{"type":"LineString","coordinates":[[-73.245091,10.477826],[-73.245052,10.477851],[-73.245013,10.477877],[-73.244973,10.477903],[-73.244934,10.477928],[-73.244895,10.477954],[-73.244856,10.477979],[-73.244816,10.478005],[-73.244777,10.47803],[-73.244738,10.478056],[-73.244698,10.478081],[-73.244659,10.478107],[-73.24462,10.478132],[-73.244581,10.478158],[-73.244541,10.478184]]}},{"type":"Feature","properties":{"id":"494b","arista":494,"lado":"b","orientacion":"sur","muestra_inicio":14607,"muestra_cantidad":15},"geometry":{"type":"LineString","coordinates":[[-73.245076,10.477803],[-73.245037,10.477829],[-73.244998,10.477854],[-73.244958,10.47788],[-73.244919,10.477905],[-73.24488,10.477931],[-73.24484,10.477957],[-73.244801,10.477982],[-73.244762,10.478008],[-73.244723,10.478033],[-73.244683,10.478059],[-73.244644,10.478084],[-73.244605,10.47811],[-73.244566,10.478135],[-73.244526,10.478161]]}},{"type":"Feature","properties":{"id":"495a","arista":495,"lado":"a","orientacion":"occidental","muestra_inicio":14622,"muestra_cantidad":26},"geometry":{"type":"LineString","coordinates":[[-73.245144,10.477798],[-73.245169,10.477835],[-73.245195,10.477872],[-73.24522,10.47791],[-73.245246,10.477947],[-73.245271,10.477984],[-73.245296,10.478022],[-73.245322,10.478059],[-73.245347,10.478096],[-73.245373,10.478133],[-73.245398,10.478171],[-73.245424,10.478208],[-73.245449,10.478245],[-73.245474,10.478282],[-73.2455,10.47832],[-73.245525,10.478357],[-73.245551,10.478394],[-73.245576,10.478431],[-73.245601,10.478469],[-73.245627,10.478506],[-73.245652,10.478543],[-73.245678,10.47858],[-73.245703,10.478618],[-73.245729,10.478655],[-73.245754,10.478692],[-73.24578,10.478729]]}},{"type":"Feature","properties":{"id":"495b","arista":495,"lado":"b","orientacion":"oriental","muestra_inicio":14648,"muestra_cantidad":26},"geometry":{"type":"LineString","coordinates":[[-73.245121,10.477813],[-73.245147,10.47785],[-73.245172,10.477888],[-73.245197,10.477925],[-73.245223,10.477962],[-73.245248,10.477999],[-73.245274,10.478037],[-73.245299,10.478074],[-73.245325,10.478111],[-73.24535,10.478148],[-73.245375,10.478186],[-73.245401,10.478223],[-73.245426,10.47826],[-73.245452,10.478298],[-73.245477,10.478335],[-73.245502,10.478372],[-73.245528,10.478409],[-73.245553,10.478447],[-73.245579,10.478484],[-73.245604,10.478521],[-73.24563,10.478558],[-73.245655,10.478596],[-73.24568,10.478633],[-73.245706,10.47867],[-73.245732,10.478707],[-73.245758,10.478744]]}},{"type":"Feature","properties":{"id":"496a","arista":496,"lado":"a","orientacion":"sur","muestra_inicio":14674,"muestra_cantidad":24},"geometry":{"type":"LineString","coordinates":[[-73.245132,10.477763],[-73.245171,10.477739],[-73.245211,10.477716],[-73.24525,10.477692],[-73.245289,10.477668],[-73.245328,10.477644],[-73.245367,10.47762],[-73.245406,10.477596],[-73.245446,10.477572],[-73.245485,10.477548],[-73.245524,10.477524],[-73.245563,10.4775],[-73.245602,10.477476],[-73.245641,10.477452],[-73.245681,10.477428],[-73.24572,10.477405],[-73.245759,10.477381],[-73.245798,10.477357],[-73.245837,10.477333],[-73.245876,10.477309],[-73.245916,10.477285],[-73.245955,10.477261],[-73.245994,10.477237],[-73.246033,10.477213]]}},{"type":"Feature","properties":{"id":"496b","arista":496,"lado":"b","orientacion":"norte","muestra_inicio":14698,"muestra_cantidad":24},"geometry":{"type":"LineString","coordinates":[[-73.245147,10.477786],[-73.245186,10.477763],[-73.245225,10.477739],[-73.245264,10.477715],[-73.245303,10.477691],[-73.245342,10.477667],[-73.245382,10.477643],[-73.245421,10.477619],[-73.24546,10.477595],[-73.245499,10.477571],[-73.245538,10.477547],[-73.245577,10.477523],[-73.245617,10.477499],[-73.245656,10.477475],[-73.245695,10.477452],[-73.245734,10.477428],[-73.245773,10.477404],[-73.245812,10.47738],[-73.245852,10.477356],[-73.245891,10.477332],[-73.24593,10.477308],[-73.245969,10.477284],[-73.246008,10.47726],[-73.246048,10.477236]]}},{"type":"Feature","properties":{"id":"497a","arista":497,"lado":"a","orientacion":"oriental","muestra_inicio":14722,"muestra_cantidad":26},"geometry":{"type":"LineString","coordinates":[[-73.245731,10.47875],[-73.245705,10.478713],[-73.245678,10.478675],[-73.245652,10.478637],[-73.245625,10.4786],[-73.245598,10.478562],[-73.245572,10.478525],[-73.245545,10.478487],[-73.245519,10.47845],[-73.245492,10.478412],[-73.245466,10.478375],[-73.245439,10.478337],[-73.245413,10.4783],[-73.245386,10.478262],[-73.245363,10.478222],[-73.245337,10.478184],[-73.245314,10.478144],[-73.245287,10.478107],[-73.245261,10.478069],[-73.245234,10.478032],[-73.245208,10.477994],[-73.245181,10.477957],[-73.245154,10.477919],[-73.245128,10.477881],[-73.245094,10.477849],[-73.245067,10.477812]]}},{"type":"Feature","properties":{"id":"497b","arista":497,"lado":"b","orientacion":"occidental","muestra_inicio":14748,"muestra_cantidad":26},"geometry":{"type":"LineString","coordinates":[[-73.245754,10.478735],[-73.245727,10.478697],[-73.245701,10.478659],[-73.245674,10.478622],[-73.245647,10.478584],[-73.245621,10.478547],[-73.245594,10.478509],[-73.245568,10.478472],[-73.245541,10.478434],[-73.245515,10.478397],[-73.245488,10.478359],[-73.245462,10.478322],[-73.245435,10.478284],[-73.245408,10.478247],[-73.245382,10.478209],[-73.245355,10.478171],[-73.245329,10.478134],[-73.245302,10.478096],[-73.245276,10.478059],[-73.245249,10.478021],[-73.245222,10.477984],[-73.245196,10.477946],[-73.245169,10.477909],[-73.245143,10.477871],[-73.245116,10.477834],[-73.24509,10.477796]]}},{"type":"Feature","properties":{"id":"498a","arista":498,"lado":"a","orientacion":"norte","muestra_inicio":14774,"muestra_cantidad":1},"geometry":{"type":"LineString","coordinates":[[-73.245127,10.477798],[-73.245114,10.47781]]}},{"type":"Feature","properties":{"id":"498b","arista":498,"lado":"b","orientacion":"sur","muestra_inicio":14775,"muestra_cantidad":1},"geometry":{"type":"LineString","coordinates":[[-73.245109,10.477778],[-73.245096,10.47779]]}},{"type":"Feature","properties":{"id":"499a","arista":499,"lado":"a","orientacion":"oriental","muestra_inicio":14776,"muestra_cantidad":6},"geometry":{"type":"LineString","coordinates":[[-73.243721,10.471889],[-73.243695,10.471854],[-73.243669,10.471817],[-73.243646,10.471781],[-73.243623,10.471745],[-73.243599,10.471709]]}},{"type":"Feature","properties":{"id":"499b","arista":499,"lado":"b","orientacion":"occidental","muestra_inicio":14782,"muestra_cantidad":6},"geometry":{"type":"LineString","coordinates":[[-73.243787,10.471841],[-73.243761,10.471806],[-73.243739,10.471773],[-73.243715,10.471737],[-73.243692,10.471701],[-73.243668,10.471665]]}},{"type":"Feature","properties":{"id":"500a","arista":500,"lado":"a","orientacion":"norte","muestra_inicio":14788,"muestra_cantidad":19},"geometry":{"type":"LineString","coordinates":[[-73.249135,10.476472],[-73.249098,10.476497],[-73.24906,10.476523],[-73.249023,10.476548],[-73.248986,10.476574],[-73.248948,10.476599],[-73.248911,10.476624],[-73.248873,10.47665],[-73.248836,10.476675],[-73.248799,10.476701],[-73.248761,10.476726],[-73.248724,10.476752],[-73.248687,10.476777],[-73.248649,10.476802],[-73.248612,10.476828],[-73.248575,10.476853],[-73.248537,10.476879],[-73.2485,10.476904],[-73.248463,10.476929]]}},{"type":"Feature","properties":{"id":"500b","arista":500,"lado":"b","orientacion":"sur","muestra_inicio":14807,"muestra_cantidad":19},"geometry":{"type":"LineString","coordinates":[[-73.249094,10.476412],[-73.249056,10.476438],[-73.249019,10.476463],[-73.248981,10.476489],[-73.248944,10.476514],[-73.248907,10.476539],[-73.248869,10.476565],[-73.248832,10.47659],[-73.248795,10.476616],[-73.248757,10.476641],[-73.24872,10.476667],[-73.248683,10.476692],[-73.248645,10.476717],[-73.248608,10.476743],[-73.248571,10.476768],[-73.248533,10.476794],[-73.248496,10.476819],[-73.248459,10.476844],[-73.248421,10.47687]]}},{"type":"Feature","properties":{"id":"501a","arista":501,"lado":"a","orientacion":"occidental","muestra_inicio":14826,"muestra_cantidad":25},"geometry":{"type":"LineString","coordinates":[[-73.247759,10.476007],[-73.247788,10.476043],[-73.247816,10.476079],[-73.247845,10.476115],[-73.247873,10.47615],[-73.247901,10.476186],[-73.24793,10.476222],[-73.247958,10.476258],[-73.247987,10.476294],[-73.248015,10.47633],[-73.248043,10.476366],[-73.248072,10.476402],[-73.2481,10.476438],[-73.248129,10.476474],[-73.248157,10.47651],[-73.248186,10.476546],[-73.248214,10.476582],[-73.248242,10.476618],[-73.248271,10.476654],[-73.248299,10.47669],[-73.248328,10.476726],[-73.248356,10.476762],[-73.248385,10.476797],[-73.248413,10.476833],[-73.248441,10.476869]]}},{"type":"Feature","properties":{"id":"501b","arista":501,"lado":"b","orientacion":"oriental","muestra_inicio":14851,"muestra_cantidad":25},"geometry":{"type":"LineString","coordinates":[[-73.247695,10.476057],[-73.247723,10.476093],[-73.247751,10.476129],[-73.24778,10.476165],[-73.247808,10.476201],[-73.247837,10.476237],[-73.247865,10.476273],[-73.247893,10.476308],[-73.247922,10.476344],[-73.24795,10.47638],[-73.247979,10.476416],[-73.248007,10.476452],[-73.248036,10.476488],[-73.248064,10.476524],[-73.248092,10.47656],[-73.248121,10.476596],[-73.248149,10.476632],[-73.248178,10.476668],[-73.248206,10.476704],[-73.248235,10.47674],[-73.248263,10.476776],[-73.248291,10.476812],[-73.24832,10.476848],[-73.248348,10.476884],[-73.248377,10.476919]]}}]}
