{"type":"FeatureCollection","features":[{"type":"Feature","properties":{"id":"osm-11141509524","especie":"otro","altura_m":8.0,"diametro_copa_m":6.5,"altura_fuste_m":2.5,"caducifolio":false,"meses_sin_hojas":"","fuente":"osm"},"geometry":{"type":"Point","coordinates":[-73.24395,10.479525]}},{"type":"Feature","properties":{"id":"osm-11314456075","especie":"otro","altura_m":8.0,"diametro_copa_m":6.5,"altura_fuste_m":2.5,"caducifolio":false,"meses_sin_hojas":"","fuente":"osm"},"geometry":{"type":"Point","coordinates":[-73.242951,10.477425]}},{"type":"Feature","properties":{"id":"osm-11314456076","especie":"otro","altura_m":8.0,"diametro_copa_m":6.5,"altura_fuste_m":2.5,"caducifolio":false,"meses_sin_hojas":"","fuente":"osm"},"geometry":{"type":"Point","coordinates":[-73.242783,10.477475]}},{"type":"Feature","properties":{"id":"osm-11314456077","especie":"otro","altura_m":8.0,"diametro_copa_m":6.5,"altura_fuste_m":2.5,"caducifolio":false,"meses_sin_hojas":"","fuente":"osm"},"geometry":{"type":"Point","coordinates":[-73.242914,10.477657]}},{"type":"Feature","properties":{"id":"osm-11314456078","especie":"otro","altura_m":8.0,"diametro_copa_m":6.5,"altura_fuste_m":2.5,"caducifolio":false,"meses_sin_hojas":"","fuente":"osm"},"geometry":{"type":"Point","coordinates":[-73.243129,10.477223]}},{"type":"Feature","properties":{"id":"osm-11314456079","especie":"otro","altura_m":8.0,"diametro_copa_m":6.5,"altura_fuste_m":2.5,"caducifolio":false,"meses_sin_hojas":"","fuente":"osm"},"geometry":{"type":"Point","coordinates":[-73.24327,10.478324]}},{"type":"Feature","properties":{"id":"osm-11314456080","especie":"otro","altura_m":8.0,"diametro_copa_m":6.5,"altura_fuste_m":2.5,"caducifolio":false,"meses_sin_hojas":"","fuente":"osm"},"geometry":{"type":"Point","coordinates":[-73.243685,10.478019]}},{"type":"Feature","properties":{"id":"osm-11314456081","especie":"otro","altura_m":8.0,"diametro_copa_m":6.5,"altura_fuste_m":2.5,"caducifolio":false,"meses_sin_hojas":"","fuente":"osm"},"geometry":{"type":"Point","coordinates":[-73.243657,10.47762]}},{"type":"Feature","properties":{"id":"osm-11314456082","especie":"otro","altura_m":8.0,"diametro_copa_m":6.5,"altura_fuste_m":2.5,"caducifolio":false,"meses_sin_hojas":"","fuente":"osm"},"geometry":{"type":"Point","coordinates":[-73.242642,10.477084]}},{"type":"Feature","properties":{"id":"osm-11314456083","especie":"otro","altura_m":8.0,"diametro_copa_m":6.5,"altura_fuste_m":2.5,"caducifolio":false,"meses_sin_hojas":"","fuente":"osm"},"geometry":{"type":"Point","coordinates":[-73.242705,10.476733]}},{"type":"Feature","properties":{"id":"osm-11314456084","especie":"otro","altura_m":8.0,"diametro_copa_m":6.5,"altura_fuste_m":2.5,"caducifolio":false,"meses_sin_hojas":"","fuente":"osm"},"geometry":{"type":"Point","coordinates":[-73.242926,10.476448]}},{"type":"Feature","properties":{"id":"osm-11314456085","especie":"otro","altura_m":8.0,"diametro_copa_m":6.5,"altura_fuste_m":2.5,"caducifolio":false,"meses_sin_hojas":"","fuente":"osm"},"geometry":{"type":"Point","coordinates":[-73.242979,10.476746]}},{"type":"Feature","properties":{"id":"osm-11314456086","especie":"otro","altura_m":8.0,"diametro_copa_m":6.5,"altura_fuste_m":2.5,"caducifolio":false,"meses_sin_hojas":"","fuente":"osm"},"geometry":{"type":"Point","coordinates":[-73.242793,10.476976]}},{"type":"Feature","properties":{"id":"osm-11314456087","especie":"otro","altura_m":8.0,"diametro_copa_m":6.5,"altura_fuste_m":2.5,"caducifolio":false,"meses_sin_hojas":"","fuente":"osm"},"geometry":{"type":"Point","coordinates":[-73.242545,10.477219]}},{"type":"Feature","properties":{"id":"osm-11314456088","especie":"otro","altura_m":8.0,"diametro_copa_m":6.5,"altura_fuste_m":2.5,"caducifolio":false,"meses_sin_hojas":"","fuente":"osm"},"geometry":{"type":"Point","coordinates":[-73.243971,10.47669]}},{"type":"Feature","properties":{"id":"osm-11314456089","especie":"otro","altura_m":8.0,"diametro_copa_m":6.5,"altura_fuste_m":2.5,"caducifolio":false,"meses_sin_hojas":"","fuente":"osm"},"geometry":{"type":"Point","coordinates":[-73.243902,10.476953]}},{"type":"Feature","properties":{"id":"osm-11314456090","especie":"otro","altura_m":8.0,"diametro_copa_m":6.5,"altura_fuste_m":2.5,"caducifolio":false,"meses_sin_hojas":"","fuente":"osm"},"geometry":{"type":"Point","coordinates":[-73.243865,10.476766]}},{"type":"Feature","properties":{"id":"osm-11314456091","especie":"otro","altura_m":8.0,"diametro_copa_m":6.5,"altura_fuste_m":2.5,"caducifolio":false,"meses_sin_hojas":"","fuente":"osm"},"geometry":{"type":"Point","coordinates":[-73.243706,10.474947]}},{"type":"Feature","properties":{"id":"osm-11314456092","especie":"otro","altura_m":8.0,"diametro_copa_m":6.5,"altura_fuste_m":2.5,"caducifolio":false,"meses_sin_hojas":"","fuente":"osm"},"geometry":{"type":"Point","coordinates":[-73.244923,10.476242]}},{"type":"Feature","properties":{"id":"osm-11314456093","especie":"otro","altura_m":8.0,"diametro_copa_m":6.5,"altura_fuste_m":2.5,"caducifolio":false,"meses_sin_hojas":"","fuente":"osm"},"geometry":{"type":"Point","coordinates":[-73.244827,10.476305]}},{"type":"Feature","properties":{"id":"osm-11314456094","especie":"otro","altura_m":8.0,"diametro_copa_m":6.5,"altura_fuste_m":2.5,"caducifolio":false,"meses_sin_hojas":"","fuente":"osm"},"geometry":{"type":"Point","coordinates":[-73.244348,10.47662]}},{"type":"Feature","properties":{"id":"osm-11314456095","especie":"otro","altura_m":8.0,"diametro_copa_m":6.5,"altura_fuste_m":2.5,"caducifolio":false,"meses_sin_hojas":"","fuente":"osm"},"geometry":{"type":"Point","coordinates":[-73.247225,10.476335]}},{"type":"Feature","properties":{"id":"osm-11314456096","especie":"otro","altura_m":8.0,"diametro_copa_m":6.5,"altura_fuste_m":2.5,"caducifolio":false,"meses_sin_hojas":"","fuente":"osm"},"geometry":{"type":"Point","coordinates":[-73.246328,10.476471]}},{"type":"Feature","properties":{"id":"osm-11314456097","especie":"otro","altura_m":8.0,"diametro_copa_m":6.5,"altura_fuste_m":2.5,"caducifolio":false,"meses_sin_hojas":"","fuente":"osm"},"geometry":{"type":"Point","coordinates":[-73.246248,10.476649]}},{"type":"Feature","properties":{"id":"osm-11314456098","especie":"otro","altura_m":8.0,"diametro_copa_m":6.5,"altura_fuste_m":2.5,"caducifolio":false,"meses_sin_hojas":"","fuente":"osm"},"geometry":{"type":"Point","coordinates":[-73.246419,10.477396]}},{"type":"Feature","properties":{"id":"osm-11314456099","especie":"otro","altura_m":8.0,"diametro_copa_m":6.5,"altura_fuste_m":2.5,"caducifolio":false,"meses_sin_hojas":"","fuente":"osm"},"geometry":{"type":"Point","coordinates":[-73.2471,10.477292]}},{"type":"Feature","properties":{"id":"osm-11314456100","especie":"otro","altura_m":8.0,"diametro_copa_m":6.5,"altura_fuste_m":2.5,"caducifolio":false,"meses_sin_hojas":"","fuente":"osm"},"geometry":{"type":"Point","coordinates":[-73.246771,10.477365]}},{"type":"Feature","properties":{"id":"osm-11314456101","especie":"otro","altura_m":8.0,"diametro_copa_m":6.5,"altura_fuste_m":2.5,"caducifolio":false,"meses_sin_hojas":"","fuente":"osm"},"geometry":{"type":"Point","coordinates":[-73.246985,10.477449]}},{"type":"Feature","properties":{"id":"osm-11314456102","especie":"otro","altura_m":8.0,"diametro_copa_m":6.5,"altura_fuste_m":2.5,"caducifolio":false,"meses_sin_hojas":"","fuente":"osm"},"geometry":{"type":"Point","coordinates":[-73.246855,10.477743]}},{"type":"Feature","properties":{"id":"osm-11314456103","especie":"otro","altura_m":8.0,"diametro_copa_m":6.5,"altura_fuste_m":2.5,"caducifolio":false,"meses_sin_hojas":"","fuente":"osm"},"geometry":{"type":"Point","coordinates":[-73.24665,10.477248]}},{"type":"Feature","properties":{"id":"osm-11314456104","especie":"otro","altura_m":8.0,"diametro_copa_m":6.5,"altura_fuste_m":2.5,"caducifolio":false,"meses_sin_hojas":"","fuente":"osm"},"geometry":{"type":"Point","coordinates":[-73.246012,10.477481]}},{"type":"Feature","properties":{"id":"osm-11314456105","especie":"otro","altura_m":8.0,"diametro_copa_m":6.5,"altura_fuste_m":2.5,"caducifolio":false,"meses_sin_hojas":"","fuente":"osm"},"geometry":{"type":"Point","coordinates":[-73.246055,10.477754]}},{"type":"Feature","properties":{"id":"osm-11314456106","especie":"otro","altura_m":8.0,"diametro_copa_m":6.5,"altura_fuste_m":2.5,"caducifolio":false,"meses_sin_hojas":"","fuente":"osm"},"geometry":{"type":"Point","coordinates":[-73.246278,10.478127]}},{"type":"Feature","properties":{"id":"osm-11314456107","especie":"otro","altura_m":8.0,"diametro_copa_m":6.5,"altura_fuste_m":2.5,"caducifolio":false,"meses_sin_hojas":"","fuente":"osm"},"geometry":{"type":"Point","coordinates":[-73.245822,10.477947]}},{"type":"Feature","properties":{"id":"osm-11314456108","especie":"otro","altura_m":8.0,"diametro_copa_m":6.5,"altura_fuste_m":2.5,"caducifolio":false,"meses_sin_hojas":"","fuente":"osm"},"geometry":{"type":"Point","coordinates":[-73.245587,10.477876]}},{"type":"Feature","properties":{"id":"osm-11314456109","especie":"otro","altura_m":8.0,"diametro_copa_m":6.5,"altura_fuste_m":2.5,"caducifolio":false,"meses_sin_hojas":"","fuente":"osm"},"geometry":{"type":"Point","coordinates":[-73.245749,10.477634]}},{"type":"Feature","properties":{"id":"osm-11314456110","especie":"otro","altura_m":8.0,"diametro_copa_m":6.5,"altura_fuste_m":2.5,"caducifolio":false,"meses_sin_hojas":"","fuente":"osm"},"geometry":{"type":"Point","coordinates":[-73.24555,10.477226]}},{"type":"Feature","properties":{"id":"osm-11314456111","especie":"otro","altura_m":8.0,"diametro_copa_m":6.5,"altura_fuste_m":2.5,"caducifolio":false,"meses_sin_hojas":"","fuente":"osm"},"geometry":{"type":"Point","coordinates":[-73.245453,10.4771]}},{"type":"Feature","properties":{"id":"osm-11314456112","especie":"otro","altura_m":8.0,"diametro_copa_m":6.5,"altura_fuste_m":2.5,"caducifolio":false,"meses_sin_hojas":"","fuente":"osm"},"geometry":{"type":"Point","coordinates":[-73.245242,10.477292]}},{"type":"Feature","properties":{"id":"osm-11314456115","especie":"otro","altura_m":8.0,"diametro_copa_m":6.5,"altura_fuste_m":2.5,"caducifolio":false,"meses_sin_hojas":"","fuente":"osm"},"geometry":{"type":"Point","coordinates":[-73.245279,10.478371]}},{"type":"Feature","properties":{"id":"osm-11314456117","especie":"otro","altura_m":8.0,"diametro_copa_m":6.5,"altura_fuste_m":2.5,"caducifolio":false,"meses_sin_hojas":"","fuente":"osm"},"geometry":{"type":"Point","coordinates":[-73.245074,10.478647]}},{"type":"Feature","properties":{"id":"osm-11314456118","especie":"otro","altura_m":8.0,"diametro_copa_m":6.5,"altura_fuste_m":2.5,"caducifolio":false,"meses_sin_hojas":"","fuente":"osm"},"geometry":{"type":"Point","coordinates":[-73.243818,10.477962]}},{"type":"Feature","properties":{"id":"osm-11314456119","especie":"otro","altura_m":8.0,"diametro_copa_m":6.5,"altura_fuste_m":2.5,"caducifolio":false,"meses_sin_hojas":"","fuente":"osm"},"geometry":{"type":"Point","coordinates":[-73.243815,10.478494]}},{"type":"Feature","properties":{"id":"osm-11314456120","especie":"otro","altura_m":8.0,"diametro_copa_m":6.5,"altura_fuste_m":2.5,"caducifolio":false,"meses_sin_hojas":"","fuente":"osm"},"geometry":{"type":"Point","coordinates":[-73.243852,10.479043]}},{"type":"Feature","properties":{"id":"osm-11314456121","especie":"otro","altura_m":8.0,"diametro_copa_m":6.5,"altura_fuste_m":2.5,"caducifolio":false,"meses_sin_hojas":"","fuente":"osm"},"geometry":{"type":"Point","coordinates":[-73.244481,10.47895]}},{"type":"Feature","properties":{"id":"osm-11314456122","especie":"otro","altura_m":8.0,"diametro_copa_m":6.5,"altura_fuste_m":2.5,"caducifolio":false,"meses_sin_hojas":"","fuente":"osm"},"geometry":{"type":"Point","coordinates":[-73.243974,10.479347]}},{"type":"Feature","properties":{"id":"osm-11314473266","especie":"otro","altura_m":8.0,"diametro_copa_m":6.5,"altura_fuste_m":2.5,"caducifolio":false,"meses_sin_hojas":"","fuente":"osm"},"geometry":{"type":"Point","coordinates":[-73.247346,10.47622]}},{"type":"Feature","properties":{"id":"osm-11314473267","especie":"otro","altura_m":8.0,"diametro_copa_m":6.5,"altura_fuste_m":2.5,"caducifolio":false,"meses_sin_hojas":"","fuente":"osm"},"geometry":{"type":"Point","coordinates":[-73.247263,10.476108]}},{"type":"Feature","properties":{"id":"osm-11314473268","especie":"otro","altura_m":8.0,"diametro_copa_m":6.5,"altura_fuste_m":2.5,"caducifolio":false,"meses_sin_hojas":"","fuente":"osm"},"geometry":{"type":"Point","coordinates":[-73.247435,10.475948]}},{"type":"Feature","properties":{"id":"osm-11314506975","especie":"otro","altura_m":8.0,"diametro_copa_m":6.5,"altura_fuste_m":2.5,"caducifolio":false,"meses_sin_hojas":"","fuente":"osm"},"geometry":{"type":"Point","coordinates":[-73.24386,10.480269]}},{"type":"Feature","properties":{"id":"osm-11314506976","especie":"otro","altura_m":8.0,"diametro_copa_m":6.5,"altura_fuste_m":2.5,"caducifolio":false,"meses_sin_hojas":"","fuente":"osm"},"geometry":{"type":"Point","coordinates":[-73.243418,10.479511]}},{"type":"Feature","properties":{"id":"osm-11314506977","especie":"otro","altura_m":8.0,"diametro_copa_m":6.5,"altura_fuste_m":2.5,"caducifolio":false,"meses_sin_hojas":"","fuente":"osm"},"geometry":{"type":"Point","coordinates":[-73.243319,10.479368]}},{"type":"Feature","properties":{"id":"osm-11314506979","especie":"otro","altura_m":8.0,"diametro_copa_m":6.5,"altura_fuste_m":2.5,"caducifolio":false,"meses_sin_hojas":"","fuente":"osm"},"geometry":{"type":"Point","coordinates":[-73.243018,10.47925]}},{"type":"Feature","properties":{"id":"osm-11314506980","especie":"otro","altura_m":8.0,"diametro_copa_m":6.5,"altura_fuste_m":2.5,"caducifolio":false,"meses_sin_hojas":"","fuente":"osm"},"geometry":{"type":"Point","coordinates":[-73.243431,10.479935]}},{"type":"Feature","properties":{"id":"osm-11314506981","especie":"otro","altura_m":8.0,"diametro_copa_m":6.5,"altura_fuste_m":2.5,"caducifolio":false,"meses_sin_hojas":"","fuente":"osm"},"geometry":{"type":"Point","coordinates":[-73.24373,10.479583]}},{"type":"Feature","properties":{"id":"osm-11314506982","especie":"otro","altura_m":8.0,"diametro_copa_m":6.5,"altura_fuste_m":2.5,"caducifolio":false,"meses_sin_hojas":"","fuente":"osm"},"geometry":{"type":"Point","coordinates":[-73.24424,10.478691]}},{"type":"Feature","properties":{"id":"osm-11314506983","especie":"otro","altura_m":8.0,"diametro_copa_m":6.5,"altura_fuste_m":2.5,"caducifolio":false,"meses_sin_hojas":"","fuente":"osm"},"geometry":{"type":"Point","coordinates":[-73.245004,10.479085]}},{"type":"Feature","properties":{"id":"osm-11314506984","especie":"otro","altura_m":8.0,"diametro_copa_m":6.5,"altura_fuste_m":2.5,"caducifolio":false,"meses_sin_hojas":"","fuente":"osm"},"geometry":{"type":"Point","coordinates":[-73.24479,10.47873]}},{"type":"Feature","properties":{"id":"osm-11314506985","especie":"otro","altura_m":8.0,"diametro_copa_m":6.5,"altura_fuste_m":2.5,"caducifolio":false,"meses_sin_hojas":"","fuente":"osm"},"geometry":{"type":"Point","coordinates":[-73.243183,10.478892]}},{"type":"Feature","properties":{"id":"osm-11314506986","especie":"otro","altura_m":8.0,"diametro_copa_m":6.5,"altura_fuste_m":2.5,"caducifolio":false,"meses_sin_hojas":"","fuente":"osm"},"geometry":{"type":"Point","coordinates":[-73.242905,10.478595]}},{"type":"Feature","properties":{"id":"osm-11314506987","especie":"otro","altura_m":8.0,"diametro_copa_m":6.5,"altura_fuste_m":2.5,"caducifolio":false,"meses_sin_hojas":"","fuente":"osm"},"geometry":{"type":"Point","coordinates":[-73.242563,10.478529]}},{"type":"Feature","properties":{"id":"osm-11314506988","especie":"otro","altura_m":8.0,"diametro_copa_m":6.5,"altura_fuste_m":2.5,"caducifolio":false,"meses_sin_hojas":"","fuente":"osm"},"geometry":{"type":"Point","coordinates":[-73.242679,10.478433]}},{"type":"Feature","properties":{"id":"osm-11314506990","especie":"otro","altura_m":8.0,"diametro_copa_m":6.5,"altura_fuste_m":2.5,"caducifolio":false,"meses_sin_hojas":"","fuente":"osm"},"geometry":{"type":"Point","coordinates":[-73.24292,10.478315]}},{"type":"Feature","properties":{"id":"osm-11314506991","especie":"otro","altura_m":8.0,"diametro_copa_m":6.5,"altura_fuste_m":2.5,"caducifolio":false,"meses_sin_hojas":"","fuente":"osm"},"geometry":{"type":"Point","coordinates":[-73.242529,10.478057]}},{"type":"Feature","properties":{"id":"osm-11314506992","especie":"otro","altura_m":8.0,"diametro_copa_m":6.5,"altura_fuste_m":2.5,"caducifolio":false,"meses_sin_hojas":"","fuente":"osm"},"geometry":{"type":"Point","coordinates":[-73.242358,10.47806]}},{"type":"Feature","properties":{"id":"osm-11314506993","especie":"otro","altura_m":8.0,"diametro_copa_m":6.5,"altura_fuste_m":2.5,"caducifolio":false,"meses_sin_hojas":"","fuente":"osm"},"geometry":{"type":"Point","coordinates":[-73.242203,10.478051]}},{"type":"Feature","properties":{"id":"osm-11314506994","especie":"otro","altura_m":8.0,"diametro_copa_m":6.5,"altura_fuste_m":2.5,"caducifolio":false,"meses_sin_hojas":"","fuente":"osm"},"geometry":{"type":"Point","coordinates":[-73.242429,10.477748]}},{"type":"Feature","properties":{"id":"osm-11314506995","especie":"otro","altura_m":8.0,"diametro_copa_m":6.5,"altura_fuste_m":2.5,"caducifolio":false,"meses_sin_hojas":"","fuente":"osm"},"geometry":{"type":"Point","coordinates":[-73.242716,10.477967]}},{"type":"Feature","properties":{"id":"osm-11314506996","especie":"otro","altura_m":8.0,"diametro_copa_m":6.5,"altura_fuste_m":2.5,"caducifolio":false,"meses_sin_hojas":"","fuente":"osm"},"geometry":{"type":"Point","coordinates":[-73.243573,10.478261]}},{"type":"Feature","properties":{"id":"osm-11314506997","especie":"otro","altura_m":8.0,"diametro_copa_m":6.5,"altura_fuste_m":2.5,"caducifolio":false,"meses_sin_hojas":"","fuente":"osm"},"geometry":{"type":"Point","coordinates":[-73.244378,10.478135]}},{"type":"Feature","properties":{"id":"osm-11314506998","especie":"otro","altura_m":8.0,"diametro_copa_m":6.5,"altura_fuste_m":2.5,"caducifolio":false,"meses_sin_hojas":"","fuente":"osm"},"geometry":{"type":"Point","coordinates":[-73.243749,10.478095]}},{"type":"Feature","properties":{"id":"osm-11314506999","especie":"otro","altura_m":8.0,"diametro_copa_m":6.5,"altura_fuste_m":2.5,"caducifolio":false,"meses_sin_hojas":"","fuente":"osm"},"geometry":{"type":"Point","coordinates":[-73.244375,10.476909]}},{"type":"Feature","properties":{"id":"osm-11314507000","especie":"otro","altura_m":8.0,"diametro_copa_m":6.5,"altura_fuste_m":2.5,"caducifolio":false,"meses_sin_hojas":"","fuente":"osm"},"geometry":{"type":"Point","coordinates":[-73.245728,10.475495]}},{"type":"Feature","properties":{"id":"osm-11314507001","especie":"otro","altura_m":8.0,"diametro_copa_m":6.5,"altura_fuste_m":2.5,"caducifolio":false,"meses_sin_hojas":"","fuente":"osm"},"geometry":{"type":"Point","coordinates":[-73.243562,10.475413]}},{"type":"Feature","properties":{"id":"osm-11314507002","especie":"otro","altura_m":8.0,"diametro_copa_m":6.5,"altura_fuste_m":2.5,"caducifolio":false,"meses_sin_hojas":"","fuente":"osm"},"geometry":{"type":"Point","coordinates":[-73.244133,10.475762]}},{"type":"Feature","properties":{"id":"osm-11314507003","especie":"otro","altura_m":8.0,"diametro_copa_m":6.5,"altura_fuste_m":2.5,"caducifolio":false,"meses_sin_hojas":"","fuente":"osm"},"geometry":{"type":"Point","coordinates":[-73.243806,10.475729]}},{"type":"Feature","properties":{"id":"osm-11314507004","especie":"otro","altura_m":8.0,"diametro_copa_m":6.5,"altura_fuste_m":2.5,"caducifolio":false,"meses_sin_hojas":"","fuente":"osm"},"geometry":{"type":"Point","coordinates":[-73.245676,10.47657]}},{"type":"Feature","properties":{"id":"osm-11314507005","especie":"otro","altura_m":8.0,"diametro_copa_m":6.5,"altura_fuste_m":2.5,"caducifolio":false,"meses_sin_hojas":"","fuente":"osm"},"geometry":{"type":"Point","coordinates":[-73.245881,10.476858]}},{"type":"Feature","properties":{"id":"osm-11314507006","especie":"otro","altura_m":8.0,"diametro_copa_m":6.5,"altura_fuste_m":2.5,"caducifolio":false,"meses_sin_hojas":"","fuente":"osm"},"geometry":{"type":"Point","coordinates":[-73.247097,10.476414]}},{"type":"Feature","properties":{"id":"osm-11314507470","especie":"otro","altura_m":8.0,"diametro_copa_m":6.5,"altura_fuste_m":2.5,"caducifolio":false,"meses_sin_hojas":"","fuente":"osm"},"geometry":{"type":"Point","coordinates":[-73.247593,10.475994]}},{"type":"Feature","properties":{"id":"osm-11314507471","especie":"otro","altura_m":8.0,"diametro_copa_m":6.5,"altura_fuste_m":2.5,"caducifolio":false,"meses_sin_hojas":"","fuente":"osm"},"geometry":{"type":"Point","coordinates":[-73.246405,10.475812]}},{"type":"Feature","properties":{"id":"osm-11314507472","especie":"otro","altura_m":8.0,"diametro_copa_m":6.5,"altura_fuste_m":2.5,"caducifolio":false,"meses_sin_hojas":"","fuente":"osm"},"geometry":{"type":"Point","coordinates":[-73.246121,10.476408]}},{"type":"Feature","properties":{"id":"osm-11314507473","especie":"otro","altura_m":8.0,"diametro_copa_m":6.5,"altura_fuste_m":2.5,"caducifolio":false,"meses_sin_hojas":"","fuente":"osm"},"geometry":{"type":"Point","coordinates":[-73.245828,10.47608]}},{"type":"Feature","properties":{"id":"osm-11314507474","especie":"otro","altura_m":8.0,"diametro_copa_m":6.5,"altura_fuste_m":2.5,"caducifolio":false,"meses_sin_hojas":"","fuente":"osm"},"geometry":{"type":"Point","coordinates":[-73.246772,10.476812]}},{"type":"Feature","properties":{"id":"osm-11314507475","especie":"otro","altura_m":8.0,"diametro_copa_m":6.5,"altura_fuste_m":2.5,"caducifolio":false,"meses_sin_hojas":"","fuente":"osm"},"geometry":{"type":"Point","coordinates":[-73.246756,10.477971]}},{"type":"Feature","properties":{"id":"osm-11314507476","especie":"otro","altura_m":8.0,"diametro_copa_m":6.5,"altura_fuste_m":2.5,"caducifolio":false,"meses_sin_hojas":"","fuente":"osm"},"geometry":{"type":"Point","coordinates":[-73.246609,10.47803]}},{"type":"Feature","properties":{"id":"osm-11314507477","especie":"otro","altura_m":8.0,"diametro_copa_m":6.5,"altura_fuste_m":2.5,"caducifolio":false,"meses_sin_hojas":"","fuente":"osm"},"geometry":{"type":"Point","coordinates":[-73.246349,10.477842]}},{"type":"Feature","properties":{"id":"osm-11314507478","especie":"otro","altura_m":8.0,"diametro_copa_m":6.5,"altura_fuste_m":2.5,"caducifolio":false,"meses_sin_hojas":"","fuente":"osm"},"geometry":{"type":"Point","coordinates":[-73.246163,10.477466]}},{"type":"Feature","properties":{"id":"osm-11314507479","especie":"otro","altura_m":8.0,"diametro_copa_m":6.5,"altura_fuste_m":2.5,"caducifolio":false,"meses_sin_hojas":"","fuente":"osm"},"geometry":{"type":"Point","coordinates":[-73.245326,10.477762]}},{"type":"Feature","properties":{"id":"osm-11314507480","especie":"otro","altura_m":8.0,"diametro_copa_m":6.5,"altura_fuste_m":2.5,"caducifolio":false,"meses_sin_hojas":"","fuente":"osm"},"geometry":{"type":"Point","coordinates":[-73.246181,10.477916]}},{"type":"Feature","properties":{"id":"osm-11314507481","especie":"otro","altura_m":8.0,"diametro_copa_m":6.5,"altura_fuste_m":2.5,"caducifolio":false,"meses_sin_hojas":"","fuente":"osm"},"geometry":{"type":"Point","coordinates":[-73.24541,10.478078]}},{"type":"Feature","properties":{"id":"osm-11314507482","especie":"otro","altura_m":8.0,"diametro_copa_m":6.5,"altura_fuste_m":2.5,"caducifolio":false,"meses_sin_hojas":"","fuente":"osm"},"geometry":{"type":"Point","coordinates":[-73.246216,10.478347]}},{"type":"Feature","properties":{"id":"osm-11314507483","especie":"otro","altura_m":8.0,"diametro_copa_m":6.5,"altura_fuste_m":2.5,"caducifolio":false,"meses_sin_hojas":"","fuente":"osm"},"geometry":{"type":"Point","coordinates":[-73.2461,10.478408]}},{"type":"Feature","properties":{"id":"osm-11314507484","especie":"otro","altura_m":8.0,"diametro_copa_m":6.5,"altura_fuste_m":2.5,"caducifolio":false,"meses_sin_hojas":"","fuente":"osm"},"geometry":{"type":"Point","coordinates":[-73.245824,10.478299]}},{"type":"Feature","properties":{"id":"osm-11314507485","especie":"otro","altura_m":8.0,"diametro_copa_m":6.5,"altura_fuste_m":2.5,"caducifolio":false,"meses_sin_hojas":"","fuente":"osm"},"geometry":{"type":"Point","coordinates":[-73.24548,10.478066]}},{"type":"Feature","properties":{"id":"osm-11314507486","especie":"otro","altura_m":8.0,"diametro_copa_m":6.5,"altura_fuste_m":2.5,"caducifolio":false,"meses_sin_hojas":"","fuente":"osm"},"geometry":{"type":"Point","coordinates":[-73.246357,10.481156]}},{"type":"Feature","properties":{"id":"osm-11314507487","especie":"otro","altura_m":8.0,"diametro_copa_m":6.5,"altura_fuste_m":2.5,"caducifolio":false,"meses_sin_hojas":"","fuente":"osm"},"geometry":{"type":"Point","coordinates":[-73.245223,10.47889]}},{"type":"Feature","properties":{"id":"osm-11314507488","especie":"otro","altura_m":8.0,"diametro_copa_m":6.5,"altura_fuste_m":2.5,"caducifolio":false,"meses_sin_hojas":"","fuente":"osm"},"geometry":{"type":"Point","coordinates":[-73.246649,10.478633]}},{"type":"Feature","properties":{"id":"osm-11314507489","especie":"otro","altura_m":8.0,"diametro_copa_m":6.5,"altura_fuste_m":2.5,"caducifolio":false,"meses_sin_hojas":"","fuente":"osm"},"geometry":{"type":"Point","coordinates":[-73.247161,10.479239]}},{"type":"Feature","properties":{"id":"osm-11314507490","especie":"otro","altura_m":8.0,"diametro_copa_m":6.5,"altura_fuste_m":2.5,"caducifolio":false,"meses_sin_hojas":"","fuente":"osm"},"geometry":{"type":"Point","coordinates":[-73.246934,10.47872]}},{"type":"Feature","properties":{"id":"osm-11314507491","especie":"otro","altura_m":8.0,"diametro_copa_m":6.5,"altura_fuste_m":2.5,"caducifolio":false,"meses_sin_hojas":"","fuente":"osm"},"geometry":{"type":"Point","coordinates":[-73.246728,10.478751]}},{"type":"Feature","properties":{"id":"osm-11314507492","especie":"otro","altura_m":8.0,"diametro_copa_m":6.5,"altura_fuste_m":2.5,"caducifolio":false,"meses_sin_hojas":"","fuente":"osm"},"geometry":{"type":"Point","coordinates":[-73.246858,10.478575]}},{"type":"Feature","properties":{"id":"osm-11314507493","especie":"otro","altura_m":8.0,"diametro_copa_m":6.5,"altura_fuste_m":2.5,"caducifolio":false,"meses_sin_hojas":"","fuente":"osm"},"geometry":{"type":"Point","coordinates":[-73.247037,10.478433]}},{"type":"Feature","properties":{"id":"osm-11314507494","especie":"otro","altura_m":8.0,"diametro_copa_m":6.5,"altura_fuste_m":2.5,"caducifolio":false,"meses_sin_hojas":"","fuente":"osm"},"geometry":{"type":"Point","coordinates":[-73.246399,10.478808]}},{"type":"Feature","properties":{"id":"osm-11314507495","especie":"otro","altura_m":8.0,"diametro_copa_m":6.5,"altura_fuste_m":2.5,"caducifolio":false,"meses_sin_hojas":"","fuente":"osm"},"geometry":{"type":"Point","coordinates":[-73.2461,10.478868]}},{"type":"Feature","properties":{"id":"osm-11314507496","especie":"otro","altura_m":8.0,"diametro_copa_m":6.5,"altura_fuste_m":2.5,"caducifolio":false,"meses_sin_hojas":"","fuente":"osm"},"geometry":{"type":"Point","coordinates":[-73.246415,10.479216]}},{"type":"Feature","properties":{"id":"osm-11314507497","especie":"otro","altura_m":8.0,"diametro_copa_m":6.5,"altura_fuste_m":2.5,"caducifolio":false,"meses_sin_hojas":"","fuente":"osm"},"geometry":{"type":"Point","coordinates":[-73.246527,10.478961]}},{"type":"Feature","properties":{"id":"osm-11314507498","especie":"otro","altura_m":8.0,"diametro_copa_m":6.5,"altura_fuste_m":2.5,"caducifolio":false,"meses_sin_hojas":"","fuente":"osm"},"geometry":{"type":"Point","coordinates":[-73.246733,10.479204]}},{"type":"Feature","properties":{"id":"osm-11314507499","especie":"otro","altura_m":8.0,"diametro_copa_m":6.5,"altura_fuste_m":2.5,"caducifolio":false,"meses_sin_hojas":"","fuente":"osm"},"geometry":{"type":"Point","coordinates":[-73.247122,10.479116]}},{"type":"Feature","properties":{"id":"osm-11314507501","especie":"otro","altura_m":8.0,"diametro_copa_m":6.5,"altura_fuste_m":2.5,"caducifolio":false,"meses_sin_hojas":"","fuente":"osm"},"geometry":{"type":"Point","coordinates":[-73.247423,10.479025]}},{"type":"Feature","properties":{"id":"osm-11314507502","especie":"otro","altura_m":8.0,"diametro_copa_m":6.5,"altura_fuste_m":2.5,"caducifolio":false,"meses_sin_hojas":"","fuente":"osm"},"geometry":{"type":"Point","coordinates":[-73.247599,10.479273]}},{"type":"Feature","properties":{"id":"osm-11314507503","especie":"otro","altura_m":8.0,"diametro_copa_m":6.5,"altura_fuste_m":2.5,"caducifolio":false,"meses_sin_hojas":"","fuente":"osm"},"geometry":{"type":"Point","coordinates":[-73.247017,10.479282]}},{"type":"Feature","properties":{"id":"osm-11314507504","especie":"otro","altura_m":8.0,"diametro_copa_m":6.5,"altura_fuste_m":2.5,"caducifolio":false,"meses_sin_hojas":"","fuente":"osm"},"geometry":{"type":"Point","coordinates":[-73.246867,10.47933]}},{"type":"Feature","properties":{"id":"osm-11314507505","especie":"otro","altura_m":8.0,"diametro_copa_m":6.5,"altura_fuste_m":2.5,"caducifolio":false,"meses_sin_hojas":"","fuente":"osm"},"geometry":{"type":"Point","coordinates":[-73.246675,10.479082]}},{"type":"Feature","properties":{"id":"osm-11314507506","especie":"otro","altura_m":8.0,"diametro_copa_m":6.5,"altura_fuste_m":2.5,"caducifolio":false,"meses_sin_hojas":"","fuente":"osm"},"geometry":{"type":"Point","coordinates":[-73.246552,10.479432]}},{"type":"Feature","properties":{"id":"osm-11314507513","especie":"otro","altura_m":8.0,"diametro_copa_m":6.5,"altura_fuste_m":2.5,"caducifolio":false,"meses_sin_hojas":"","fuente":"osm"},"geometry":{"type":"Point","coordinates":[-73.246966,10.479756]}},{"type":"Feature","properties":{"id":"osm-11314507514","especie":"otro","altura_m":8.0,"diametro_copa_m":6.5,"altura_fuste_m":2.5,"caducifolio":false,"meses_sin_hojas":"","fuente":"osm"},"geometry":{"type":"Point","coordinates":[-73.247154,10.480374]}},{"type":"Feature","properties":{"id":"osm-11314507517","especie":"otro","altura_m":8.0,"diametro_copa_m":6.5,"altura_fuste_m":2.5,"caducifolio":false,"meses_sin_hojas":"","fuente":"osm"},"geometry":{"type":"Point","coordinates":[-73.2463,10.480093]}},{"type":"Feature","properties":{"id":"osm-11314507518","especie":"otro","altura_m":8.0,"diametro_copa_m":6.5,"altura_fuste_m":2.5,"caducifolio":false,"meses_sin_hojas":"","fuente":"osm"},"geometry":{"type":"Point","coordinates":[-73.246142,10.480238]}},{"type":"Feature","properties":{"id":"osm-11314507519","especie":"otro","altura_m":8.0,"diametro_copa_m":6.5,"altura_fuste_m":2.5,"caducifolio":false,"meses_sin_hojas":"","fuente":"osm"},"geometry":{"type":"Point","coordinates":[-73.246026,10.480304]}},{"type":"Feature","properties":{"id":"osm-11314507520","especie":"otro","altura_m":8.0,"diametro_copa_m":6.5,"altura_fuste_m":2.5,"caducifolio":false,"meses_sin_hojas":"","fuente":"osm"},"geometry":{"type":"Point","coordinates":[-73.246237,10.480543]}},{"type":"Feature","properties":{"id":"osm-11314507521","especie":"otro","altura_m":8.0,"diametro_copa_m":6.5,"altura_fuste_m":2.5,"caducifolio":false,"meses_sin_hojas":"","fuente":"osm"},"geometry":{"type":"Point","coordinates":[-73.246487,10.48047]}},{"type":"Feature","properties":{"id":"osm-11314507522","especie":"otro","altura_m":8.0,"diametro_copa_m":6.5,"altura_fuste_m":2.5,"caducifolio":false,"meses_sin_hojas":"","fuente":"osm"},"geometry":{"type":"Point","coordinates":[-73.245989,10.479637]}},{"type":"Feature","properties":{"id":"osm-11314507523","especie":"otro","altura_m":8.0,"diametro_copa_m":6.5,"altura_fuste_m":2.5,"caducifolio":false,"meses_sin_hojas":"","fuente":"osm"},"geometry":{"type":"Point","coordinates":[-73.24583,10.479746]}},{"type":"Feature","properties":{"id":"osm-11314507524","especie":"otro","altura_m":8.0,"diametro_copa_m":6.5,"altura_fuste_m":2.5,"caducifolio":false,"meses_sin_hojas":"","fuente":"osm"},"geometry":{"type":"Point","coordinates":[-73.245237,10.479708]}},{"type":"Feature","properties":{"id":"osm-11314507525","especie":"otro","altura_m":8.0,"diametro_copa_m":6.5,"altura_fuste_m":2.5,"caducifolio":false,"meses_sin_hojas":"","fuente":"osm"},"geometry":{"type":"Point","coordinates":[-73.245353,10.479532]}},{"type":"Feature","properties":{"id":"osm-11314507526","especie":"otro","altura_m":8.0,"diametro_copa_m":6.5,"altura_fuste_m":2.5,"caducifolio":false,"meses_sin_hojas":"","fuente":"osm"},"geometry":{"type":"Point","coordinates":[-73.245297,10.480589]}},{"type":"Feature","properties":{"id":"osm-11314507527","especie":"otro","altura_m":8.0,"diametro_copa_m":6.5,"altura_fuste_m":2.5,"caducifolio":false,"meses_sin_hojas":"","fuente":"osm"},"geometry":{"type":"Point","coordinates":[-73.245536,10.480452]}},{"type":"Feature","properties":{"id":"osm-11314507528","especie":"otro","altura_m":8.0,"diametro_copa_m":6.5,"altura_fuste_m":2.5,"caducifolio":false,"meses_sin_hojas":"","fuente":"osm"},"geometry":{"type":"Point","coordinates":[-73.24545,10.480755]}},{"type":"Feature","properties":{"id":"osm-11314507529","especie":"otro","altura_m":8.0,"diametro_copa_m":6.5,"altura_fuste_m":2.5,"caducifolio":false,"meses_sin_hojas":"","fuente":"osm"},"geometry":{"type":"Point","coordinates":[-73.245647,10.480662]}},{"type":"Feature","properties":{"id":"osm-11314507530","especie":"otro","altura_m":8.0,"diametro_copa_m":6.5,"altura_fuste_m":2.5,"caducifolio":false,"meses_sin_hojas":"","fuente":"osm"},"geometry":{"type":"Point","coordinates":[-73.245892,10.480671]}},{"type":"Feature","properties":{"id":"osm-11314507531","especie":"otro","altura_m":8.0,"diametro_copa_m":6.5,"altura_fuste_m":2.5,"caducifolio":false,"meses_sin_hojas":"","fuente":"osm"},"geometry":{"type":"Point","coordinates":[-73.245966,10.480951]}},{"type":"Feature","properties":{"id":"osm-11314507532","especie":"otro","altura_m":8.0,"diametro_copa_m":6.5,"altura_fuste_m":2.5,"caducifolio":false,"meses_sin_hojas":"","fuente":"osm"},"geometry":{"type":"Point","coordinates":[-73.245677,10.481181]}},{"type":"Feature","properties":{"id":"osm-11314507533","especie":"otro","altura_m":8.0,"diametro_copa_m":6.5,"altura_fuste_m":2.5,"caducifolio":false,"meses_sin_hojas":"","fuente":"osm"},"geometry":{"type":"Point","coordinates":[-73.245438,10.480958]}},{"type":"Feature","properties":{"id":"osm-11314507534","especie":"otro","altura_m":8.0,"diametro_copa_m":6.5,"altura_fuste_m":2.5,"caducifolio":false,"meses_sin_hojas":"","fuente":"osm"},"geometry":{"type":"Point","coordinates":[-73.245272,10.480448]}},{"type":"Feature","properties":{"id":"osm-11314507535","especie":"otro","altura_m":8.0,"diametro_copa_m":6.5,"altura_fuste_m":2.5,"caducifolio":false,"meses_sin_hojas":"","fuente":"osm"},"geometry":{"type":"Point","coordinates":[-73.245135,10.480867]}},{"type":"Feature","properties":{"id":"osm-11314507536","especie":"otro","altura_m":8.0,"diametro_copa_m":6.5,"altura_fuste_m":2.5,"caducifolio":false,"meses_sin_hojas":"","fuente":"osm"},"geometry":{"type":"Point","coordinates":[-73.244825,10.480828]}},{"type":"Feature","properties":{"id":"osm-11314507537","especie":"otro","altura_m":8.0,"diametro_copa_m":6.5,"altura_fuste_m":2.5,"caducifolio":false,"meses_sin_hojas":"","fuente":"osm"},"geometry":{"type":"Point","coordinates":[-73.24491,10.481013]}},{"type":"Feature","properties":{"id":"osm-11314507538","especie":"otro","altura_m":8.0,"diametro_copa_m":6.5,"altura_fuste_m":2.5,"caducifolio":false,"meses_sin_hojas":"","fuente":"osm"},"geometry":{"type":"Point","coordinates":[-73.245133,10.481247]}},{"type":"Feature","properties":{"id":"osm-11314507539","especie":"otro","altura_m":8.0,"diametro_copa_m":6.5,"altura_fuste_m":2.5,"caducifolio":false,"meses_sin_hojas":"","fuente":"osm"},"geometry":{"type":"Point","coordinates":[-73.245251,10.480972]}},{"type":"Feature","properties":{"id":"osm-11314507540","especie":"otro","altura_m":8.0,"diametro_copa_m":6.5,"altura_fuste_m":2.5,"caducifolio":false,"meses_sin_hojas":"","fuente":"osm"},"geometry":{"type":"Point","coordinates":[-73.245098,10.48155]}},{"type":"Feature","properties":{"id":"osm-11314507541","especie":"otro","altura_m":8.0,"diametro_copa_m":6.5,"altura_fuste_m":2.5,"caducifolio":false,"meses_sin_hojas":"","fuente":"osm"},"geometry":{"type":"Point","coordinates":[-73.245267,10.481507]}},{"type":"Feature","properties":{"id":"osm-11314507542","especie":"otro","altura_m":8.0,"diametro_copa_m":6.5,"altura_fuste_m":2.5,"caducifolio":false,"meses_sin_hojas":"","fuente":"osm"},"geometry":{"type":"Point","coordinates":[-73.244098,10.480532]}},{"type":"Feature","properties":{"id":"osm-11314507543","especie":"otro","altura_m":8.0,"diametro_copa_m":6.5,"altura_fuste_m":2.5,"caducifolio":false,"meses_sin_hojas":"","fuente":"osm"},"geometry":{"type":"Point","coordinates":[-73.243747,10.48009]}},{"type":"Feature","properties":{"id":"osm-11314507544","especie":"otro","altura_m":8.0,"diametro_copa_m":6.5,"altura_fuste_m":2.5,"caducifolio":false,"meses_sin_hojas":"","fuente":"osm"},"geometry":{"type":"Point","coordinates":[-73.243647,10.480156]}},{"type":"Feature","properties":{"id":"osm-11314507545","especie":"otro","altura_m":8.0,"diametro_copa_m":6.5,"altura_fuste_m":2.5,"caducifolio":false,"meses_sin_hojas":"","fuente":"osm"},"geometry":{"type":"Point","coordinates":[-73.243953,10.4804]}},{"type":"Feature","properties":{"id":"osm-11314507546","especie":"otro","altura_m":8.0,"diametro_copa_m":6.5,"altura_fuste_m":2.5,"caducifolio":false,"meses_sin_hojas":"","fuente":"osm"},"geometry":{"type":"Point","coordinates":[-73.246615,10.478739]}},{"type":"Feature","properties":{"id":"osm-11314507547","especie":"otro","altura_m":8.0,"diametro_copa_m":6.5,"altura_fuste_m":2.5,"caducifolio":false,"meses_sin_hojas":"","fuente":"osm"},"geometry":{"type":"Point","coordinates":[-73.246156,10.478973]}},{"type":"Feature","properties":{"id":"osm-11314507549","especie":"otro","altura_m":8.0,"diametro_copa_m":6.5,"altura_fuste_m":2.5,"caducifolio":false,"meses_sin_hojas":"","fuente":"osm"},"geometry":{"type":"Point","coordinates":[-73.245684,10.478985]}},{"type":"Feature","properties":{"id":"osm-11314507550","especie":"otro","altura_m":8.0,"diametro_copa_m":6.5,"altura_fuste_m":2.5,"caducifolio":false,"meses_sin_hojas":"","fuente":"osm"},"geometry":{"type":"Point","coordinates":[-73.245615,10.479127]}},{"type":"Feature","properties":{"id":"osm-11314507551","especie":"otro","altura_m":8.0,"diametro_copa_m":6.5,"altura_fuste_m":2.5,"caducifolio":false,"meses_sin_hojas":"","fuente":"osm"},"geometry":{"type":"Point","coordinates":[-73.245752,10.479187]}},{"type":"Feature","properties":{"id":"osm-11314507552","especie":"otro","altura_m":8.0,"diametro_copa_m":6.5,"altura_fuste_m":2.5,"caducifolio":false,"meses_sin_hojas":"","fuente":"osm"},"geometry":{"type":"Point","coordinates":[-73.245549,10.479308]}},{"type":"Feature","properties":{"id":"osm-11314507553","especie":"otro","altura_m":8.0,"diametro_copa_m":6.5,"altura_fuste_m":2.5,"caducifolio":false,"meses_sin_hojas":"","fuente":"osm"},"geometry":{"type":"Point","coordinates":[-73.246023,10.479361]}},{"type":"Feature","properties":{"id":"osm-11314507554","especie":"otro","altura_m":8.0,"diametro_copa_m":6.5,"altura_fuste_m":2.5,"caducifolio":false,"meses_sin_hojas":"","fuente":"osm"},"geometry":{"type":"Point","coordinates":[-73.245507,10.479613]}},{"type":"Feature","properties":{"id":"osm-11314507555","especie":"otro","altura_m":8.0,"diametro_copa_m":6.5,"altura_fuste_m":2.5,"caducifolio":false,"meses_sin_hojas":"","fuente":"osm"},"geometry":{"type":"Point","coordinates":[-73.243681,10.479935]}},{"type":"Feature","properties":{"id":"osm-12191249174","especie":"otro","altura_m":5.0,"diametro_copa_m":6.5,"altura_fuste_m":2.5,"caducifolio":false,"meses_sin_hojas":"","fuente":"osm"},"geometry":{"type":"Point","coordinates":[-73.243128,10.476774]}},{"type":"Feature","properties":{"id":"osm-12191257210","especie":"otro","altura_m":8.0,"diametro_copa_m":6.5,"altura_fuste_m":2.5,"caducifolio":false,"meses_sin_hojas":"","fuente":"osm"},"geometry":{"type":"Point","coordinates":[-73.242738,10.476901]}},{"type":"Feature","properties":{"id":"osm-12191257211","especie":"otro","altura_m":8.0,"diametro_copa_m":6.5,"altura_fuste_m":2.5,"caducifolio":false,"meses_sin_hojas":"","fuente":"osm"},"geometry":{"type":"Point","coordinates":[-73.242691,10.476593]}},{"type":"Feature","properties":{"id":"osm-12690422288","especie":"otro","altura_m":5.0,"diametro_copa_m":6.5,"altura_fuste_m":2.5,"caducifolio":false,"meses_sin_hojas":"","fuente":"osm"},"geometry":{"type":"Point","coordinates":[-73.24079,10.473159]}},{"type":"Feature","properties":{"id":"osm-12690767677","especie":"otro","altura_m":5.0,"diametro_copa_m":6.5,"altura_fuste_m":2.5,"caducifolio":false,"meses_sin_hojas":"","fuente":"osm"},"geometry":{"type":"Point","coordinates":[-73.241765,10.47313]}},{"type":"Feature","properties":{"id":"osm-12690767685","especie":"otro","altura_m":5.0,"diametro_copa_m":6.5,"altura_fuste_m":2.5,"caducifolio":false,"meses_sin_hojas":"","fuente":"osm"},"geometry":{"type":"Point","coordinates":[-73.241292,10.473811]}},{"type":"Feature","properties":{"id":"osm-13081737208","especie":"otro","altura_m":8.0,"diametro_copa_m":6.5,"altura_fuste_m":2.5,"caducifolio":false,"meses_sin_hojas":"","fuente":"osm"},"geometry":{"type":"Point","coordinates":[-73.24682,10.472682]}},{"type":"Feature","properties":{"id":"osm-13081737209","especie":"otro","altura_m":8.0,"diametro_copa_m":6.5,"altura_fuste_m":2.5,"caducifolio":false,"meses_sin_hojas":"","fuente":"osm"},"geometry":{"type":"Point","coordinates":[-73.246872,10.472617]}},{"type":"Feature","properties":{"id":"osm-13081737210","especie":"otro","altura_m":8.0,"diametro_copa_m":6.5,"altura_fuste_m":2.5,"caducifolio":false,"meses_sin_hojas":"","fuente":"osm"},"geometry":{"type":"Point","coordinates":[-73.246869,10.47254]}},{"type":"Feature","properties":{"id":"osm-13081737211","especie":"otro","altura_m":8.0,"diametro_copa_m":6.5,"altura_fuste_m":2.5,"caducifolio":false,"meses_sin_hojas":"","fuente":"osm"},"geometry":{"type":"Point","coordinates":[-73.247718,10.473481]}},{"type":"Feature","properties":{"id":"osm-13081737212","especie":"otro","altura_m":8.0,"diametro_copa_m":6.5,"altura_fuste_m":2.5,"caducifolio":false,"meses_sin_hojas":"","fuente":"osm"},"geometry":{"type":"Point","coordinates":[-73.247638,10.473567]}},{"type":"Feature","properties":{"id":"osm-13081737213","especie":"otro","altura_m":8.0,"diametro_copa_m":6.5,"altura_fuste_m":2.5,"caducifolio":false,"meses_sin_hojas":"","fuente":"osm"},"geometry":{"type":"Point","coordinates":[-73.247589,10.473621]}},{"type":"Feature","properties":{"id":"osm-13081737214","especie":"otro","altura_m":8.0,"diametro_copa_m":6.5,"altura_fuste_m":2.5,"caducifolio":false,"meses_sin_hojas":"","fuente":"osm"},"geometry":{"type":"Point","coordinates":[-73.247715,10.473364]}},{"type":"Feature","properties":{"id":"osm-13081737215","especie":"otro","altura_m":8.0,"diametro_copa_m":6.5,"altura_fuste_m":2.5,"caducifolio":false,"meses_sin_hojas":"","fuente":"osm"},"geometry":{"type":"Point","coordinates":[-73.247691,10.47334]}},{"type":"Feature","properties":{"id":"osm-13081737216","especie":"otro","altura_m":8.0,"diametro_copa_m":6.5,"altura_fuste_m":2.5,"caducifolio":false,"meses_sin_hojas":"","fuente":"osm"},"geometry":{"type":"Point","coordinates":[-73.247657,10.473277]}},{"type":"Feature","properties":{"id":"osm-13081737217","especie":"otro","altura_m":8.0,"diametro_copa_m":6.5,"altura_fuste_m":2.5,"caducifolio":false,"meses_sin_hojas":"","fuente":"osm"},"geometry":{"type":"Point","coordinates":[-73.247623,10.473224]}},{"type":"Feature","properties":{"id":"osm-13081737218","especie":"otro","altura_m":8.0,"diametro_copa_m":6.5,"altura_fuste_m":2.5,"caducifolio":false,"meses_sin_hojas":"","fuente":"osm"},"geometry":{"type":"Point","coordinates":[-73.247654,10.473506]}},{"type":"Feature","properties":{"id":"osm-13087329839","especie":"otro","altura_m":6.0,"diametro_copa_m":6.5,"altura_fuste_m":2.5,"caducifolio":false,"meses_sin_hojas":"","fuente":"osm"},"geometry":{"type":"Point","coordinates":[-73.241134,10.477124]}},{"type":"Feature","properties":{"id":"osm-13087329840","especie":"otro","altura_m":6.0,"diametro_copa_m":6.5,"altura_fuste_m":2.5,"caducifolio":false,"meses_sin_hojas":"","fuente":"osm"},"geometry":{"type":"Point","coordinates":[-73.239979,10.476286]}},{"type":"Feature","properties":{"id":"osm-13087329841","especie":"otro","altura_m":6.0,"diametro_copa_m":6.5,"altura_fuste_m":2.5,"caducifolio":false,"meses_sin_hojas":"","fuente":"osm"},"geometry":{"type":"Point","coordinates":[-73.240392,10.476692]}},{"type":"Feature","properties":{"id":"osm-13087329842","especie":"otro","altura_m":6.0,"diametro_copa_m":6.5,"altura_fuste_m":2.5,"caducifolio":false,"meses_sin_hojas":"","fuente":"osm"},"geometry":{"type":"Point","coordinates":[-73.240522,10.477213]}},{"type":"Feature","properties":{"id":"osm-13087329843","especie":"otro","altura_m":6.0,"diametro_copa_m":6.5,"altura_fuste_m":2.5,"caducifolio":false,"meses_sin_hojas":"","fuente":"osm"},"geometry":{"type":"Point","coordinates":[-73.241355,10.477155]}},{"type":"Feature","properties":{"id":"osm-13087329844","especie":"otro","altura_m":6.0,"diametro_copa_m":6.5,"altura_fuste_m":2.5,"caducifolio":false,"meses_sin_hojas":"","fuente":"osm"},"geometry":{"type":"Point","coordinates":[-73.240157,10.477684]}},{"type":"Feature","properties":{"id":"osm-13087329845","especie":"otro","altura_m":6.0,"diametro_copa_m":6.5,"altura_fuste_m":2.5,"caducifolio":false,"meses_sin_hojas":"","fuente":"osm"},"geometry":{"type":"Point","coordinates":[-73.239619,10.476632]}},{"type":"Feature","properties":{"id":"osm-13087329846","especie":"otro","altura_m":6.0,"diametro_copa_m":6.5,"altura_fuste_m":2.5,"caducifolio":false,"meses_sin_hojas":"","fuente":"osm"},"geometry":{"type":"Point","coordinates":[-73.239944,10.477532]}},{"type":"Feature","properties":{"id":"osm-13087329847","especie":"otro","altura_m":6.0,"diametro_copa_m":6.5,"altura_fuste_m":2.5,"caducifolio":false,"meses_sin_hojas":"","fuente":"osm"},"geometry":{"type":"Point","coordinates":[-73.23972,10.477253]}},{"type":"Feature","properties":{"id":"osm-13087329848","especie":"otro","altura_m":6.0,"diametro_copa_m":6.5,"altura_fuste_m":2.5,"caducifolio":false,"meses_sin_hojas":"","fuente":"osm"},"geometry":{"type":"Point","coordinates":[-73.239609,10.477103]}},{"type":"Feature","properties":{"id":"osm-13087329849","especie":"otro","altura_m":6.0,"diametro_copa_m":6.5,"altura_fuste_m":2.5,"caducifolio":false,"meses_sin_hojas":"","fuente":"osm"},"geometry":{"type":"Point","coordinates":[-73.240696,10.476655]}},{"type":"Feature","properties":{"id":"osm-13087329850","especie":"otro","altura_m":6.0,"diametro_copa_m":6.5,"altura_fuste_m":2.5,"caducifolio":false,"meses_sin_hojas":"","fuente":"osm"},"geometry":{"type":"Point","coordinates":[-73.240139,10.475987]}},{"type":"Feature","properties":{"id":"osm-13087329851","especie":"otro","altura_m":6.0,"diametro_copa_m":6.5,"altura_fuste_m":2.5,"caducifolio":false,"meses_sin_hojas":"","fuente":"osm"},"geometry":{"type":"Point","coordinates":[-73.239974,10.475884]}},{"type":"Feature","properties":{"id":"osm-13180758725","especie":"otro","altura_m":5.0,"diametro_copa_m":6.5,"altura_fuste_m":2.5,"caducifolio":false,"meses_sin_hojas":"","fuente":"osm"},"geometry":{"type":"Point","coordinates":[-73.240337,10.472799]}},{"type":"Feature","properties":{"id":"osm-13180758726","especie":"otro","altura_m":5.0,"diametro_copa_m":6.5,"altura_fuste_m":2.5,"caducifolio":false,"meses_sin_hojas":"","fuente":"osm"},"geometry":{"type":"Point","coordinates":[-73.240493,10.474141]}},{"type":"Feature","properties":{"id":"osm-13180758727","especie":"otro","altura_m":5.0,"diametro_copa_m":6.5,"altura_fuste_m":2.5,"caducifolio":false,"meses_sin_hojas":"","fuente":"osm"},"geometry":{"type":"Point","coordinates":[-73.240026,10.47332]}},{"type":"Feature","properties":{"id":"osm-13180758728","especie":"otro","altura_m":5.0,"diametro_copa_m":6.5,"altura_fuste_m":2.5,"caducifolio":false,"meses_sin_hojas":"","fuente":"osm"},"geometry":{"type":"Point","coordinates":[-73.241141,10.47374]}},{"type":"Feature","properties":{"id":"osm-13180758729","especie":"otro","altura_m":5.0,"diametro_copa_m":6.5,"altura_fuste_m":2.5,"caducifolio":false,"meses_sin_hojas":"","fuente":"osm"},"geometry":{"type":"Point","coordinates":[-73.240652,10.473124]}},{"type":"Feature","properties":{"id":"osm-13180758730","especie":"otro","altura_m":5.0,"diametro_copa_m":6.5,"altura_fuste_m":2.5,"caducifolio":false,"meses_sin_hojas":"","fuente":"osm"},"geometry":{"type":"Point","coordinates":[-73.241252,10.475197]}},{"type":"Feature","properties":{"id":"osm-13180758731","especie":"otro","altura_m":5.0,"diametro_copa_m":6.5,"altura_fuste_m":2.5,"caducifolio":false,"meses_sin_hojas":"","fuente":"osm"},"geometry":{"type":"Point","coordinates":[-73.240973,10.474879]}},{"type":"Feature","properties":{"id":"osm-13180758732","especie":"otro","altura_m":5.0,"diametro_copa_m":6.5,"altura_fuste_m":2.5,"caducifolio":false,"meses_sin_hojas":"","fuente":"osm"},"geometry":{"type":"Point","coordinates":[-73.241085,10.475305]}},{"type":"Feature","properties":{"id":"osm-13180758733","especie":"otro","altura_m":5.0,"diametro_copa_m":6.5,"altura_fuste_m":2.5,"caducifolio":false,"meses_sin_hojas":"","fuente":"osm"},"geometry":{"type":"Point","coordinates":[-73.242165,10.475794]}},{"type":"Feature","properties":{"id":"osm-13180758734","especie":"otro","altura_m":5.0,"diametro_copa_m":6.5,"altura_fuste_m":2.5,"caducifolio":false,"meses_sin_hojas":"","fuente":"osm"},"geometry":{"type":"Point","coordinates":[-73.241955,10.476081]}},{"type":"Feature","properties":{"id":"osm-13180758735","especie":"otro","altura_m":5.0,"diametro_copa_m":6.5,"altura_fuste_m":2.5,"caducifolio":false,"meses_sin_hojas":"","fuente":"osm"},"geometry":{"type":"Point","coordinates":[-73.242157,10.47629]}},{"type":"Feature","properties":{"id":"osm-13180758736","especie":"otro","altura_m":5.0,"diametro_copa_m":6.5,"altura_fuste_m":2.5,"caducifolio":false,"meses_sin_hojas":"","fuente":"osm"},"geometry":{"type":"Point","coordinates":[-73.242927,10.476366]}},{"type":"Feature","properties":{"id":"osm-13180758737","especie":"otro","altura_m":5.0,"diametro_copa_m":6.5,"altura_fuste_m":2.5,"caducifolio":false,"meses_sin_hojas":"","fuente":"osm"},"geometry":{"type":"Point","coordinates":[-73.243539,10.476394]}},{"type":"Feature","properties":{"id":"osm-13180758738","especie":"otro","altura_m":5.0,"diametro_copa_m":6.5,"altura_fuste_m":2.5,"caducifolio":false,"meses_sin_hojas":"","fuente":"osm"},"geometry":{"type":"Point","coordinates":[-73.243402,10.47636]}},{"type":"Feature","properties":{"id":"osm-13180758739","especie":"otro","altura_m":5.0,"diametro_copa_m":6.5,"altura_fuste_m":2.5,"caducifolio":false,"meses_sin_hojas":"","fuente":"osm"},"geometry":{"type":"Point","coordinates":[-73.243563,10.476155]}},{"type":"Feature","properties":{"id":"osm-13340595964","especie":"otro","altura_m":8.0,"diametro_copa_m":6.5,"altura_fuste_m":2.5,"caducifolio":false,"meses_sin_hojas":"","fuente":"osm"},"geometry":{"type":"Point","coordinates":[-73.244768,10.477841]}},{"type":"Feature","properties":{"id":"osm-13345193935","especie":"otro","altura_m":8.0,"diametro_copa_m":6.5,"altura_fuste_m":2.5,"caducifolio":false,"meses_sin_hojas":"","fuente":"osm"},"geometry":{"type":"Point","coordinates":[-73.244363,10.477814]}},{"type":"Feature","properties":{"id":"osm-13345222580","especie":"otro","altura_m":8.0,"diametro_copa_m":6.5,"altura_fuste_m":2.5,"caducifolio":false,"meses_sin_hojas":"","fuente":"osm"},"geometry":{"type":"Point","coordinates":[-73.244322,10.477323]}},{"type":"Feature","properties":{"id":"osm-13345245912","especie":"otro","altura_m":8.0,"diametro_copa_m":6.5,"altura_fuste_m":2.5,"caducifolio":false,"meses_sin_hojas":"","fuente":"osm"},"geometry":{"type":"Point","coordinates":[-73.244443,10.477911]}},{"type":"Feature","properties":{"id":"osm-13345246513","especie":"otro","altura_m":8.0,"diametro_copa_m":6.5,"altura_fuste_m":2.5,"caducifolio":false,"meses_sin_hojas":"","fuente":"osm"},"geometry":{"type":"Point","coordinates":[-73.244208,10.477167]}},{"type":"Feature","properties":{"id":"osm-13345247542","especie":"otro","altura_m":8.0,"diametro_copa_m":6.5,"altura_fuste_m":2.5,"caducifolio":false,"meses_sin_hojas":"","fuente":"osm"},"geometry":{"type":"Point","coordinates":[-73.244598,10.47796]}},{"type":"Feature","properties":{"id":"osm-13345289784","especie":"otro","altura_m":8.0,"diametro_copa_m":6.5,"altura_fuste_m":2.5,"caducifolio":false,"meses_sin_hojas":"","fuente":"osm"},"geometry":{"type":"Point","coordinates":[-73.244837,10.477802]}},{"type":"Feature","properties":{"id":"osm-13345289786","especie":"otro","altura_m":8.0,"diametro_copa_m":6.5,"altura_fuste_m":2.5,"caducifolio":false,"meses_sin_hojas":"","fuente":"osm"},"geometry":{"type":"Point","coordinates":[-73.244655,10.477912]}},{"type":"Feature","properties":{"id":"osm-13345289787","especie":"otro","altura_m":8.0,"diametro_copa_m":6.5,"altura_fuste_m":2.5,"caducifolio":false,"meses_sin_hojas":"","fuente":"osm"},"geometry":{"type":"Point","coordinates":[-73.244699,10.477947]}},{"type":"Feature","properties":{"id":"osm-13676670032","especie":"otro","altura_m":8.0,"diametro_copa_m":6.5,"altura_fuste_m":2.5,"caducifolio":false,"meses_sin_hojas":"","fuente":"osm"},"geometry":{"type":"Point","coordinates":[-73.24784,10.479615]}},{"type":"Feature","properties":{"id":"osm-13676670033","especie":"otro","altura_m":8.0,"diametro_copa_m":6.5,"altura_fuste_m":2.5,"caducifolio":false,"meses_sin_hojas":"","fuente":"osm"},"geometry":{"type":"Point","coordinates":[-73.247782,10.479653]}},{"type":"Feature","properties":{"id":"osm-13676670034","especie":"otro","altura_m":8.0,"diametro_copa_m":6.5,"altura_fuste_m":2.5,"caducifolio":false,"meses_sin_hojas":"","fuente":"osm"},"geometry":{"type":"Point","coordinates":[-73.247683,10.479717]}},{"type":"Feature","properties":{"id":"osm-13676670035","especie":"otro","altura_m":8.0,"diametro_copa_m":6.5,"altura_fuste_m":2.5,"caducifolio":false,"meses_sin_hojas":"","fuente":"osm"},"geometry":{"type":"Point","coordinates":[-73.247423,10.479866]}},{"type":"Feature","properties":{"id":"osm-13676670036","especie":"otro","altura_m":8.0,"diametro_copa_m":6.5,"altura_fuste_m":2.5,"caducifolio":false,"meses_sin_hojas":"","fuente":"osm"},"geometry":{"type":"Point","coordinates":[-73.247588,10.479779]}},{"type":"Feature","properties":{"id":"osm-13676670037","especie":"otro","altura_m":8.0,"diametro_copa_m":6.5,"altura_fuste_m":2.5,"caducifolio":false,"meses_sin_hojas":"","fuente":"osm"},"geometry":{"type":"Point","coordinates":[-73.247373,10.479899]}},{"type":"Feature","properties":{"id":"osm-13676670039","especie":"otro","altura_m":8.0,"diametro_copa_m":6.5,"altura_fuste_m":2.5,"caducifolio":false,"meses_sin_hojas":"","fuente":"osm"},"geometry":{"type":"Point","coordinates":[-73.247132,10.480056]}},{"type":"Feature","properties":{"id":"osm-13676670040","especie":"otro","altura_m":8.0,"diametro_copa_m":6.5,"altura_fuste_m":2.5,"caducifolio":false,"meses_sin_hojas":"","fuente":"osm"},"geometry":{"type":"Point","coordinates":[-73.247063,10.480101]}},{"type":"Feature","properties":{"id":"osm-13676670041","especie":"otro","altura_m":8.0,"diametro_copa_m":6.5,"altura_fuste_m":2.5,"caducifolio":false,"meses_sin_hojas":"","fuente":"osm"},"geometry":{"type":"Point","coordinates":[-73.246874,10.480223]}},{"type":"Feature","properties":{"id":"osm-13676670042","especie":"otro","altura_m":8.0,"diametro_copa_m":6.5,"altura_fuste_m":2.5,"caducifolio":false,"meses_sin_hojas":"","fuente":"osm"},"geometry":{"type":"Point","coordinates":[-73.246933,10.480185]}},{"type":"Feature","properties":{"id":"osm-13676670043","especie":"otro","altura_m":8.0,"diametro_copa_m":6.5,"altura_fuste_m":2.5,"caducifolio":false,"meses_sin_hojas":"","fuente":"osm"},"geometry":{"type":"Point","coordinates":[-73.247141,10.480612]}},{"type":"Feature","properties":{"id":"osm-13676670044","especie":"otro","altura_m":8.0,"diametro_copa_m":6.5,"altura_fuste_m":2.5,"caducifolio":false,"meses_sin_hojas":"","fuente":"osm"},"geometry":{"type":"Point","coordinates":[-73.247402,10.480444]}},{"type":"Feature","properties":{"id":"osm-13676670045","especie":"otro","altura_m":8.0,"diametro_copa_m":6.5,"altura_fuste_m":2.5,"caducifolio":false,"meses_sin_hojas":"","fuente":"osm"},"geometry":{"type":"Point","coordinates":[-73.247334,10.480488]}},{"type":"Feature","properties":{"id":"osm-13676670046","especie":"otro","altura_m":8.0,"diametro_copa_m":6.5,"altura_fuste_m":2.5,"caducifolio":false,"meses_sin_hojas":"","fuente":"osm"},"geometry":{"type":"Point","coordinates":[-73.247456,10.480409]}},{"type":"Feature","properties":{"id":"osm-13676670047","especie":"otro","altura_m":8.0,"diametro_copa_m":6.5,"altura_fuste_m":2.5,"caducifolio":false,"meses_sin_hojas":"","fuente":"osm"},"geometry":{"type":"Point","coordinates":[-73.247494,10.480384]}},{"type":"Feature","properties":{"id":"osm-13676670048","especie":"otro","altura_m":8.0,"diametro_copa_m":6.5,"altura_fuste_m":2.5,"caducifolio":false,"meses_sin_hojas":"","fuente":"osm"},"geometry":{"type":"Point","coordinates":[-73.247519,10.480368]}},{"type":"Feature","properties":{"id":"osm-13676670049","especie":"otro","altura_m":8.0,"diametro_copa_m":6.5,"altura_fuste_m":2.5,"caducifolio":false,"meses_sin_hojas":"","fuente":"osm"},"geometry":{"type":"Point","coordinates":[-73.247585,10.480324]}},{"type":"Feature","properties":{"id":"osm-13676670050","especie":"otro","altura_m":8.0,"diametro_copa_m":6.5,"altura_fuste_m":2.5,"caducifolio":false,"meses_sin_hojas":"","fuente":"osm"},"geometry":{"type":"Point","coordinates":[-73.247632,10.480293]}},{"type":"Feature","properties":{"id":"osm-13676670051","especie":"otro","altura_m":8.0,"diametro_copa_m":6.5,"altura_fuste_m":2.5,"caducifolio":false,"meses_sin_hojas":"","fuente":"osm"},"geometry":{"type":"Point","coordinates":[-73.247671,10.480266]}},{"type":"Feature","properties":{"id":"osm-13676670052","especie":"otro","altura_m":8.0,"diametro_copa_m":6.5,"altura_fuste_m":2.5,"caducifolio":false,"meses_sin_hojas":"","fuente":"osm"},"geometry":{"type":"Point","coordinates":[-73.247716,10.480238]}},{"type":"Feature","properties":{"id":"osm-13676670053","especie":"otro","altura_m":8.0,"diametro_copa_m":6.5,"altura_fuste_m":2.5,"caducifolio":false,"meses_sin_hojas":"","fuente":"osm"},"geometry":{"type":"Point","coordinates":[-73.247825,10.480169]}},{"type":"Feature","properties":{"id":"osm-13681653456","especie":"otro","altura_m":8.0,"diametro_copa_m":6.5,"altura_fuste_m":2.5,"caducifolio":false,"meses_sin_hojas":"","fuente":"osm"},"geometry":{"type":"Point","coordinates":[-73.250985,10.475788]}},{"type":"Feature","properties":{"id":"osm-14091042000","especie":"otro","altura_m":8.0,"diametro_copa_m":6.5,"altura_fuste_m":2.5,"caducifolio":false,"meses_sin_hojas":"","fuente":"osm"},"geometry":{"type":"Point","coordinates":[-73.24869,10.476787]}},{"type":"Feature","properties":{"id":"osm-14091074601","especie":"otro","altura_m":8.0,"diametro_copa_m":6.5,"altura_fuste_m":2.5,"caducifolio":false,"meses_sin_hojas":"","fuente":"osm"},"geometry":{"type":"Point","coordinates":[-73.248745,10.476767]}},{"type":"Feature","properties":{"id":"osm-14091074602","especie":"otro","altura_m":8.0,"diametro_copa_m":6.5,"altura_fuste_m":2.5,"caducifolio":false,"meses_sin_hojas":"","fuente":"osm"},"geometry":{"type":"Point","coordinates":[-73.248778,10.476745]}},{"type":"Feature","properties":{"id":"osm-14091074603","especie":"otro","altura_m":8.0,"diametro_copa_m":6.5,"altura_fuste_m":2.5,"caducifolio":false,"meses_sin_hojas":"","fuente":"osm"},"geometry":{"type":"Point","coordinates":[-73.248812,10.476713]}},{"type":"Feature","properties":{"id":"osm-14091074604","especie":"otro","altura_m":8.0,"diametro_copa_m":6.5,"altura_fuste_m":2.5,"caducifolio":false,"meses_sin_hojas":"","fuente":"osm"},"geometry":{"type":"Point","coordinates":[-73.248871,10.476664]}},{"type":"Feature","properties":{"id":"osm-14091074605","especie":"otro","altura_m":8.0,"diametro_copa_m":6.5,"altura_fuste_m":2.5,"caducifolio":false,"meses_sin_hojas":"","fuente":"osm"},"geometry":{"type":"Point","coordinates":[-73.248903,10.476654]}},{"type":"Feature","properties":{"id":"osm-14091074606","especie":"otro","altura_m":8.0,"diametro_copa_m":6.5,"altura_fuste_m":2.5,"caducifolio":false,"meses_sin_hojas":"","fuente":"osm"},"geometry":{"type":"Point","coordinates":[-73.248933,10.476619]}},{"type":"Feature","properties":{"id":"osm-14091074607","especie":"otro","altura_m":8.0,"diametro_copa_m":6.5,"altura_fuste_m":2.5,"caducifolio":false,"meses_sin_hojas":"","fuente":"osm"},"geometry":{"type":"Point","coordinates":[-73.248972,10.476593]}},{"type":"Feature","properties":{"id":"osm-14091074608","especie":"otro","altura_m":8.0,"diametro_copa_m":6.5,"altura_fuste_m":2.5,"caducifolio":false,"meses_sin_hojas":"","fuente":"osm"},"geometry":{"type":"Point","coordinates":[-73.249012,10.476576]}},{"type":"Feature","properties":{"id":"osm-14091074609","especie":"otro","altura_m":8.0,"diametro_copa_m":6.5,"altura_fuste_m":2.5,"caducifolio":false,"meses_sin_hojas":"","fuente":"osm"},"geometry":{"type":"Point","coordinates":[-73.249034,10.476562]}},{"type":"Feature","properties":{"id":"osm-14091074610","especie":"otro","altura_m":8.0,"diametro_copa_m":6.5,"altura_fuste_m":2.5,"caducifolio":false,"meses_sin_hojas":"","fuente":"osm"},"geometry":{"type":"Point","coordinates":[-73.249101,10.476348]}},{"type":"Feature","properties":{"id":"osm-14091074611","especie":"otro","altura_m":8.0,"diametro_copa_m":6.5,"altura_fuste_m":2.5,"caducifolio":false,"meses_sin_hojas":"","fuente":"osm"},"geometry":{"type":"Point","coordinates":[-73.249015,10.476491]}},{"type":"Feature","properties":{"id":"osm-14091074613","especie":"otro","altura_m":8.0,"diametro_copa_m":6.5,"altura_fuste_m":2.5,"caducifolio":false,"meses_sin_hojas":"","fuente":"osm"},"geometry":{"type":"Point","coordinates":[-73.248888,10.476574]}},{"type":"Feature","properties":{"id":"osm-14091074614","especie":"otro","altura_m":8.0,"diametro_copa_m":6.5,"altura_fuste_m":2.5,"caducifolio":false,"meses_sin_hojas":"","fuente":"osm"},"geometry":{"type":"Point","coordinates":[-73.248983,10.476514]}},{"type":"Feature","properties":{"id":"osm-14091074615","especie":"otro","altura_m":8.0,"diametro_copa_m":6.5,"altura_fuste_m":2.5,"caducifolio":false,"meses_sin_hojas":"","fuente":"osm"},"geometry":{"type":"Point","coordinates":[-73.248712,10.476422]}},{"type":"Feature","properties":{"id":"osm-14091074616","especie":"otro","altura_m":8.0,"diametro_copa_m":6.5,"altura_fuste_m":2.5,"caducifolio":false,"meses_sin_hojas":"","fuente":"osm"},"geometry":{"type":"Point","coordinates":[-73.248619,10.476175]}},{"type":"Feature","properties":{"id":"osm-14091074617","especie":"otro","altura_m":8.0,"diametro_copa_m":6.5,"altura_fuste_m":2.5,"caducifolio":false,"meses_sin_hojas":"","fuente":"osm"},"geometry":{"type":"Point","coordinates":[-73.248894,10.476293]}},{"type":"Feature","properties":{"id":"osm-14091074618","especie":"otro","altura_m":8.0,"diametro_copa_m":6.5,"altura_fuste_m":2.5,"caducifolio":false,"meses_sin_hojas":"","fuente":"osm"},"geometry":{"type":"Point","coordinates":[-73.248812,10.47606]}},{"type":"Feature","properties":{"id":"osm-14091074619","especie":"otro","altura_m":8.0,"diametro_copa_m":6.5,"altura_fuste_m":2.5,"caducifolio":false,"meses_sin_hojas":"","fuente":"osm"},"geometry":{"type":"Point","coordinates":[-73.248788,10.476029]}},{"type":"Feature","properties":{"id":"osm-14091074620","especie":"otro","altura_m":8.0,"diametro_copa_m":6.5,"altura_fuste_m":2.5,"caducifolio":false,"meses_sin_hojas":"","fuente":"osm"},"geometry":{"type":"Point","coordinates":[-73.248768,10.476003]}},{"type":"Feature","properties":{"id":"osm-14091074621","especie":"otro","altura_m":8.0,"diametro_copa_m":6.5,"altura_fuste_m":2.5,"caducifolio":false,"meses_sin_hojas":"","fuente":"osm"},"geometry":{"type":"Point","coordinates":[-73.248743,10.47597]}},{"type":"Feature","properties":{"id":"osm-14091074622","especie":"otro","altura_m":8.0,"diametro_copa_m":6.5,"altura_fuste_m":2.5,"caducifolio":false,"meses_sin_hojas":"","fuente":"osm"},"geometry":{"type":"Point","coordinates":[-73.248427,10.476068]}},{"type":"Feature","properties":{"id":"osm-14091074623","especie":"otro","altura_m":8.0,"diametro_copa_m":6.5,"altura_fuste_m":2.5,"caducifolio":false,"meses_sin_hojas":"","fuente":"osm"},"geometry":{"type":"Point","coordinates":[-73.248431,10.476014]}},{"type":"Feature","properties":{"id":"osm-14091074624","especie":"otro","altura_m":8.0,"diametro_copa_m":6.5,"altura_fuste_m":2.5,"caducifolio":false,"meses_sin_hojas":"","fuente":"osm"},"geometry":{"type":"Point","coordinates":[-73.248448,10.475835]}},{"type":"Feature","properties":{"id":"osm-14234047870","especie":"otro","altura_m":8.0,"diametro_copa_m":6.5,"altura_fuste_m":2.5,"caducifolio":false,"meses_sin_hojas":"","fuente":"osm"},"geometry":{"type":"Point","coordinates":[-73.243662,10.473834]}},{"type":"Feature","properties":{"id":"osm-14234047871","especie":"otro","altura_m":8.0,"diametro_copa_m":6.5,"altura_fuste_m":2.5,"caducifolio":false,"meses_sin_hojas":"","fuente":"osm"},"geometry":{"type":"Point","coordinates":[-73.243056,10.473393]}},{"type":"Feature","properties":{"id":"osm-14234047872","especie":"otro","altura_m":8.0,"diametro_copa_m":6.5,"altura_fuste_m":2.5,"caducifolio":false,"meses_sin_hojas":"","fuente":"osm"},"geometry":{"type":"Point","coordinates":[-73.243238,10.473599]}},{"type":"Feature","properties":{"id":"prov-0001","especie":"mango","altura_m":10.2,"diametro_copa_m":8.6,"altura_fuste_m":2.5,"caducifolio":false,"meses_sin_hojas":"","fuente":"provisional"},"geometry":{"type":"Point","coordinates":[-73.241932,10.474802]}},{"type":"Feature","properties":{"id":"prov-0002","especie":"otro","altura_m":9.5,"diametro_copa_m":6.2,"altura_fuste_m":2.5,"caducifolio":false,"meses_sin_hojas":"","fuente":"provisional"},"geometry":{"type":"Point","coordinates":[-73.242029,10.47492]}},{"type":"Feature","properties":{"id":"prov-0003","especie":"mango","altura_m":10.1,"diametro_copa_m":8.6,"altura_fuste_m":2.5,"caducifolio":false,"meses_sin_hojas":"","fuente":"provisional"},"geometry":{"type":"Point","coordinates":[-73.242132,10.475045]}},{"type":"Feature","properties":{"id":"prov-0004","especie":"mango","altura_m":11.7,"diametro_copa_m":10.8,"altura_fuste_m":2.5,"caducifolio":false,"meses_sin_hojas":"","fuente":"provisional"},"geometry":{"type":"Point","coordinates":[-73.24223,10.475163]}},{"type":"Feature","properties":{"id":"prov-0005","especie":"mango","altura_m":11.7,"diametro_copa_m":10.0,"altura_fuste_m":2.5,"caducifolio":false,"meses_sin_hojas":"","fuente":"provisional"},"geometry":{"type":"Point","coordinates":[-73.241917,10.475538]}},{"type":"Feature","properties":{"id":"prov-0006","especie":"mango","altura_m":11.9,"diametro_copa_m":8.4,"altura_fuste_m":2.5,"caducifolio":false,"meses_sin_hojas":"","fuente":"provisional"},"geometry":{"type":"Point","coordinates":[-73.239711,10.475451]}},{"type":"Feature","properties":{"id":"prov-0007","especie":"mango","altura_m":8.9,"diametro_copa_m":10.1,"altura_fuste_m":2.5,"caducifolio":false,"meses_sin_hojas":"","fuente":"provisional"},"geometry":{"type":"Point","coordinates":[-73.239879,10.475324]}},{"type":"Feature","properties":{"id":"prov-0008","especie":"otro","altura_m":8.4,"diametro_copa_m":5.3,"altura_fuste_m":2.5,"caducifolio":false,"meses_sin_hojas":"","fuente":"provisional"},"geometry":{"type":"Point","coordinates":[-73.240016,10.47522]}},{"type":"Feature","properties":{"id":"prov-0009","especie":"mango","altura_m":9.5,"diametro_copa_m":8.2,"altura_fuste_m":2.5,"caducifolio":false,"meses_sin_hojas":"","fuente":"provisional"},"geometry":{"type":"Point","coordinates":[-73.240167,10.475107]}},{"type":"Feature","properties":{"id":"prov-0010","especie":"otro","altura_m":8.4,"diametro_copa_m":7.6,"altura_fuste_m":2.5,"caducifolio":false,"meses_sin_hojas":"","fuente":"provisional"},"geometry":{"type":"Point","coordinates":[-73.240221,10.475066]}},{"type":"Feature","properties":{"id":"prov-0011","especie":"mango","altura_m":9.6,"diametro_copa_m":9.7,"altura_fuste_m":2.5,"caducifolio":false,"meses_sin_hojas":"","fuente":"provisional"},"geometry":{"type":"Point","coordinates":[-73.240194,10.475018]}},{"type":"Feature","properties":{"id":"prov-0012","especie":"mango","altura_m":9.8,"diametro_copa_m":8.3,"altura_fuste_m":2.5,"caducifolio":false,"meses_sin_hojas":"","fuente":"provisional"},"geometry":{"type":"Point","coordinates":[-73.240239,10.475151]}},{"type":"Feature","properties":{"id":"prov-0013","especie":"canaguate","altura_m":8.8,"diametro_copa_m":7.2,"altura_fuste_m":3.0,"caducifolio":true,"meses_sin_hojas":"1,2,3","fuente":"provisional"},"geometry":{"type":"Point","coordinates":[-73.24036,10.475292]}},{"type":"Feature","properties":{"id":"prov-0014","especie":"mango","altura_m":8.1,"diametro_copa_m":10.8,"altura_fuste_m":2.5,"caducifolio":false,"meses_sin_hojas":"","fuente":"provisional"},"geometry":{"type":"Point","coordinates":[-73.240469,10.47542]}},{"type":"Feature","properties":{"id":"prov-0015","especie":"mango","altura_m":9.2,"diametro_copa_m":11.8,"altura_fuste_m":2.5,"caducifolio":false,"meses_sin_hojas":"","fuente":"provisional"},"geometry":{"type":"Point","coordinates":[-73.240616,10.47559]}},{"type":"Feature","properties":{"id":"prov-0016","especie":"mango","altura_m":9.3,"diametro_copa_m":11.5,"altura_fuste_m":2.5,"caducifolio":false,"meses_sin_hojas":"","fuente":"provisional"},"geometry":{"type":"Point","coordinates":[-73.241589,10.480717]}},{"type":"Feature","properties":{"id":"prov-0017","especie":"canaguate","altura_m":10.0,"diametro_copa_m":7.5,"altura_fuste_m":3.0,"caducifolio":true,"meses_sin_hojas":"1,2,3","fuente":"provisional"},"geometry":{"type":"Point","coordinates":[-73.241523,10.480587]}},{"type":"Feature","properties":{"id":"prov-0018","especie":"otro","altura_m":7.1,"diametro_copa_m":5.6,"altura_fuste_m":2.5,"caducifolio":false,"meses_sin_hojas":"","fuente":"provisional"},"geometry":{"type":"Point","coordinates":[-73.241464,10.48047]}},{"type":"Feature","properties":{"id":"prov-0019","especie":"mango","altura_m":10.6,"diametro_copa_m":10.7,"altura_fuste_m":2.5,"caducifolio":false,"meses_sin_hojas":"","fuente":"provisional"},"geometry":{"type":"Point","coordinates":[-73.24117,10.480184]}},{"type":"Feature","properties":{"id":"prov-0020","especie":"canaguate","altura_m":9.7,"diametro_copa_m":6.7,"altura_fuste_m":3.0,"caducifolio":true,"meses_sin_hojas":"1,2,3","fuente":"provisional"},"geometry":{"type":"Point","coordinates":[-73.241293,10.480262]}},{"type":"Feature","properties":{"id":"prov-0021","especie":"otro","altura_m":7.9,"diametro_copa_m":6.7,"altura_fuste_m":2.5,"caducifolio":false,"meses_sin_hojas":"","fuente":"provisional"},"geometry":{"type":"Point","coordinates":[-73.248145,10.482086]}},{"type":"Feature","properties":{"id":"prov-0022","especie":"mango","altura_m":8.4,"diametro_copa_m":10.6,"altura_fuste_m":2.5,"caducifolio":false,"meses_sin_hojas":"","fuente":"provisional"},"geometry":{"type":"Point","coordinates":[-73.248309,10.481975]}},{"type":"Feature","properties":{"id":"prov-0023","especie":"mango","altura_m":9.6,"diametro_copa_m":8.9,"altura_fuste_m":2.5,"caducifolio":false,"meses_sin_hojas":"","fuente":"provisional"},"geometry":{"type":"Point","coordinates":[-73.24845,10.48188]}},{"type":"Feature","properties":{"id":"prov-0024","especie":"mango","altura_m":8.5,"diametro_copa_m":8.8,"altura_fuste_m":2.5,"caducifolio":false,"meses_sin_hojas":"","fuente":"provisional"},"geometry":{"type":"Point","coordinates":[-73.24861,10.481772]}},{"type":"Feature","properties":{"id":"prov-0025","especie":"canaguate","altura_m":10.6,"diametro_copa_m":6.3,"altura_fuste_m":3.0,"caducifolio":true,"meses_sin_hojas":"1,2,3","fuente":"provisional"},"geometry":{"type":"Point","coordinates":[-73.249219,10.481361]}},{"type":"Feature","properties":{"id":"prov-0026","especie":"mango","altura_m":11.5,"diametro_copa_m":9.4,"altura_fuste_m":2.5,"caducifolio":false,"meses_sin_hojas":"","fuente":"provisional"},"geometry":{"type":"Point","coordinates":[-73.249062,10.481467]}},{"type":"Feature","properties":{"id":"prov-0027","especie":"canaguate","altura_m":9.1,"diametro_copa_m":8.3,"altura_fuste_m":3.0,"caducifolio":true,"meses_sin_hojas":"1,2,3","fuente":"provisional"},"geometry":{"type":"Point","coordinates":[-73.248913,10.481567]}},{"type":"Feature","properties":{"id":"prov-0028","especie":"otro","altura_m":7.1,"diametro_copa_m":7.1,"altura_fuste_m":2.5,"caducifolio":false,"meses_sin_hojas":"","fuente":"provisional"},"geometry":{"type":"Point","coordinates":[-73.248788,10.481652]}},{"type":"Feature","properties":{"id":"prov-0029","especie":"mango","altura_m":10.4,"diametro_copa_m":11.6,"altura_fuste_m":2.5,"caducifolio":false,"meses_sin_hojas":"","fuente":"provisional"},"geometry":{"type":"Point","coordinates":[-73.248662,10.481737]}},{"type":"Feature","properties":{"id":"prov-0030","especie":"mango","altura_m":9.0,"diametro_copa_m":8.3,"altura_fuste_m":2.5,"caducifolio":false,"meses_sin_hojas":"","fuente":"provisional"},"geometry":{"type":"Point","coordinates":[-73.244389,10.472813]}},{"type":"Feature","properties":{"id":"prov-0031","especie":"mango","altura_m":8.5,"diametro_copa_m":11.1,"altura_fuste_m":2.5,"caducifolio":false,"meses_sin_hojas":"","fuente":"provisional"},"geometry":{"type":"Point","coordinates":[-73.244279,10.472656]}},{"type":"Feature","properties":{"id":"prov-0032","especie":"mango","altura_m":11.5,"diametro_copa_m":11.0,"altura_fuste_m":2.5,"caducifolio":false,"meses_sin_hojas":"","fuente":"provisional"},"geometry":{"type":"Point","coordinates":[-73.244196,10.472536]}},{"type":"Feature","properties":{"id":"prov-0033","especie":"mango","altura_m":10.0,"diametro_copa_m":11.0,"altura_fuste_m":2.5,"caducifolio":false,"meses_sin_hojas":"","fuente":"provisional"},"geometry":{"type":"Point","coordinates":[-73.244115,10.472421]}},{"type":"Feature","properties":{"id":"prov-0034","especie":"mango","altura_m":9.4,"diametro_copa_m":10.3,"altura_fuste_m":2.5,"caducifolio":false,"meses_sin_hojas":"","fuente":"provisional"},"geometry":{"type":"Point","coordinates":[-73.244001,10.472257]}},{"type":"Feature","properties":{"id":"prov-0035","especie":"otro","altura_m":7.6,"diametro_copa_m":7.8,"altura_fuste_m":2.5,"caducifolio":false,"meses_sin_hojas":"","fuente":"provisional"},"geometry":{"type":"Point","coordinates":[-73.243873,10.472073]}},{"type":"Feature","properties":{"id":"prov-0036","especie":"mango","altura_m":9.6,"diametro_copa_m":11.3,"altura_fuste_m":2.5,"caducifolio":false,"meses_sin_hojas":"","fuente":"provisional"},"geometry":{"type":"Point","coordinates":[-73.244383,10.472692]}},{"type":"Feature","properties":{"id":"prov-0037","especie":"canaguate","altura_m":8.5,"diametro_copa_m":7.4,"altura_fuste_m":3.0,"caducifolio":true,"meses_sin_hojas":"1,2,3","fuente":"provisional"},"geometry":{"type":"Point","coordinates":[-73.244271,10.472532]}},{"type":"Feature","properties":{"id":"prov-0038","especie":"mango","altura_m":11.7,"diametro_copa_m":8.3,"altura_fuste_m":2.5,"caducifolio":false,"meses_sin_hojas":"","fuente":"provisional"},"geometry":{"type":"Point","coordinates":[-73.244201,10.472432]}},{"type":"Feature","properties":{"id":"prov-0039","especie":"canaguate","altura_m":8.4,"diametro_copa_m":7.5,"altura_fuste_m":3.0,"caducifolio":true,"meses_sin_hojas":"1,2,3","fuente":"provisional"},"geometry":{"type":"Point","coordinates":[-73.244099,10.472286]}},{"type":"Feature","properties":{"id":"prov-0040","especie":"canaguate","altura_m":9.6,"diametro_copa_m":8.0,"altura_fuste_m":3.0,"caducifolio":true,"meses_sin_hojas":"1,2,3","fuente":"provisional"},"geometry":{"type":"Point","coordinates":[-73.243998,10.47214]}},{"type":"Feature","properties":{"id":"prov-0041","especie":"canaguate","altura_m":10.7,"diametro_copa_m":7.0,"altura_fuste_m":3.0,"caducifolio":true,"meses_sin_hojas":"1,2,3","fuente":"provisional"},"geometry":{"type":"Point","coordinates":[-73.243921,10.472031]}},{"type":"Feature","properties":{"id":"prov-0042","especie":"otro","altura_m":8.1,"diametro_copa_m":7.5,"altura_fuste_m":2.5,"caducifolio":false,"meses_sin_hojas":"","fuente":"provisional"},"geometry":{"type":"Point","coordinates":[-73.244814,10.473428]}},{"type":"Feature","properties":{"id":"prov-0043","especie":"mango","altura_m":10.6,"diametro_copa_m":10.4,"altura_fuste_m":2.5,"caducifolio":false,"meses_sin_hojas":"","fuente":"provisional"},"geometry":{"type":"Point","coordinates":[-73.244733,10.473311]}},{"type":"Feature","properties":{"id":"prov-0044","especie":"canaguate","altura_m":8.5,"diametro_copa_m":7.6,"altura_fuste_m":3.0,"caducifolio":true,"meses_sin_hojas":"1,2,3","fuente":"provisional"},"geometry":{"type":"Point","coordinates":[-73.244661,10.473207]}},{"type":"Feature","properties":{"id":"prov-0045","especie":"mango","altura_m":10.8,"diametro_copa_m":10.2,"altura_fuste_m":2.5,"caducifolio":false,"meses_sin_hojas":"","fuente":"provisional"},"geometry":{"type":"Point","coordinates":[-73.244594,10.473109]}},{"type":"Feature","properties":{"id":"prov-0046","especie":"mango","altura_m":11.5,"diametro_copa_m":9.2,"altura_fuste_m":2.5,"caducifolio":false,"meses_sin_hojas":"","fuente":"provisional"},"geometry":{"type":"Point","coordinates":[-73.244494,10.472965]}},{"type":"Feature","properties":{"id":"prov-0047","especie":"mango","altura_m":8.9,"diametro_copa_m":11.9,"altura_fuste_m":2.5,"caducifolio":false,"meses_sin_hojas":"","fuente":"provisional"},"geometry":{"type":"Point","coordinates":[-73.244852,10.473371]}},{"type":"Feature","properties":{"id":"prov-0048","especie":"mango","altura_m":8.6,"diametro_copa_m":10.3,"altura_fuste_m":2.5,"caducifolio":false,"meses_sin_hojas":"","fuente":"provisional"},"geometry":{"type":"Point","coordinates":[-73.244781,10.473268]}},{"type":"Feature","properties":{"id":"prov-0049","especie":"mango","altura_m":8.9,"diametro_copa_m":9.1,"altura_fuste_m":2.5,"caducifolio":false,"meses_sin_hojas":"","fuente":"provisional"},"geometry":{"type":"Point","coordinates":[-73.244674,10.473114]}},{"type":"Feature","properties":{"id":"prov-0050","especie":"mango","altura_m":11.0,"diametro_copa_m":10.5,"altura_fuste_m":2.5,"caducifolio":false,"meses_sin_hojas":"","fuente":"provisional"},"geometry":{"type":"Point","coordinates":[-73.24459,10.472992]}},{"type":"Feature","properties":{"id":"prov-0051","especie":"mango","altura_m":8.8,"diametro_copa_m":10.4,"altura_fuste_m":2.5,"caducifolio":false,"meses_sin_hojas":"","fuente":"provisional"},"geometry":{"type":"Point","coordinates":[-73.244461,10.472805]}},{"type":"Feature","properties":{"id":"prov-0052","especie":"mango","altura_m":9.1,"diametro_copa_m":11.4,"altura_fuste_m":2.5,"caducifolio":false,"meses_sin_hojas":"","fuente":"provisional"},"geometry":{"type":"Point","coordinates":[-73.244849,10.472511]}},{"type":"Feature","properties":{"id":"prov-0053","especie":"canaguate","altura_m":10.5,"diametro_copa_m":6.9,"altura_fuste_m":3.0,"caducifolio":true,"meses_sin_hojas":"1,2,3","fuente":"provisional"},"geometry":{"type":"Point","coordinates":[-73.244685,10.472633]}},{"type":"Feature","properties":{"id":"prov-0054","especie":"canaguate","altura_m":11.9,"diametro_copa_m":7.4,"altura_fuste_m":3.0,"caducifolio":true,"meses_sin_hojas":"1,2,3","fuente":"provisional"},"geometry":{"type":"Point","coordinates":[-73.244553,10.472731]}},{"type":"Feature","properties":{"id":"prov-0055","especie":"mango","altura_m":10.7,"diametro_copa_m":11.2,"altura_fuste_m":2.5,"caducifolio":false,"meses_sin_hojas":"","fuente":"provisional"},"geometry":{"type":"Point","coordinates":[-73.2417,10.481038]}},{"type":"Feature","properties":{"id":"prov-0056","especie":"mango","altura_m":11.2,"diametro_copa_m":10.0,"altura_fuste_m":2.5,"caducifolio":false,"meses_sin_hojas":"","fuente":"provisional"},"geometry":{"type":"Point","coordinates":[-73.241609,10.480881]}},{"type":"Feature","properties":{"id":"prov-0057","especie":"otro","altura_m":6.6,"diametro_copa_m":7.2,"altura_fuste_m":2.5,"caducifolio":false,"meses_sin_hojas":"","fuente":"provisional"},"geometry":{"type":"Point","coordinates":[-73.24156,10.480782]}},{"type":"Feature","properties":{"id":"prov-0058","especie":"mango","altura_m":8.1,"diametro_copa_m":9.5,"altura_fuste_m":2.5,"caducifolio":false,"meses_sin_hojas":"","fuente":"provisional"},"geometry":{"type":"Point","coordinates":[-73.238605,10.476245]}},{"type":"Feature","properties":{"id":"prov-0059","especie":"mango","altura_m":11.4,"diametro_copa_m":11.3,"altura_fuste_m":2.5,"caducifolio":false,"meses_sin_hojas":"","fuente":"provisional"},"geometry":{"type":"Point","coordinates":[-73.238721,10.476437]}},{"type":"Feature","properties":{"id":"prov-0060","especie":"mango","altura_m":12.0,"diametro_copa_m":11.2,"altura_fuste_m":2.5,"caducifolio":false,"meses_sin_hojas":"","fuente":"provisional"},"geometry":{"type":"Point","coordinates":[-73.238794,10.476558]}},{"type":"Feature","properties":{"id":"prov-0061","especie":"mango","altura_m":8.0,"diametro_copa_m":10.0,"altura_fuste_m":2.5,"caducifolio":false,"meses_sin_hojas":"","fuente":"provisional"},"geometry":{"type":"Point","coordinates":[-73.238868,10.47668]}},{"type":"Feature","properties":{"id":"prov-0062","especie":"canaguate","altura_m":9.6,"diametro_copa_m":7.5,"altura_fuste_m":3.0,"caducifolio":true,"meses_sin_hojas":"1,2,3","fuente":"provisional"},"geometry":{"type":"Point","coordinates":[-73.240742,10.475608]}},{"type":"Feature","properties":{"id":"prov-0063","especie":"mango","altura_m":9.6,"diametro_copa_m":9.5,"altura_fuste_m":2.5,"caducifolio":false,"meses_sin_hojas":"","fuente":"provisional"},"geometry":{"type":"Point","coordinates":[-73.241782,10.474797]}},{"type":"Feature","properties":{"id":"prov-0064","especie":"otro","altura_m":8.3,"diametro_copa_m":6.5,"altura_fuste_m":2.5,"caducifolio":false,"meses_sin_hojas":"","fuente":"provisional"},"geometry":{"type":"Point","coordinates":[-73.241623,10.474922]}},{"type":"Feature","properties":{"id":"prov-0065","especie":"mango","altura_m":10.8,"diametro_copa_m":9.4,"altura_fuste_m":2.5,"caducifolio":false,"meses_sin_hojas":"","fuente":"provisional"},"geometry":{"type":"Point","coordinates":[-73.241451,10.475056]}},{"type":"Feature","properties":{"id":"prov-0066","especie":"mango","altura_m":8.1,"diametro_copa_m":10.7,"altura_fuste_m":2.5,"caducifolio":false,"meses_sin_hojas":"","fuente":"provisional"},"geometry":{"type":"Point","coordinates":[-73.241309,10.475166]}},{"type":"Feature","properties":{"id":"prov-0067","especie":"mango","altura_m":10.8,"diametro_copa_m":11.9,"altura_fuste_m":2.5,"caducifolio":false,"meses_sin_hojas":"","fuente":"provisional"},"geometry":{"type":"Point","coordinates":[-73.241179,10.475268]}},{"type":"Feature","properties":{"id":"prov-0068","especie":"canaguate","altura_m":10.4,"diametro_copa_m":7.6,"altura_fuste_m":3.0,"caducifolio":true,"meses_sin_hojas":"1,2,3","fuente":"provisional"},"geometry":{"type":"Point","coordinates":[-73.241029,10.475385]}},{"type":"Feature","properties":{"id":"prov-0069","especie":"canaguate","altura_m":11.9,"diametro_copa_m":7.6,"altura_fuste_m":3.0,"caducifolio":true,"meses_sin_hojas":"1,2,3","fuente":"provisional"},"geometry":{"type":"Point","coordinates":[-73.24093,10.475463]}},{"type":"Feature","properties":{"id":"prov-0070","especie":"canaguate","altura_m":9.7,"diametro_copa_m":6.8,"altura_fuste_m":3.0,"caducifolio":true,"meses_sin_hojas":"1,2,3","fuente":"provisional"},"geometry":{"type":"Point","coordinates":[-73.240824,10.475546]}},{"type":"Feature","properties":{"id":"prov-0071","especie":"canaguate","altura_m":8.9,"diametro_copa_m":7.5,"altura_fuste_m":3.0,"caducifolio":true,"meses_sin_hojas":"1,2,3","fuente":"provisional"},"geometry":{"type":"Point","coordinates":[-73.241093,10.476026]}},{"type":"Feature","properties":{"id":"prov-0072","especie":"mango","altura_m":8.5,"diametro_copa_m":11.9,"altura_fuste_m":2.5,"caducifolio":false,"meses_sin_hojas":"","fuente":"provisional"},"geometry":{"type":"Point","coordinates":[-73.241008,10.475935]}},{"type":"Feature","properties":{"id":"prov-0073","especie":"mango","altura_m":10.1,"diametro_copa_m":9.0,"altura_fuste_m":2.5,"caducifolio":false,"meses_sin_hojas":"","fuente":"provisional"},"geometry":{"type":"Point","coordinates":[-73.24087,10.475785]}},{"type":"Feature","properties":{"id":"prov-0074","especie":"mango","altura_m":8.3,"diametro_copa_m":10.5,"altura_fuste_m":2.5,"caducifolio":false,"meses_sin_hojas":"","fuente":"provisional"},"geometry":{"type":"Point","coordinates":[-73.241173,10.475992]}},{"type":"Feature","properties":{"id":"prov-0075","especie":"canaguate","altura_m":9.5,"diametro_copa_m":6.7,"altura_fuste_m":3.0,"caducifolio":true,"meses_sin_hojas":"1,2,3","fuente":"provisional"},"geometry":{"type":"Point","coordinates":[-73.24107,10.475881]}},{"type":"Feature","properties":{"id":"prov-0076","especie":"mango","altura_m":11.2,"diametro_copa_m":9.3,"altura_fuste_m":2.5,"caducifolio":false,"meses_sin_hojas":"","fuente":"provisional"},"geometry":{"type":"Point","coordinates":[-73.240975,10.475779]}},{"type":"Feature","properties":{"id":"prov-0077","especie":"mango","altura_m":11.0,"diametro_copa_m":11.3,"altura_fuste_m":2.5,"caducifolio":false,"meses_sin_hojas":"","fuente":"provisional"},"geometry":{"type":"Point","coordinates":[-73.249347,10.481274]}},{"type":"Feature","properties":{"id":"prov-0078","especie":"mango","altura_m":8.8,"diametro_copa_m":8.3,"altura_fuste_m":2.5,"caducifolio":false,"meses_sin_hojas":"","fuente":"provisional"},"geometry":{"type":"Point","coordinates":[-73.249508,10.481166]}},{"type":"Feature","properties":{"id":"prov-0079","especie":"mango","altura_m":11.6,"diametro_copa_m":8.3,"altura_fuste_m":2.5,"caducifolio":false,"meses_sin_hojas":"","fuente":"provisional"},"geometry":{"type":"Point","coordinates":[-73.249612,10.481095]}},{"type":"Feature","properties":{"id":"prov-0080","especie":"mango","altura_m":10.7,"diametro_copa_m":8.9,"altura_fuste_m":2.5,"caducifolio":false,"meses_sin_hojas":"","fuente":"provisional"},"geometry":{"type":"Point","coordinates":[-73.249752,10.481]}},{"type":"Feature","properties":{"id":"prov-0081","especie":"canaguate","altura_m":9.5,"diametro_copa_m":7.0,"altura_fuste_m":3.0,"caducifolio":true,"meses_sin_hojas":"1,2,3","fuente":"provisional"},"geometry":{"type":"Point","coordinates":[-73.249881,10.480914]}},{"type":"Feature","properties":{"id":"prov-0082","especie":"mango","altura_m":9.8,"diametro_copa_m":11.5,"altura_fuste_m":2.5,"caducifolio":false,"meses_sin_hojas":"","fuente":"provisional"},"geometry":{"type":"Point","coordinates":[-73.249995,10.480836]}},{"type":"Feature","properties":{"id":"prov-0083","especie":"canaguate","altura_m":10.3,"diametro_copa_m":9.0,"altura_fuste_m":3.0,"caducifolio":true,"meses_sin_hojas":"1,2,3","fuente":"provisional"},"geometry":{"type":"Point","coordinates":[-73.250102,10.480764]}},{"type":"Feature","properties":{"id":"prov-0084","especie":"mango","altura_m":10.7,"diametro_copa_m":8.4,"altura_fuste_m":2.5,"caducifolio":false,"meses_sin_hojas":"","fuente":"provisional"},"geometry":{"type":"Point","coordinates":[-73.249358,10.481343]}},{"type":"Feature","properties":{"id":"prov-0085","especie":"mango","altura_m":8.7,"diametro_copa_m":9.9,"altura_fuste_m":2.5,"caducifolio":false,"meses_sin_hojas":"","fuente":"provisional"},"geometry":{"type":"Point","coordinates":[-73.249453,10.481279]}},{"type":"Feature","properties":{"id":"prov-0086","especie":"mango","altura_m":11.6,"diametro_copa_m":9.1,"altura_fuste_m":2.5,"caducifolio":false,"meses_sin_hojas":"","fuente":"provisional"},"geometry":{"type":"Point","coordinates":[-73.249641,10.481152]}},{"type":"Feature","properties":{"id":"prov-0087","especie":"mango","altura_m":12.0,"diametro_copa_m":9.2,"altura_fuste_m":2.5,"caducifolio":false,"meses_sin_hojas":"","fuente":"provisional"},"geometry":{"type":"Point","coordinates":[-73.249738,10.481086]}},{"type":"Feature","properties":{"id":"prov-0088","especie":"mango","altura_m":9.0,"diametro_copa_m":11.8,"altura_fuste_m":2.5,"caducifolio":false,"meses_sin_hojas":"","fuente":"provisional"},"geometry":{"type":"Point","coordinates":[-73.249892,10.480983]}},{"type":"Feature","properties":{"id":"prov-0089","especie":"mango","altura_m":8.3,"diametro_copa_m":11.0,"altura_fuste_m":2.5,"caducifolio":false,"meses_sin_hojas":"","fuente":"provisional"},"geometry":{"type":"Point","coordinates":[-73.250053,10.480874]}},{"type":"Feature","properties":{"id":"prov-0090","especie":"otro","altura_m":8.9,"diametro_copa_m":7.9,"altura_fuste_m":2.5,"caducifolio":false,"meses_sin_hojas":"","fuente":"provisional"},"geometry":{"type":"Point","coordinates":[-73.250161,10.480801]}},{"type":"Feature","properties":{"id":"prov-0091","especie":"mango","altura_m":8.3,"diametro_copa_m":10.4,"altura_fuste_m":2.5,"caducifolio":false,"meses_sin_hojas":"","fuente":"provisional"},"geometry":{"type":"Point","coordinates":[-73.250916,10.480208]}},{"type":"Feature","properties":{"id":"prov-0092","especie":"otro","altura_m":8.0,"diametro_copa_m":6.4,"altura_fuste_m":2.5,"caducifolio":false,"meses_sin_hojas":"","fuente":"provisional"},"geometry":{"type":"Point","coordinates":[-73.250818,10.480275]}},{"type":"Feature","properties":{"id":"prov-0093","especie":"mango","altura_m":11.8,"diametro_copa_m":10.4,"altura_fuste_m":2.5,"caducifolio":false,"meses_sin_hojas":"","fuente":"provisional"},"geometry":{"type":"Point","coordinates":[-73.250647,10.480392]}},{"type":"Feature","properties":{"id":"prov-0094","especie":"canaguate","altura_m":11.3,"diametro_copa_m":8.9,"altura_fuste_m":3.0,"caducifolio":true,"meses_sin_hojas":"1,2,3","fuente":"provisional"},"geometry":{"type":"Point","coordinates":[-73.25048,10.480506]}},{"type":"Feature","properties":{"id":"prov-0095","especie":"mango","altura_m":8.7,"diametro_copa_m":11.2,"altura_fuste_m":2.5,"caducifolio":false,"meses_sin_hojas":"","fuente":"provisional"},"geometry":{"type":"Point","coordinates":[-73.25038,10.480575]}},{"type":"Feature","properties":{"id":"prov-0096","especie":"canaguate","altura_m":10.3,"diametro_copa_m":8.3,"altura_fuste_m":3.0,"caducifolio":true,"meses_sin_hojas":"1,2,3","fuente":"provisional"},"geometry":{"type":"Point","coordinates":[-73.250238,10.480671]}},{"type":"Feature","properties":{"id":"prov-0097","especie":"mango","altura_m":11.0,"diametro_copa_m":9.6,"altura_fuste_m":2.5,"caducifolio":false,"meses_sin_hojas":"","fuente":"provisional"},"geometry":{"type":"Point","coordinates":[-73.242205,10.480245]}},{"type":"Feature","properties":{"id":"prov-0098","especie":"mango","altura_m":9.6,"diametro_copa_m":11.7,"altura_fuste_m":2.5,"caducifolio":false,"meses_sin_hojas":"","fuente":"provisional"},"geometry":{"type":"Point","coordinates":[-73.24233,10.480159]}},{"type":"Feature","properties":{"id":"prov-0099","especie":"mango","altura_m":8.4,"diametro_copa_m":8.4,"altura_fuste_m":2.5,"caducifolio":false,"meses_sin_hojas":"","fuente":"provisional"},"geometry":{"type":"Point","coordinates":[-73.242521,10.480527]}},{"type":"Feature","properties":{"id":"prov-0100","especie":"otro","altura_m":8.4,"diametro_copa_m":5.5,"altura_fuste_m":2.5,"caducifolio":false,"meses_sin_hojas":"","fuente":"provisional"},"geometry":{"type":"Point","coordinates":[-73.242407,10.480336]}},{"type":"Feature","properties":{"id":"prov-0101","especie":"mango","altura_m":8.4,"diametro_copa_m":9.6,"altura_fuste_m":2.5,"caducifolio":false,"meses_sin_hojas":"","fuente":"provisional"},"geometry":{"type":"Point","coordinates":[-73.248662,10.48289]}},{"type":"Feature","properties":{"id":"prov-0102","especie":"canaguate","altura_m":8.5,"diametro_copa_m":7.3,"altura_fuste_m":3.0,"caducifolio":true,"meses_sin_hojas":"1,2,3","fuente":"provisional"},"geometry":{"type":"Point","coordinates":[-73.248591,10.48279]}},{"type":"Feature","properties":{"id":"prov-0103","especie":"mango","altura_m":10.9,"diametro_copa_m":11.5,"altura_fuste_m":2.5,"caducifolio":false,"meses_sin_hojas":"","fuente":"provisional"},"geometry":{"type":"Point","coordinates":[-73.248491,10.48265]}},{"type":"Feature","properties":{"id":"prov-0104","especie":"canaguate","altura_m":10.3,"diametro_copa_m":8.2,"altura_fuste_m":3.0,"caducifolio":true,"meses_sin_hojas":"1,2,3","fuente":"provisional"},"geometry":{"type":"Point","coordinates":[-73.248413,10.482541]}},{"type":"Feature","properties":{"id":"prov-0105","especie":"mango","altura_m":11.4,"diametro_copa_m":10.2,"altura_fuste_m":2.5,"caducifolio":false,"meses_sin_hojas":"","fuente":"provisional"},"geometry":{"type":"Point","coordinates":[-73.248301,10.482384]}},{"type":"Feature","properties":{"id":"prov-0106","especie":"canaguate","altura_m":10.6,"diametro_copa_m":7.3,"altura_fuste_m":3.0,"caducifolio":true,"meses_sin_hojas":"1,2,3","fuente":"provisional"},"geometry":{"type":"Point","coordinates":[-73.24819,10.482228]}},{"type":"Feature","properties":{"id":"prov-0107","especie":"canaguate","altura_m":9.6,"diametro_copa_m":6.6,"altura_fuste_m":3.0,"caducifolio":true,"meses_sin_hojas":"1,2,3","fuente":"provisional"},"geometry":{"type":"Point","coordinates":[-73.248739,10.482904]}},{"type":"Feature","properties":{"id":"prov-0108","especie":"otro","altura_m":8.2,"diametro_copa_m":6.0,"altura_fuste_m":2.5,"caducifolio":false,"meses_sin_hojas":"","fuente":"provisional"},"geometry":{"type":"Point","coordinates":[-73.248621,10.482737]}},{"type":"Feature","properties":{"id":"prov-0109","especie":"mango","altura_m":9.7,"diametro_copa_m":9.8,"altura_fuste_m":2.5,"caducifolio":false,"meses_sin_hojas":"","fuente":"provisional"},"geometry":{"type":"Point","coordinates":[-73.248509,10.482581]}},{"type":"Feature","properties":{"id":"prov-0110","especie":"mango","altura_m":11.9,"diametro_copa_m":8.1,"altura_fuste_m":2.5,"caducifolio":false,"meses_sin_hojas":"","fuente":"provisional"},"geometry":{"type":"Point","coordinates":[-73.248389,10.482413]}},{"type":"Feature","properties":{"id":"prov-0111","especie":"mango","altura_m":11.1,"diametro_copa_m":10.9,"altura_fuste_m":2.5,"caducifolio":false,"meses_sin_hojas":"","fuente":"provisional"},"geometry":{"type":"Point","coordinates":[-73.248321,10.482317]}},{"type":"Feature","properties":{"id":"prov-0112","especie":"mango","altura_m":11.7,"diametro_copa_m":10.6,"altura_fuste_m":2.5,"caducifolio":false,"meses_sin_hojas":"","fuente":"provisional"},"geometry":{"type":"Point","coordinates":[-73.248198,10.482145]}},{"type":"Feature","properties":{"id":"prov-0113","especie":"mango","altura_m":10.0,"diametro_copa_m":8.7,"altura_fuste_m":2.5,"caducifolio":false,"meses_sin_hojas":"","fuente":"provisional"},"geometry":{"type":"Point","coordinates":[-73.247405,10.482663]}},{"type":"Feature","properties":{"id":"prov-0114","especie":"mango","altura_m":11.0,"diametro_copa_m":10.4,"altura_fuste_m":2.5,"caducifolio":false,"meses_sin_hojas":"","fuente":"provisional"},"geometry":{"type":"Point","coordinates":[-73.247542,10.48257]}},{"type":"Feature","properties":{"id":"prov-0115","especie":"mango","altura_m":11.6,"diametro_copa_m":9.9,"altura_fuste_m":2.5,"caducifolio":false,"meses_sin_hojas":"","fuente":"provisional"},"geometry":{"type":"Point","coordinates":[-73.247637,10.482506]}},{"type":"Feature","properties":{"id":"prov-0116","especie":"mango","altura_m":11.1,"diametro_copa_m":8.5,"altura_fuste_m":2.5,"caducifolio":false,"meses_sin_hojas":"","fuente":"provisional"},"geometry":{"type":"Point","coordinates":[-73.247799,10.482396]}},{"type":"Feature","properties":{"id":"prov-0117","especie":"mango","altura_m":11.3,"diametro_copa_m":11.0,"altura_fuste_m":2.5,"caducifolio":false,"meses_sin_hojas":"","fuente":"provisional"},"geometry":{"type":"Point","coordinates":[-73.247928,10.482309]}},{"type":"Feature","properties":{"id":"prov-0118","especie":"mango","altura_m":11.3,"diametro_copa_m":9.1,"altura_fuste_m":2.5,"caducifolio":false,"meses_sin_hojas":"","fuente":"provisional"},"geometry":{"type":"Point","coordinates":[-73.248144,10.482163]}},{"type":"Feature","properties":{"id":"prov-0119","especie":"otro","altura_m":9.3,"diametro_copa_m":7.2,"altura_fuste_m":2.5,"caducifolio":false,"meses_sin_hojas":"","fuente":"provisional"},"geometry":{"type":"Point","coordinates":[-73.249406,10.481444]}},{"type":"Feature","properties":{"id":"prov-0120","especie":"mango","altura_m":8.2,"diametro_copa_m":9.1,"altura_fuste_m":2.5,"caducifolio":false,"meses_sin_hojas":"","fuente":"provisional"},"geometry":{"type":"Point","coordinates":[-73.249516,10.481585]}},{"type":"Feature","properties":{"id":"prov-0121","especie":"mango","altura_m":10.4,"diametro_copa_m":8.9,"altura_fuste_m":2.5,"caducifolio":false,"meses_sin_hojas":"","fuente":"provisional"},"geometry":{"type":"Point","coordinates":[-73.249586,10.481675]}},{"type":"Feature","properties":{"id":"prov-0122","especie":"mango","altura_m":10.6,"diametro_copa_m":11.9,"altura_fuste_m":2.5,"caducifolio":false,"meses_sin_hojas":"","fuente":"provisional"},"geometry":{"type":"Point","coordinates":[-73.249667,10.481778]}},{"type":"Feature","properties":{"id":"prov-0123","especie":"mango","altura_m":11.4,"diametro_copa_m":10.3,"altura_fuste_m":2.5,"caducifolio":false,"meses_sin_hojas":"","fuente":"provisional"},"geometry":{"type":"Point","coordinates":[-73.249768,10.481908]}},{"type":"Feature","properties":{"id":"prov-0124","especie":"mango","altura_m":11.5,"diametro_copa_m":8.4,"altura_fuste_m":2.5,"caducifolio":false,"meses_sin_hojas":"","fuente":"provisional"},"geometry":{"type":"Point","coordinates":[-73.249843,10.482005]}},{"type":"Feature","properties":{"id":"prov-0125","especie":"canaguate","altura_m":10.5,"diametro_copa_m":8.2,"altura_fuste_m":3.0,"caducifolio":true,"meses_sin_hojas":"1,2,3","fuente":"provisional"},"geometry":{"type":"Point","coordinates":[-73.248856,10.480834]}},{"type":"Feature","properties":{"id":"prov-0126","especie":"mango","altura_m":10.8,"diametro_copa_m":9.0,"altura_fuste_m":2.5,"caducifolio":false,"meses_sin_hojas":"","fuente":"provisional"},"geometry":{"type":"Point","coordinates":[-73.248965,10.480972]}},{"type":"Feature","properties":{"id":"prov-0127","especie":"mango","altura_m":8.1,"diametro_copa_m":8.8,"altura_fuste_m":2.5,"caducifolio":false,"meses_sin_hojas":"","fuente":"provisional"},"geometry":{"type":"Point","coordinates":[-73.249038,10.481064]}},{"type":"Feature","properties":{"id":"prov-0128","especie":"mango","altura_m":10.6,"diametro_copa_m":11.4,"altura_fuste_m":2.5,"caducifolio":false,"meses_sin_hojas":"","fuente":"provisional"},"geometry":{"type":"Point","coordinates":[-73.249159,10.481217]}},{"type":"Feature","properties":{"id":"prov-0129","especie":"mango","altura_m":8.7,"diametro_copa_m":11.8,"altura_fuste_m":2.5,"caducifolio":false,"meses_sin_hojas":"","fuente":"provisional"},"geometry":{"type":"Point","coordinates":[-73.240872,10.477798]}},{"type":"Feature","properties":{"id":"prov-0130","especie":"mango","altura_m":10.2,"diametro_copa_m":9.3,"altura_fuste_m":2.5,"caducifolio":false,"meses_sin_hojas":"","fuente":"provisional"},"geometry":{"type":"Point","coordinates":[-73.240969,10.477741]}},{"type":"Feature","properties":{"id":"prov-0131","especie":"mango","altura_m":8.9,"diametro_copa_m":8.5,"altura_fuste_m":2.5,"caducifolio":false,"meses_sin_hojas":"","fuente":"provisional"},"geometry":{"type":"Point","coordinates":[-73.241075,10.477678]}},{"type":"Feature","properties":{"id":"prov-0132","especie":"mango","altura_m":11.8,"diametro_copa_m":11.9,"altura_fuste_m":2.5,"caducifolio":false,"meses_sin_hojas":"","fuente":"provisional"},"geometry":{"type":"Point","coordinates":[-73.241722,10.477364]}},{"type":"Feature","properties":{"id":"prov-0133","especie":"otro","altura_m":6.1,"diametro_copa_m":6.1,"altura_fuste_m":2.5,"caducifolio":false,"meses_sin_hojas":"","fuente":"provisional"},"geometry":{"type":"Point","coordinates":[-73.241606,10.477419]}},{"type":"Feature","properties":{"id":"prov-0134","especie":"canaguate","altura_m":10.4,"diametro_copa_m":7.1,"altura_fuste_m":3.0,"caducifolio":true,"meses_sin_hojas":"1,2,3","fuente":"provisional"},"geometry":{"type":"Point","coordinates":[-73.241464,10.477487]}},{"type":"Feature","properties":{"id":"prov-0135","especie":"otro","altura_m":7.1,"diametro_copa_m":7.1,"altura_fuste_m":2.5,"caducifolio":false,"meses_sin_hojas":"","fuente":"provisional"},"geometry":{"type":"Point","coordinates":[-73.241273,10.477578]}},{"type":"Feature","properties":{"id":"prov-0136","especie":"mango","altura_m":11.8,"diametro_copa_m":9.2,"altura_fuste_m":2.5,"caducifolio":false,"meses_sin_hojas":"","fuente":"provisional"},"geometry":{"type":"Point","coordinates":[-73.241146,10.477639]}},{"type":"Feature","properties":{"id":"prov-0137","especie":"mango","altura_m":9.6,"diametro_copa_m":11.9,"altura_fuste_m":2.5,"caducifolio":false,"meses_sin_hojas":"","fuente":"provisional"},"geometry":{"type":"Point","coordinates":[-73.246361,10.483301]}},{"type":"Feature","properties":{"id":"prov-0138","especie":"canaguate","altura_m":10.8,"diametro_copa_m":7.1,"altura_fuste_m":3.0,"caducifolio":true,"meses_sin_hojas":"1,2,3","fuente":"provisional"},"geometry":{"type":"Point","coordinates":[-73.246368,10.483362]}},{"type":"Feature","properties":{"id":"prov-0139","especie":"mango","altura_m":10.6,"diametro_copa_m":8.7,"altura_fuste_m":2.5,"caducifolio":false,"meses_sin_hojas":"","fuente":"provisional"},"geometry":{"type":"Point","coordinates":[-73.246491,10.483438]}},{"type":"Feature","properties":{"id":"prov-0140","especie":"canaguate","altura_m":9.9,"diametro_copa_m":7.9,"altura_fuste_m":3.0,"caducifolio":true,"meses_sin_hojas":"1,2,3","fuente":"provisional"},"geometry":{"type":"Point","coordinates":[-73.246628,10.483524]}},{"type":"Feature","properties":{"id":"prov-0141","especie":"mango","altura_m":11.5,"diametro_copa_m":10.9,"altura_fuste_m":2.5,"caducifolio":false,"meses_sin_hojas":"","fuente":"provisional"},"geometry":{"type":"Point","coordinates":[-73.246776,10.483617]}},{"type":"Feature","properties":{"id":"prov-0142","especie":"mango","altura_m":11.9,"diametro_copa_m":11.6,"altura_fuste_m":2.5,"caducifolio":false,"meses_sin_hojas":"","fuente":"provisional"},"geometry":{"type":"Point","coordinates":[-73.24693,10.483712]}},{"type":"Feature","properties":{"id":"prov-0143","especie":"canaguate","altura_m":11.0,"diametro_copa_m":8.1,"altura_fuste_m":3.0,"caducifolio":true,"meses_sin_hojas":"1,2,3","fuente":"provisional"},"geometry":{"type":"Point","coordinates":[-73.247061,10.483784]}},{"type":"Feature","properties":{"id":"prov-0144","especie":"mango","altura_m":10.4,"diametro_copa_m":10.3,"altura_fuste_m":2.5,"caducifolio":false,"meses_sin_hojas":"","fuente":"provisional"},"geometry":{"type":"Point","coordinates":[-73.247249,10.483886]}},{"type":"Feature","properties":{"id":"prov-0145","especie":"canaguate","altura_m":10.8,"diametro_copa_m":8.8,"altura_fuste_m":3.0,"caducifolio":true,"meses_sin_hojas":"1,2,3","fuente":"provisional"},"geometry":{"type":"Point","coordinates":[-73.24639,10.483472]}},{"type":"Feature","properties":{"id":"prov-0146","especie":"canaguate","altura_m":11.6,"diametro_copa_m":6.3,"altura_fuste_m":3.0,"caducifolio":true,"meses_sin_hojas":"1,2,3","fuente":"provisional"},"geometry":{"type":"Point","coordinates":[-73.24652,10.483553]}},{"type":"Feature","properties":{"id":"prov-0147","especie":"otro","altura_m":10.0,"diametro_copa_m":5.4,"altura_fuste_m":2.5,"caducifolio":false,"meses_sin_hojas":"","fuente":"provisional"},"geometry":{"type":"Point","coordinates":[-73.246677,10.483651]}},{"type":"Feature","properties":{"id":"prov-0148","especie":"mango","altura_m":10.1,"diametro_copa_m":11.0,"altura_fuste_m":2.5,"caducifolio":false,"meses_sin_hojas":"","fuente":"provisional"},"geometry":{"type":"Point","coordinates":[-73.246867,10.48377]}},{"type":"Feature","properties":{"id":"prov-0149","especie":"canaguate","altura_m":8.8,"diametro_copa_m":6.3,"altura_fuste_m":3.0,"caducifolio":true,"meses_sin_hojas":"1,2,3","fuente":"provisional"},"geometry":{"type":"Point","coordinates":[-73.246997,10.483841]}},{"type":"Feature","properties":{"id":"prov-0150","especie":"canaguate","altura_m":10.5,"diametro_copa_m":6.8,"altura_fuste_m":3.0,"caducifolio":true,"meses_sin_hojas":"1,2,3","fuente":"provisional"},"geometry":{"type":"Point","coordinates":[-73.247138,10.483918]}},{"type":"Feature","properties":{"id":"prov-0151","especie":"mango","altura_m":11.9,"diametro_copa_m":11.2,"altura_fuste_m":2.5,"caducifolio":false,"meses_sin_hojas":"","fuente":"provisional"},"geometry":{"type":"Point","coordinates":[-73.247301,10.484007]}},{"type":"Feature","properties":{"id":"prov-0152","especie":"canaguate","altura_m":8.5,"diametro_copa_m":8.1,"altura_fuste_m":3.0,"caducifolio":true,"meses_sin_hojas":"1,2,3","fuente":"provisional"},"geometry":{"type":"Point","coordinates":[-73.246742,10.485844]}},{"type":"Feature","properties":{"id":"prov-0153","especie":"mango","altura_m":10.1,"diametro_copa_m":8.2,"altura_fuste_m":2.5,"caducifolio":false,"meses_sin_hojas":"","fuente":"provisional"},"geometry":{"type":"Point","coordinates":[-73.246672,10.4857]}},{"type":"Feature","properties":{"id":"prov-0154","especie":"mango","altura_m":11.8,"diametro_copa_m":8.7,"altura_fuste_m":2.5,"caducifolio":false,"meses_sin_hojas":"","fuente":"provisional"},"geometry":{"type":"Point","coordinates":[-73.246608,10.485564]}},{"type":"Feature","properties":{"id":"prov-0155","especie":"mango","altura_m":11.9,"diametro_copa_m":10.2,"altura_fuste_m":2.5,"caducifolio":false,"meses_sin_hojas":"","fuente":"provisional"},"geometry":{"type":"Point","coordinates":[-73.246531,10.485391]}},{"type":"Feature","properties":{"id":"prov-0156","especie":"mango","altura_m":8.5,"diametro_copa_m":11.8,"altura_fuste_m":2.5,"caducifolio":false,"meses_sin_hojas":"","fuente":"provisional"},"geometry":{"type":"Point","coordinates":[-73.246434,10.485204]}},{"type":"Feature","properties":{"id":"prov-0157","especie":"mango","altura_m":9.5,"diametro_copa_m":8.1,"altura_fuste_m":2.5,"caducifolio":false,"meses_sin_hojas":"","fuente":"provisional"},"geometry":{"type":"Point","coordinates":[-73.246362,10.485081]}},{"type":"Feature","properties":{"id":"prov-0158","especie":"mango","altura_m":11.6,"diametro_copa_m":8.6,"altura_fuste_m":2.5,"caducifolio":false,"meses_sin_hojas":"","fuente":"provisional"},"geometry":{"type":"Point","coordinates":[-73.246287,10.484961]}},{"type":"Feature","properties":{"id":"prov-0159","especie":"mango","altura_m":9.8,"diametro_copa_m":9.0,"altura_fuste_m":2.5,"caducifolio":false,"meses_sin_hojas":"","fuente":"provisional"},"geometry":{"type":"Point","coordinates":[-73.246179,10.484779]}},{"type":"Feature","properties":{"id":"prov-0160","especie":"mango","altura_m":8.1,"diametro_copa_m":11.7,"altura_fuste_m":2.5,"caducifolio":false,"meses_sin_hojas":"","fuente":"provisional"},"geometry":{"type":"Point","coordinates":[-73.246106,10.484635]}},{"type":"Feature","properties":{"id":"prov-0161","especie":"mango","altura_m":9.2,"diametro_copa_m":8.5,"altura_fuste_m":2.5,"caducifolio":false,"meses_sin_hojas":"","fuente":"provisional"},"geometry":{"type":"Point","coordinates":[-73.246038,10.484501]}},{"type":"Feature","properties":{"id":"prov-0162","especie":"canaguate","altura_m":9.4,"diametro_copa_m":7.8,"altura_fuste_m":3.0,"caducifolio":true,"meses_sin_hojas":"1,2,3","fuente":"provisional"},"geometry":{"type":"Point","coordinates":[-73.245998,10.484271]}},{"type":"Feature","properties":{"id":"prov-0163","especie":"mango","altura_m":12.0,"diametro_copa_m":10.0,"altura_fuste_m":2.5,"caducifolio":false,"meses_sin_hojas":"","fuente":"provisional"},"geometry":{"type":"Point","coordinates":[-73.246179,10.484138]}},{"type":"Feature","properties":{"id":"prov-0164","especie":"mango","altura_m":10.0,"diametro_copa_m":10.8,"altura_fuste_m":2.5,"caducifolio":false,"meses_sin_hojas":"","fuente":"provisional"},"geometry":{"type":"Point","coordinates":[-73.246272,10.484004]}},{"type":"Feature","properties":{"id":"prov-0165","especie":"mango","altura_m":8.3,"diametro_copa_m":11.0,"altura_fuste_m":2.5,"caducifolio":false,"meses_sin_hojas":"","fuente":"provisional"},"geometry":{"type":"Point","coordinates":[-73.24628,10.483837]}},{"type":"Feature","properties":{"id":"prov-0166","especie":"mango","altura_m":11.1,"diametro_copa_m":8.8,"altura_fuste_m":2.5,"caducifolio":false,"meses_sin_hojas":"","fuente":"provisional"},"geometry":{"type":"Point","coordinates":[-73.24625,10.483686]}},{"type":"Feature","properties":{"id":"prov-0167","especie":"mango","altura_m":9.6,"diametro_copa_m":9.0,"altura_fuste_m":2.5,"caducifolio":false,"meses_sin_hojas":"","fuente":"provisional"},"geometry":{"type":"Point","coordinates":[-73.246252,10.483553]}},{"type":"Feature","properties":{"id":"prov-0168","especie":"canaguate","altura_m":10.8,"diametro_copa_m":7.4,"altura_fuste_m":3.0,"caducifolio":true,"meses_sin_hojas":"1,2,3","fuente":"provisional"},"geometry":{"type":"Point","coordinates":[-73.246789,10.485817]}},{"type":"Feature","properties":{"id":"prov-0169","especie":"otro","altura_m":7.2,"diametro_copa_m":6.3,"altura_fuste_m":2.5,"caducifolio":false,"meses_sin_hojas":"","fuente":"provisional"},"geometry":{"type":"Point","coordinates":[-73.246719,10.485672]}},{"type":"Feature","properties":{"id":"prov-0170","especie":"otro","altura_m":8.9,"diametro_copa_m":8.0,"altura_fuste_m":2.5,"caducifolio":false,"meses_sin_hojas":"","fuente":"provisional"},"geometry":{"type":"Point","coordinates":[-73.246641,10.485505]}},{"type":"Feature","properties":{"id":"prov-0171","especie":"mango","altura_m":11.1,"diametro_copa_m":11.8,"altura_fuste_m":2.5,"caducifolio":false,"meses_sin_hojas":"","fuente":"provisional"},"geometry":{"type":"Point","coordinates":[-73.246591,10.485391]}},{"type":"Feature","properties":{"id":"prov-0172","especie":"mango","altura_m":10.9,"diametro_copa_m":10.1,"altura_fuste_m":2.5,"caducifolio":false,"meses_sin_hojas":"","fuente":"provisional"},"geometry":{"type":"Point","coordinates":[-73.246506,10.485218]}},{"type":"Feature","properties":{"id":"prov-0173","especie":"mango","altura_m":11.0,"diametro_copa_m":10.2,"altura_fuste_m":2.5,"caducifolio":false,"meses_sin_hojas":"","fuente":"provisional"},"geometry":{"type":"Point","coordinates":[-73.2464,10.485038]}},{"type":"Feature","properties":{"id":"prov-0174","especie":"otro","altura_m":9.2,"diametro_copa_m":5.5,"altura_fuste_m":2.5,"caducifolio":false,"meses_sin_hojas":"","fuente":"provisional"},"geometry":{"type":"Point","coordinates":[-73.246323,10.484915]}},{"type":"Feature","properties":{"id":"prov-0175","especie":"canaguate","altura_m":8.5,"diametro_copa_m":7.9,"altura_fuste_m":3.0,"caducifolio":true,"meses_sin_hojas":"1,2,3","fuente":"provisional"},"geometry":{"type":"Point","coordinates":[-73.246228,10.484755]}},{"type":"Feature","properties":{"id":"prov-0176","especie":"mango","altura_m":11.0,"diametro_copa_m":9.9,"altura_fuste_m":2.5,"caducifolio":false,"meses_sin_hojas":"","fuente":"provisional"},"geometry":{"type":"Point","coordinates":[-73.246173,10.484646]}},{"type":"Feature","properties":{"id":"prov-0177","especie":"mango","altura_m":11.8,"diametro_copa_m":10.6,"altura_fuste_m":2.5,"caducifolio":false,"meses_sin_hojas":"","fuente":"provisional"},"geometry":{"type":"Point","coordinates":[-73.246115,10.484533]}},{"type":"Feature","properties":{"id":"prov-0178","especie":"canaguate","altura_m":9.0,"diametro_copa_m":8.7,"altura_fuste_m":3.0,"caducifolio":true,"meses_sin_hojas":"1,2,3","fuente":"provisional"},"geometry":{"type":"Point","coordinates":[-73.246053,10.484409]}},{"type":"Feature","properties":{"id":"prov-0179","especie":"mango","altura_m":11.4,"diametro_copa_m":10.8,"altura_fuste_m":2.5,"caducifolio":false,"meses_sin_hojas":"","fuente":"provisional"},"geometry":{"type":"Point","coordinates":[-73.24607,10.484278]}},{"type":"Feature","properties":{"id":"prov-0180","especie":"otro","altura_m":7.0,"diametro_copa_m":5.9,"altura_fuste_m":2.5,"caducifolio":false,"meses_sin_hojas":"","fuente":"provisional"},"geometry":{"type":"Point","coordinates":[-73.246165,10.484212]}},{"type":"Feature","properties":{"id":"prov-0181","especie":"canaguate","altura_m":9.2,"diametro_copa_m":6.9,"altura_fuste_m":3.0,"caducifolio":true,"meses_sin_hojas":"1,2,3","fuente":"provisional"},"geometry":{"type":"Point","coordinates":[-73.246307,10.48408]}},{"type":"Feature","properties":{"id":"prov-0182","especie":"canaguate","altura_m":11.6,"diametro_copa_m":8.4,"altura_fuste_m":3.0,"caducifolio":true,"meses_sin_hojas":"1,2,3","fuente":"provisional"},"geometry":{"type":"Point","coordinates":[-73.246333,10.483965]}},{"type":"Feature","properties":{"id":"prov-0183","especie":"mango","altura_m":11.1,"diametro_copa_m":11.4,"altura_fuste_m":2.5,"caducifolio":false,"meses_sin_hojas":"","fuente":"provisional"},"geometry":{"type":"Point","coordinates":[-73.246335,10.48383]}},{"type":"Feature","properties":{"id":"prov-0184","especie":"mango","altura_m":9.2,"diametro_copa_m":8.2,"altura_fuste_m":2.5,"caducifolio":false,"meses_sin_hojas":"","fuente":"provisional"},"geometry":{"type":"Point","coordinates":[-73.246309,10.483717]}},{"type":"Feature","properties":{"id":"prov-0185","especie":"mango","altura_m":10.2,"diametro_copa_m":11.4,"altura_fuste_m":2.5,"caducifolio":false,"meses_sin_hojas":"","fuente":"provisional"},"geometry":{"type":"Point","coordinates":[-73.246309,10.483526]}},{"type":"Feature","properties":{"id":"prov-0186","especie":"mango","altura_m":11.9,"diametro_copa_m":10.1,"altura_fuste_m":2.5,"caducifolio":false,"meses_sin_hojas":"","fuente":"provisional"},"geometry":{"type":"Point","coordinates":[-73.246446,10.472409]}},{"type":"Feature","properties":{"id":"prov-0187","especie":"mango","altura_m":10.2,"diametro_copa_m":10.6,"altura_fuste_m":2.5,"caducifolio":false,"meses_sin_hojas":"","fuente":"provisional"},"geometry":{"type":"Point","coordinates":[-73.246596,10.472305]}},{"type":"Feature","properties":{"id":"prov-0188","especie":"mango","altura_m":9.5,"diametro_copa_m":9.6,"altura_fuste_m":2.5,"caducifolio":false,"meses_sin_hojas":"","fuente":"provisional"},"geometry":{"type":"Point","coordinates":[-73.246772,10.472182]}},{"type":"Feature","properties":{"id":"prov-0189","especie":"otro","altura_m":6.2,"diametro_copa_m":5.7,"altura_fuste_m":2.5,"caducifolio":false,"meses_sin_hojas":"","fuente":"provisional"},"geometry":{"type":"Point","coordinates":[-73.246547,10.472415]}},{"type":"Feature","properties":{"id":"prov-0190","especie":"canaguate","altura_m":10.6,"diametro_copa_m":7.8,"altura_fuste_m":3.0,"caducifolio":true,"meses_sin_hojas":"1,2,3","fuente":"provisional"},"geometry":{"type":"Point","coordinates":[-73.246672,10.472328]}},{"type":"Feature","properties":{"id":"prov-0191","especie":"mango","altura_m":10.2,"diametro_copa_m":10.8,"altura_fuste_m":2.5,"caducifolio":false,"meses_sin_hojas":"","fuente":"provisional"},"geometry":{"type":"Point","coordinates":[-73.246778,10.472255]}},{"type":"Feature","properties":{"id":"prov-0192","especie":"mango","altura_m":11.3,"diametro_copa_m":8.7,"altura_fuste_m":2.5,"caducifolio":false,"meses_sin_hojas":"","fuente":"provisional"},"geometry":{"type":"Point","coordinates":[-73.246922,10.472154]}},{"type":"Feature","properties":{"id":"prov-0193","especie":"mango","altura_m":10.9,"diametro_copa_m":12.0,"altura_fuste_m":2.5,"caducifolio":false,"meses_sin_hojas":"","fuente":"provisional"},"geometry":{"type":"Point","coordinates":[-73.246035,10.47275]}},{"type":"Feature","properties":{"id":"prov-0194","especie":"canaguate","altura_m":9.1,"diametro_copa_m":8.8,"altura_fuste_m":3.0,"caducifolio":true,"meses_sin_hojas":"1,2,3","fuente":"provisional"},"geometry":{"type":"Point","coordinates":[-73.246215,10.472634]}},{"type":"Feature","properties":{"id":"prov-0195","especie":"mango","altura_m":9.3,"diametro_copa_m":10.1,"altura_fuste_m":2.5,"caducifolio":false,"meses_sin_hojas":"","fuente":"provisional"},"geometry":{"type":"Point","coordinates":[-73.246399,10.472516]}},{"type":"Feature","properties":{"id":"prov-0196","especie":"mango","altura_m":9.9,"diametro_copa_m":9.3,"altura_fuste_m":2.5,"caducifolio":false,"meses_sin_hojas":"","fuente":"provisional"},"geometry":{"type":"Point","coordinates":[-73.250854,10.476475]}},{"type":"Feature","properties":{"id":"prov-0197","especie":"mango","altura_m":10.6,"diametro_copa_m":10.3,"altura_fuste_m":2.5,"caducifolio":false,"meses_sin_hojas":"","fuente":"provisional"},"geometry":{"type":"Point","coordinates":[-73.250764,10.476348]}},{"type":"Feature","properties":{"id":"prov-0198","especie":"mango","altura_m":9.6,"diametro_copa_m":11.7,"altura_fuste_m":2.5,"caducifolio":false,"meses_sin_hojas":"","fuente":"provisional"},"geometry":{"type":"Point","coordinates":[-73.250653,10.47619]}},{"type":"Feature","properties":{"id":"prov-0199","especie":"mango","altura_m":11.6,"diametro_copa_m":8.9,"altura_fuste_m":2.5,"caducifolio":false,"meses_sin_hojas":"","fuente":"provisional"},"geometry":{"type":"Point","coordinates":[-73.250586,10.476094]}},{"type":"Feature","properties":{"id":"prov-0200","especie":"mango","altura_m":10.7,"diametro_copa_m":9.0,"altura_fuste_m":2.5,"caducifolio":false,"meses_sin_hojas":"","fuente":"provisional"},"geometry":{"type":"Point","coordinates":[-73.25052,10.476]}},{"type":"Feature","properties":{"id":"prov-0201","especie":"canaguate","altura_m":11.4,"diametro_copa_m":8.7,"altura_fuste_m":3.0,"caducifolio":true,"meses_sin_hojas":"1,2,3","fuente":"provisional"},"geometry":{"type":"Point","coordinates":[-73.250419,10.475856]}},{"type":"Feature","properties":{"id":"prov-0202","especie":"canaguate","altura_m":10.1,"diametro_copa_m":6.7,"altura_fuste_m":3.0,"caducifolio":true,"meses_sin_hojas":"1,2,3","fuente":"provisional"},"geometry":{"type":"Point","coordinates":[-73.249787,10.476141]}},{"type":"Feature","properties":{"id":"prov-0203","especie":"mango","altura_m":10.3,"diametro_copa_m":8.8,"altura_fuste_m":2.5,"caducifolio":false,"meses_sin_hojas":"","fuente":"provisional"},"geometry":{"type":"Point","coordinates":[-73.249926,10.476052]}},{"type":"Feature","properties":{"id":"prov-0204","especie":"canaguate","altura_m":8.5,"diametro_copa_m":8.6,"altura_fuste_m":3.0,"caducifolio":true,"meses_sin_hojas":"1,2,3","fuente":"provisional"},"geometry":{"type":"Point","coordinates":[-73.25011,10.475934]}},{"type":"Feature","properties":{"id":"prov-0205","especie":"mango","altura_m":10.9,"diametro_copa_m":9.5,"altura_fuste_m":2.5,"caducifolio":false,"meses_sin_hojas":"","fuente":"provisional"},"geometry":{"type":"Point","coordinates":[-73.250261,10.475838]}},{"type":"Feature","properties":{"id":"prov-0206","especie":"mango","altura_m":10.0,"diametro_copa_m":10.3,"altura_fuste_m":2.5,"caducifolio":false,"meses_sin_hojas":"","fuente":"provisional"},"geometry":{"type":"Point","coordinates":[-73.244194,10.478394]}},{"type":"Feature","properties":{"id":"prov-0207","especie":"mango","altura_m":10.0,"diametro_copa_m":8.8,"altura_fuste_m":2.5,"caducifolio":false,"meses_sin_hojas":"","fuente":"provisional"},"geometry":{"type":"Point","coordinates":[-73.244345,10.478292]}},{"type":"Feature","properties":{"id":"prov-0208","especie":"canaguate","altura_m":10.6,"diametro_copa_m":8.8,"altura_fuste_m":3.0,"caducifolio":true,"meses_sin_hojas":"1,2,3","fuente":"provisional"},"geometry":{"type":"Point","coordinates":[-73.24444,10.478228]}},{"type":"Feature","properties":{"id":"prov-0209","especie":"mango","altura_m":9.3,"diametro_copa_m":11.7,"altura_fuste_m":2.5,"caducifolio":false,"meses_sin_hojas":"","fuente":"provisional"},"geometry":{"type":"Point","coordinates":[-73.248228,10.471316]}},{"type":"Feature","properties":{"id":"prov-0210","especie":"mango","altura_m":11.5,"diametro_copa_m":9.8,"altura_fuste_m":2.5,"caducifolio":false,"meses_sin_hojas":"","fuente":"provisional"},"geometry":{"type":"Point","coordinates":[-73.24831,10.471442]}},{"type":"Feature","properties":{"id":"prov-0211","especie":"canaguate","altura_m":10.2,"diametro_copa_m":8.4,"altura_fuste_m":3.0,"caducifolio":true,"meses_sin_hojas":"1,2,3","fuente":"provisional"},"geometry":{"type":"Point","coordinates":[-73.248431,10.471627]}},{"type":"Feature","properties":{"id":"prov-0212","especie":"mango","altura_m":11.9,"diametro_copa_m":11.9,"altura_fuste_m":2.5,"caducifolio":false,"meses_sin_hojas":"","fuente":"provisional"},"geometry":{"type":"Point","coordinates":[-73.248512,10.471751]}},{"type":"Feature","properties":{"id":"prov-0213","especie":"canaguate","altura_m":8.4,"diametro_copa_m":6.4,"altura_fuste_m":3.0,"caducifolio":true,"meses_sin_hojas":"1,2,3","fuente":"provisional"},"geometry":{"type":"Point","coordinates":[-73.248211,10.471407]}},{"type":"Feature","properties":{"id":"prov-0214","especie":"otro","altura_m":9.7,"diametro_copa_m":5.1,"altura_fuste_m":2.5,"caducifolio":false,"meses_sin_hojas":"","fuente":"provisional"},"geometry":{"type":"Point","coordinates":[-73.248276,10.471507]}},{"type":"Feature","properties":{"id":"prov-0215","especie":"mango","altura_m":8.6,"diametro_copa_m":11.5,"altura_fuste_m":2.5,"caducifolio":false,"meses_sin_hojas":"","fuente":"provisional"},"geometry":{"type":"Point","coordinates":[-73.248354,10.471626]}},{"type":"Feature","properties":{"id":"prov-0216","especie":"mango","altura_m":9.6,"diametro_copa_m":10.0,"altura_fuste_m":2.5,"caducifolio":false,"meses_sin_hojas":"","fuente":"provisional"},"geometry":{"type":"Point","coordinates":[-73.248433,10.471747]}},{"type":"Feature","properties":{"id":"prov-0217","especie":"mango","altura_m":10.5,"diametro_copa_m":11.3,"altura_fuste_m":2.5,"caducifolio":false,"meses_sin_hojas":"","fuente":"provisional"},"geometry":{"type":"Point","coordinates":[-73.248505,10.471857]}},{"type":"Feature","properties":{"id":"prov-0218","especie":"mango","altura_m":9.2,"diametro_copa_m":8.3,"altura_fuste_m":2.5,"caducifolio":false,"meses_sin_hojas":"","fuente":"provisional"},"geometry":{"type":"Point","coordinates":[-73.247012,10.472021]}},{"type":"Feature","properties":{"id":"prov-0219","especie":"otro","altura_m":6.1,"diametro_copa_m":7.4,"altura_fuste_m":2.5,"caducifolio":false,"meses_sin_hojas":"","fuente":"provisional"},"geometry":{"type":"Point","coordinates":[-73.247111,10.471959]}},{"type":"Feature","properties":{"id":"prov-0220","especie":"mango","altura_m":11.4,"diametro_copa_m":8.9,"altura_fuste_m":2.5,"caducifolio":false,"meses_sin_hojas":"","fuente":"provisional"},"geometry":{"type":"Point","coordinates":[-73.247212,10.471894]}},{"type":"Feature","properties":{"id":"prov-0221","especie":"canaguate","altura_m":11.0,"diametro_copa_m":8.1,"altura_fuste_m":3.0,"caducifolio":true,"meses_sin_hojas":"1,2,3","fuente":"provisional"},"geometry":{"type":"Point","coordinates":[-73.247308,10.471834]}},{"type":"Feature","properties":{"id":"prov-0222","especie":"mango","altura_m":10.0,"diametro_copa_m":10.6,"altura_fuste_m":2.5,"caducifolio":false,"meses_sin_hojas":"","fuente":"provisional"},"geometry":{"type":"Point","coordinates":[-73.247423,10.471761]}},{"type":"Feature","properties":{"id":"prov-0223","especie":"canaguate","altura_m":8.4,"diametro_copa_m":7.7,"altura_fuste_m":3.0,"caducifolio":true,"meses_sin_hojas":"1,2,3","fuente":"provisional"},"geometry":{"type":"Point","coordinates":[-73.247609,10.471643]}},{"type":"Feature","properties":{"id":"prov-0224","especie":"canaguate","altura_m":8.7,"diametro_copa_m":6.2,"altura_fuste_m":3.0,"caducifolio":true,"meses_sin_hojas":"1,2,3","fuente":"provisional"},"geometry":{"type":"Point","coordinates":[-73.247704,10.471584]}},{"type":"Feature","properties":{"id":"prov-0225","especie":"canaguate","altura_m":9.2,"diametro_copa_m":7.1,"altura_fuste_m":3.0,"caducifolio":true,"meses_sin_hojas":"1,2,3","fuente":"provisional"},"geometry":{"type":"Point","coordinates":[-73.247894,10.471463]}},{"type":"Feature","properties":{"id":"prov-0226","especie":"mango","altura_m":11.5,"diametro_copa_m":9.4,"altura_fuste_m":2.5,"caducifolio":false,"meses_sin_hojas":"","fuente":"provisional"},"geometry":{"type":"Point","coordinates":[-73.248001,10.471396]}},{"type":"Feature","properties":{"id":"prov-0227","especie":"mango","altura_m":11.9,"diametro_copa_m":11.1,"altura_fuste_m":2.5,"caducifolio":false,"meses_sin_hojas":"","fuente":"provisional"},"geometry":{"type":"Point","coordinates":[-73.248155,10.471298]}},{"type":"Feature","properties":{"id":"prov-0228","especie":"mango","altura_m":9.7,"diametro_copa_m":10.5,"altura_fuste_m":2.5,"caducifolio":false,"meses_sin_hojas":"","fuente":"provisional"},"geometry":{"type":"Point","coordinates":[-73.247951,10.483628]}},{"type":"Feature","properties":{"id":"prov-0229","especie":"mango","altura_m":9.0,"diametro_copa_m":9.9,"altura_fuste_m":2.5,"caducifolio":false,"meses_sin_hojas":"","fuente":"provisional"},"geometry":{"type":"Point","coordinates":[-73.247841,10.483454]}},{"type":"Feature","properties":{"id":"prov-0230","especie":"mango","altura_m":8.0,"diametro_copa_m":9.4,"altura_fuste_m":2.5,"caducifolio":false,"meses_sin_hojas":"","fuente":"provisional"},"geometry":{"type":"Point","coordinates":[-73.247763,10.48333]}},{"type":"Feature","properties":{"id":"prov-0231","especie":"canaguate","altura_m":9.2,"diametro_copa_m":7.6,"altura_fuste_m":3.0,"caducifolio":true,"meses_sin_hojas":"1,2,3","fuente":"provisional"},"geometry":{"type":"Point","coordinates":[-73.247664,10.483173]}},{"type":"Feature","properties":{"id":"prov-0232","especie":"canaguate","altura_m":8.1,"diametro_copa_m":6.3,"altura_fuste_m":3.0,"caducifolio":true,"meses_sin_hojas":"1,2,3","fuente":"provisional"},"geometry":{"type":"Point","coordinates":[-73.247585,10.483048]}},{"type":"Feature","properties":{"id":"prov-0233","especie":"canaguate","altura_m":10.2,"diametro_copa_m":6.3,"altura_fuste_m":3.0,"caducifolio":true,"meses_sin_hojas":"1,2,3","fuente":"provisional"},"geometry":{"type":"Point","coordinates":[-73.247497,10.482907]}},{"type":"Feature","properties":{"id":"prov-0234","especie":"otro","altura_m":6.9,"diametro_copa_m":5.2,"altura_fuste_m":2.5,"caducifolio":false,"meses_sin_hojas":"","fuente":"provisional"},"geometry":{"type":"Point","coordinates":[-73.247405,10.482762]}},{"type":"Feature","properties":{"id":"prov-0235","especie":"mango","altura_m":10.4,"diametro_copa_m":9.3,"altura_fuste_m":2.5,"caducifolio":false,"meses_sin_hojas":"","fuente":"provisional"},"geometry":{"type":"Point","coordinates":[-73.246743,10.48311]}},{"type":"Feature","properties":{"id":"prov-0236","especie":"mango","altura_m":9.8,"diametro_copa_m":9.8,"altura_fuste_m":2.5,"caducifolio":false,"meses_sin_hojas":"","fuente":"provisional"},"geometry":{"type":"Point","coordinates":[-73.246856,10.483034]}},{"type":"Feature","properties":{"id":"prov-0237","especie":"otro","altura_m":9.8,"diametro_copa_m":7.4,"altura_fuste_m":2.5,"caducifolio":false,"meses_sin_hojas":"","fuente":"provisional"},"geometry":{"type":"Point","coordinates":[-73.247029,10.482916]}},{"type":"Feature","properties":{"id":"prov-0238","especie":"otro","altura_m":8.1,"diametro_copa_m":6.4,"altura_fuste_m":2.5,"caducifolio":false,"meses_sin_hojas":"","fuente":"provisional"},"geometry":{"type":"Point","coordinates":[-73.247193,10.482806]}},{"type":"Feature","properties":{"id":"prov-0239","especie":"canaguate","altura_m":10.9,"diametro_copa_m":6.7,"altura_fuste_m":3.0,"caducifolio":true,"meses_sin_hojas":"1,2,3","fuente":"provisional"},"geometry":{"type":"Point","coordinates":[-73.247292,10.482739]}},{"type":"Feature","properties":{"id":"prov-0240","especie":"mango","altura_m":11.8,"diametro_copa_m":12.0,"altura_fuste_m":2.5,"caducifolio":false,"meses_sin_hojas":"","fuente":"provisional"},"geometry":{"type":"Point","coordinates":[-73.242368,10.477655]}},{"type":"Feature","properties":{"id":"prov-0241","especie":"canaguate","altura_m":8.2,"diametro_copa_m":7.6,"altura_fuste_m":3.0,"caducifolio":true,"meses_sin_hojas":"1,2,3","fuente":"provisional"},"geometry":{"type":"Point","coordinates":[-73.242264,10.477734]}},{"type":"Feature","properties":{"id":"prov-0242","especie":"mango","altura_m":8.4,"diametro_copa_m":8.8,"altura_fuste_m":2.5,"caducifolio":false,"meses_sin_hojas":"","fuente":"provisional"},"geometry":{"type":"Point","coordinates":[-73.242178,10.47781]}},{"type":"Feature","properties":{"id":"prov-0243","especie":"canaguate","altura_m":9.0,"diametro_copa_m":8.1,"altura_fuste_m":3.0,"caducifolio":true,"meses_sin_hojas":"1,2,3","fuente":"provisional"},"geometry":{"type":"Point","coordinates":[-73.242463,10.477524]}},{"type":"Feature","properties":{"id":"prov-0244","especie":"canaguate","altura_m":10.5,"diametro_copa_m":6.6,"altura_fuste_m":3.0,"caducifolio":true,"meses_sin_hojas":"1,2,3","fuente":"provisional"},"geometry":{"type":"Point","coordinates":[-73.242331,10.477615]}},{"type":"Feature","properties":{"id":"prov-0245","especie":"canaguate","altura_m":10.8,"diametro_copa_m":8.0,"altura_fuste_m":3.0,"caducifolio":true,"meses_sin_hojas":"1,2,3","fuente":"provisional"},"geometry":{"type":"Point","coordinates":[-73.242238,10.477684]}},{"type":"Feature","properties":{"id":"prov-0246","especie":"mango","altura_m":11.8,"diametro_copa_m":9.4,"altura_fuste_m":2.5,"caducifolio":false,"meses_sin_hojas":"","fuente":"provisional"},"geometry":{"type":"Point","coordinates":[-73.242074,10.477829]}},{"type":"Feature","properties":{"id":"prov-0247","especie":"mango","altura_m":11.9,"diametro_copa_m":9.2,"altura_fuste_m":2.5,"caducifolio":false,"meses_sin_hojas":"","fuente":"provisional"},"geometry":{"type":"Point","coordinates":[-73.245481,10.479667]}},{"type":"Feature","properties":{"id":"prov-0248","especie":"otro","altura_m":6.4,"diametro_copa_m":7.6,"altura_fuste_m":2.5,"caducifolio":false,"meses_sin_hojas":"","fuente":"provisional"},"geometry":{"type":"Point","coordinates":[-73.245632,10.479605]}},{"type":"Feature","properties":{"id":"prov-0249","especie":"mango","altura_m":8.5,"diametro_copa_m":11.2,"altura_fuste_m":2.5,"caducifolio":false,"meses_sin_hojas":"","fuente":"provisional"},"geometry":{"type":"Point","coordinates":[-73.245754,10.479554]}},{"type":"Feature","properties":{"id":"prov-0250","especie":"mango","altura_m":10.5,"diametro_copa_m":11.8,"altura_fuste_m":2.5,"caducifolio":false,"meses_sin_hojas":"","fuente":"provisional"},"geometry":{"type":"Point","coordinates":[-73.245894,10.479496]}},{"type":"Feature","properties":{"id":"prov-0251","especie":"mango","altura_m":10.1,"diametro_copa_m":9.7,"altura_fuste_m":2.5,"caducifolio":false,"meses_sin_hojas":"","fuente":"provisional"},"geometry":{"type":"Point","coordinates":[-73.245999,10.479452]}},{"type":"Feature","properties":{"id":"prov-0252","especie":"mango","altura_m":8.2,"diametro_copa_m":10.7,"altura_fuste_m":2.5,"caducifolio":false,"meses_sin_hojas":"","fuente":"provisional"},"geometry":{"type":"Point","coordinates":[-73.246175,10.47938]}},{"type":"Feature","properties":{"id":"prov-0253","especie":"canaguate","altura_m":8.3,"diametro_copa_m":8.5,"altura_fuste_m":3.0,"caducifolio":true,"meses_sin_hojas":"1,2,3","fuente":"provisional"},"geometry":{"type":"Point","coordinates":[-73.246794,10.478933]}},{"type":"Feature","properties":{"id":"prov-0254","especie":"mango","altura_m":8.1,"diametro_copa_m":10.8,"altura_fuste_m":2.5,"caducifolio":false,"meses_sin_hojas":"","fuente":"provisional"},"geometry":{"type":"Point","coordinates":[-73.246699,10.479002]}},{"type":"Feature","properties":{"id":"prov-0255","especie":"mango","altura_m":11.0,"diametro_copa_m":8.1,"altura_fuste_m":2.5,"caducifolio":false,"meses_sin_hojas":"","fuente":"provisional"},"geometry":{"type":"Point","coordinates":[-73.246526,10.479128]}},{"type":"Feature","properties":{"id":"prov-0256","especie":"canaguate","altura_m":8.4,"diametro_copa_m":6.5,"altura_fuste_m":3.0,"caducifolio":true,"meses_sin_hojas":"1,2,3","fuente":"provisional"},"geometry":{"type":"Point","coordinates":[-73.246278,10.479308]}},{"type":"Feature","properties":{"id":"prov-0257","especie":"mango","altura_m":11.4,"diametro_copa_m":10.7,"altura_fuste_m":2.5,"caducifolio":false,"meses_sin_hojas":"","fuente":"provisional"},"geometry":{"type":"Point","coordinates":[-73.245956,10.479081]}},{"type":"Feature","properties":{"id":"prov-0258","especie":"otro","altura_m":8.4,"diametro_copa_m":6.3,"altura_fuste_m":2.5,"caducifolio":false,"meses_sin_hojas":"","fuente":"provisional"},"geometry":{"type":"Point","coordinates":[-73.245846,10.478916]}},{"type":"Feature","properties":{"id":"prov-0259","especie":"mango","altura_m":10.9,"diametro_copa_m":9.8,"altura_fuste_m":2.5,"caducifolio":false,"meses_sin_hojas":"","fuente":"provisional"},"geometry":{"type":"Point","coordinates":[-73.246094,10.479189]}},{"type":"Feature","properties":{"id":"prov-0260","especie":"otro","altura_m":8.0,"diametro_copa_m":6.1,"altura_fuste_m":2.5,"caducifolio":false,"meses_sin_hojas":"","fuente":"provisional"},"geometry":{"type":"Point","coordinates":[-73.245971,10.479005]}},{"type":"Feature","properties":{"id":"prov-0261","especie":"canaguate","altura_m":9.6,"diametro_copa_m":8.2,"altura_fuste_m":3.0,"caducifolio":true,"meses_sin_hojas":"1,2,3","fuente":"provisional"},"geometry":{"type":"Point","coordinates":[-73.245907,10.478909]}},{"type":"Feature","properties":{"id":"prov-0262","especie":"mango","altura_m":10.9,"diametro_copa_m":11.7,"altura_fuste_m":2.5,"caducifolio":false,"meses_sin_hojas":"","fuente":"provisional"},"geometry":{"type":"Point","coordinates":[-73.24584,10.478809]}},{"type":"Feature","properties":{"id":"prov-0263","especie":"mango","altura_m":10.6,"diametro_copa_m":10.0,"altura_fuste_m":2.5,"caducifolio":false,"meses_sin_hojas":"","fuente":"provisional"},"geometry":{"type":"Point","coordinates":[-73.244349,10.471716]}},{"type":"Feature","properties":{"id":"prov-0264","especie":"canaguate","altura_m":10.5,"diametro_copa_m":8.2,"altura_fuste_m":3.0,"caducifolio":true,"meses_sin_hojas":"1,2,3","fuente":"provisional"},"geometry":{"type":"Point","coordinates":[-73.244433,10.471829]}},{"type":"Feature","properties":{"id":"prov-0265","especie":"mango","altura_m":10.9,"diametro_copa_m":9.3,"altura_fuste_m":2.5,"caducifolio":false,"meses_sin_hojas":"","fuente":"provisional"},"geometry":{"type":"Point","coordinates":[-73.244535,10.471966]}},{"type":"Feature","properties":{"id":"prov-0266","especie":"mango","altura_m":11.4,"diametro_copa_m":10.4,"altura_fuste_m":2.5,"caducifolio":false,"meses_sin_hojas":"","fuente":"provisional"},"geometry":{"type":"Point","coordinates":[-73.244668,10.472144]}},{"type":"Feature","properties":{"id":"prov-0267","especie":"mango","altura_m":10.5,"diametro_copa_m":8.1,"altura_fuste_m":2.5,"caducifolio":false,"meses_sin_hojas":"","fuente":"provisional"},"geometry":{"type":"Point","coordinates":[-73.244782,10.472297]}},{"type":"Feature","properties":{"id":"prov-0268","especie":"canaguate","altura_m":11.4,"diametro_copa_m":8.8,"altura_fuste_m":3.0,"caducifolio":true,"meses_sin_hojas":"1,2,3","fuente":"provisional"},"geometry":{"type":"Point","coordinates":[-73.244862,10.472405]}},{"type":"Feature","properties":{"id":"prov-0269","especie":"mango","altura_m":11.3,"diametro_copa_m":8.9,"altura_fuste_m":2.5,"caducifolio":false,"meses_sin_hojas":"","fuente":"provisional"},"geometry":{"type":"Point","coordinates":[-73.244978,10.471194]}},{"type":"Feature","properties":{"id":"prov-0270","especie":"mango","altura_m":11.8,"diametro_copa_m":11.6,"altura_fuste_m":2.5,"caducifolio":false,"meses_sin_hojas":"","fuente":"provisional"},"geometry":{"type":"Point","coordinates":[-73.244845,10.4713]}},{"type":"Feature","properties":{"id":"prov-0271","especie":"mango","altura_m":10.8,"diametro_copa_m":8.4,"altura_fuste_m":2.5,"caducifolio":false,"meses_sin_hojas":"","fuente":"provisional"},"geometry":{"type":"Point","coordinates":[-73.244689,10.471422]}},{"type":"Feature","properties":{"id":"prov-0272","especie":"mango","altura_m":10.4,"diametro_copa_m":9.4,"altura_fuste_m":2.5,"caducifolio":false,"meses_sin_hojas":"","fuente":"provisional"},"geometry":{"type":"Point","coordinates":[-73.244534,10.471545]}},{"type":"Feature","properties":{"id":"prov-0273","especie":"otro","altura_m":9.4,"diametro_copa_m":7.0,"altura_fuste_m":2.5,"caducifolio":false,"meses_sin_hojas":"","fuente":"provisional"},"geometry":{"type":"Point","coordinates":[-73.244411,10.471642]}},{"type":"Feature","properties":{"id":"prov-0274","especie":"mango","altura_m":9.4,"diametro_copa_m":10.8,"altura_fuste_m":2.5,"caducifolio":false,"meses_sin_hojas":"","fuente":"provisional"},"geometry":{"type":"Point","coordinates":[-73.248378,10.475435]}},{"type":"Feature","properties":{"id":"prov-0275","especie":"otro","altura_m":7.7,"diametro_copa_m":6.4,"altura_fuste_m":2.5,"caducifolio":false,"meses_sin_hojas":"","fuente":"provisional"},"geometry":{"type":"Point","coordinates":[-73.248276,10.475286]}},{"type":"Feature","properties":{"id":"prov-0276","especie":"canaguate","altura_m":11.6,"diametro_copa_m":6.1,"altura_fuste_m":3.0,"caducifolio":true,"meses_sin_hojas":"1,2,3","fuente":"provisional"},"geometry":{"type":"Point","coordinates":[-73.248156,10.475113]}},{"type":"Feature","properties":{"id":"prov-0277","especie":"canaguate","altura_m":9.1,"diametro_copa_m":7.3,"altura_fuste_m":3.0,"caducifolio":true,"meses_sin_hojas":"1,2,3","fuente":"provisional"},"geometry":{"type":"Point","coordinates":[-73.247703,10.475985]}},{"type":"Feature","properties":{"id":"prov-0278","especie":"mango","altura_m":11.3,"diametro_copa_m":9.2,"altura_fuste_m":2.5,"caducifolio":false,"meses_sin_hojas":"","fuente":"provisional"},"geometry":{"type":"Point","coordinates":[-73.24785,10.47587]}},{"type":"Feature","properties":{"id":"prov-0279","especie":"mango","altura_m":9.6,"diametro_copa_m":8.1,"altura_fuste_m":2.5,"caducifolio":false,"meses_sin_hojas":"","fuente":"provisional"},"geometry":{"type":"Point","coordinates":[-73.248001,10.475759]}},{"type":"Feature","properties":{"id":"prov-0280","especie":"mango","altura_m":9.7,"diametro_copa_m":10.2,"altura_fuste_m":2.5,"caducifolio":false,"meses_sin_hojas":"","fuente":"provisional"},"geometry":{"type":"Point","coordinates":[-73.248148,10.475652]}},{"type":"Feature","properties":{"id":"prov-0281","especie":"canaguate","altura_m":8.6,"diametro_copa_m":8.9,"altura_fuste_m":3.0,"caducifolio":true,"meses_sin_hojas":"1,2,3","fuente":"provisional"},"geometry":{"type":"Point","coordinates":[-73.248318,10.475528]}},{"type":"Feature","properties":{"id":"prov-0282","especie":"mango","altura_m":8.9,"diametro_copa_m":9.2,"altura_fuste_m":2.5,"caducifolio":false,"meses_sin_hojas":"","fuente":"provisional"},"geometry":{"type":"Point","coordinates":[-73.240219,10.479062]}},{"type":"Feature","properties":{"id":"prov-0283","especie":"mango","altura_m":8.8,"diametro_copa_m":10.9,"altura_fuste_m":2.5,"caducifolio":false,"meses_sin_hojas":"","fuente":"provisional"},"geometry":{"type":"Point","coordinates":[-73.240362,10.478974]}},{"type":"Feature","properties":{"id":"prov-0284","especie":"mango","altura_m":11.5,"diametro_copa_m":8.8,"altura_fuste_m":2.5,"caducifolio":false,"meses_sin_hojas":"","fuente":"provisional"},"geometry":{"type":"Point","coordinates":[-73.249696,10.477218]}},{"type":"Feature","properties":{"id":"prov-0285","especie":"mango","altura_m":10.0,"diametro_copa_m":10.1,"altura_fuste_m":2.5,"caducifolio":false,"meses_sin_hojas":"","fuente":"provisional"},"geometry":{"type":"Point","coordinates":[-73.249616,10.477113]}},{"type":"Feature","properties":{"id":"prov-0286","especie":"mango","altura_m":10.2,"diametro_copa_m":11.6,"altura_fuste_m":2.5,"caducifolio":false,"meses_sin_hojas":"","fuente":"provisional"},"geometry":{"type":"Point","coordinates":[-73.249494,10.476953]}},{"type":"Feature","properties":{"id":"prov-0287","especie":"mango","altura_m":11.6,"diametro_copa_m":9.2,"altura_fuste_m":2.5,"caducifolio":false,"meses_sin_hojas":"","fuente":"provisional"},"geometry":{"type":"Point","coordinates":[-73.249426,10.476863]}},{"type":"Feature","properties":{"id":"prov-0288","especie":"canaguate","altura_m":8.8,"diametro_copa_m":7.6,"altura_fuste_m":3.0,"caducifolio":true,"meses_sin_hojas":"1,2,3","fuente":"provisional"},"geometry":{"type":"Point","coordinates":[-73.249312,10.476714]}},{"type":"Feature","properties":{"id":"prov-0289","especie":"mango","altura_m":10.6,"diametro_copa_m":9.3,"altura_fuste_m":2.5,"caducifolio":false,"meses_sin_hojas":"","fuente":"provisional"},"geometry":{"type":"Point","coordinates":[-73.249232,10.476608]}},{"type":"Feature","properties":{"id":"prov-0290","especie":"mango","altura_m":11.4,"diametro_copa_m":11.8,"altura_fuste_m":2.5,"caducifolio":false,"meses_sin_hojas":"","fuente":"provisional"},"geometry":{"type":"Point","coordinates":[-73.249712,10.477149]}},{"type":"Feature","properties":{"id":"prov-0291","especie":"mango","altura_m":11.6,"diametro_copa_m":10.4,"altura_fuste_m":2.5,"caducifolio":false,"meses_sin_hojas":"","fuente":"provisional"},"geometry":{"type":"Point","coordinates":[-73.249639,10.477053]}},{"type":"Feature","properties":{"id":"prov-0292","especie":"canaguate","altura_m":10.7,"diametro_copa_m":7.4,"altura_fuste_m":3.0,"caducifolio":true,"meses_sin_hojas":"1,2,3","fuente":"provisional"},"geometry":{"type":"Point","coordinates":[-73.249559,10.476948]}},{"type":"Feature","properties":{"id":"prov-0293","especie":"canaguate","altura_m":10.2,"diametro_copa_m":8.3,"altura_fuste_m":3.0,"caducifolio":true,"meses_sin_hojas":"1,2,3","fuente":"provisional"},"geometry":{"type":"Point","coordinates":[-73.24946,10.476817]}},{"type":"Feature","properties":{"id":"prov-0294","especie":"canaguate","altura_m":11.3,"diametro_copa_m":7.4,"altura_fuste_m":3.0,"caducifolio":true,"meses_sin_hojas":"1,2,3","fuente":"provisional"},"geometry":{"type":"Point","coordinates":[-73.249337,10.476656]}},{"type":"Feature","properties":{"id":"prov-0295","especie":"otro","altura_m":8.5,"diametro_copa_m":7.1,"altura_fuste_m":2.5,"caducifolio":false,"meses_sin_hojas":"","fuente":"provisional"},"geometry":{"type":"Point","coordinates":[-73.249216,10.476498]}},{"type":"Feature","properties":{"id":"prov-0296","especie":"canaguate","altura_m":11.3,"diametro_copa_m":6.2,"altura_fuste_m":3.0,"caducifolio":true,"meses_sin_hojas":"1,2,3","fuente":"provisional"},"geometry":{"type":"Point","coordinates":[-73.245402,10.476282]}},{"type":"Feature","properties":{"id":"prov-0297","especie":"mango","altura_m":11.7,"diametro_copa_m":8.5,"altura_fuste_m":2.5,"caducifolio":false,"meses_sin_hojas":"","fuente":"provisional"},"geometry":{"type":"Point","coordinates":[-73.245743,10.476735]}},{"type":"Feature","properties":{"id":"prov-0298","especie":"mango","altura_m":10.9,"diametro_copa_m":9.6,"altura_fuste_m":2.5,"caducifolio":false,"meses_sin_hojas":"","fuente":"provisional"},"geometry":{"type":"Point","coordinates":[-73.245819,10.476834]}},{"type":"Feature","properties":{"id":"prov-0299","especie":"canaguate","altura_m":9.1,"diametro_copa_m":8.5,"altura_fuste_m":3.0,"caducifolio":true,"meses_sin_hojas":"1,2,3","fuente":"provisional"},"geometry":{"type":"Point","coordinates":[-73.245943,10.476999]}},{"type":"Feature","properties":{"id":"prov-0300","especie":"otro","altura_m":7.4,"diametro_copa_m":6.5,"altura_fuste_m":2.5,"caducifolio":false,"meses_sin_hojas":"","fuente":"provisional"},"geometry":{"type":"Point","coordinates":[-73.246026,10.477109]}},{"type":"Feature","properties":{"id":"prov-0301","especie":"otro","altura_m":9.2,"diametro_copa_m":6.1,"altura_fuste_m":2.5,"caducifolio":false,"meses_sin_hojas":"","fuente":"provisional"},"geometry":{"type":"Point","coordinates":[-73.245324,10.476368]}},{"type":"Feature","properties":{"id":"prov-0302","especie":"mango","altura_m":11.3,"diametro_copa_m":11.9,"altura_fuste_m":2.5,"caducifolio":false,"meses_sin_hojas":"","fuente":"provisional"},"geometry":{"type":"Point","coordinates":[-73.245217,10.476451]}},{"type":"Feature","properties":{"id":"prov-0303","especie":"mango","altura_m":8.7,"diametro_copa_m":9.7,"altura_fuste_m":2.5,"caducifolio":false,"meses_sin_hojas":"","fuente":"provisional"},"geometry":{"type":"Point","coordinates":[-73.24512,10.476526]}},{"type":"Feature","properties":{"id":"prov-0304","especie":"otro","altura_m":6.7,"diametro_copa_m":6.5,"altura_fuste_m":2.5,"caducifolio":false,"meses_sin_hojas":"","fuente":"provisional"},"geometry":{"type":"Point","coordinates":[-73.24496,10.476649]}},{"type":"Feature","properties":{"id":"prov-0305","especie":"mango","altura_m":8.5,"diametro_copa_m":9.6,"altura_fuste_m":2.5,"caducifolio":false,"meses_sin_hojas":"","fuente":"provisional"},"geometry":{"type":"Point","coordinates":[-73.24455,10.476936]}},{"type":"Feature","properties":{"id":"prov-0306","especie":"canaguate","altura_m":8.3,"diametro_copa_m":7.4,"altura_fuste_m":3.0,"caducifolio":true,"meses_sin_hojas":"1,2,3","fuente":"provisional"},"geometry":{"type":"Point","coordinates":[-73.246319,10.475685]}},{"type":"Feature","properties":{"id":"prov-0307","especie":"mango","altura_m":10.0,"diametro_copa_m":10.2,"altura_fuste_m":2.5,"caducifolio":false,"meses_sin_hojas":"","fuente":"provisional"},"geometry":{"type":"Point","coordinates":[-73.24622,10.475752]}},{"type":"Feature","properties":{"id":"prov-0308","especie":"canaguate","altura_m":10.2,"diametro_copa_m":7.1,"altura_fuste_m":3.0,"caducifolio":true,"meses_sin_hojas":"1,2,3","fuente":"provisional"},"geometry":{"type":"Point","coordinates":[-73.246112,10.475825]}},{"type":"Feature","properties":{"id":"prov-0309","especie":"mango","altura_m":9.6,"diametro_copa_m":10.1,"altura_fuste_m":2.5,"caducifolio":false,"meses_sin_hojas":"","fuente":"provisional"},"geometry":{"type":"Point","coordinates":[-73.245979,10.475916]}},{"type":"Feature","properties":{"id":"prov-0310","especie":"canaguate","altura_m":11.8,"diametro_copa_m":6.9,"altura_fuste_m":3.0,"caducifolio":true,"meses_sin_hojas":"1,2,3","fuente":"provisional"},"geometry":{"type":"Point","coordinates":[-73.245819,10.476025]}},{"type":"Feature","properties":{"id":"prov-0311","especie":"otro","altura_m":9.0,"diametro_copa_m":5.1,"altura_fuste_m":2.5,"caducifolio":false,"meses_sin_hojas":"","fuente":"provisional"},"geometry":{"type":"Point","coordinates":[-73.245713,10.476097]}},{"type":"Feature","properties":{"id":"prov-0312","especie":"mango","altura_m":9.5,"diametro_copa_m":8.4,"altura_fuste_m":2.5,"caducifolio":false,"meses_sin_hojas":"","fuente":"provisional"},"geometry":{"type":"Point","coordinates":[-73.245531,10.476221]}},{"type":"Feature","properties":{"id":"prov-0313","especie":"canaguate","altura_m":10.1,"diametro_copa_m":6.4,"altura_fuste_m":3.0,"caducifolio":true,"meses_sin_hojas":"1,2,3","fuente":"provisional"},"geometry":{"type":"Point","coordinates":[-73.247491,10.475784]}},{"type":"Feature","properties":{"id":"prov-0314","especie":"mango","altura_m":9.0,"diametro_copa_m":10.1,"altura_fuste_m":2.5,"caducifolio":false,"meses_sin_hojas":"","fuente":"provisional"},"geometry":{"type":"Point","coordinates":[-73.247578,10.475894]}},{"type":"Feature","properties":{"id":"prov-0315","especie":"mango","altura_m":8.0,"diametro_copa_m":11.3,"altura_fuste_m":2.5,"caducifolio":false,"meses_sin_hojas":"","fuente":"provisional"},"geometry":{"type":"Point","coordinates":[-73.247163,10.475236]}},{"type":"Feature","properties":{"id":"prov-0316","especie":"canaguate","altura_m":11.2,"diametro_copa_m":8.8,"altura_fuste_m":3.0,"caducifolio":true,"meses_sin_hojas":"1,2,3","fuente":"provisional"},"geometry":{"type":"Point","coordinates":[-73.24727,10.475381]}},{"type":"Feature","properties":{"id":"prov-0317","especie":"otro","altura_m":8.7,"diametro_copa_m":5.9,"altura_fuste_m":2.5,"caducifolio":false,"meses_sin_hojas":"","fuente":"provisional"},"geometry":{"type":"Point","coordinates":[-73.24738,10.47553]}},{"type":"Feature","properties":{"id":"prov-0318","especie":"mango","altura_m":9.2,"diametro_copa_m":8.2,"altura_fuste_m":2.5,"caducifolio":false,"meses_sin_hojas":"","fuente":"provisional"},"geometry":{"type":"Point","coordinates":[-73.247453,10.475629]}},{"type":"Feature","properties":{"id":"prov-0319","especie":"mango","altura_m":8.9,"diametro_copa_m":8.2,"altura_fuste_m":2.5,"caducifolio":false,"meses_sin_hojas":"","fuente":"provisional"},"geometry":{"type":"Point","coordinates":[-73.247214,10.475947]}},{"type":"Feature","properties":{"id":"prov-0320","especie":"canaguate","altura_m":8.5,"diametro_copa_m":7.1,"altura_fuste_m":3.0,"caducifolio":true,"meses_sin_hojas":"1,2,3","fuente":"provisional"},"geometry":{"type":"Point","coordinates":[-73.247386,10.475822]}},{"type":"Feature","properties":{"id":"prov-0321","especie":"canaguate","altura_m":10.0,"diametro_copa_m":8.4,"altura_fuste_m":3.0,"caducifolio":true,"meses_sin_hojas":"1,2,3","fuente":"provisional"},"geometry":{"type":"Point","coordinates":[-73.247175,10.479543]}},{"type":"Feature","properties":{"id":"prov-0322","especie":"otro","altura_m":6.5,"diametro_copa_m":7.0,"altura_fuste_m":2.5,"caducifolio":false,"meses_sin_hojas":"","fuente":"provisional"},"geometry":{"type":"Point","coordinates":[-73.246991,10.479621]}},{"type":"Feature","properties":{"id":"prov-0323","especie":"mango","altura_m":10.0,"diametro_copa_m":10.0,"altura_fuste_m":2.5,"caducifolio":false,"meses_sin_hojas":"","fuente":"provisional"},"geometry":{"type":"Point","coordinates":[-73.24681,10.479698]}},{"type":"Feature","properties":{"id":"prov-0324","especie":"canaguate","altura_m":10.6,"diametro_copa_m":6.9,"altura_fuste_m":3.0,"caducifolio":true,"meses_sin_hojas":"1,2,3","fuente":"provisional"},"geometry":{"type":"Point","coordinates":[-73.246702,10.479743]}},{"type":"Feature","properties":{"id":"prov-0325","especie":"mango","altura_m":10.2,"diametro_copa_m":8.9,"altura_fuste_m":2.5,"caducifolio":false,"meses_sin_hojas":"","fuente":"provisional"},"geometry":{"type":"Point","coordinates":[-73.246508,10.479825]}},{"type":"Feature","properties":{"id":"prov-0326","especie":"mango","altura_m":8.1,"diametro_copa_m":10.0,"altura_fuste_m":2.5,"caducifolio":false,"meses_sin_hojas":"","fuente":"provisional"},"geometry":{"type":"Point","coordinates":[-73.246725,10.480175]}},{"type":"Feature","properties":{"id":"prov-0327","especie":"mango","altura_m":10.2,"diametro_copa_m":10.3,"altura_fuste_m":2.5,"caducifolio":false,"meses_sin_hojas":"","fuente":"provisional"},"geometry":{"type":"Point","coordinates":[-73.246652,10.480074]}},{"type":"Feature","properties":{"id":"prov-0328","especie":"mango","altura_m":10.7,"diametro_copa_m":11.1,"altura_fuste_m":2.5,"caducifolio":false,"meses_sin_hojas":"","fuente":"provisional"},"geometry":{"type":"Point","coordinates":[-73.246574,10.479965]}},{"type":"Feature","properties":{"id":"prov-0329","especie":"mango","altura_m":9.6,"diametro_copa_m":10.4,"altura_fuste_m":2.5,"caducifolio":false,"meses_sin_hojas":"","fuente":"provisional"},"geometry":{"type":"Point","coordinates":[-73.246782,10.480161]}},{"type":"Feature","properties":{"id":"prov-0330","especie":"mango","altura_m":9.1,"diametro_copa_m":9.9,"altura_fuste_m":2.5,"caducifolio":false,"meses_sin_hojas":"","fuente":"provisional"},"geometry":{"type":"Point","coordinates":[-73.246666,10.48]}},{"type":"Feature","properties":{"id":"prov-0331","especie":"canaguate","altura_m":9.0,"diametro_copa_m":8.4,"altura_fuste_m":3.0,"caducifolio":true,"meses_sin_hojas":"1,2,3","fuente":"provisional"},"geometry":{"type":"Point","coordinates":[-73.246577,10.479875]}},{"type":"Feature","properties":{"id":"prov-0332","especie":"mango","altura_m":8.6,"diametro_copa_m":9.2,"altura_fuste_m":2.5,"caducifolio":false,"meses_sin_hojas":"","fuente":"provisional"},"geometry":{"type":"Point","coordinates":[-73.25114,10.478119]}},{"type":"Feature","properties":{"id":"prov-0333","especie":"canaguate","altura_m":9.3,"diametro_copa_m":6.6,"altura_fuste_m":3.0,"caducifolio":true,"meses_sin_hojas":"1,2,3","fuente":"provisional"},"geometry":{"type":"Point","coordinates":[-73.25102,10.477949]}},{"type":"Feature","properties":{"id":"prov-0334","especie":"canaguate","altura_m":10.0,"diametro_copa_m":9.0,"altura_fuste_m":3.0,"caducifolio":true,"meses_sin_hojas":"1,2,3","fuente":"provisional"},"geometry":{"type":"Point","coordinates":[-73.250926,10.477815]}},{"type":"Feature","properties":{"id":"prov-0335","especie":"otro","altura_m":7.3,"diametro_copa_m":6.7,"altura_fuste_m":2.5,"caducifolio":false,"meses_sin_hojas":"","fuente":"provisional"},"geometry":{"type":"Point","coordinates":[-73.250858,10.477718]}},{"type":"Feature","properties":{"id":"prov-0336","especie":"mango","altura_m":10.0,"diametro_copa_m":12.0,"altura_fuste_m":2.5,"caducifolio":false,"meses_sin_hojas":"","fuente":"provisional"},"geometry":{"type":"Point","coordinates":[-73.251105,10.478187]}},{"type":"Feature","properties":{"id":"prov-0337","especie":"mango","altura_m":11.3,"diametro_copa_m":10.0,"altura_fuste_m":2.5,"caducifolio":false,"meses_sin_hojas":"","fuente":"provisional"},"geometry":{"type":"Point","coordinates":[-73.247305,10.472776]}},{"type":"Feature","properties":{"id":"prov-0338","especie":"canaguate","altura_m":10.9,"diametro_copa_m":6.8,"altura_fuste_m":3.0,"caducifolio":true,"meses_sin_hojas":"1,2,3","fuente":"provisional"},"geometry":{"type":"Point","coordinates":[-73.24726,10.472698]}},{"type":"Feature","properties":{"id":"prov-0339","especie":"otro","altura_m":8.2,"diametro_copa_m":7.7,"altura_fuste_m":2.5,"caducifolio":false,"meses_sin_hojas":"","fuente":"provisional"},"geometry":{"type":"Point","coordinates":[-73.247006,10.472182]}},{"type":"Feature","properties":{"id":"prov-0340","especie":"canaguate","altura_m":11.9,"diametro_copa_m":6.6,"altura_fuste_m":3.0,"caducifolio":true,"meses_sin_hojas":"1,2,3","fuente":"provisional"},"geometry":{"type":"Point","coordinates":[-73.247114,10.472348]}},{"type":"Feature","properties":{"id":"prov-0341","especie":"mango","altura_m":10.9,"diametro_copa_m":10.9,"altura_fuste_m":2.5,"caducifolio":false,"meses_sin_hojas":"","fuente":"provisional"},"geometry":{"type":"Point","coordinates":[-73.247196,10.472473]}},{"type":"Feature","properties":{"id":"prov-0342","especie":"canaguate","altura_m":11.1,"diametro_copa_m":7.2,"altura_fuste_m":3.0,"caducifolio":true,"meses_sin_hojas":"1,2,3","fuente":"provisional"},"geometry":{"type":"Point","coordinates":[-73.247261,10.472571]}},{"type":"Feature","properties":{"id":"prov-0343","especie":"mango","altura_m":8.3,"diametro_copa_m":9.5,"altura_fuste_m":2.5,"caducifolio":false,"meses_sin_hojas":"","fuente":"provisional"},"geometry":{"type":"Point","coordinates":[-73.249153,10.476554]}},{"type":"Feature","properties":{"id":"prov-0344","especie":"canaguate","altura_m":11.8,"diametro_copa_m":6.8,"altura_fuste_m":3.0,"caducifolio":true,"meses_sin_hojas":"1,2,3","fuente":"provisional"},"geometry":{"type":"Point","coordinates":[-73.249043,10.476631]}},{"type":"Feature","properties":{"id":"prov-0345","especie":"mango","altura_m":10.4,"diametro_copa_m":8.5,"altura_fuste_m":2.5,"caducifolio":false,"meses_sin_hojas":"","fuente":"provisional"},"geometry":{"type":"Point","coordinates":[-73.248621,10.476925]}},{"type":"Feature","properties":{"id":"prov-0346","especie":"canaguate","altura_m":11.8,"diametro_copa_m":7.9,"altura_fuste_m":3.0,"caducifolio":true,"meses_sin_hojas":"1,2,3","fuente":"provisional"},"geometry":{"type":"Point","coordinates":[-73.248496,10.477054]}},{"type":"Feature","properties":{"id":"prov-0347","especie":"canaguate","altura_m":10.5,"diametro_copa_m":8.2,"altura_fuste_m":3.0,"caducifolio":true,"meses_sin_hojas":"1,2,3","fuente":"provisional"},"geometry":{"type":"Point","coordinates":[-73.248595,10.477179]}},{"type":"Feature","properties":{"id":"prov-0348","especie":"canaguate","altura_m":8.6,"diametro_copa_m":7.4,"altura_fuste_m":3.0,"caducifolio":true,"meses_sin_hojas":"1,2,3","fuente":"provisional"},"geometry":{"type":"Point","coordinates":[-73.24869,10.4773]}},{"type":"Feature","properties":{"id":"prov-0349","especie":"canaguate","altura_m":9.0,"diametro_copa_m":7.0,"altura_fuste_m":3.0,"caducifolio":true,"meses_sin_hojas":"1,2,3","fuente":"provisional"},"geometry":{"type":"Point","coordinates":[-73.248782,10.477416]}},{"type":"Feature","properties":{"id":"prov-0350","especie":"canaguate","altura_m":11.3,"diametro_copa_m":8.5,"altura_fuste_m":3.0,"caducifolio":true,"meses_sin_hojas":"1,2,3","fuente":"provisional"},"geometry":{"type":"Point","coordinates":[-73.248896,10.47756]}},{"type":"Feature","properties":{"id":"prov-0351","especie":"mango","altura_m":10.1,"diametro_copa_m":9.7,"altura_fuste_m":2.5,"caducifolio":false,"meses_sin_hojas":"","fuente":"provisional"},"geometry":{"type":"Point","coordinates":[-73.248971,10.477655]}},{"type":"Feature","properties":{"id":"prov-0352","especie":"canaguate","altura_m":11.6,"diametro_copa_m":7.1,"altura_fuste_m":3.0,"caducifolio":true,"meses_sin_hojas":"1,2,3","fuente":"provisional"},"geometry":{"type":"Point","coordinates":[-73.247729,10.477447]}},{"type":"Feature","properties":{"id":"prov-0353","especie":"mango","altura_m":10.0,"diametro_copa_m":8.2,"altura_fuste_m":2.5,"caducifolio":false,"meses_sin_hojas":"","fuente":"provisional"},"geometry":{"type":"Point","coordinates":[-73.247855,10.477364]}},{"type":"Feature","properties":{"id":"prov-0354","especie":"mango","altura_m":11.8,"diametro_copa_m":9.3,"altura_fuste_m":2.5,"caducifolio":false,"meses_sin_hojas":"","fuente":"provisional"},"geometry":{"type":"Point","coordinates":[-73.247961,10.477295]}},{"type":"Feature","properties":{"id":"prov-0355","especie":"mango","altura_m":8.1,"diametro_copa_m":9.8,"altura_fuste_m":2.5,"caducifolio":false,"meses_sin_hojas":"","fuente":"provisional"},"geometry":{"type":"Point","coordinates":[-73.248121,10.477191]}},{"type":"Feature","properties":{"id":"prov-0356","especie":"canaguate","altura_m":8.7,"diametro_copa_m":6.3,"altura_fuste_m":3.0,"caducifolio":true,"meses_sin_hojas":"1,2,3","fuente":"provisional"},"geometry":{"type":"Point","coordinates":[-73.248217,10.477128]}},{"type":"Feature","properties":{"id":"prov-0357","especie":"canaguate","altura_m":9.8,"diametro_copa_m":8.7,"altura_fuste_m":3.0,"caducifolio":true,"meses_sin_hojas":"1,2,3","fuente":"provisional"},"geometry":{"type":"Point","coordinates":[-73.248311,10.477067]}},{"type":"Feature","properties":{"id":"prov-0358","especie":"canaguate","altura_m":10.2,"diametro_copa_m":6.7,"altura_fuste_m":3.0,"caducifolio":true,"meses_sin_hojas":"1,2,3","fuente":"provisional"},"geometry":{"type":"Point","coordinates":[-73.248425,10.476993]}},{"type":"Feature","properties":{"id":"prov-0359","especie":"mango","altura_m":8.5,"diametro_copa_m":9.6,"altura_fuste_m":2.5,"caducifolio":false,"meses_sin_hojas":"","fuente":"provisional"},"geometry":{"type":"Point","coordinates":[-73.246699,10.474623]}},{"type":"Feature","properties":{"id":"prov-0360","especie":"canaguate","altura_m":8.8,"diametro_copa_m":6.4,"altura_fuste_m":3.0,"caducifolio":true,"meses_sin_hojas":"1,2,3","fuente":"provisional"},"geometry":{"type":"Point","coordinates":[-73.246821,10.474783]}},{"type":"Feature","properties":{"id":"prov-0361","especie":"otro","altura_m":10.0,"diametro_copa_m":5.7,"altura_fuste_m":2.5,"caducifolio":false,"meses_sin_hojas":"","fuente":"provisional"},"geometry":{"type":"Point","coordinates":[-73.246934,10.474932]}},{"type":"Feature","properties":{"id":"prov-0362","especie":"canaguate","altura_m":11.3,"diametro_copa_m":7.7,"altura_fuste_m":3.0,"caducifolio":true,"meses_sin_hojas":"1,2,3","fuente":"provisional"},"geometry":{"type":"Point","coordinates":[-73.247046,10.47508]}},{"type":"Feature","properties":{"id":"prov-0363","especie":"mango","altura_m":9.6,"diametro_copa_m":8.3,"altura_fuste_m":2.5,"caducifolio":false,"meses_sin_hojas":"","fuente":"provisional"},"geometry":{"type":"Point","coordinates":[-73.246629,10.474636]}},{"type":"Feature","properties":{"id":"prov-0364","especie":"mango","altura_m":11.4,"diametro_copa_m":9.1,"altura_fuste_m":2.5,"caducifolio":false,"meses_sin_hojas":"","fuente":"provisional"},"geometry":{"type":"Point","coordinates":[-73.246762,10.474811]}},{"type":"Feature","properties":{"id":"prov-0365","especie":"mango","altura_m":11.9,"diametro_copa_m":11.6,"altura_fuste_m":2.5,"caducifolio":false,"meses_sin_hojas":"","fuente":"provisional"},"geometry":{"type":"Point","coordinates":[-73.246852,10.47493]}},{"type":"Feature","properties":{"id":"prov-0366","especie":"canaguate","altura_m":9.3,"diametro_copa_m":8.1,"altura_fuste_m":3.0,"caducifolio":true,"meses_sin_hojas":"1,2,3","fuente":"provisional"},"geometry":{"type":"Point","coordinates":[-73.246963,10.475076]}},{"type":"Feature","properties":{"id":"prov-0367","especie":"mango","altura_m":9.7,"diametro_copa_m":8.2,"altura_fuste_m":2.5,"caducifolio":false,"meses_sin_hojas":"","fuente":"provisional"},"geometry":{"type":"Point","coordinates":[-73.247041,10.475179]}},{"type":"Feature","properties":{"id":"prov-0368","especie":"canaguate","altura_m":9.1,"diametro_copa_m":6.2,"altura_fuste_m":3.0,"caducifolio":true,"meses_sin_hojas":"1,2,3","fuente":"provisional"},"geometry":{"type":"Point","coordinates":[-73.246143,10.473935]}},{"type":"Feature","properties":{"id":"prov-0369","especie":"mango","altura_m":11.8,"diametro_copa_m":10.5,"altura_fuste_m":2.5,"caducifolio":false,"meses_sin_hojas":"","fuente":"provisional"},"geometry":{"type":"Point","coordinates":[-73.246246,10.474062]}},{"type":"Feature","properties":{"id":"prov-0370","especie":"otro","altura_m":8.4,"diametro_copa_m":5.8,"altura_fuste_m":2.5,"caducifolio":false,"meses_sin_hojas":"","fuente":"provisional"},"geometry":{"type":"Point","coordinates":[-73.246355,10.474196]}},{"type":"Feature","properties":{"id":"prov-0371","especie":"mango","altura_m":11.9,"diametro_copa_m":8.1,"altura_fuste_m":2.5,"caducifolio":false,"meses_sin_hojas":"","fuente":"provisional"},"geometry":{"type":"Point","coordinates":[-73.246427,10.474284]}},{"type":"Feature","properties":{"id":"prov-0372","especie":"canaguate","altura_m":10.4,"diametro_copa_m":7.2,"altura_fuste_m":3.0,"caducifolio":true,"meses_sin_hojas":"1,2,3","fuente":"provisional"},"geometry":{"type":"Point","coordinates":[-73.246507,10.474382]}},{"type":"Feature","properties":{"id":"prov-0373","especie":"mango","altura_m":11.8,"diametro_copa_m":11.6,"altura_fuste_m":2.5,"caducifolio":false,"meses_sin_hojas":"","fuente":"provisional"},"geometry":{"type":"Point","coordinates":[-73.246635,10.474539]}},{"type":"Feature","properties":{"id":"prov-0374","especie":"canaguate","altura_m":11.7,"diametro_copa_m":7.3,"altura_fuste_m":3.0,"caducifolio":true,"meses_sin_hojas":"1,2,3","fuente":"provisional"},"geometry":{"type":"Point","coordinates":[-73.246085,10.473964]}},{"type":"Feature","properties":{"id":"prov-0375","especie":"otro","altura_m":9.9,"diametro_copa_m":6.0,"altura_fuste_m":2.5,"caducifolio":false,"meses_sin_hojas":"","fuente":"provisional"},"geometry":{"type":"Point","coordinates":[-73.246166,10.474064]}},{"type":"Feature","properties":{"id":"prov-0376","especie":"mango","altura_m":9.7,"diametro_copa_m":9.0,"altura_fuste_m":2.5,"caducifolio":false,"meses_sin_hojas":"","fuente":"provisional"},"geometry":{"type":"Point","coordinates":[-73.24625,10.474167]}},{"type":"Feature","properties":{"id":"prov-0377","especie":"mango","altura_m":10.4,"diametro_copa_m":11.4,"altura_fuste_m":2.5,"caducifolio":false,"meses_sin_hojas":"","fuente":"provisional"},"geometry":{"type":"Point","coordinates":[-73.246342,10.47428]}},{"type":"Feature","properties":{"id":"prov-0378","especie":"mango","altura_m":11.7,"diametro_copa_m":11.0,"altura_fuste_m":2.5,"caducifolio":false,"meses_sin_hojas":"","fuente":"provisional"},"geometry":{"type":"Point","coordinates":[-73.246439,10.4744]}},{"type":"Feature","properties":{"id":"prov-0379","especie":"otro","altura_m":9.0,"diametro_copa_m":5.2,"altura_fuste_m":2.5,"caducifolio":false,"meses_sin_hojas":"","fuente":"provisional"},"geometry":{"type":"Point","coordinates":[-73.246564,10.474554]}},{"type":"Feature","properties":{"id":"prov-0380","especie":"otro","altura_m":9.7,"diametro_copa_m":5.4,"altura_fuste_m":2.5,"caducifolio":false,"meses_sin_hojas":"","fuente":"provisional"},"geometry":{"type":"Point","coordinates":[-73.240826,10.473378]}},{"type":"Feature","properties":{"id":"prov-0381","especie":"otro","altura_m":9.6,"diametro_copa_m":5.9,"altura_fuste_m":2.5,"caducifolio":false,"meses_sin_hojas":"","fuente":"provisional"},"geometry":{"type":"Point","coordinates":[-73.240704,10.473218]}},{"type":"Feature","properties":{"id":"prov-0382","especie":"mango","altura_m":9.5,"diametro_copa_m":8.9,"altura_fuste_m":2.5,"caducifolio":false,"meses_sin_hojas":"","fuente":"provisional"},"geometry":{"type":"Point","coordinates":[-73.240601,10.473084]}},{"type":"Feature","properties":{"id":"prov-0383","especie":"otro","altura_m":7.9,"diametro_copa_m":7.2,"altura_fuste_m":2.5,"caducifolio":false,"meses_sin_hojas":"","fuente":"provisional"},"geometry":{"type":"Point","coordinates":[-73.240465,10.472906]}},{"type":"Feature","properties":{"id":"prov-0384","especie":"mango","altura_m":10.6,"diametro_copa_m":11.6,"altura_fuste_m":2.5,"caducifolio":false,"meses_sin_hojas":"","fuente":"provisional"},"geometry":{"type":"Point","coordinates":[-73.240328,10.472727]}},{"type":"Feature","properties":{"id":"prov-0385","especie":"mango","altura_m":10.0,"diametro_copa_m":10.1,"altura_fuste_m":2.5,"caducifolio":false,"meses_sin_hojas":"","fuente":"provisional"},"geometry":{"type":"Point","coordinates":[-73.240475,10.479658]}},{"type":"Feature","properties":{"id":"prov-0386","especie":"otro","altura_m":7.8,"diametro_copa_m":7.5,"altura_fuste_m":2.5,"caducifolio":false,"meses_sin_hojas":"","fuente":"provisional"},"geometry":{"type":"Point","coordinates":[-73.240343,10.479746]}},{"type":"Feature","properties":{"id":"prov-0387","especie":"mango","altura_m":9.6,"diametro_copa_m":9.4,"altura_fuste_m":2.5,"caducifolio":false,"meses_sin_hojas":"","fuente":"provisional"},"geometry":{"type":"Point","coordinates":[-73.240432,10.479622]}},{"type":"Feature","properties":{"id":"prov-0388","especie":"otro","altura_m":9.3,"diametro_copa_m":7.3,"altura_fuste_m":2.5,"caducifolio":false,"meses_sin_hojas":"","fuente":"provisional"},"geometry":{"type":"Point","coordinates":[-73.240339,10.479683]}},{"type":"Feature","properties":{"id":"prov-0389","especie":"canaguate","altura_m":10.1,"diametro_copa_m":7.7,"altura_fuste_m":3.0,"caducifolio":true,"meses_sin_hojas":"1,2,3","fuente":"provisional"},"geometry":{"type":"Point","coordinates":[-73.240045,10.479915]}},{"type":"Feature","properties":{"id":"prov-0390","especie":"mango","altura_m":10.7,"diametro_copa_m":11.8,"altura_fuste_m":2.5,"caducifolio":false,"meses_sin_hojas":"","fuente":"provisional"},"geometry":{"type":"Point","coordinates":[-73.240154,10.479855]}},{"type":"Feature","properties":{"id":"prov-0391","especie":"mango","altura_m":11.8,"diametro_copa_m":10.5,"altura_fuste_m":2.5,"caducifolio":false,"meses_sin_hojas":"","fuente":"provisional"},"geometry":{"type":"Point","coordinates":[-73.239769,10.479575]}},{"type":"Feature","properties":{"id":"prov-0392","especie":"mango","altura_m":9.7,"diametro_copa_m":11.9,"altura_fuste_m":2.5,"caducifolio":false,"meses_sin_hojas":"","fuente":"provisional"},"geometry":{"type":"Point","coordinates":[-73.239949,10.479649]}},{"type":"Feature","properties":{"id":"prov-0393","especie":"canaguate","altura_m":9.8,"diametro_copa_m":7.3,"altura_fuste_m":3.0,"caducifolio":true,"meses_sin_hojas":"1,2,3","fuente":"provisional"},"geometry":{"type":"Point","coordinates":[-73.240066,10.479697]}},{"type":"Feature","properties":{"id":"prov-0394","especie":"mango","altura_m":8.6,"diametro_copa_m":8.9,"altura_fuste_m":2.5,"caducifolio":false,"meses_sin_hojas":"","fuente":"provisional"},"geometry":{"type":"Point","coordinates":[-73.240439,10.479978]}},{"type":"Feature","properties":{"id":"prov-0395","especie":"canaguate","altura_m":9.3,"diametro_copa_m":7.6,"altura_fuste_m":3.0,"caducifolio":true,"meses_sin_hojas":"1,2,3","fuente":"provisional"},"geometry":{"type":"Point","coordinates":[-73.240329,10.479853]}},{"type":"Feature","properties":{"id":"prov-0396","especie":"mango","altura_m":9.4,"diametro_copa_m":11.6,"altura_fuste_m":2.5,"caducifolio":false,"meses_sin_hojas":"","fuente":"provisional"},"geometry":{"type":"Point","coordinates":[-73.248473,10.474372]}},{"type":"Feature","properties":{"id":"prov-0397","especie":"canaguate","altura_m":8.3,"diametro_copa_m":7.2,"altura_fuste_m":3.0,"caducifolio":true,"meses_sin_hojas":"1,2,3","fuente":"provisional"},"geometry":{"type":"Point","coordinates":[-73.24854,10.474472]}},{"type":"Feature","properties":{"id":"prov-0398","especie":"canaguate","altura_m":10.1,"diametro_copa_m":7.9,"altura_fuste_m":3.0,"caducifolio":true,"meses_sin_hojas":"1,2,3","fuente":"provisional"},"geometry":{"type":"Point","coordinates":[-73.24861,10.474577]}},{"type":"Feature","properties":{"id":"prov-0399","especie":"otro","altura_m":9.0,"diametro_copa_m":6.4,"altura_fuste_m":2.5,"caducifolio":false,"meses_sin_hojas":"","fuente":"provisional"},"geometry":{"type":"Point","coordinates":[-73.248733,10.474761]}},{"type":"Feature","properties":{"id":"prov-0400","especie":"mango","altura_m":10.3,"diametro_copa_m":9.8,"altura_fuste_m":2.5,"caducifolio":false,"meses_sin_hojas":"","fuente":"provisional"},"geometry":{"type":"Point","coordinates":[-73.248833,10.474911]}},{"type":"Feature","properties":{"id":"prov-0401","especie":"mango","altura_m":10.3,"diametro_copa_m":10.6,"altura_fuste_m":2.5,"caducifolio":false,"meses_sin_hojas":"","fuente":"provisional"},"geometry":{"type":"Point","coordinates":[-73.248921,10.475042]}},{"type":"Feature","properties":{"id":"prov-0402","especie":"canaguate","altura_m":11.6,"diametro_copa_m":8.4,"altura_fuste_m":3.0,"caducifolio":true,"meses_sin_hojas":"1,2,3","fuente":"provisional"},"geometry":{"type":"Point","coordinates":[-73.248414,10.474432]}},{"type":"Feature","properties":{"id":"prov-0403","especie":"otro","altura_m":8.8,"diametro_copa_m":7.0,"altura_fuste_m":2.5,"caducifolio":false,"meses_sin_hojas":"","fuente":"provisional"},"geometry":{"type":"Point","coordinates":[-73.248514,10.47458]}},{"type":"Feature","properties":{"id":"prov-0404","especie":"mango","altura_m":10.2,"diametro_copa_m":11.2,"altura_fuste_m":2.5,"caducifolio":false,"meses_sin_hojas":"","fuente":"provisional"},"geometry":{"type":"Point","coordinates":[-73.248582,10.474683]}},{"type":"Feature","properties":{"id":"prov-0405","especie":"canaguate","altura_m":9.3,"diametro_copa_m":6.7,"altura_fuste_m":3.0,"caducifolio":true,"meses_sin_hojas":"1,2,3","fuente":"provisional"},"geometry":{"type":"Point","coordinates":[-73.248652,10.474787]}},{"type":"Feature","properties":{"id":"prov-0406","especie":"otro","altura_m":6.9,"diametro_copa_m":7.6,"altura_fuste_m":2.5,"caducifolio":false,"meses_sin_hojas":"","fuente":"provisional"},"geometry":{"type":"Point","coordinates":[-73.248837,10.475063]}},{"type":"Feature","properties":{"id":"prov-0407","especie":"mango","altura_m":9.4,"diametro_copa_m":9.9,"altura_fuste_m":2.5,"caducifolio":false,"meses_sin_hojas":"","fuente":"provisional"},"geometry":{"type":"Point","coordinates":[-73.248392,10.474317]}},{"type":"Feature","properties":{"id":"prov-0408","especie":"mango","altura_m":10.1,"diametro_copa_m":11.4,"altura_fuste_m":2.5,"caducifolio":false,"meses_sin_hojas":"","fuente":"provisional"},"geometry":{"type":"Point","coordinates":[-73.24864,10.478798]}},{"type":"Feature","properties":{"id":"prov-0409","especie":"canaguate","altura_m":10.7,"diametro_copa_m":7.6,"altura_fuste_m":3.0,"caducifolio":true,"meses_sin_hojas":"1,2,3","fuente":"provisional"},"geometry":{"type":"Point","coordinates":[-73.248441,10.478895]}},{"type":"Feature","properties":{"id":"prov-0410","especie":"mango","altura_m":11.2,"diametro_copa_m":11.4,"altura_fuste_m":2.5,"caducifolio":false,"meses_sin_hojas":"","fuente":"provisional"},"geometry":{"type":"Point","coordinates":[-73.248324,10.478952]}},{"type":"Feature","properties":{"id":"prov-0411","especie":"canaguate","altura_m":8.6,"diametro_copa_m":7.8,"altura_fuste_m":3.0,"caducifolio":true,"meses_sin_hojas":"1,2,3","fuente":"provisional"},"geometry":{"type":"Point","coordinates":[-73.248188,10.479018]}},{"type":"Feature","properties":{"id":"prov-0412","especie":"canaguate","altura_m":9.2,"diametro_copa_m":7.2,"altura_fuste_m":3.0,"caducifolio":true,"meses_sin_hojas":"1,2,3","fuente":"provisional"},"geometry":{"type":"Point","coordinates":[-73.248079,10.479071]}},{"type":"Feature","properties":{"id":"prov-0413","especie":"mango","altura_m":9.3,"diametro_copa_m":8.3,"altura_fuste_m":2.5,"caducifolio":false,"meses_sin_hojas":"","fuente":"provisional"},"geometry":{"type":"Point","coordinates":[-73.247909,10.479154]}},{"type":"Feature","properties":{"id":"prov-0414","especie":"otro","altura_m":9.1,"diametro_copa_m":6.8,"altura_fuste_m":2.5,"caducifolio":false,"meses_sin_hojas":"","fuente":"provisional"},"geometry":{"type":"Point","coordinates":[-73.247786,10.479214]}},{"type":"Feature","properties":{"id":"prov-0415","especie":"canaguate","altura_m":10.3,"diametro_copa_m":8.9,"altura_fuste_m":3.0,"caducifolio":true,"meses_sin_hojas":"1,2,3","fuente":"provisional"},"geometry":{"type":"Point","coordinates":[-73.247793,10.479354]}},{"type":"Feature","properties":{"id":"prov-0416","especie":"canaguate","altura_m":10.2,"diametro_copa_m":6.7,"altura_fuste_m":3.0,"caducifolio":true,"meses_sin_hojas":"1,2,3","fuente":"provisional"},"geometry":{"type":"Point","coordinates":[-73.247246,10.478617]}},{"type":"Feature","properties":{"id":"prov-0417","especie":"mango","altura_m":11.8,"diametro_copa_m":8.6,"altura_fuste_m":2.5,"caducifolio":false,"meses_sin_hojas":"","fuente":"provisional"},"geometry":{"type":"Point","coordinates":[-73.247344,10.478748]}},{"type":"Feature","properties":{"id":"prov-0418","especie":"mango","altura_m":11.6,"diametro_copa_m":9.2,"altura_fuste_m":2.5,"caducifolio":false,"meses_sin_hojas":"","fuente":"provisional"},"geometry":{"type":"Point","coordinates":[-73.247461,10.478904]}},{"type":"Feature","properties":{"id":"prov-0419","especie":"otro","altura_m":6.7,"diametro_copa_m":5.5,"altura_fuste_m":2.5,"caducifolio":false,"meses_sin_hojas":"","fuente":"provisional"},"geometry":{"type":"Point","coordinates":[-73.247546,10.479018]}},{"type":"Feature","properties":{"id":"prov-0420","especie":"canaguate","altura_m":10.7,"diametro_copa_m":8.9,"altura_fuste_m":3.0,"caducifolio":true,"meses_sin_hojas":"1,2,3","fuente":"provisional"},"geometry":{"type":"Point","coordinates":[-73.247613,10.479107]}},{"type":"Feature","properties":{"id":"prov-0421","especie":"mango","altura_m":8.7,"diametro_copa_m":8.8,"altura_fuste_m":2.5,"caducifolio":false,"meses_sin_hojas":"","fuente":"provisional"},"geometry":{"type":"Point","coordinates":[-73.247728,10.47926]}},{"type":"Feature","properties":{"id":"prov-0422","especie":"mango","altura_m":8.6,"diametro_copa_m":8.9,"altura_fuste_m":2.5,"caducifolio":false,"meses_sin_hojas":"","fuente":"provisional"},"geometry":{"type":"Point","coordinates":[-73.247238,10.478697]}},{"type":"Feature","properties":{"id":"prov-0423","especie":"mango","altura_m":8.8,"diametro_copa_m":9.5,"altura_fuste_m":2.5,"caducifolio":false,"meses_sin_hojas":"","fuente":"provisional"},"geometry":{"type":"Point","coordinates":[-73.247333,10.478824]}},{"type":"Feature","properties":{"id":"prov-0424","especie":"mango","altura_m":10.1,"diametro_copa_m":9.5,"altura_fuste_m":2.5,"caducifolio":false,"meses_sin_hojas":"","fuente":"provisional"},"geometry":{"type":"Point","coordinates":[-73.24758,10.479154]}},{"type":"Feature","properties":{"id":"prov-0425","especie":"otro","altura_m":7.8,"diametro_copa_m":8.0,"altura_fuste_m":2.5,"caducifolio":false,"meses_sin_hojas":"","fuente":"provisional"},"geometry":{"type":"Point","coordinates":[-73.246937,10.475289]}},{"type":"Feature","properties":{"id":"prov-0426","especie":"canaguate","altura_m":10.7,"diametro_copa_m":8.6,"altura_fuste_m":3.0,"caducifolio":true,"meses_sin_hojas":"1,2,3","fuente":"provisional"},"geometry":{"type":"Point","coordinates":[-73.246755,10.475402]}},{"type":"Feature","properties":{"id":"prov-0427","especie":"mango","altura_m":11.9,"diametro_copa_m":11.0,"altura_fuste_m":2.5,"caducifolio":false,"meses_sin_hojas":"","fuente":"provisional"},"geometry":{"type":"Point","coordinates":[-73.246635,10.475477]}},{"type":"Feature","properties":{"id":"prov-0428","especie":"mango","altura_m":10.9,"diametro_copa_m":11.7,"altura_fuste_m":2.5,"caducifolio":false,"meses_sin_hojas":"","fuente":"provisional"},"geometry":{"type":"Point","coordinates":[-73.24646,10.475587]}},{"type":"Feature","properties":{"id":"prov-0429","especie":"mango","altura_m":9.2,"diametro_copa_m":12.0,"altura_fuste_m":2.5,"caducifolio":false,"meses_sin_hojas":"","fuente":"provisional"},"geometry":{"type":"Point","coordinates":[-73.247276,10.475093]}},{"type":"Feature","properties":{"id":"prov-0430","especie":"mango","altura_m":10.2,"diametro_copa_m":9.2,"altura_fuste_m":2.5,"caducifolio":false,"meses_sin_hojas":"","fuente":"provisional"},"geometry":{"type":"Point","coordinates":[-73.247169,10.475151]}},{"type":"Feature","properties":{"id":"prov-0431","especie":"mango","altura_m":11.3,"diametro_copa_m":11.3,"altura_fuste_m":2.5,"caducifolio":false,"meses_sin_hojas":"","fuente":"provisional"},"geometry":{"type":"Point","coordinates":[-73.242929,10.473306]}},{"type":"Feature","properties":{"id":"prov-0432","especie":"mango","altura_m":9.9,"diametro_copa_m":8.5,"altura_fuste_m":2.5,"caducifolio":false,"meses_sin_hojas":"","fuente":"provisional"},"geometry":{"type":"Point","coordinates":[-73.242812,10.47316]}},{"type":"Feature","properties":{"id":"prov-0433","especie":"mango","altura_m":10.1,"diametro_copa_m":10.1,"altura_fuste_m":2.5,"caducifolio":false,"meses_sin_hojas":"","fuente":"provisional"},"geometry":{"type":"Point","coordinates":[-73.242758,10.472941]}},{"type":"Feature","properties":{"id":"prov-0434","especie":"mango","altura_m":12.0,"diametro_copa_m":11.5,"altura_fuste_m":2.5,"caducifolio":false,"meses_sin_hojas":"","fuente":"provisional"},"geometry":{"type":"Point","coordinates":[-73.242737,10.472731]}},{"type":"Feature","properties":{"id":"prov-0435","especie":"mango","altura_m":8.2,"diametro_copa_m":10.7,"altura_fuste_m":2.5,"caducifolio":false,"meses_sin_hojas":"","fuente":"provisional"},"geometry":{"type":"Point","coordinates":[-73.242728,10.47262]}},{"type":"Feature","properties":{"id":"prov-0436","especie":"mango","altura_m":10.3,"diametro_copa_m":10.4,"altura_fuste_m":2.5,"caducifolio":false,"meses_sin_hojas":"","fuente":"provisional"},"geometry":{"type":"Point","coordinates":[-73.242885,10.473189]}},{"type":"Feature","properties":{"id":"prov-0437","especie":"mango","altura_m":9.8,"diametro_copa_m":10.8,"altura_fuste_m":2.5,"caducifolio":false,"meses_sin_hojas":"","fuente":"provisional"},"geometry":{"type":"Point","coordinates":[-73.242827,10.473049]}},{"type":"Feature","properties":{"id":"prov-0438","especie":"canaguate","altura_m":11.8,"diametro_copa_m":8.7,"altura_fuste_m":3.0,"caducifolio":true,"meses_sin_hojas":"1,2,3","fuente":"provisional"},"geometry":{"type":"Point","coordinates":[-73.242802,10.472837]}},{"type":"Feature","properties":{"id":"prov-0439","especie":"mango","altura_m":11.1,"diametro_copa_m":9.1,"altura_fuste_m":2.5,"caducifolio":false,"meses_sin_hojas":"","fuente":"provisional"},"geometry":{"type":"Point","coordinates":[-73.242783,10.472619]}},{"type":"Feature","properties":{"id":"prov-0440","especie":"mango","altura_m":11.7,"diametro_copa_m":11.0,"altura_fuste_m":2.5,"caducifolio":false,"meses_sin_hojas":"","fuente":"provisional"},"geometry":{"type":"Point","coordinates":[-73.250594,10.479524]}},{"type":"Feature","properties":{"id":"prov-0441","especie":"mango","altura_m":10.0,"diametro_copa_m":8.3,"altura_fuste_m":2.5,"caducifolio":false,"meses_sin_hojas":"","fuente":"provisional"},"geometry":{"type":"Point","coordinates":[-73.250746,10.47941]}},{"type":"Feature","properties":{"id":"prov-0442","especie":"mango","altura_m":9.7,"diametro_copa_m":8.6,"altura_fuste_m":2.5,"caducifolio":false,"meses_sin_hojas":"","fuente":"provisional"},"geometry":{"type":"Point","coordinates":[-73.250907,10.47929]}},{"type":"Feature","properties":{"id":"prov-0443","especie":"mango","altura_m":11.8,"diametro_copa_m":11.0,"altura_fuste_m":2.5,"caducifolio":false,"meses_sin_hojas":"","fuente":"provisional"},"geometry":{"type":"Point","coordinates":[-73.251043,10.479189]}},{"type":"Feature","properties":{"id":"prov-0444","especie":"mango","altura_m":11.8,"diametro_copa_m":8.1,"altura_fuste_m":2.5,"caducifolio":false,"meses_sin_hojas":"","fuente":"provisional"},"geometry":{"type":"Point","coordinates":[-73.250558,10.479699]}},{"type":"Feature","properties":{"id":"prov-0445","especie":"canaguate","altura_m":10.8,"diametro_copa_m":8.9,"altura_fuste_m":3.0,"caducifolio":true,"meses_sin_hojas":"1,2,3","fuente":"provisional"},"geometry":{"type":"Point","coordinates":[-73.250624,10.479787]}},{"type":"Feature","properties":{"id":"prov-0446","especie":"mango","altura_m":8.2,"diametro_copa_m":8.8,"altura_fuste_m":2.5,"caducifolio":false,"meses_sin_hojas":"","fuente":"provisional"},"geometry":{"type":"Point","coordinates":[-73.250693,10.479878]}},{"type":"Feature","properties":{"id":"prov-0447","especie":"mango","altura_m":9.3,"diametro_copa_m":10.4,"altura_fuste_m":2.5,"caducifolio":false,"meses_sin_hojas":"","fuente":"provisional"},"geometry":{"type":"Point","coordinates":[-73.250781,10.479994]}},{"type":"Feature","properties":{"id":"prov-0448","especie":"canaguate","altura_m":11.1,"diametro_copa_m":6.6,"altura_fuste_m":3.0,"caducifolio":true,"meses_sin_hojas":"1,2,3","fuente":"provisional"},"geometry":{"type":"Point","coordinates":[-73.250878,10.480122]}},{"type":"Feature","properties":{"id":"prov-0449","especie":"mango","altura_m":10.5,"diametro_copa_m":9.9,"altura_fuste_m":2.5,"caducifolio":false,"meses_sin_hojas":"","fuente":"provisional"},"geometry":{"type":"Point","coordinates":[-73.250019,10.479012]}},{"type":"Feature","properties":{"id":"prov-0450","especie":"mango","altura_m":9.4,"diametro_copa_m":8.5,"altura_fuste_m":2.5,"caducifolio":false,"meses_sin_hojas":"","fuente":"provisional"},"geometry":{"type":"Point","coordinates":[-73.250144,10.479171]}},{"type":"Feature","properties":{"id":"prov-0451","especie":"canaguate","altura_m":9.5,"diametro_copa_m":7.9,"altura_fuste_m":3.0,"caducifolio":true,"meses_sin_hojas":"1,2,3","fuente":"provisional"},"geometry":{"type":"Point","coordinates":[-73.250218,10.479264]}},{"type":"Feature","properties":{"id":"prov-0452","especie":"mango","altura_m":8.5,"diametro_copa_m":9.6,"altura_fuste_m":2.5,"caducifolio":false,"meses_sin_hojas":"","fuente":"provisional"},"geometry":{"type":"Point","coordinates":[-73.250355,10.479438]}},{"type":"Feature","properties":{"id":"prov-0453","especie":"mango","altura_m":10.2,"diametro_copa_m":10.0,"altura_fuste_m":2.5,"caducifolio":false,"meses_sin_hojas":"","fuente":"provisional"},"geometry":{"type":"Point","coordinates":[-73.250444,10.479551]}},{"type":"Feature","properties":{"id":"prov-0454","especie":"canaguate","altura_m":10.1,"diametro_copa_m":6.5,"altura_fuste_m":3.0,"caducifolio":true,"meses_sin_hojas":"1,2,3","fuente":"provisional"},"geometry":{"type":"Point","coordinates":[-73.242195,10.479671]}},{"type":"Feature","properties":{"id":"prov-0455","especie":"mango","altura_m":8.7,"diametro_copa_m":8.4,"altura_fuste_m":2.5,"caducifolio":false,"meses_sin_hojas":"","fuente":"provisional"},"geometry":{"type":"Point","coordinates":[-73.242069,10.479754]}},{"type":"Feature","properties":{"id":"prov-0456","especie":"mango","altura_m":11.6,"diametro_copa_m":9.5,"altura_fuste_m":2.5,"caducifolio":false,"meses_sin_hojas":"","fuente":"provisional"},"geometry":{"type":"Point","coordinates":[-73.241978,10.479815]}},{"type":"Feature","properties":{"id":"prov-0457","especie":"mango","altura_m":11.0,"diametro_copa_m":10.4,"altura_fuste_m":2.5,"caducifolio":false,"meses_sin_hojas":"","fuente":"provisional"},"geometry":{"type":"Point","coordinates":[-73.241513,10.480143]}},{"type":"Feature","properties":{"id":"prov-0458","especie":"mango","altura_m":10.2,"diametro_copa_m":10.7,"altura_fuste_m":2.5,"caducifolio":false,"meses_sin_hojas":"","fuente":"provisional"},"geometry":{"type":"Point","coordinates":[-73.241622,10.480064]}},{"type":"Feature","properties":{"id":"prov-0459","especie":"otro","altura_m":9.4,"diametro_copa_m":6.4,"altura_fuste_m":2.5,"caducifolio":false,"meses_sin_hojas":"","fuente":"provisional"},"geometry":{"type":"Point","coordinates":[-73.241712,10.479999]}},{"type":"Feature","properties":{"id":"prov-0460","especie":"canaguate","altura_m":8.8,"diametro_copa_m":7.5,"altura_fuste_m":3.0,"caducifolio":true,"meses_sin_hojas":"1,2,3","fuente":"provisional"},"geometry":{"type":"Point","coordinates":[-73.241559,10.480178]}},{"type":"Feature","properties":{"id":"prov-0461","especie":"canaguate","altura_m":11.8,"diametro_copa_m":8.3,"altura_fuste_m":3.0,"caducifolio":true,"meses_sin_hojas":"1,2,3","fuente":"provisional"},"geometry":{"type":"Point","coordinates":[-73.241663,10.480102]}},{"type":"Feature","properties":{"id":"prov-0462","especie":"mango","altura_m":11.4,"diametro_copa_m":10.3,"altura_fuste_m":2.5,"caducifolio":false,"meses_sin_hojas":"","fuente":"provisional"},"geometry":{"type":"Point","coordinates":[-73.241829,10.479981]}},{"type":"Feature","properties":{"id":"prov-0463","especie":"otro","altura_m":7.1,"diametro_copa_m":7.6,"altura_fuste_m":2.5,"caducifolio":false,"meses_sin_hojas":"","fuente":"provisional"},"geometry":{"type":"Point","coordinates":[-73.250892,10.476528]}},{"type":"Feature","properties":{"id":"prov-0464","especie":"mango","altura_m":9.1,"diametro_copa_m":10.4,"altura_fuste_m":2.5,"caducifolio":false,"meses_sin_hojas":"","fuente":"provisional"},"geometry":{"type":"Point","coordinates":[-73.25099,10.476658]}},{"type":"Feature","properties":{"id":"prov-0465","especie":"mango","altura_m":11.5,"diametro_copa_m":10.5,"altura_fuste_m":2.5,"caducifolio":false,"meses_sin_hojas":"","fuente":"provisional"},"geometry":{"type":"Point","coordinates":[-73.25107,10.476764]}},{"type":"Feature","properties":{"id":"prov-0466","especie":"mango","altura_m":8.9,"diametro_copa_m":8.4,"altura_fuste_m":2.5,"caducifolio":false,"meses_sin_hojas":"","fuente":"provisional"},"geometry":{"type":"Point","coordinates":[-73.251185,10.476918]}},{"type":"Feature","properties":{"id":"prov-0467","especie":"otro","altura_m":9.6,"diametro_copa_m":7.7,"altura_fuste_m":2.5,"caducifolio":false,"meses_sin_hojas":"","fuente":"provisional"},"geometry":{"type":"Point","coordinates":[-73.251314,10.47709]}},{"type":"Feature","properties":{"id":"prov-0468","especie":"mango","altura_m":10.0,"diametro_copa_m":10.6,"altura_fuste_m":2.5,"caducifolio":false,"meses_sin_hojas":"","fuente":"provisional"},"geometry":{"type":"Point","coordinates":[-73.25141,10.477218]}},{"type":"Feature","properties":{"id":"prov-0469","especie":"canaguate","altura_m":9.9,"diametro_copa_m":6.4,"altura_fuste_m":3.0,"caducifolio":true,"meses_sin_hojas":"1,2,3","fuente":"provisional"},"geometry":{"type":"Point","coordinates":[-73.250818,10.477678]}},{"type":"Feature","properties":{"id":"prov-0470","especie":"canaguate","altura_m":10.1,"diametro_copa_m":7.4,"altura_fuste_m":3.0,"caducifolio":true,"meses_sin_hojas":"1,2,3","fuente":"provisional"},"geometry":{"type":"Point","coordinates":[-73.250984,10.477602]}},{"type":"Feature","properties":{"id":"prov-0471","especie":"canaguate","altura_m":8.6,"diametro_copa_m":8.9,"altura_fuste_m":3.0,"caducifolio":true,"meses_sin_hojas":"1,2,3","fuente":"provisional"},"geometry":{"type":"Point","coordinates":[-73.251095,10.477551]}},{"type":"Feature","properties":{"id":"prov-0472","especie":"canaguate","altura_m":9.5,"diametro_copa_m":7.2,"altura_fuste_m":3.0,"caducifolio":true,"meses_sin_hojas":"1,2,3","fuente":"provisional"},"geometry":{"type":"Point","coordinates":[-73.251198,10.477504]}},{"type":"Feature","properties":{"id":"prov-0473","especie":"mango","altura_m":9.9,"diametro_copa_m":11.0,"altura_fuste_m":2.5,"caducifolio":false,"meses_sin_hojas":"","fuente":"provisional"},"geometry":{"type":"Point","coordinates":[-73.251363,10.477428]}},{"type":"Feature","properties":{"id":"prov-0474","especie":"otro","altura_m":7.1,"diametro_copa_m":6.9,"altura_fuste_m":2.5,"caducifolio":false,"meses_sin_hojas":"","fuente":"provisional"},"geometry":{"type":"Point","coordinates":[-73.251078,10.477619]}},{"type":"Feature","properties":{"id":"prov-0475","especie":"mango","altura_m":11.1,"diametro_copa_m":11.5,"altura_fuste_m":2.5,"caducifolio":false,"meses_sin_hojas":"","fuente":"provisional"},"geometry":{"type":"Point","coordinates":[-73.251186,10.477569]}},{"type":"Feature","properties":{"id":"prov-0476","especie":"mango","altura_m":9.3,"diametro_copa_m":8.9,"altura_fuste_m":2.5,"caducifolio":false,"meses_sin_hojas":"","fuente":"provisional"},"geometry":{"type":"Point","coordinates":[-73.251385,10.477477]}},{"type":"Feature","properties":{"id":"prov-0477","especie":"canaguate","altura_m":9.2,"diametro_copa_m":8.4,"altura_fuste_m":3.0,"caducifolio":true,"meses_sin_hojas":"1,2,3","fuente":"provisional"},"geometry":{"type":"Point","coordinates":[-73.24491,10.480404]}},{"type":"Feature","properties":{"id":"prov-0478","especie":"mango","altura_m":10.7,"diametro_copa_m":8.3,"altura_fuste_m":2.5,"caducifolio":false,"meses_sin_hojas":"","fuente":"provisional"},"geometry":{"type":"Point","coordinates":[-73.245244,10.480249]}},{"type":"Feature","properties":{"id":"prov-0479","especie":"mango","altura_m":11.0,"diametro_copa_m":8.2,"altura_fuste_m":2.5,"caducifolio":false,"meses_sin_hojas":"","fuente":"provisional"},"geometry":{"type":"Point","coordinates":[-73.245426,10.480165]}},{"type":"Feature","properties":{"id":"prov-0480","especie":"mango","altura_m":11.8,"diametro_copa_m":10.6,"altura_fuste_m":2.5,"caducifolio":false,"meses_sin_hojas":"","fuente":"provisional"},"geometry":{"type":"Point","coordinates":[-73.245614,10.480077]}},{"type":"Feature","properties":{"id":"prov-0481","especie":"canaguate","altura_m":11.7,"diametro_copa_m":8.1,"altura_fuste_m":3.0,"caducifolio":true,"meses_sin_hojas":"1,2,3","fuente":"provisional"},"geometry":{"type":"Point","coordinates":[-73.246146,10.480751]}},{"type":"Feature","properties":{"id":"prov-0482","especie":"mango","altura_m":9.8,"diametro_copa_m":9.7,"altura_fuste_m":2.5,"caducifolio":false,"meses_sin_hojas":"","fuente":"provisional"},"geometry":{"type":"Point","coordinates":[-73.245774,10.480144]}},{"type":"Feature","properties":{"id":"prov-0483","especie":"canaguate","altura_m":9.8,"diametro_copa_m":6.6,"altura_fuste_m":3.0,"caducifolio":true,"meses_sin_hojas":"1,2,3","fuente":"provisional"},"geometry":{"type":"Point","coordinates":[-73.240313,10.472586]}},{"type":"Feature","properties":{"id":"prov-0484","especie":"mango","altura_m":10.9,"diametro_copa_m":11.8,"altura_fuste_m":2.5,"caducifolio":false,"meses_sin_hojas":"","fuente":"provisional"},"geometry":{"type":"Point","coordinates":[-73.240444,10.472582]}},{"type":"Feature","properties":{"id":"prov-0485","especie":"canaguate","altura_m":11.1,"diametro_copa_m":6.6,"altura_fuste_m":3.0,"caducifolio":true,"meses_sin_hojas":"1,2,3","fuente":"provisional"},"geometry":{"type":"Point","coordinates":[-73.240554,10.472578]}},{"type":"Feature","properties":{"id":"prov-0486","especie":"mango","altura_m":11.3,"diametro_copa_m":11.4,"altura_fuste_m":2.5,"caducifolio":false,"meses_sin_hojas":"","fuente":"provisional"},"geometry":{"type":"Point","coordinates":[-73.24069,10.472574]}},{"type":"Feature","properties":{"id":"prov-0487","especie":"mango","altura_m":12.0,"diametro_copa_m":9.2,"altura_fuste_m":2.5,"caducifolio":false,"meses_sin_hojas":"","fuente":"provisional"},"geometry":{"type":"Point","coordinates":[-73.240882,10.472568]}},{"type":"Feature","properties":{"id":"prov-0488","especie":"canaguate","altura_m":12.0,"diametro_copa_m":6.7,"altura_fuste_m":3.0,"caducifolio":true,"meses_sin_hojas":"1,2,3","fuente":"provisional"},"geometry":{"type":"Point","coordinates":[-73.241087,10.472561]}},{"type":"Feature","properties":{"id":"prov-0489","especie":"otro","altura_m":8.3,"diametro_copa_m":5.0,"altura_fuste_m":2.5,"caducifolio":false,"meses_sin_hojas":"","fuente":"provisional"},"geometry":{"type":"Point","coordinates":[-73.241212,10.472557]}},{"type":"Feature","properties":{"id":"prov-0490","especie":"mango","altura_m":11.5,"diametro_copa_m":8.1,"altura_fuste_m":2.5,"caducifolio":false,"meses_sin_hojas":"","fuente":"provisional"},"geometry":{"type":"Point","coordinates":[-73.241388,10.472551]}},{"type":"Feature","properties":{"id":"prov-0491","especie":"canaguate","altura_m":8.0,"diametro_copa_m":9.0,"altura_fuste_m":3.0,"caducifolio":true,"meses_sin_hojas":"1,2,3","fuente":"provisional"},"geometry":{"type":"Point","coordinates":[-73.242732,10.472534]}},{"type":"Feature","properties":{"id":"prov-0492","especie":"canaguate","altura_m":8.1,"diametro_copa_m":8.3,"altura_fuste_m":3.0,"caducifolio":true,"meses_sin_hojas":"1,2,3","fuente":"provisional"},"geometry":{"type":"Point","coordinates":[-73.24251,10.472546]}},{"type":"Feature","properties":{"id":"prov-0493","especie":"otro","altura_m":9.3,"diametro_copa_m":5.9,"altura_fuste_m":2.5,"caducifolio":false,"meses_sin_hojas":"","fuente":"provisional"},"geometry":{"type":"Point","coordinates":[-73.242323,10.472557]}},{"type":"Feature","properties":{"id":"prov-0494","especie":"mango","altura_m":8.7,"diametro_copa_m":9.8,"altura_fuste_m":2.5,"caducifolio":false,"meses_sin_hojas":"","fuente":"provisional"},"geometry":{"type":"Point","coordinates":[-73.242187,10.472565]}},{"type":"Feature","properties":{"id":"prov-0495","especie":"otro","altura_m":6.6,"diametro_copa_m":7.0,"altura_fuste_m":2.5,"caducifolio":false,"meses_sin_hojas":"","fuente":"provisional"},"geometry":{"type":"Point","coordinates":[-73.241987,10.472576]}},{"type":"Feature","properties":{"id":"prov-0496","especie":"canaguate","altura_m":10.3,"diametro_copa_m":8.5,"altura_fuste_m":3.0,"caducifolio":true,"meses_sin_hojas":"1,2,3","fuente":"provisional"},"geometry":{"type":"Point","coordinates":[-73.241798,10.472587]}},{"type":"Feature","properties":{"id":"prov-0497","especie":"otro","altura_m":8.0,"diametro_copa_m":6.0,"altura_fuste_m":2.5,"caducifolio":false,"meses_sin_hojas":"","fuente":"provisional"},"geometry":{"type":"Point","coordinates":[-73.241622,10.472597]}},{"type":"Feature","properties":{"id":"prov-0498","especie":"canaguate","altura_m":9.6,"diametro_copa_m":6.7,"altura_fuste_m":3.0,"caducifolio":true,"meses_sin_hojas":"1,2,3","fuente":"provisional"},"geometry":{"type":"Point","coordinates":[-73.242065,10.473275]}},{"type":"Feature","properties":{"id":"prov-0499","especie":"mango","altura_m":11.4,"diametro_copa_m":10.6,"altura_fuste_m":2.5,"caducifolio":false,"meses_sin_hojas":"","fuente":"provisional"},"geometry":{"type":"Point","coordinates":[-73.241974,10.473136]}},{"type":"Feature","properties":{"id":"prov-0500","especie":"mango","altura_m":11.6,"diametro_copa_m":11.5,"altura_fuste_m":2.5,"caducifolio":false,"meses_sin_hojas":"","fuente":"provisional"},"geometry":{"type":"Point","coordinates":[-73.24189,10.473009]}},{"type":"Feature","properties":{"id":"prov-0501","especie":"canaguate","altura_m":10.0,"diametro_copa_m":7.3,"altura_fuste_m":3.0,"caducifolio":true,"meses_sin_hojas":"1,2,3","fuente":"provisional"},"geometry":{"type":"Point","coordinates":[-73.241779,10.472841]}},{"type":"Feature","properties":{"id":"prov-0502","especie":"mango","altura_m":8.9,"diametro_copa_m":10.7,"altura_fuste_m":2.5,"caducifolio":false,"meses_sin_hojas":"","fuente":"provisional"},"geometry":{"type":"Point","coordinates":[-73.24169,10.472707]}},{"type":"Feature","properties":{"id":"prov-0503","especie":"mango","altura_m":9.8,"diametro_copa_m":11.9,"altura_fuste_m":2.5,"caducifolio":false,"meses_sin_hojas":"","fuente":"provisional"},"geometry":{"type":"Point","coordinates":[-73.241044,10.471729]}},{"type":"Feature","properties":{"id":"prov-0504","especie":"canaguate","altura_m":11.2,"diametro_copa_m":8.5,"altura_fuste_m":3.0,"caducifolio":true,"meses_sin_hojas":"1,2,3","fuente":"provisional"},"geometry":{"type":"Point","coordinates":[-73.241156,10.471899]}},{"type":"Feature","properties":{"id":"prov-0505","especie":"canaguate","altura_m":8.8,"diametro_copa_m":7.3,"altura_fuste_m":3.0,"caducifolio":true,"meses_sin_hojas":"1,2,3","fuente":"provisional"},"geometry":{"type":"Point","coordinates":[-73.241275,10.47208]}},{"type":"Feature","properties":{"id":"prov-0506","especie":"mango","altura_m":10.8,"diametro_copa_m":9.4,"altura_fuste_m":2.5,"caducifolio":false,"meses_sin_hojas":"","fuente":"provisional"},"geometry":{"type":"Point","coordinates":[-73.241352,10.472196]}},{"type":"Feature","properties":{"id":"prov-0507","especie":"mango","altura_m":8.7,"diametro_copa_m":11.9,"altura_fuste_m":2.5,"caducifolio":false,"meses_sin_hojas":"","fuente":"provisional"},"geometry":{"type":"Point","coordinates":[-73.241466,10.472367]}},{"type":"Feature","properties":{"id":"prov-0508","especie":"mango","altura_m":10.2,"diametro_copa_m":10.3,"altura_fuste_m":2.5,"caducifolio":false,"meses_sin_hojas":"","fuente":"provisional"},"geometry":{"type":"Point","coordinates":[-73.241544,10.472487]}},{"type":"Feature","properties":{"id":"prov-0509","especie":"mango","altura_m":8.5,"diametro_copa_m":8.4,"altura_fuste_m":2.5,"caducifolio":false,"meses_sin_hojas":"","fuente":"provisional"},"geometry":{"type":"Point","coordinates":[-73.241019,10.471791]}},{"type":"Feature","properties":{"id":"prov-0510","especie":"mango","altura_m":9.1,"diametro_copa_m":9.0,"altura_fuste_m":2.5,"caducifolio":false,"meses_sin_hojas":"","fuente":"provisional"},"geometry":{"type":"Point","coordinates":[-73.241137,10.471969]}},{"type":"Feature","properties":{"id":"prov-0511","especie":"canaguate","altura_m":10.2,"diametro_copa_m":6.9,"altura_fuste_m":3.0,"caducifolio":true,"meses_sin_hojas":"1,2,3","fuente":"provisional"},"geometry":{"type":"Point","coordinates":[-73.241207,10.472075]}},{"type":"Feature","properties":{"id":"prov-0512","especie":"mango","altura_m":11.4,"diametro_copa_m":10.8,"altura_fuste_m":2.5,"caducifolio":false,"meses_sin_hojas":"","fuente":"provisional"},"geometry":{"type":"Point","coordinates":[-73.241296,10.47221]}},{"type":"Feature","properties":{"id":"prov-0513","especie":"otro","altura_m":6.2,"diametro_copa_m":6.3,"altura_fuste_m":2.5,"caducifolio":false,"meses_sin_hojas":"","fuente":"provisional"},"geometry":{"type":"Point","coordinates":[-73.241362,10.472309]}},{"type":"Feature","properties":{"id":"prov-0514","especie":"mango","altura_m":9.5,"diametro_copa_m":11.6,"altura_fuste_m":2.5,"caducifolio":false,"meses_sin_hojas":"","fuente":"provisional"},"geometry":{"type":"Point","coordinates":[-73.241431,10.472414]}},{"type":"Feature","properties":{"id":"prov-0515","especie":"canaguate","altura_m":11.1,"diametro_copa_m":7.3,"altura_fuste_m":3.0,"caducifolio":true,"meses_sin_hojas":"1,2,3","fuente":"provisional"},"geometry":{"type":"Point","coordinates":[-73.241519,10.472547]}},{"type":"Feature","properties":{"id":"prov-0516","especie":"otro","altura_m":7.7,"diametro_copa_m":5.1,"altura_fuste_m":2.5,"caducifolio":false,"meses_sin_hojas":"","fuente":"provisional"},"geometry":{"type":"Point","coordinates":[-73.246459,10.471384]}},{"type":"Feature","properties":{"id":"prov-0517","especie":"mango","altura_m":9.4,"diametro_copa_m":10.4,"altura_fuste_m":2.5,"caducifolio":false,"meses_sin_hojas":"","fuente":"provisional"},"geometry":{"type":"Point","coordinates":[-73.249839,10.479082]}},{"type":"Feature","properties":{"id":"prov-0518","especie":"canaguate","altura_m":11.0,"diametro_copa_m":6.3,"altura_fuste_m":3.0,"caducifolio":true,"meses_sin_hojas":"1,2,3","fuente":"provisional"},"geometry":{"type":"Point","coordinates":[-73.249677,10.479178]}},{"type":"Feature","properties":{"id":"prov-0519","especie":"mango","altura_m":8.5,"diametro_copa_m":10.8,"altura_fuste_m":2.5,"caducifolio":false,"meses_sin_hojas":"","fuente":"provisional"},"geometry":{"type":"Point","coordinates":[-73.249525,10.479267]}},{"type":"Feature","properties":{"id":"prov-0520","especie":"mango","altura_m":10.3,"diametro_copa_m":8.7,"altura_fuste_m":2.5,"caducifolio":false,"meses_sin_hojas":"","fuente":"provisional"},"geometry":{"type":"Point","coordinates":[-73.249397,10.479343]}},{"type":"Feature","properties":{"id":"prov-0521","especie":"otro","altura_m":8.0,"diametro_copa_m":5.8,"altura_fuste_m":2.5,"caducifolio":false,"meses_sin_hojas":"","fuente":"provisional"},"geometry":{"type":"Point","coordinates":[-73.249216,10.47945]}},{"type":"Feature","properties":{"id":"prov-0522","especie":"mango","altura_m":11.4,"diametro_copa_m":9.6,"altura_fuste_m":2.5,"caducifolio":false,"meses_sin_hojas":"","fuente":"provisional"},"geometry":{"type":"Point","coordinates":[-73.248336,10.479927]}},{"type":"Feature","properties":{"id":"prov-0523","especie":"mango","altura_m":11.5,"diametro_copa_m":11.4,"altura_fuste_m":2.5,"caducifolio":false,"meses_sin_hojas":"","fuente":"provisional"},"geometry":{"type":"Point","coordinates":[-73.248531,10.479822]}},{"type":"Feature","properties":{"id":"prov-0524","especie":"canaguate","altura_m":9.3,"diametro_copa_m":8.6,"altura_fuste_m":3.0,"caducifolio":true,"meses_sin_hojas":"1,2,3","fuente":"provisional"},"geometry":{"type":"Point","coordinates":[-73.24869,10.479735]}},{"type":"Feature","properties":{"id":"prov-0525","especie":"mango","altura_m":11.5,"diametro_copa_m":11.9,"altura_fuste_m":2.5,"caducifolio":false,"meses_sin_hojas":"","fuente":"provisional"},"geometry":{"type":"Point","coordinates":[-73.248836,10.479657]}},{"type":"Feature","properties":{"id":"prov-0526","especie":"mango","altura_m":8.2,"diametro_copa_m":9.6,"altura_fuste_m":2.5,"caducifolio":false,"meses_sin_hojas":"","fuente":"provisional"},"geometry":{"type":"Point","coordinates":[-73.249,10.479568]}},{"type":"Feature","properties":{"id":"prov-0527","especie":"mango","altura_m":10.3,"diametro_copa_m":8.2,"altura_fuste_m":2.5,"caducifolio":false,"meses_sin_hojas":"","fuente":"provisional"},"geometry":{"type":"Point","coordinates":[-73.249657,10.480171]}},{"type":"Feature","properties":{"id":"prov-0528","especie":"mango","altura_m":10.9,"diametro_copa_m":9.4,"altura_fuste_m":2.5,"caducifolio":false,"meses_sin_hojas":"","fuente":"provisional"},"geometry":{"type":"Point","coordinates":[-73.249592,10.48008]}},{"type":"Feature","properties":{"id":"prov-0529","especie":"mango","altura_m":8.3,"diametro_copa_m":8.4,"altura_fuste_m":2.5,"caducifolio":false,"meses_sin_hojas":"","fuente":"provisional"},"geometry":{"type":"Point","coordinates":[-73.249522,10.479982]}},{"type":"Feature","properties":{"id":"prov-0530","especie":"mango","altura_m":9.1,"diametro_copa_m":9.1,"altura_fuste_m":2.5,"caducifolio":false,"meses_sin_hojas":"","fuente":"provisional"},"geometry":{"type":"Point","coordinates":[-73.249457,10.479891]}},{"type":"Feature","properties":{"id":"prov-0531","especie":"mango","altura_m":11.1,"diametro_copa_m":8.1,"altura_fuste_m":2.5,"caducifolio":false,"meses_sin_hojas":"","fuente":"provisional"},"geometry":{"type":"Point","coordinates":[-73.24938,10.479783]}},{"type":"Feature","properties":{"id":"prov-0532","especie":"mango","altura_m":9.0,"diametro_copa_m":9.0,"altura_fuste_m":2.5,"caducifolio":false,"meses_sin_hojas":"","fuente":"provisional"},"geometry":{"type":"Point","coordinates":[-73.249316,10.479694]}},{"type":"Feature","properties":{"id":"prov-0533","especie":"mango","altura_m":10.6,"diametro_copa_m":11.7,"altura_fuste_m":2.5,"caducifolio":false,"meses_sin_hojas":"","fuente":"provisional"},"geometry":{"type":"Point","coordinates":[-73.249189,10.479517]}},{"type":"Feature","properties":{"id":"prov-0534","especie":"mango","altura_m":10.4,"diametro_copa_m":11.2,"altura_fuste_m":2.5,"caducifolio":false,"meses_sin_hojas":"","fuente":"provisional"},"geometry":{"type":"Point","coordinates":[-73.249675,10.480087]}},{"type":"Feature","properties":{"id":"prov-0535","especie":"mango","altura_m":8.8,"diametro_copa_m":9.1,"altura_fuste_m":2.5,"caducifolio":false,"meses_sin_hojas":"","fuente":"provisional"},"geometry":{"type":"Point","coordinates":[-73.249554,10.479917]}},{"type":"Feature","properties":{"id":"prov-0536","especie":"canaguate","altura_m":8.9,"diametro_copa_m":6.3,"altura_fuste_m":3.0,"caducifolio":true,"meses_sin_hojas":"1,2,3","fuente":"provisional"},"geometry":{"type":"Point","coordinates":[-73.249465,10.479792]}},{"type":"Feature","properties":{"id":"prov-0537","especie":"mango","altura_m":9.6,"diametro_copa_m":11.2,"altura_fuste_m":2.5,"caducifolio":false,"meses_sin_hojas":"","fuente":"provisional"},"geometry":{"type":"Point","coordinates":[-73.249366,10.479654]}},{"type":"Feature","properties":{"id":"prov-0538","especie":"otro","altura_m":7.9,"diametro_copa_m":6.9,"altura_fuste_m":2.5,"caducifolio":false,"meses_sin_hojas":"","fuente":"provisional"},"geometry":{"type":"Point","coordinates":[-73.249274,10.479526]}},{"type":"Feature","properties":{"id":"prov-0539","especie":"mango","altura_m":10.0,"diametro_copa_m":9.5,"altura_fuste_m":2.5,"caducifolio":false,"meses_sin_hojas":"","fuente":"provisional"},"geometry":{"type":"Point","coordinates":[-73.24721,10.474183]}},{"type":"Feature","properties":{"id":"prov-0540","especie":"mango","altura_m":11.6,"diametro_copa_m":8.1,"altura_fuste_m":2.5,"caducifolio":false,"meses_sin_hojas":"","fuente":"provisional"},"geometry":{"type":"Point","coordinates":[-73.247458,10.474006]}},{"type":"Feature","properties":{"id":"prov-0541","especie":"mango","altura_m":9.7,"diametro_copa_m":9.8,"altura_fuste_m":2.5,"caducifolio":false,"meses_sin_hojas":"","fuente":"provisional"},"geometry":{"type":"Point","coordinates":[-73.247112,10.480717]}},{"type":"Feature","properties":{"id":"prov-0542","especie":"mango","altura_m":11.6,"diametro_copa_m":8.0,"altura_fuste_m":2.5,"caducifolio":false,"meses_sin_hojas":"","fuente":"provisional"},"geometry":{"type":"Point","coordinates":[-73.247177,10.480809]}},{"type":"Feature","properties":{"id":"prov-0543","especie":"mango","altura_m":11.7,"diametro_copa_m":10.7,"altura_fuste_m":2.5,"caducifolio":false,"meses_sin_hojas":"","fuente":"provisional"},"geometry":{"type":"Point","coordinates":[-73.247255,10.480918]}},{"type":"Feature","properties":{"id":"prov-0544","especie":"mango","altura_m":9.2,"diametro_copa_m":11.7,"altura_fuste_m":2.5,"caducifolio":false,"meses_sin_hojas":"","fuente":"provisional"},"geometry":{"type":"Point","coordinates":[-73.247381,10.481094]}},{"type":"Feature","properties":{"id":"prov-0545","especie":"mango","altura_m":8.2,"diametro_copa_m":11.9,"altura_fuste_m":2.5,"caducifolio":false,"meses_sin_hojas":"","fuente":"provisional"},"geometry":{"type":"Point","coordinates":[-73.247467,10.481215]}},{"type":"Feature","properties":{"id":"prov-0546","especie":"otro","altura_m":9.3,"diametro_copa_m":6.5,"altura_fuste_m":2.5,"caducifolio":false,"meses_sin_hojas":"","fuente":"provisional"},"geometry":{"type":"Point","coordinates":[-73.247573,10.481364]}},{"type":"Feature","properties":{"id":"prov-0547","especie":"mango","altura_m":10.2,"diametro_copa_m":8.6,"altura_fuste_m":2.5,"caducifolio":false,"meses_sin_hojas":"","fuente":"provisional"},"geometry":{"type":"Point","coordinates":[-73.247675,10.481507]}},{"type":"Feature","properties":{"id":"prov-0548","especie":"otro","altura_m":7.7,"diametro_copa_m":5.0,"altura_fuste_m":2.5,"caducifolio":false,"meses_sin_hojas":"","fuente":"provisional"},"geometry":{"type":"Point","coordinates":[-73.247821,10.481478]}},{"type":"Feature","properties":{"id":"prov-0549","especie":"otro","altura_m":9.7,"diametro_copa_m":7.8,"altura_fuste_m":2.5,"caducifolio":false,"meses_sin_hojas":"","fuente":"provisional"},"geometry":{"type":"Point","coordinates":[-73.247952,10.481386]}},{"type":"Feature","properties":{"id":"prov-0550","especie":"mango","altura_m":11.4,"diametro_copa_m":11.3,"altura_fuste_m":2.5,"caducifolio":false,"meses_sin_hojas":"","fuente":"provisional"},"geometry":{"type":"Point","coordinates":[-73.2481,10.481282]}},{"type":"Feature","properties":{"id":"prov-0551","especie":"mango","altura_m":8.9,"diametro_copa_m":10.9,"altura_fuste_m":2.5,"caducifolio":false,"meses_sin_hojas":"","fuente":"provisional"},"geometry":{"type":"Point","coordinates":[-73.246954,10.482093]}},{"type":"Feature","properties":{"id":"prov-0552","especie":"otro","altura_m":9.2,"diametro_copa_m":5.1,"altura_fuste_m":2.5,"caducifolio":false,"meses_sin_hojas":"","fuente":"provisional"},"geometry":{"type":"Point","coordinates":[-73.24708,10.482003]}},{"type":"Feature","properties":{"id":"prov-0553","especie":"canaguate","altura_m":9.4,"diametro_copa_m":6.5,"altura_fuste_m":3.0,"caducifolio":true,"meses_sin_hojas":"1,2,3","fuente":"provisional"},"geometry":{"type":"Point","coordinates":[-73.247235,10.481894]}},{"type":"Feature","properties":{"id":"prov-0554","especie":"mango","altura_m":8.2,"diametro_copa_m":10.1,"altura_fuste_m":2.5,"caducifolio":false,"meses_sin_hojas":"","fuente":"provisional"},"geometry":{"type":"Point","coordinates":[-73.247386,10.481786]}},{"type":"Feature","properties":{"id":"prov-0555","especie":"canaguate","altura_m":9.8,"diametro_copa_m":8.3,"altura_fuste_m":3.0,"caducifolio":true,"meses_sin_hojas":"1,2,3","fuente":"provisional"},"geometry":{"type":"Point","coordinates":[-73.2475,10.481706]}},{"type":"Feature","properties":{"id":"prov-0556","especie":"canaguate","altura_m":8.6,"diametro_copa_m":8.9,"altura_fuste_m":3.0,"caducifolio":true,"meses_sin_hojas":"1,2,3","fuente":"provisional"},"geometry":{"type":"Point","coordinates":[-73.247678,10.481579]}},{"type":"Feature","properties":{"id":"prov-0557","especie":"mango","altura_m":10.8,"diametro_copa_m":9.2,"altura_fuste_m":2.5,"caducifolio":false,"meses_sin_hojas":"","fuente":"provisional"},"geometry":{"type":"Point","coordinates":[-73.24286,10.477961]}},{"type":"Feature","properties":{"id":"prov-0558","especie":"mango","altura_m":9.9,"diametro_copa_m":8.1,"altura_fuste_m":2.5,"caducifolio":false,"meses_sin_hojas":"","fuente":"provisional"},"geometry":{"type":"Point","coordinates":[-73.243051,10.478202]}},{"type":"Feature","properties":{"id":"prov-0559","especie":"canaguate","altura_m":9.6,"diametro_copa_m":6.8,"altura_fuste_m":3.0,"caducifolio":true,"meses_sin_hojas":"1,2,3","fuente":"provisional"},"geometry":{"type":"Point","coordinates":[-73.242986,10.478048]}},{"type":"Feature","properties":{"id":"prov-0560","especie":"mango","altura_m":9.1,"diametro_copa_m":9.5,"altura_fuste_m":2.5,"caducifolio":false,"meses_sin_hojas":"","fuente":"provisional"},"geometry":{"type":"Point","coordinates":[-73.242936,10.47793]}},{"type":"Feature","properties":{"id":"prov-0561","especie":"mango","altura_m":8.2,"diametro_copa_m":10.9,"altura_fuste_m":2.5,"caducifolio":false,"meses_sin_hojas":"","fuente":"provisional"},"geometry":{"type":"Point","coordinates":[-73.242574,10.477607]}},{"type":"Feature","properties":{"id":"prov-0562","especie":"otro","altura_m":9.2,"diametro_copa_m":6.3,"altura_fuste_m":2.5,"caducifolio":false,"meses_sin_hojas":"","fuente":"provisional"},"geometry":{"type":"Point","coordinates":[-73.242701,10.477732]}},{"type":"Feature","properties":{"id":"prov-0563","especie":"mango","altura_m":9.9,"diametro_copa_m":11.1,"altura_fuste_m":2.5,"caducifolio":false,"meses_sin_hojas":"","fuente":"provisional"},"geometry":{"type":"Point","coordinates":[-73.242802,10.477857]}},{"type":"Feature","properties":{"id":"prov-0564","especie":"mango","altura_m":9.1,"diametro_copa_m":8.8,"altura_fuste_m":2.5,"caducifolio":false,"meses_sin_hojas":"","fuente":"provisional"},"geometry":{"type":"Point","coordinates":[-73.243176,10.477789]}},{"type":"Feature","properties":{"id":"prov-0565","especie":"otro","altura_m":9.7,"diametro_copa_m":6.7,"altura_fuste_m":2.5,"caducifolio":false,"meses_sin_hojas":"","fuente":"provisional"},"geometry":{"type":"Point","coordinates":[-73.243009,10.4779]}},{"type":"Feature","properties":{"id":"prov-0566","especie":"mango","altura_m":8.7,"diametro_copa_m":9.7,"altura_fuste_m":2.5,"caducifolio":false,"meses_sin_hojas":"","fuente":"provisional"},"geometry":{"type":"Point","coordinates":[-73.241191,10.480795]}},{"type":"Feature","properties":{"id":"prov-0567","especie":"canaguate","altura_m":9.7,"diametro_copa_m":7.4,"altura_fuste_m":3.0,"caducifolio":true,"meses_sin_hojas":"1,2,3","fuente":"provisional"},"geometry":{"type":"Point","coordinates":[-73.241075,10.480633]}},{"type":"Feature","properties":{"id":"prov-0568","especie":"mango","altura_m":11.6,"diametro_copa_m":9.0,"altura_fuste_m":2.5,"caducifolio":false,"meses_sin_hojas":"","fuente":"provisional"},"geometry":{"type":"Point","coordinates":[-73.241137,10.480977]}},{"type":"Feature","properties":{"id":"prov-0569","especie":"mango","altura_m":11.8,"diametro_copa_m":11.0,"altura_fuste_m":2.5,"caducifolio":false,"meses_sin_hojas":"","fuente":"provisional"},"geometry":{"type":"Point","coordinates":[-73.241057,10.480964]}},{"type":"Feature","properties":{"id":"prov-0570","especie":"otro","altura_m":7.9,"diametro_copa_m":8.0,"altura_fuste_m":2.5,"caducifolio":false,"meses_sin_hojas":"","fuente":"provisional"},"geometry":{"type":"Point","coordinates":[-73.240952,10.480871]}},{"type":"Feature","properties":{"id":"prov-0571","especie":"mango","altura_m":11.1,"diametro_copa_m":9.9,"altura_fuste_m":2.5,"caducifolio":false,"meses_sin_hojas":"","fuente":"provisional"},"geometry":{"type":"Point","coordinates":[-73.240786,10.480722]}},{"type":"Feature","properties":{"id":"prov-0572","especie":"mango","altura_m":9.6,"diametro_copa_m":9.6,"altura_fuste_m":2.5,"caducifolio":false,"meses_sin_hojas":"","fuente":"provisional"},"geometry":{"type":"Point","coordinates":[-73.240899,10.480635]}},{"type":"Feature","properties":{"id":"prov-0573","especie":"mango","altura_m":8.6,"diametro_copa_m":11.3,"altura_fuste_m":2.5,"caducifolio":false,"meses_sin_hojas":"","fuente":"provisional"},"geometry":{"type":"Point","coordinates":[-73.241084,10.480243]}},{"type":"Feature","properties":{"id":"prov-0574","especie":"mango","altura_m":10.1,"diametro_copa_m":10.8,"altura_fuste_m":2.5,"caducifolio":false,"meses_sin_hojas":"","fuente":"provisional"},"geometry":{"type":"Point","coordinates":[-73.241008,10.480451]}},{"type":"Feature","properties":{"id":"prov-0575","especie":"mango","altura_m":11.5,"diametro_copa_m":11.6,"altura_fuste_m":2.5,"caducifolio":false,"meses_sin_hojas":"","fuente":"provisional"},"geometry":{"type":"Point","coordinates":[-73.245557,10.477448]}},{"type":"Feature","properties":{"id":"prov-0576","especie":"otro","altura_m":8.3,"diametro_copa_m":6.3,"altura_fuste_m":2.5,"caducifolio":false,"meses_sin_hojas":"","fuente":"provisional"},"geometry":{"type":"Point","coordinates":[-73.245727,10.477347]}},{"type":"Feature","properties":{"id":"prov-0577","especie":"mango","altura_m":9.7,"diametro_copa_m":9.4,"altura_fuste_m":2.5,"caducifolio":false,"meses_sin_hojas":"","fuente":"provisional"},"geometry":{"type":"Point","coordinates":[-73.24584,10.477281]}},{"type":"Feature","properties":{"id":"prov-0578","especie":"otro","altura_m":9.1,"diametro_copa_m":6.1,"altura_fuste_m":2.5,"caducifolio":false,"meses_sin_hojas":"","fuente":"provisional"},"geometry":{"type":"Point","coordinates":[-73.246036,10.477165]}},{"type":"Feature","properties":{"id":"prov-0579","especie":"mango","altura_m":10.9,"diametro_copa_m":10.5,"altura_fuste_m":2.5,"caducifolio":false,"meses_sin_hojas":"","fuente":"provisional"},"geometry":{"type":"Point","coordinates":[-73.249515,10.474647]}},{"type":"Feature","properties":{"id":"prov-0580","especie":"otro","altura_m":8.7,"diametro_copa_m":7.8,"altura_fuste_m":2.5,"caducifolio":false,"meses_sin_hojas":"","fuente":"provisional"},"geometry":{"type":"Point","coordinates":[-73.249447,10.474548]}},{"type":"Feature","properties":{"id":"prov-0581","especie":"canaguate","altura_m":8.8,"diametro_copa_m":7.2,"altura_fuste_m":3.0,"caducifolio":true,"meses_sin_hojas":"1,2,3","fuente":"provisional"},"geometry":{"type":"Point","coordinates":[-73.249365,10.474431]}},{"type":"Feature","properties":{"id":"prov-0582","especie":"mango","altura_m":11.5,"diametro_copa_m":8.1,"altura_fuste_m":2.5,"caducifolio":false,"meses_sin_hojas":"","fuente":"provisional"},"geometry":{"type":"Point","coordinates":[-73.249252,10.47427]}},{"type":"Feature","properties":{"id":"prov-0583","especie":"canaguate","altura_m":8.4,"diametro_copa_m":8.6,"altura_fuste_m":3.0,"caducifolio":true,"meses_sin_hojas":"1,2,3","fuente":"provisional"},"geometry":{"type":"Point","coordinates":[-73.249143,10.474115]}},{"type":"Feature","properties":{"id":"prov-0584","especie":"mango","altura_m":11.7,"diametro_copa_m":9.1,"altura_fuste_m":2.5,"caducifolio":false,"meses_sin_hojas":"","fuente":"provisional"},"geometry":{"type":"Point","coordinates":[-73.24905,10.473982]}},{"type":"Feature","properties":{"id":"prov-0585","especie":"otro","altura_m":10.0,"diametro_copa_m":7.1,"altura_fuste_m":2.5,"caducifolio":false,"meses_sin_hojas":"","fuente":"provisional"},"geometry":{"type":"Point","coordinates":[-73.248996,10.47394]}},{"type":"Feature","properties":{"id":"prov-0586","especie":"mango","altura_m":9.4,"diametro_copa_m":8.7,"altura_fuste_m":2.5,"caducifolio":false,"meses_sin_hojas":"","fuente":"provisional"},"geometry":{"type":"Point","coordinates":[-73.248832,10.474041]}},{"type":"Feature","properties":{"id":"prov-0587","especie":"mango","altura_m":9.8,"diametro_copa_m":10.9,"altura_fuste_m":2.5,"caducifolio":false,"meses_sin_hojas":"","fuente":"provisional"},"geometry":{"type":"Point","coordinates":[-73.248699,10.474124]}},{"type":"Feature","properties":{"id":"prov-0588","especie":"canaguate","altura_m":10.4,"diametro_copa_m":7.3,"altura_fuste_m":3.0,"caducifolio":true,"meses_sin_hojas":"1,2,3","fuente":"provisional"},"geometry":{"type":"Point","coordinates":[-73.248564,10.474208]}},{"type":"Feature","properties":{"id":"prov-0589","especie":"otro","altura_m":6.2,"diametro_copa_m":5.4,"altura_fuste_m":2.5,"caducifolio":false,"meses_sin_hojas":"","fuente":"provisional"},"geometry":{"type":"Point","coordinates":[-73.249621,10.473617]}},{"type":"Feature","properties":{"id":"prov-0590","especie":"mango","altura_m":8.1,"diametro_copa_m":10.1,"altura_fuste_m":2.5,"caducifolio":false,"meses_sin_hojas":"","fuente":"provisional"},"geometry":{"type":"Point","coordinates":[-73.249494,10.473703]}},{"type":"Feature","properties":{"id":"prov-0591","especie":"mango","altura_m":8.7,"diametro_copa_m":9.3,"altura_fuste_m":2.5,"caducifolio":false,"meses_sin_hojas":"","fuente":"provisional"},"geometry":{"type":"Point","coordinates":[-73.249372,10.473786]}},{"type":"Feature","properties":{"id":"prov-0592","especie":"mango","altura_m":9.8,"diametro_copa_m":10.8,"altura_fuste_m":2.5,"caducifolio":false,"meses_sin_hojas":"","fuente":"provisional"},"geometry":{"type":"Point","coordinates":[-73.249236,10.473878]}},{"type":"Feature","properties":{"id":"prov-0593","especie":"otro","altura_m":8.8,"diametro_copa_m":5.8,"altura_fuste_m":2.5,"caducifolio":false,"meses_sin_hojas":"","fuente":"provisional"},"geometry":{"type":"Point","coordinates":[-73.244976,10.47343]}},{"type":"Feature","properties":{"id":"prov-0594","especie":"mango","altura_m":11.9,"diametro_copa_m":10.5,"altura_fuste_m":2.5,"caducifolio":false,"meses_sin_hojas":"","fuente":"provisional"},"geometry":{"type":"Point","coordinates":[-73.245161,10.473317]}},{"type":"Feature","properties":{"id":"prov-0595","especie":"mango","altura_m":11.6,"diametro_copa_m":9.0,"altura_fuste_m":2.5,"caducifolio":false,"meses_sin_hojas":"","fuente":"provisional"},"geometry":{"type":"Point","coordinates":[-73.24533,10.473214]}},{"type":"Feature","properties":{"id":"prov-0596","especie":"mango","altura_m":11.0,"diametro_copa_m":11.0,"altura_fuste_m":2.5,"caducifolio":false,"meses_sin_hojas":"","fuente":"provisional"},"geometry":{"type":"Point","coordinates":[-73.245099,10.477796]}},{"type":"Feature","properties":{"id":"prov-0597","especie":"mango","altura_m":9.6,"diametro_copa_m":11.0,"altura_fuste_m":2.5,"caducifolio":false,"meses_sin_hojas":"","fuente":"provisional"},"geometry":{"type":"Point","coordinates":[-73.247365,10.472583]}},{"type":"Feature","properties":{"id":"prov-0598","especie":"mango","altura_m":9.9,"diametro_copa_m":10.6,"altura_fuste_m":2.5,"caducifolio":false,"meses_sin_hojas":"","fuente":"provisional"},"geometry":{"type":"Point","coordinates":[-73.247292,10.472475]}},{"type":"Feature","properties":{"id":"prov-0599","especie":"mango","altura_m":8.7,"diametro_copa_m":8.3,"altura_fuste_m":2.5,"caducifolio":false,"meses_sin_hojas":"","fuente":"provisional"},"geometry":{"type":"Point","coordinates":[-73.247226,10.472377]}},{"type":"Feature","properties":{"id":"prov-0600","especie":"mango","altura_m":11.3,"diametro_copa_m":12.0,"altura_fuste_m":2.5,"caducifolio":false,"meses_sin_hojas":"","fuente":"provisional"},"geometry":{"type":"Point","coordinates":[-73.247153,10.47227]}},{"type":"Feature","properties":{"id":"prov-0601","especie":"otro","altura_m":8.5,"diametro_copa_m":6.9,"altura_fuste_m":2.5,"caducifolio":false,"meses_sin_hojas":"","fuente":"provisional"},"geometry":{"type":"Point","coordinates":[-73.247043,10.472107]}},{"type":"Feature","properties":{"id":"prov-0602","especie":"mango","altura_m":9.8,"diametro_copa_m":8.9,"altura_fuste_m":2.5,"caducifolio":false,"meses_sin_hojas":"","fuente":"provisional"},"geometry":{"type":"Point","coordinates":[-73.24732,10.472664]}},{"type":"Feature","properties":{"id":"prov-0603","especie":"mango","altura_m":8.9,"diametro_copa_m":10.9,"altura_fuste_m":2.5,"caducifolio":false,"meses_sin_hojas":"","fuente":"provisional"},"geometry":{"type":"Point","coordinates":[-73.248376,10.471977]}},{"type":"Feature","properties":{"id":"prov-0604","especie":"mango","altura_m":11.8,"diametro_copa_m":8.7,"altura_fuste_m":2.5,"caducifolio":false,"meses_sin_hojas":"","fuente":"provisional"},"geometry":{"type":"Point","coordinates":[-73.248255,10.472057]}},{"type":"Feature","properties":{"id":"prov-0605","especie":"canaguate","altura_m":10.7,"diametro_copa_m":6.0,"altura_fuste_m":3.0,"caducifolio":true,"meses_sin_hojas":"1,2,3","fuente":"provisional"},"geometry":{"type":"Point","coordinates":[-73.248159,10.472121]}},{"type":"Feature","properties":{"id":"prov-0606","especie":"otro","altura_m":8.9,"diametro_copa_m":7.6,"altura_fuste_m":2.5,"caducifolio":false,"meses_sin_hojas":"","fuente":"provisional"},"geometry":{"type":"Point","coordinates":[-73.247987,10.472235]}},{"type":"Feature","properties":{"id":"prov-0607","especie":"mango","altura_m":9.8,"diametro_copa_m":10.6,"altura_fuste_m":2.5,"caducifolio":false,"meses_sin_hojas":"","fuente":"provisional"},"geometry":{"type":"Point","coordinates":[-73.247826,10.472342]}},{"type":"Feature","properties":{"id":"prov-0608","especie":"canaguate","altura_m":9.6,"diametro_copa_m":6.1,"altura_fuste_m":3.0,"caducifolio":true,"meses_sin_hojas":"1,2,3","fuente":"provisional"},"geometry":{"type":"Point","coordinates":[-73.247642,10.472464]}},{"type":"Feature","properties":{"id":"prov-0609","especie":"mango","altura_m":9.3,"diametro_copa_m":11.8,"altura_fuste_m":2.5,"caducifolio":false,"meses_sin_hojas":"","fuente":"provisional"},"geometry":{"type":"Point","coordinates":[-73.247526,10.472541]}},{"type":"Feature","properties":{"id":"prov-0610","especie":"mango","altura_m":10.9,"diametro_copa_m":9.9,"altura_fuste_m":2.5,"caducifolio":false,"meses_sin_hojas":"","fuente":"provisional"},"geometry":{"type":"Point","coordinates":[-73.247411,10.472617]}},{"type":"Feature","properties":{"id":"prov-0611","especie":"mango","altura_m":8.1,"diametro_copa_m":11.1,"altura_fuste_m":2.5,"caducifolio":false,"meses_sin_hojas":"","fuente":"provisional"},"geometry":{"type":"Point","coordinates":[-73.24687,10.483573]}},{"type":"Feature","properties":{"id":"prov-0612","especie":"otro","altura_m":9.0,"diametro_copa_m":6.3,"altura_fuste_m":2.5,"caducifolio":false,"meses_sin_hojas":"","fuente":"provisional"},"geometry":{"type":"Point","coordinates":[-73.246773,10.483423]}},{"type":"Feature","properties":{"id":"prov-0613","especie":"canaguate","altura_m":8.9,"diametro_copa_m":7.0,"altura_fuste_m":3.0,"caducifolio":true,"meses_sin_hojas":"1,2,3","fuente":"provisional"},"geometry":{"type":"Point","coordinates":[-73.246695,10.483302]}},{"type":"Feature","properties":{"id":"prov-0614","especie":"mango","altura_m":9.9,"diametro_copa_m":9.1,"altura_fuste_m":2.5,"caducifolio":false,"meses_sin_hojas":"","fuente":"provisional"},"geometry":{"type":"Point","coordinates":[-73.246619,10.483184]}},{"type":"Feature","properties":{"id":"prov-0615","especie":"mango","altura_m":10.5,"diametro_copa_m":9.6,"altura_fuste_m":2.5,"caducifolio":false,"meses_sin_hojas":"","fuente":"provisional"},"geometry":{"type":"Point","coordinates":[-73.249611,10.476255]}},{"type":"Feature","properties":{"id":"prov-0616","especie":"mango","altura_m":10.8,"diametro_copa_m":11.2,"altura_fuste_m":2.5,"caducifolio":false,"meses_sin_hojas":"","fuente":"provisional"},"geometry":{"type":"Point","coordinates":[-73.249459,10.476354]}},{"type":"Feature","properties":{"id":"prov-0617","especie":"mango","altura_m":11.5,"diametro_copa_m":10.2,"altura_fuste_m":2.5,"caducifolio":false,"meses_sin_hojas":"","fuente":"provisional"},"geometry":{"type":"Point","coordinates":[-73.249312,10.47645]}},{"type":"Feature","properties":{"id":"prov-0618","especie":"otro","altura_m":6.0,"diametro_copa_m":7.9,"altura_fuste_m":2.5,"caducifolio":false,"meses_sin_hojas":"","fuente":"provisional"},"geometry":{"type":"Point","coordinates":[-73.249128,10.476469]}},{"type":"Feature","properties":{"id":"prov-0619","especie":"mango","altura_m":8.5,"diametro_copa_m":8.9,"altura_fuste_m":2.5,"caducifolio":false,"meses_sin_hojas":"","fuente":"provisional"},"geometry":{"type":"Point","coordinates":[-73.245886,10.471673]}},{"type":"Feature","properties":{"id":"prov-0620","especie":"canaguate","altura_m":10.9,"diametro_copa_m":8.1,"altura_fuste_m":3.0,"caducifolio":true,"meses_sin_hojas":"1,2,3","fuente":"provisional"},"geometry":{"type":"Point","coordinates":[-73.245817,10.471568]}},{"type":"Feature","properties":{"id":"prov-0621","especie":"mango","altura_m":10.1,"diametro_copa_m":8.2,"altura_fuste_m":2.5,"caducifolio":false,"meses_sin_hojas":"","fuente":"provisional"},"geometry":{"type":"Point","coordinates":[-73.245698,10.471388]}},{"type":"Feature","properties":{"id":"prov-0622","especie":"mango","altura_m":11.2,"diametro_copa_m":11.8,"altura_fuste_m":2.5,"caducifolio":false,"meses_sin_hojas":"","fuente":"provisional"},"geometry":{"type":"Point","coordinates":[-73.245598,10.471236]}},{"type":"Feature","properties":{"id":"prov-0623","especie":"canaguate","altura_m":10.9,"diametro_copa_m":8.1,"altura_fuste_m":3.0,"caducifolio":true,"meses_sin_hojas":"1,2,3","fuente":"provisional"},"geometry":{"type":"Point","coordinates":[-73.245478,10.471055]}},{"type":"Feature","properties":{"id":"prov-0624","especie":"canaguate","altura_m":10.1,"diametro_copa_m":7.1,"altura_fuste_m":3.0,"caducifolio":true,"meses_sin_hojas":"1,2,3","fuente":"provisional"},"geometry":{"type":"Point","coordinates":[-73.245369,10.470889]}},{"type":"Feature","properties":{"id":"prov-0625","especie":"mango","altura_m":8.2,"diametro_copa_m":11.6,"altura_fuste_m":2.5,"caducifolio":false,"meses_sin_hojas":"","fuente":"provisional"},"geometry":{"type":"Point","coordinates":[-73.245949,10.471668]}},{"type":"Feature","properties":{"id":"prov-0626","especie":"mango","altura_m":9.8,"diametro_copa_m":11.8,"altura_fuste_m":2.5,"caducifolio":false,"meses_sin_hojas":"","fuente":"provisional"},"geometry":{"type":"Point","coordinates":[-73.245863,10.471538]}},{"type":"Feature","properties":{"id":"prov-0627","especie":"mango","altura_m":12.0,"diametro_copa_m":11.1,"altura_fuste_m":2.5,"caducifolio":false,"meses_sin_hojas":"","fuente":"provisional"},"geometry":{"type":"Point","coordinates":[-73.245779,10.471411]}},{"type":"Feature","properties":{"id":"prov-0628","especie":"mango","altura_m":9.4,"diametro_copa_m":11.1,"altura_fuste_m":2.5,"caducifolio":false,"meses_sin_hojas":"","fuente":"provisional"},"geometry":{"type":"Point","coordinates":[-73.245677,10.471257]}},{"type":"Feature","properties":{"id":"prov-0629","especie":"mango","altura_m":8.0,"diametro_copa_m":9.9,"altura_fuste_m":2.5,"caducifolio":false,"meses_sin_hojas":"","fuente":"provisional"},"geometry":{"type":"Point","coordinates":[-73.245607,10.47115]}},{"type":"Feature","properties":{"id":"prov-0630","especie":"mango","altura_m":9.7,"diametro_copa_m":8.4,"altura_fuste_m":2.5,"caducifolio":false,"meses_sin_hojas":"","fuente":"provisional"},"geometry":{"type":"Point","coordinates":[-73.245539,10.471048]}},{"type":"Feature","properties":{"id":"prov-0631","especie":"mango","altura_m":10.6,"diametro_copa_m":10.3,"altura_fuste_m":2.5,"caducifolio":false,"meses_sin_hojas":"","fuente":"provisional"},"geometry":{"type":"Point","coordinates":[-73.245469,10.470942]}},{"type":"Feature","properties":{"id":"prov-0632","especie":"mango","altura_m":11.5,"diametro_copa_m":8.6,"altura_fuste_m":2.5,"caducifolio":false,"meses_sin_hojas":"","fuente":"provisional"},"geometry":{"type":"Point","coordinates":[-73.243911,10.480934]}},{"type":"Feature","properties":{"id":"prov-0633","especie":"canaguate","altura_m":9.8,"diametro_copa_m":7.8,"altura_fuste_m":3.0,"caducifolio":true,"meses_sin_hojas":"1,2,3","fuente":"provisional"},"geometry":{"type":"Point","coordinates":[-73.243849,10.480823]}},{"type":"Feature","properties":{"id":"prov-0634","especie":"otro","altura_m":6.8,"diametro_copa_m":5.1,"altura_fuste_m":2.5,"caducifolio":false,"meses_sin_hojas":"","fuente":"provisional"},"geometry":{"type":"Point","coordinates":[-73.243777,10.480695]}},{"type":"Feature","properties":{"id":"prov-0635","especie":"mango","altura_m":9.0,"diametro_copa_m":8.4,"altura_fuste_m":2.5,"caducifolio":false,"meses_sin_hojas":"","fuente":"provisional"},"geometry":{"type":"Point","coordinates":[-73.243691,10.480542]}},{"type":"Feature","properties":{"id":"prov-0636","especie":"canaguate","altura_m":10.6,"diametro_copa_m":7.5,"altura_fuste_m":3.0,"caducifolio":true,"meses_sin_hojas":"1,2,3","fuente":"provisional"},"geometry":{"type":"Point","coordinates":[-73.243603,10.480385]}},{"type":"Feature","properties":{"id":"prov-0637","especie":"canaguate","altura_m":10.9,"diametro_copa_m":7.2,"altura_fuste_m":3.0,"caducifolio":true,"meses_sin_hojas":"1,2,3","fuente":"provisional"},"geometry":{"type":"Point","coordinates":[-73.243504,10.480208]}},{"type":"Feature","properties":{"id":"prov-0638","especie":"mango","altura_m":8.3,"diametro_copa_m":11.6,"altura_fuste_m":2.5,"caducifolio":false,"meses_sin_hojas":"","fuente":"provisional"},"geometry":{"type":"Point","coordinates":[-73.243979,10.480944]}},{"type":"Feature","properties":{"id":"prov-0639","especie":"otro","altura_m":9.9,"diametro_copa_m":6.3,"altura_fuste_m":2.5,"caducifolio":false,"meses_sin_hojas":"","fuente":"provisional"},"geometry":{"type":"Point","coordinates":[-73.243872,10.480753]}},{"type":"Feature","properties":{"id":"prov-0640","especie":"mango","altura_m":9.8,"diametro_copa_m":9.1,"altura_fuste_m":2.5,"caducifolio":false,"meses_sin_hojas":"","fuente":"provisional"},"geometry":{"type":"Point","coordinates":[-73.243817,10.480654]}},{"type":"Feature","properties":{"id":"prov-0641","especie":"mango","altura_m":9.3,"diametro_copa_m":10.8,"altura_fuste_m":2.5,"caducifolio":false,"meses_sin_hojas":"","fuente":"provisional"},"geometry":{"type":"Point","coordinates":[-73.24372,10.480482]}},{"type":"Feature","properties":{"id":"prov-0642","especie":"mango","altura_m":11.7,"diametro_copa_m":11.5,"altura_fuste_m":2.5,"caducifolio":false,"meses_sin_hojas":"","fuente":"provisional"},"geometry":{"type":"Point","coordinates":[-73.243617,10.480298]}},{"type":"Feature","properties":{"id":"prov-0643","especie":"mango","altura_m":11.9,"diametro_copa_m":11.6,"altura_fuste_m":2.5,"caducifolio":false,"meses_sin_hojas":"","fuente":"provisional"},"geometry":{"type":"Point","coordinates":[-73.243526,10.480135]}},{"type":"Feature","properties":{"id":"prov-0644","especie":"mango","altura_m":8.5,"diametro_copa_m":8.5,"altura_fuste_m":2.5,"caducifolio":false,"meses_sin_hojas":"","fuente":"provisional"},"geometry":{"type":"Point","coordinates":[-73.24297,10.480369]}},{"type":"Feature","properties":{"id":"prov-0645","especie":"mango","altura_m":8.5,"diametro_copa_m":9.0,"altura_fuste_m":2.5,"caducifolio":false,"meses_sin_hojas":"","fuente":"provisional"},"geometry":{"type":"Point","coordinates":[-73.243087,10.480297]}},{"type":"Feature","properties":{"id":"prov-0646","especie":"mango","altura_m":10.1,"diametro_copa_m":11.8,"altura_fuste_m":2.5,"caducifolio":false,"meses_sin_hojas":"","fuente":"provisional"},"geometry":{"type":"Point","coordinates":[-73.243245,10.4802]}},{"type":"Feature","properties":{"id":"prov-0647","especie":"mango","altura_m":12.0,"diametro_copa_m":10.9,"altura_fuste_m":2.5,"caducifolio":false,"meses_sin_hojas":"","fuente":"provisional"},"geometry":{"type":"Point","coordinates":[-73.243387,10.480113]}},{"type":"Feature","properties":{"id":"prov-0648","especie":"otro","altura_m":9.4,"diametro_copa_m":6.8,"altura_fuste_m":2.5,"caducifolio":false,"meses_sin_hojas":"","fuente":"provisional"},"geometry":{"type":"Point","coordinates":[-73.24391,10.479846]}},{"type":"Feature","properties":{"id":"prov-0649","especie":"mango","altura_m":10.6,"diametro_copa_m":10.7,"altura_fuste_m":2.5,"caducifolio":false,"meses_sin_hojas":"","fuente":"provisional"},"geometry":{"type":"Point","coordinates":[-73.243773,10.479933]}},{"type":"Feature","properties":{"id":"prov-0650","especie":"mango","altura_m":8.8,"diametro_copa_m":10.5,"altura_fuste_m":2.5,"caducifolio":false,"meses_sin_hojas":"","fuente":"provisional"},"geometry":{"type":"Point","coordinates":[-73.243608,10.480038]}},{"type":"Feature","properties":{"id":"prov-0651","especie":"otro","altura_m":8.5,"diametro_copa_m":5.9,"altura_fuste_m":2.5,"caducifolio":false,"meses_sin_hojas":"","fuente":"provisional"},"geometry":{"type":"Point","coordinates":[-73.247397,10.472783]}},{"type":"Feature","properties":{"id":"prov-0652","especie":"canaguate","altura_m":8.9,"diametro_copa_m":8.2,"altura_fuste_m":3.0,"caducifolio":true,"meses_sin_hojas":"1,2,3","fuente":"provisional"},"geometry":{"type":"Point","coordinates":[-73.247515,10.472962]}},{"type":"Feature","properties":{"id":"prov-0653","especie":"otro","altura_m":7.2,"diametro_copa_m":7.6,"altura_fuste_m":2.5,"caducifolio":false,"meses_sin_hojas":"","fuente":"provisional"},"geometry":{"type":"Point","coordinates":[-73.247621,10.473123]}},{"type":"Feature","properties":{"id":"prov-0654","especie":"mango","altura_m":8.9,"diametro_copa_m":10.0,"altura_fuste_m":2.5,"caducifolio":false,"meses_sin_hojas":"","fuente":"provisional"},"geometry":{"type":"Point","coordinates":[-73.247728,10.473284]}},{"type":"Feature","properties":{"id":"prov-0655","especie":"mango","altura_m":9.6,"diametro_copa_m":10.9,"altura_fuste_m":2.5,"caducifolio":false,"meses_sin_hojas":"","fuente":"provisional"},"geometry":{"type":"Point","coordinates":[-73.247812,10.473412]}},{"type":"Feature","properties":{"id":"prov-0656","especie":"mango","altura_m":8.2,"diametro_copa_m":9.1,"altura_fuste_m":2.5,"caducifolio":false,"meses_sin_hojas":"","fuente":"provisional"},"geometry":{"type":"Point","coordinates":[-73.246249,10.475577]}},{"type":"Feature","properties":{"id":"prov-0657","especie":"canaguate","altura_m":8.1,"diametro_copa_m":7.5,"altura_fuste_m":3.0,"caducifolio":true,"meses_sin_hojas":"1,2,3","fuente":"provisional"},"geometry":{"type":"Point","coordinates":[-73.246191,10.475484]}},{"type":"Feature","properties":{"id":"prov-0658","especie":"mango","altura_m":9.8,"diametro_copa_m":11.9,"altura_fuste_m":2.5,"caducifolio":false,"meses_sin_hojas":"","fuente":"provisional"},"geometry":{"type":"Point","coordinates":[-73.246116,10.475362]}},{"type":"Feature","properties":{"id":"prov-0659","especie":"mango","altura_m":11.5,"diametro_copa_m":10.7,"altura_fuste_m":2.5,"caducifolio":false,"meses_sin_hojas":"","fuente":"provisional"},"geometry":{"type":"Point","coordinates":[-73.246019,10.475204]}},{"type":"Feature","properties":{"id":"prov-0660","especie":"otro","altura_m":6.3,"diametro_copa_m":7.8,"altura_fuste_m":2.5,"caducifolio":false,"meses_sin_hojas":"","fuente":"provisional"},"geometry":{"type":"Point","coordinates":[-73.250993,10.475391]}},{"type":"Feature","properties":{"id":"prov-0661","especie":"canaguate","altura_m":9.1,"diametro_copa_m":8.6,"altura_fuste_m":3.0,"caducifolio":true,"meses_sin_hojas":"1,2,3","fuente":"provisional"},"geometry":{"type":"Point","coordinates":[-73.251096,10.475542]}},{"type":"Feature","properties":{"id":"prov-0662","especie":"mango","altura_m":9.7,"diametro_copa_m":9.7,"altura_fuste_m":2.5,"caducifolio":false,"meses_sin_hojas":"","fuente":"provisional"},"geometry":{"type":"Point","coordinates":[-73.251164,10.475643]}},{"type":"Feature","properties":{"id":"prov-0663","especie":"canaguate","altura_m":11.0,"diametro_copa_m":6.4,"altura_fuste_m":3.0,"caducifolio":true,"meses_sin_hojas":"1,2,3","fuente":"provisional"},"geometry":{"type":"Point","coordinates":[-73.251236,10.475749]}},{"type":"Feature","properties":{"id":"prov-0664","especie":"mango","altura_m":10.6,"diametro_copa_m":9.2,"altura_fuste_m":2.5,"caducifolio":false,"meses_sin_hojas":"","fuente":"provisional"},"geometry":{"type":"Point","coordinates":[-73.251342,10.475905]}},{"type":"Feature","properties":{"id":"prov-0665","especie":"otro","altura_m":9.9,"diametro_copa_m":6.0,"altura_fuste_m":2.5,"caducifolio":false,"meses_sin_hojas":"","fuente":"provisional"},"geometry":{"type":"Point","coordinates":[-73.251417,10.476015]}},{"type":"Feature","properties":{"id":"prov-0666","especie":"canaguate","altura_m":8.9,"diametro_copa_m":8.9,"altura_fuste_m":3.0,"caducifolio":true,"meses_sin_hojas":"1,2,3","fuente":"provisional"},"geometry":{"type":"Point","coordinates":[-73.250962,10.475459]}},{"type":"Feature","properties":{"id":"prov-0667","especie":"mango","altura_m":10.6,"diametro_copa_m":11.3,"altura_fuste_m":2.5,"caducifolio":false,"meses_sin_hojas":"","fuente":"provisional"},"geometry":{"type":"Point","coordinates":[-73.25105,10.475587]}},{"type":"Feature","properties":{"id":"prov-0668","especie":"mango","altura_m":8.5,"diametro_copa_m":10.9,"altura_fuste_m":2.5,"caducifolio":false,"meses_sin_hojas":"","fuente":"provisional"},"geometry":{"type":"Point","coordinates":[-73.251143,10.475724]}},{"type":"Feature","properties":{"id":"prov-0669","especie":"mango","altura_m":10.8,"diametro_copa_m":9.3,"altura_fuste_m":2.5,"caducifolio":false,"meses_sin_hojas":"","fuente":"provisional"},"geometry":{"type":"Point","coordinates":[-73.251247,10.475878]}},{"type":"Feature","properties":{"id":"prov-0670","especie":"canaguate","altura_m":11.8,"diametro_copa_m":6.8,"altura_fuste_m":3.0,"caducifolio":true,"meses_sin_hojas":"1,2,3","fuente":"provisional"},"geometry":{"type":"Point","coordinates":[-73.251367,10.476055]}},{"type":"Feature","properties":{"id":"prov-0671","especie":"mango","altura_m":11.7,"diametro_copa_m":10.3,"altura_fuste_m":2.5,"caducifolio":false,"meses_sin_hojas":"","fuente":"provisional"},"geometry":{"type":"Point","coordinates":[-73.246175,10.481333]}},{"type":"Feature","properties":{"id":"prov-0672","especie":"mango","altura_m":11.5,"diametro_copa_m":8.9,"altura_fuste_m":2.5,"caducifolio":false,"meses_sin_hojas":"","fuente":"provisional"},"geometry":{"type":"Point","coordinates":[-73.246048,10.481432]}},{"type":"Feature","properties":{"id":"prov-0673","especie":"otro","altura_m":6.2,"diametro_copa_m":7.6,"altura_fuste_m":2.5,"caducifolio":false,"meses_sin_hojas":"","fuente":"provisional"},"geometry":{"type":"Point","coordinates":[-73.245933,10.481522]}},{"type":"Feature","properties":{"id":"prov-0674","especie":"canaguate","altura_m":10.4,"diametro_copa_m":8.0,"altura_fuste_m":3.0,"caducifolio":true,"meses_sin_hojas":"1,2,3","fuente":"provisional"},"geometry":{"type":"Point","coordinates":[-73.245825,10.481606]}},{"type":"Feature","properties":{"id":"prov-0675","especie":"otro","altura_m":9.0,"diametro_copa_m":6.1,"altura_fuste_m":2.5,"caducifolio":false,"meses_sin_hojas":"","fuente":"provisional"},"geometry":{"type":"Point","coordinates":[-73.245275,10.481949]}},{"type":"Feature","properties":{"id":"prov-0676","especie":"canaguate","altura_m":8.7,"diametro_copa_m":6.1,"altura_fuste_m":3.0,"caducifolio":true,"meses_sin_hojas":"1,2,3","fuente":"provisional"},"geometry":{"type":"Point","coordinates":[-73.245444,10.481823]}},{"type":"Feature","properties":{"id":"prov-0677","especie":"mango","altura_m":11.2,"diametro_copa_m":9.6,"altura_fuste_m":2.5,"caducifolio":false,"meses_sin_hojas":"","fuente":"provisional"},"geometry":{"type":"Point","coordinates":[-73.245611,10.481699]}},{"type":"Feature","properties":{"id":"prov-0678","especie":"mango","altura_m":8.1,"diametro_copa_m":11.1,"altura_fuste_m":2.5,"caducifolio":false,"meses_sin_hojas":"","fuente":"provisional"},"geometry":{"type":"Point","coordinates":[-73.245711,10.481625]}},{"type":"Feature","properties":{"id":"prov-0679","especie":"mango","altura_m":9.9,"diametro_copa_m":10.2,"altura_fuste_m":2.5,"caducifolio":false,"meses_sin_hojas":"","fuente":"provisional"},"geometry":{"type":"Point","coordinates":[-73.245291,10.482005]}},{"type":"Feature","properties":{"id":"prov-0680","especie":"mango","altura_m":10.2,"diametro_copa_m":9.6,"altura_fuste_m":2.5,"caducifolio":false,"meses_sin_hojas":"","fuente":"provisional"},"geometry":{"type":"Point","coordinates":[-73.245447,10.481889]}},{"type":"Feature","properties":{"id":"prov-0681","especie":"canaguate","altura_m":10.8,"diametro_copa_m":7.0,"altura_fuste_m":3.0,"caducifolio":true,"meses_sin_hojas":"1,2,3","fuente":"provisional"},"geometry":{"type":"Point","coordinates":[-73.245626,10.481755]}},{"type":"Feature","properties":{"id":"prov-0682","especie":"mango","altura_m":8.3,"diametro_copa_m":10.3,"altura_fuste_m":2.5,"caducifolio":false,"meses_sin_hojas":"","fuente":"provisional"},"geometry":{"type":"Point","coordinates":[-73.245741,10.48167]}},{"type":"Feature","properties":{"id":"prov-0683","especie":"mango","altura_m":11.5,"diametro_copa_m":10.4,"altura_fuste_m":2.5,"caducifolio":false,"meses_sin_hojas":"","fuente":"provisional"},"geometry":{"type":"Point","coordinates":[-73.246396,10.482475]}},{"type":"Feature","properties":{"id":"prov-0684","especie":"canaguate","altura_m":9.2,"diametro_copa_m":8.8,"altura_fuste_m":3.0,"caducifolio":true,"meses_sin_hojas":"1,2,3","fuente":"provisional"},"geometry":{"type":"Point","coordinates":[-73.246312,10.482351]}},{"type":"Feature","properties":{"id":"prov-0685","especie":"mango","altura_m":11.0,"diametro_copa_m":9.8,"altura_fuste_m":2.5,"caducifolio":false,"meses_sin_hojas":"","fuente":"provisional"},"geometry":{"type":"Point","coordinates":[-73.246237,10.482242]}},{"type":"Feature","properties":{"id":"prov-0686","especie":"mango","altura_m":10.5,"diametro_copa_m":8.7,"altura_fuste_m":2.5,"caducifolio":false,"meses_sin_hojas":"","fuente":"provisional"},"geometry":{"type":"Point","coordinates":[-73.246156,10.482123]}},{"type":"Feature","properties":{"id":"prov-0687","especie":"mango","altura_m":10.5,"diametro_copa_m":10.2,"altura_fuste_m":2.5,"caducifolio":false,"meses_sin_hojas":"","fuente":"provisional"},"geometry":{"type":"Point","coordinates":[-73.246051,10.481968]}},{"type":"Feature","properties":{"id":"prov-0688","especie":"otro","altura_m":7.5,"diametro_copa_m":7.5,"altura_fuste_m":2.5,"caducifolio":false,"meses_sin_hojas":"","fuente":"provisional"},"geometry":{"type":"Point","coordinates":[-73.245974,10.481856]}},{"type":"Feature","properties":{"id":"prov-0689","especie":"otro","altura_m":7.8,"diametro_copa_m":6.3,"altura_fuste_m":2.5,"caducifolio":false,"meses_sin_hojas":"","fuente":"provisional"},"geometry":{"type":"Point","coordinates":[-73.245883,10.481722]}},{"type":"Feature","properties":{"id":"prov-0690","especie":"otro","altura_m":7.8,"diametro_copa_m":7.0,"altura_fuste_m":2.5,"caducifolio":false,"meses_sin_hojas":"","fuente":"provisional"},"geometry":{"type":"Point","coordinates":[-73.248508,10.474276]}},{"type":"Feature","properties":{"id":"prov-0691","especie":"mango","altura_m":10.9,"diametro_copa_m":9.9,"altura_fuste_m":2.5,"caducifolio":false,"meses_sin_hojas":"","fuente":"provisional"},"geometry":{"type":"Point","coordinates":[-73.248414,10.474139]}},{"type":"Feature","properties":{"id":"prov-0692","especie":"canaguate","altura_m":8.2,"diametro_copa_m":6.1,"altura_fuste_m":3.0,"caducifolio":true,"meses_sin_hojas":"1,2,3","fuente":"provisional"},"geometry":{"type":"Point","coordinates":[-73.248331,10.474017]}},{"type":"Feature","properties":{"id":"prov-0693","especie":"mango","altura_m":9.3,"diametro_copa_m":10.2,"altura_fuste_m":2.5,"caducifolio":false,"meses_sin_hojas":"","fuente":"provisional"},"geometry":{"type":"Point","coordinates":[-73.24822,10.473854]}},{"type":"Feature","properties":{"id":"prov-0694","especie":"mango","altura_m":11.0,"diametro_copa_m":8.9,"altura_fuste_m":2.5,"caducifolio":false,"meses_sin_hojas":"","fuente":"provisional"},"geometry":{"type":"Point","coordinates":[-73.248128,10.473719]}},{"type":"Feature","properties":{"id":"prov-0695","especie":"otro","altura_m":9.2,"diametro_copa_m":6.6,"altura_fuste_m":2.5,"caducifolio":false,"meses_sin_hojas":"","fuente":"provisional"},"geometry":{"type":"Point","coordinates":[-73.248059,10.473617]}},{"type":"Feature","properties":{"id":"prov-0696","especie":"otro","altura_m":7.4,"diametro_copa_m":5.7,"altura_fuste_m":2.5,"caducifolio":false,"meses_sin_hojas":"","fuente":"provisional"},"geometry":{"type":"Point","coordinates":[-73.247945,10.473451]}},{"type":"Feature","properties":{"id":"prov-0697","especie":"mango","altura_m":10.7,"diametro_copa_m":11.3,"altura_fuste_m":2.5,"caducifolio":false,"meses_sin_hojas":"","fuente":"provisional"},"geometry":{"type":"Point","coordinates":[-73.247375,10.473916]}},{"type":"Feature","properties":{"id":"prov-0698","especie":"otro","altura_m":7.0,"diametro_copa_m":5.7,"altura_fuste_m":2.5,"caducifolio":false,"meses_sin_hojas":"","fuente":"provisional"},"geometry":{"type":"Point","coordinates":[-73.24726,10.473746]}},{"type":"Feature","properties":{"id":"prov-0699","especie":"mango","altura_m":9.0,"diametro_copa_m":9.6,"altura_fuste_m":2.5,"caducifolio":false,"meses_sin_hojas":"","fuente":"provisional"},"geometry":{"type":"Point","coordinates":[-73.247485,10.473878]}},{"type":"Feature","properties":{"id":"prov-0700","especie":"canaguate","altura_m":8.7,"diametro_copa_m":8.5,"altura_fuste_m":3.0,"caducifolio":true,"meses_sin_hojas":"1,2,3","fuente":"provisional"},"geometry":{"type":"Point","coordinates":[-73.247611,10.473689]}},{"type":"Feature","properties":{"id":"prov-0701","especie":"mango","altura_m":8.9,"diametro_copa_m":11.4,"altura_fuste_m":2.5,"caducifolio":false,"meses_sin_hojas":"","fuente":"provisional"},"geometry":{"type":"Point","coordinates":[-73.24787,10.474698]}},{"type":"Feature","properties":{"id":"prov-0702","especie":"canaguate","altura_m":11.5,"diametro_copa_m":8.5,"altura_fuste_m":3.0,"caducifolio":true,"meses_sin_hojas":"1,2,3","fuente":"provisional"},"geometry":{"type":"Point","coordinates":[-73.24777,10.474538]}},{"type":"Feature","properties":{"id":"prov-0703","especie":"otro","altura_m":7.8,"diametro_copa_m":7.1,"altura_fuste_m":2.5,"caducifolio":false,"meses_sin_hojas":"","fuente":"provisional"},"geometry":{"type":"Point","coordinates":[-73.242767,10.472432]}},{"type":"Feature","properties":{"id":"prov-0704","especie":"mango","altura_m":8.2,"diametro_copa_m":9.8,"altura_fuste_m":2.5,"caducifolio":false,"meses_sin_hojas":"","fuente":"provisional"},"geometry":{"type":"Point","coordinates":[-73.24275,10.472211]}},{"type":"Feature","properties":{"id":"prov-0705","especie":"canaguate","altura_m":10.5,"diametro_copa_m":7.1,"altura_fuste_m":3.0,"caducifolio":true,"meses_sin_hojas":"1,2,3","fuente":"provisional"},"geometry":{"type":"Point","coordinates":[-73.242736,10.472036]}},{"type":"Feature","properties":{"id":"prov-0706","especie":"canaguate","altura_m":8.7,"diametro_copa_m":7.2,"altura_fuste_m":3.0,"caducifolio":true,"meses_sin_hojas":"1,2,3","fuente":"provisional"},"geometry":{"type":"Point","coordinates":[-73.242723,10.471869]}},{"type":"Feature","properties":{"id":"prov-0707","especie":"mango","altura_m":9.7,"diametro_copa_m":11.2,"altura_fuste_m":2.5,"caducifolio":false,"meses_sin_hojas":"","fuente":"provisional"},"geometry":{"type":"Point","coordinates":[-73.24271,10.471698]}},{"type":"Feature","properties":{"id":"prov-0708","especie":"mango","altura_m":8.7,"diametro_copa_m":11.7,"altura_fuste_m":2.5,"caducifolio":false,"meses_sin_hojas":"","fuente":"provisional"},"geometry":{"type":"Point","coordinates":[-73.24293,10.472473]}},{"type":"Feature","properties":{"id":"prov-0709","especie":"mango","altura_m":9.1,"diametro_copa_m":9.8,"altura_fuste_m":2.5,"caducifolio":false,"meses_sin_hojas":"","fuente":"provisional"},"geometry":{"type":"Point","coordinates":[-73.243049,10.472469]}},{"type":"Feature","properties":{"id":"prov-0710","especie":"mango","altura_m":11.4,"diametro_copa_m":10.5,"altura_fuste_m":2.5,"caducifolio":false,"meses_sin_hojas":"","fuente":"provisional"},"geometry":{"type":"Point","coordinates":[-73.24318,10.472464]}},{"type":"Feature","properties":{"id":"prov-0711","especie":"mango","altura_m":10.0,"diametro_copa_m":8.7,"altura_fuste_m":2.5,"caducifolio":false,"meses_sin_hojas":"","fuente":"provisional"},"geometry":{"type":"Point","coordinates":[-73.243391,10.472457]}},{"type":"Feature","properties":{"id":"prov-0712","especie":"mango","altura_m":9.0,"diametro_copa_m":9.1,"altura_fuste_m":2.5,"caducifolio":false,"meses_sin_hojas":"","fuente":"provisional"},"geometry":{"type":"Point","coordinates":[-73.243514,10.472453]}},{"type":"Feature","properties":{"id":"prov-0713","especie":"canaguate","altura_m":8.9,"diametro_copa_m":6.3,"altura_fuste_m":3.0,"caducifolio":true,"meses_sin_hojas":"1,2,3","fuente":"provisional"},"geometry":{"type":"Point","coordinates":[-73.240563,10.479526]}},{"type":"Feature","properties":{"id":"prov-0714","especie":"mango","altura_m":8.0,"diametro_copa_m":8.4,"altura_fuste_m":2.5,"caducifolio":false,"meses_sin_hojas":"","fuente":"provisional"},"geometry":{"type":"Point","coordinates":[-73.240206,10.47918]}},{"type":"Feature","properties":{"id":"prov-0715","especie":"mango","altura_m":9.0,"diametro_copa_m":8.3,"altura_fuste_m":2.5,"caducifolio":false,"meses_sin_hojas":"","fuente":"provisional"},"geometry":{"type":"Point","coordinates":[-73.240325,10.479349]}},{"type":"Feature","properties":{"id":"prov-0716","especie":"mango","altura_m":11.0,"diametro_copa_m":11.9,"altura_fuste_m":2.5,"caducifolio":false,"meses_sin_hojas":"","fuente":"provisional"},"geometry":{"type":"Point","coordinates":[-73.24039,10.47944]}},{"type":"Feature","properties":{"id":"prov-0717","especie":"mango","altura_m":8.8,"diametro_copa_m":11.0,"altura_fuste_m":2.5,"caducifolio":false,"meses_sin_hojas":"","fuente":"provisional"},"geometry":{"type":"Point","coordinates":[-73.246244,10.48102]}},{"type":"Feature","properties":{"id":"prov-0718","especie":"otro","altura_m":9.5,"diametro_copa_m":6.6,"altura_fuste_m":2.5,"caducifolio":false,"meses_sin_hojas":"","fuente":"provisional"},"geometry":{"type":"Point","coordinates":[-73.246184,10.480919]}},{"type":"Feature","properties":{"id":"prov-0719","especie":"mango","altura_m":11.6,"diametro_copa_m":11.4,"altura_fuste_m":2.5,"caducifolio":false,"meses_sin_hojas":"","fuente":"provisional"},"geometry":{"type":"Point","coordinates":[-73.246753,10.480242]}},{"type":"Feature","properties":{"id":"prov-0720","especie":"mango","altura_m":10.9,"diametro_copa_m":8.2,"altura_fuste_m":2.5,"caducifolio":false,"meses_sin_hojas":"","fuente":"provisional"},"geometry":{"type":"Point","coordinates":[-73.246635,10.480323]}},{"type":"Feature","properties":{"id":"prov-0721","especie":"canaguate","altura_m":10.4,"diametro_copa_m":6.1,"altura_fuste_m":3.0,"caducifolio":true,"meses_sin_hojas":"1,2,3","fuente":"provisional"},"geometry":{"type":"Point","coordinates":[-73.246337,10.480565]}},{"type":"Feature","properties":{"id":"prov-0722","especie":"canaguate","altura_m":11.2,"diametro_copa_m":8.6,"altura_fuste_m":3.0,"caducifolio":true,"meses_sin_hojas":"1,2,3","fuente":"provisional"},"geometry":{"type":"Point","coordinates":[-73.24625,10.480646]}},{"type":"Feature","properties":{"id":"prov-0723","especie":"otro","altura_m":7.0,"diametro_copa_m":7.1,"altura_fuste_m":2.5,"caducifolio":false,"meses_sin_hojas":"","fuente":"provisional"},"geometry":{"type":"Point","coordinates":[-73.244882,10.47485]}},{"type":"Feature","properties":{"id":"prov-0724","especie":"canaguate","altura_m":10.5,"diametro_copa_m":7.0,"altura_fuste_m":3.0,"caducifolio":true,"meses_sin_hojas":"1,2,3","fuente":"provisional"},"geometry":{"type":"Point","coordinates":[-73.244801,10.474734]}},{"type":"Feature","properties":{"id":"prov-0725","especie":"mango","altura_m":8.2,"diametro_copa_m":8.4,"altura_fuste_m":2.5,"caducifolio":false,"meses_sin_hojas":"","fuente":"provisional"},"geometry":{"type":"Point","coordinates":[-73.244726,10.474625]}},{"type":"Feature","properties":{"id":"prov-0726","especie":"canaguate","altura_m":9.2,"diametro_copa_m":7.5,"altura_fuste_m":3.0,"caducifolio":true,"meses_sin_hojas":"1,2,3","fuente":"provisional"},"geometry":{"type":"Point","coordinates":[-73.244641,10.474502]}},{"type":"Feature","properties":{"id":"prov-0727","especie":"mango","altura_m":8.3,"diametro_copa_m":9.7,"altura_fuste_m":2.5,"caducifolio":false,"meses_sin_hojas":"","fuente":"provisional"},"geometry":{"type":"Point","coordinates":[-73.244543,10.474361]}},{"type":"Feature","properties":{"id":"prov-0728","especie":"mango","altura_m":10.4,"diametro_copa_m":9.0,"altura_fuste_m":2.5,"caducifolio":false,"meses_sin_hojas":"","fuente":"provisional"},"geometry":{"type":"Point","coordinates":[-73.245094,10.473882]}},{"type":"Feature","properties":{"id":"prov-0729","especie":"mango","altura_m":12.0,"diametro_copa_m":11.5,"altura_fuste_m":2.5,"caducifolio":false,"meses_sin_hojas":"","fuente":"provisional"},"geometry":{"type":"Point","coordinates":[-73.244969,10.473959]}},{"type":"Feature","properties":{"id":"prov-0730","especie":"mango","altura_m":10.3,"diametro_copa_m":8.4,"altura_fuste_m":2.5,"caducifolio":false,"meses_sin_hojas":"","fuente":"provisional"},"geometry":{"type":"Point","coordinates":[-73.244858,10.474027]}},{"type":"Feature","properties":{"id":"prov-0731","especie":"canaguate","altura_m":11.1,"diametro_copa_m":8.3,"altura_fuste_m":3.0,"caducifolio":true,"meses_sin_hojas":"1,2,3","fuente":"provisional"},"geometry":{"type":"Point","coordinates":[-73.244764,10.474085]}},{"type":"Feature","properties":{"id":"prov-0732","especie":"mango","altura_m":8.2,"diametro_copa_m":10.8,"altura_fuste_m":2.5,"caducifolio":false,"meses_sin_hojas":"","fuente":"provisional"},"geometry":{"type":"Point","coordinates":[-73.244629,10.474168]}},{"type":"Feature","properties":{"id":"prov-0733","especie":"mango","altura_m":8.1,"diametro_copa_m":8.4,"altura_fuste_m":2.5,"caducifolio":false,"meses_sin_hojas":"","fuente":"provisional"},"geometry":{"type":"Point","coordinates":[-73.24408,10.474622]}},{"type":"Feature","properties":{"id":"prov-0734","especie":"mango","altura_m":8.0,"diametro_copa_m":9.8,"altura_fuste_m":2.5,"caducifolio":false,"meses_sin_hojas":"","fuente":"provisional"},"geometry":{"type":"Point","coordinates":[-73.244179,10.474544]}},{"type":"Feature","properties":{"id":"prov-0735","especie":"mango","altura_m":8.7,"diametro_copa_m":10.6,"altura_fuste_m":2.5,"caducifolio":false,"meses_sin_hojas":"","fuente":"provisional"},"geometry":{"type":"Point","coordinates":[-73.244354,10.474407]}},{"type":"Feature","properties":{"id":"prov-0736","especie":"mango","altura_m":10.4,"diametro_copa_m":8.1,"altura_fuste_m":2.5,"caducifolio":false,"meses_sin_hojas":"","fuente":"provisional"},"geometry":{"type":"Point","coordinates":[-73.240879,10.479386]}},{"type":"Feature","properties":{"id":"prov-0737","especie":"otro","altura_m":6.4,"diametro_copa_m":5.7,"altura_fuste_m":2.5,"caducifolio":false,"meses_sin_hojas":"","fuente":"provisional"},"geometry":{"type":"Point","coordinates":[-73.250167,10.476978]}},{"type":"Feature","properties":{"id":"prov-0738","especie":"mango","altura_m":8.4,"diametro_copa_m":10.9,"altura_fuste_m":2.5,"caducifolio":false,"meses_sin_hojas":"","fuente":"provisional"},"geometry":{"type":"Point","coordinates":[-73.250256,10.477103]}},{"type":"Feature","properties":{"id":"prov-0739","especie":"canaguate","altura_m":8.8,"diametro_copa_m":8.9,"altura_fuste_m":3.0,"caducifolio":true,"meses_sin_hojas":"1,2,3","fuente":"provisional"},"geometry":{"type":"Point","coordinates":[-73.25033,10.477209]}},{"type":"Feature","properties":{"id":"prov-0740","especie":"mango","altura_m":11.3,"diametro_copa_m":11.2,"altura_fuste_m":2.5,"caducifolio":false,"meses_sin_hojas":"","fuente":"provisional"},"geometry":{"type":"Point","coordinates":[-73.250406,10.477317]}},{"type":"Feature","properties":{"id":"prov-0741","especie":"otro","altura_m":9.2,"diametro_copa_m":7.3,"altura_fuste_m":2.5,"caducifolio":false,"meses_sin_hojas":"","fuente":"provisional"},"geometry":{"type":"Point","coordinates":[-73.250476,10.477416]}},{"type":"Feature","properties":{"id":"prov-0742","especie":"mango","altura_m":8.5,"diametro_copa_m":10.8,"altura_fuste_m":2.5,"caducifolio":false,"meses_sin_hojas":"","fuente":"provisional"},"geometry":{"type":"Point","coordinates":[-73.250574,10.477554]}},{"type":"Feature","properties":{"id":"prov-0743","especie":"canaguate","altura_m":11.6,"diametro_copa_m":8.4,"altura_fuste_m":3.0,"caducifolio":true,"meses_sin_hojas":"1,2,3","fuente":"provisional"},"geometry":{"type":"Point","coordinates":[-73.250662,10.477679]}},{"type":"Feature","properties":{"id":"prov-0744","especie":"canaguate","altura_m":11.2,"diametro_copa_m":6.3,"altura_fuste_m":3.0,"caducifolio":true,"meses_sin_hojas":"1,2,3","fuente":"provisional"},"geometry":{"type":"Point","coordinates":[-73.249744,10.476224]}},{"type":"Feature","properties":{"id":"prov-0745","especie":"mango","altura_m":11.0,"diametro_copa_m":11.1,"altura_fuste_m":2.5,"caducifolio":false,"meses_sin_hojas":"","fuente":"provisional"},"geometry":{"type":"Point","coordinates":[-73.249809,10.476317]}},{"type":"Feature","properties":{"id":"prov-0746","especie":"canaguate","altura_m":8.6,"diametro_copa_m":8.9,"altura_fuste_m":3.0,"caducifolio":true,"meses_sin_hojas":"1,2,3","fuente":"provisional"},"geometry":{"type":"Point","coordinates":[-73.249912,10.476466]}},{"type":"Feature","properties":{"id":"prov-0747","especie":"canaguate","altura_m":8.3,"diametro_copa_m":7.3,"altura_fuste_m":3.0,"caducifolio":true,"meses_sin_hojas":"1,2,3","fuente":"provisional"},"geometry":{"type":"Point","coordinates":[-73.250025,10.476629]}},{"type":"Feature","properties":{"id":"prov-0748","especie":"mango","altura_m":8.6,"diametro_copa_m":9.2,"altura_fuste_m":2.5,"caducifolio":false,"meses_sin_hojas":"","fuente":"provisional"},"geometry":{"type":"Point","coordinates":[-73.250139,10.476793]}},{"type":"Feature","properties":{"id":"prov-0749","especie":"canaguate","altura_m":11.3,"diametro_copa_m":6.6,"altura_fuste_m":3.0,"caducifolio":true,"meses_sin_hojas":"1,2,3","fuente":"provisional"},"geometry":{"type":"Point","coordinates":[-73.246479,10.481297]}},{"type":"Feature","properties":{"id":"prov-0750","especie":"canaguate","altura_m":10.8,"diametro_copa_m":6.7,"altura_fuste_m":3.0,"caducifolio":true,"meses_sin_hojas":"1,2,3","fuente":"provisional"},"geometry":{"type":"Point","coordinates":[-73.246564,10.48143]}},{"type":"Feature","properties":{"id":"prov-0751","especie":"mango","altura_m":9.9,"diametro_copa_m":11.1,"altura_fuste_m":2.5,"caducifolio":false,"meses_sin_hojas":"","fuente":"provisional"},"geometry":{"type":"Point","coordinates":[-73.246626,10.481528]}},{"type":"Feature","properties":{"id":"prov-0752","especie":"mango","altura_m":9.1,"diametro_copa_m":9.9,"altura_fuste_m":2.5,"caducifolio":false,"meses_sin_hojas":"","fuente":"provisional"},"geometry":{"type":"Point","coordinates":[-73.246719,10.481674]}},{"type":"Feature","properties":{"id":"prov-0753","especie":"mango","altura_m":10.7,"diametro_copa_m":11.9,"altura_fuste_m":2.5,"caducifolio":false,"meses_sin_hojas":"","fuente":"provisional"},"geometry":{"type":"Point","coordinates":[-73.246779,10.481768]}},{"type":"Feature","properties":{"id":"prov-0754","especie":"mango","altura_m":10.6,"diametro_copa_m":11.2,"altura_fuste_m":2.5,"caducifolio":false,"meses_sin_hojas":"","fuente":"provisional"},"geometry":{"type":"Point","coordinates":[-73.246885,10.481934]}},{"type":"Feature","properties":{"id":"prov-0755","especie":"mango","altura_m":8.0,"diametro_copa_m":11.6,"altura_fuste_m":2.5,"caducifolio":false,"meses_sin_hojas":"","fuente":"provisional"},"geometry":{"type":"Point","coordinates":[-73.246946,10.482031]}},{"type":"Feature","properties":{"id":"prov-0756","especie":"otro","altura_m":6.8,"diametro_copa_m":5.4,"altura_fuste_m":2.5,"caducifolio":false,"meses_sin_hojas":"","fuente":"provisional"},"geometry":{"type":"Point","coordinates":[-73.246033,10.47399]}},{"type":"Feature","properties":{"id":"prov-0757","especie":"otro","altura_m":8.5,"diametro_copa_m":6.6,"altura_fuste_m":2.5,"caducifolio":false,"meses_sin_hojas":"","fuente":"provisional"},"geometry":{"type":"Point","coordinates":[-73.245893,10.47411]}},{"type":"Feature","properties":{"id":"prov-0758","especie":"otro","altura_m":9.5,"diametro_copa_m":5.5,"altura_fuste_m":2.5,"caducifolio":false,"meses_sin_hojas":"","fuente":"provisional"},"geometry":{"type":"Point","coordinates":[-73.245745,10.474236]}},{"type":"Feature","properties":{"id":"prov-0759","especie":"mango","altura_m":11.7,"diametro_copa_m":9.8,"altura_fuste_m":2.5,"caducifolio":false,"meses_sin_hojas":"","fuente":"provisional"},"geometry":{"type":"Point","coordinates":[-73.245572,10.474383]}},{"type":"Feature","properties":{"id":"prov-0760","especie":"mango","altura_m":10.8,"diametro_copa_m":9.0,"altura_fuste_m":2.5,"caducifolio":false,"meses_sin_hojas":"","fuente":"provisional"},"geometry":{"type":"Point","coordinates":[-73.245509,10.473125]}},{"type":"Feature","properties":{"id":"prov-0761","especie":"mango","altura_m":11.4,"diametro_copa_m":10.5,"altura_fuste_m":2.5,"caducifolio":false,"meses_sin_hojas":"","fuente":"provisional"},"geometry":{"type":"Point","coordinates":[-73.245594,10.473227]}},{"type":"Feature","properties":{"id":"prov-0762","especie":"mango","altura_m":10.7,"diametro_copa_m":8.7,"altura_fuste_m":2.5,"caducifolio":false,"meses_sin_hojas":"","fuente":"provisional"},"geometry":{"type":"Point","coordinates":[-73.245736,10.473396]}},{"type":"Feature","properties":{"id":"prov-0763","especie":"canaguate","altura_m":8.6,"diametro_copa_m":7.8,"altura_fuste_m":3.0,"caducifolio":true,"meses_sin_hojas":"1,2,3","fuente":"provisional"},"geometry":{"type":"Point","coordinates":[-73.24588,10.473568]}},{"type":"Feature","properties":{"id":"prov-0764","especie":"canaguate","altura_m":9.5,"diametro_copa_m":7.9,"altura_fuste_m":3.0,"caducifolio":true,"meses_sin_hojas":"1,2,3","fuente":"provisional"},"geometry":{"type":"Point","coordinates":[-73.245956,10.473675]}},{"type":"Feature","properties":{"id":"prov-0765","especie":"otro","altura_m":9.5,"diametro_copa_m":5.3,"altura_fuste_m":2.5,"caducifolio":false,"meses_sin_hojas":"","fuente":"provisional"},"geometry":{"type":"Point","coordinates":[-73.246082,10.473855]}},{"type":"Feature","properties":{"id":"prov-0766","especie":"mango","altura_m":10.4,"diametro_copa_m":10.7,"altura_fuste_m":2.5,"caducifolio":false,"meses_sin_hojas":"","fuente":"provisional"},"geometry":{"type":"Point","coordinates":[-73.248284,10.48115]}},{"type":"Feature","properties":{"id":"prov-0767","especie":"canaguate","altura_m":11.1,"diametro_copa_m":8.9,"altura_fuste_m":3.0,"caducifolio":true,"meses_sin_hojas":"1,2,3","fuente":"provisional"},"geometry":{"type":"Point","coordinates":[-73.248417,10.48105]}},{"type":"Feature","properties":{"id":"prov-0768","especie":"otro","altura_m":6.4,"diametro_copa_m":5.6,"altura_fuste_m":2.5,"caducifolio":false,"meses_sin_hojas":"","fuente":"provisional"},"geometry":{"type":"Point","coordinates":[-73.248526,10.480968]}},{"type":"Feature","properties":{"id":"prov-0769","especie":"otro","altura_m":7.8,"diametro_copa_m":6.3,"altura_fuste_m":2.5,"caducifolio":false,"meses_sin_hojas":"","fuente":"provisional"},"geometry":{"type":"Point","coordinates":[-73.248668,10.480862]}},{"type":"Feature","properties":{"id":"prov-0770","especie":"canaguate","altura_m":11.7,"diametro_copa_m":7.6,"altura_fuste_m":3.0,"caducifolio":true,"meses_sin_hojas":"1,2,3","fuente":"provisional"},"geometry":{"type":"Point","coordinates":[-73.243553,10.479261]}},{"type":"Feature","properties":{"id":"prov-0771","especie":"otro","altura_m":9.9,"diametro_copa_m":6.3,"altura_fuste_m":2.5,"caducifolio":false,"meses_sin_hojas":"","fuente":"provisional"},"geometry":{"type":"Point","coordinates":[-73.243364,10.478956]}},{"type":"Feature","properties":{"id":"prov-0772","especie":"otro","altura_m":7.2,"diametro_copa_m":7.2,"altura_fuste_m":2.5,"caducifolio":false,"meses_sin_hojas":"","fuente":"provisional"},"geometry":{"type":"Point","coordinates":[-73.242954,10.479128]}},{"type":"Feature","properties":{"id":"prov-0773","especie":"canaguate","altura_m":9.7,"diametro_copa_m":7.3,"altura_fuste_m":3.0,"caducifolio":true,"meses_sin_hojas":"1,2,3","fuente":"provisional"},"geometry":{"type":"Point","coordinates":[-73.243149,10.479018]}},{"type":"Feature","properties":{"id":"prov-0774","especie":"mango","altura_m":8.5,"diametro_copa_m":10.1,"altura_fuste_m":2.5,"caducifolio":false,"meses_sin_hojas":"","fuente":"provisional"},"geometry":{"type":"Point","coordinates":[-73.242969,10.479182]}},{"type":"Feature","properties":{"id":"prov-0775","especie":"canaguate","altura_m":11.0,"diametro_copa_m":8.0,"altura_fuste_m":3.0,"caducifolio":true,"meses_sin_hojas":"1,2,3","fuente":"provisional"},"geometry":{"type":"Point","coordinates":[-73.243078,10.47912]}},{"type":"Feature","properties":{"id":"prov-0776","especie":"otro","altura_m":9.5,"diametro_copa_m":6.2,"altura_fuste_m":2.5,"caducifolio":false,"meses_sin_hojas":"","fuente":"provisional"},"geometry":{"type":"Point","coordinates":[-73.243196,10.479053]}},{"type":"Feature","properties":{"id":"prov-0777","especie":"canaguate","altura_m":8.8,"diametro_copa_m":6.5,"altura_fuste_m":3.0,"caducifolio":true,"meses_sin_hojas":"1,2,3","fuente":"provisional"},"geometry":{"type":"Point","coordinates":[-73.243314,10.478986]}},{"type":"Feature","properties":{"id":"prov-0778","especie":"mango","altura_m":11.8,"diametro_copa_m":10.8,"altura_fuste_m":2.5,"caducifolio":false,"meses_sin_hojas":"","fuente":"provisional"},"geometry":{"type":"Point","coordinates":[-73.243738,10.478707]}},{"type":"Feature","properties":{"id":"prov-0779","especie":"canaguate","altura_m":11.0,"diametro_copa_m":7.8,"altura_fuste_m":3.0,"caducifolio":true,"meses_sin_hojas":"1,2,3","fuente":"provisional"},"geometry":{"type":"Point","coordinates":[-73.243612,10.478793]}},{"type":"Feature","properties":{"id":"prov-0780","especie":"mango","altura_m":8.9,"diametro_copa_m":10.0,"altura_fuste_m":2.5,"caducifolio":false,"meses_sin_hojas":"","fuente":"provisional"},"geometry":{"type":"Point","coordinates":[-73.243433,10.478915]}},{"type":"Feature","properties":{"id":"prov-0781","especie":"canaguate","altura_m":8.5,"diametro_copa_m":6.2,"altura_fuste_m":3.0,"caducifolio":true,"meses_sin_hojas":"1,2,3","fuente":"provisional"},"geometry":{"type":"Point","coordinates":[-73.243745,10.478636]}},{"type":"Feature","properties":{"id":"prov-0782","especie":"mango","altura_m":9.3,"diametro_copa_m":9.2,"altura_fuste_m":2.5,"caducifolio":false,"meses_sin_hojas":"","fuente":"provisional"},"geometry":{"type":"Point","coordinates":[-73.243599,10.478736]}},{"type":"Feature","properties":{"id":"prov-0783","especie":"mango","altura_m":9.4,"diametro_copa_m":8.5,"altura_fuste_m":2.5,"caducifolio":false,"meses_sin_hojas":"","fuente":"provisional"},"geometry":{"type":"Point","coordinates":[-73.243451,10.478836]}},{"type":"Feature","properties":{"id":"prov-0784","especie":"otro","altura_m":8.9,"diametro_copa_m":7.0,"altura_fuste_m":2.5,"caducifolio":false,"meses_sin_hojas":"","fuente":"provisional"},"geometry":{"type":"Point","coordinates":[-73.243109,10.478333]}},{"type":"Feature","properties":{"id":"prov-0785","especie":"mango","altura_m":10.4,"diametro_copa_m":8.5,"altura_fuste_m":2.5,"caducifolio":false,"meses_sin_hojas":"","fuente":"provisional"},"geometry":{"type":"Point","coordinates":[-73.243163,10.478436]}},{"type":"Feature","properties":{"id":"prov-0786","especie":"mango","altura_m":9.2,"diametro_copa_m":11.2,"altura_fuste_m":2.5,"caducifolio":false,"meses_sin_hojas":"","fuente":"provisional"},"geometry":{"type":"Point","coordinates":[-73.243013,10.478323]}},{"type":"Feature","properties":{"id":"prov-0787","especie":"otro","altura_m":6.8,"diametro_copa_m":7.8,"altura_fuste_m":2.5,"caducifolio":false,"meses_sin_hojas":"","fuente":"provisional"},"geometry":{"type":"Point","coordinates":[-73.243086,10.478466]}},{"type":"Feature","properties":{"id":"prov-0788","especie":"otro","altura_m":9.5,"diametro_copa_m":7.0,"altura_fuste_m":2.5,"caducifolio":false,"meses_sin_hojas":"","fuente":"provisional"},"geometry":{"type":"Point","coordinates":[-73.243143,10.478566]}},{"type":"Feature","properties":{"id":"prov-0789","especie":"mango","altura_m":11.2,"diametro_copa_m":8.1,"altura_fuste_m":2.5,"caducifolio":false,"meses_sin_hojas":"","fuente":"provisional"},"geometry":{"type":"Point","coordinates":[-73.243232,10.478724]}},{"type":"Feature","properties":{"id":"prov-0790","especie":"mango","altura_m":9.6,"diametro_copa_m":10.9,"altura_fuste_m":2.5,"caducifolio":false,"meses_sin_hojas":"","fuente":"provisional"},"geometry":{"type":"Point","coordinates":[-73.243321,10.478881]}},{"type":"Feature","properties":{"id":"prov-0791","especie":"mango","altura_m":8.0,"diametro_copa_m":9.2,"altura_fuste_m":2.5,"caducifolio":false,"meses_sin_hojas":"","fuente":"provisional"},"geometry":{"type":"Point","coordinates":[-73.244553,10.475253]}},{"type":"Feature","properties":{"id":"prov-0792","especie":"mango","altura_m":8.0,"diametro_copa_m":11.4,"altura_fuste_m":2.5,"caducifolio":false,"meses_sin_hojas":"","fuente":"provisional"},"geometry":{"type":"Point","coordinates":[-73.244623,10.47534]}},{"type":"Feature","properties":{"id":"prov-0793","especie":"mango","altura_m":10.4,"diametro_copa_m":9.0,"altura_fuste_m":2.5,"caducifolio":false,"meses_sin_hojas":"","fuente":"provisional"},"geometry":{"type":"Point","coordinates":[-73.244722,10.475466]}},{"type":"Feature","properties":{"id":"prov-0794","especie":"mango","altura_m":10.3,"diametro_copa_m":10.2,"altura_fuste_m":2.5,"caducifolio":false,"meses_sin_hojas":"","fuente":"provisional"},"geometry":{"type":"Point","coordinates":[-73.244855,10.475633]}},{"type":"Feature","properties":{"id":"prov-0795","especie":"canaguate","altura_m":10.3,"diametro_copa_m":6.5,"altura_fuste_m":3.0,"caducifolio":true,"meses_sin_hojas":"1,2,3","fuente":"provisional"},"geometry":{"type":"Point","coordinates":[-73.244924,10.47572]}},{"type":"Feature","properties":{"id":"prov-0796","especie":"mango","altura_m":11.9,"diametro_copa_m":11.8,"altura_fuste_m":2.5,"caducifolio":false,"meses_sin_hojas":"","fuente":"provisional"},"geometry":{"type":"Point","coordinates":[-73.244764,10.475001]}},{"type":"Feature","properties":{"id":"prov-0797","especie":"mango","altura_m":10.6,"diametro_copa_m":8.8,"altura_fuste_m":2.5,"caducifolio":false,"meses_sin_hojas":"","fuente":"provisional"},"geometry":{"type":"Point","coordinates":[-73.244606,10.475131]}},{"type":"Feature","properties":{"id":"prov-0798","especie":"mango","altura_m":9.4,"diametro_copa_m":8.4,"altura_fuste_m":2.5,"caducifolio":false,"meses_sin_hojas":"","fuente":"provisional"},"geometry":{"type":"Point","coordinates":[-73.244515,10.475206]}},{"type":"Feature","properties":{"id":"prov-0799","especie":"mango","altura_m":9.2,"diametro_copa_m":9.9,"altura_fuste_m":2.5,"caducifolio":false,"meses_sin_hojas":"","fuente":"provisional"},"geometry":{"type":"Point","coordinates":[-73.24481,10.474893]}},{"type":"Feature","properties":{"id":"prov-0800","especie":"mango","altura_m":11.6,"diametro_copa_m":10.8,"altura_fuste_m":2.5,"caducifolio":false,"meses_sin_hojas":"","fuente":"provisional"},"geometry":{"type":"Point","coordinates":[-73.244715,10.474971]}},{"type":"Feature","properties":{"id":"prov-0801","especie":"mango","altura_m":10.2,"diametro_copa_m":10.0,"altura_fuste_m":2.5,"caducifolio":false,"meses_sin_hojas":"","fuente":"provisional"},"geometry":{"type":"Point","coordinates":[-73.244591,10.475073]}},{"type":"Feature","properties":{"id":"prov-0802","especie":"mango","altura_m":10.3,"diametro_copa_m":9.6,"altura_fuste_m":2.5,"caducifolio":false,"meses_sin_hojas":"","fuente":"provisional"},"geometry":{"type":"Point","coordinates":[-73.244135,10.474758]}},{"type":"Feature","properties":{"id":"prov-0803","especie":"otro","altura_m":8.3,"diametro_copa_m":6.8,"altura_fuste_m":2.5,"caducifolio":false,"meses_sin_hojas":"","fuente":"provisional"},"geometry":{"type":"Point","coordinates":[-73.244261,10.474906]}},{"type":"Feature","properties":{"id":"prov-0804","especie":"canaguate","altura_m":10.2,"diametro_copa_m":8.2,"altura_fuste_m":3.0,"caducifolio":true,"meses_sin_hojas":"1,2,3","fuente":"provisional"},"geometry":{"type":"Point","coordinates":[-73.244404,10.475073]}},{"type":"Feature","properties":{"id":"prov-0805","especie":"mango","altura_m":8.7,"diametro_copa_m":11.2,"altura_fuste_m":2.5,"caducifolio":false,"meses_sin_hojas":"","fuente":"provisional"},"geometry":{"type":"Point","coordinates":[-73.244,10.474683]}},{"type":"Feature","properties":{"id":"prov-0806","especie":"mango","altura_m":11.4,"diametro_copa_m":11.2,"altura_fuste_m":2.5,"caducifolio":false,"meses_sin_hojas":"","fuente":"provisional"},"geometry":{"type":"Point","coordinates":[-73.244101,10.474802]}},{"type":"Feature","properties":{"id":"prov-0807","especie":"canaguate","altura_m":10.9,"diametro_copa_m":6.6,"altura_fuste_m":3.0,"caducifolio":true,"meses_sin_hojas":"1,2,3","fuente":"provisional"},"geometry":{"type":"Point","coordinates":[-73.24424,10.474964]}},{"type":"Feature","properties":{"id":"prov-0808","especie":"mango","altura_m":10.0,"diametro_copa_m":9.8,"altura_fuste_m":2.5,"caducifolio":false,"meses_sin_hojas":"","fuente":"provisional"},"geometry":{"type":"Point","coordinates":[-73.244371,10.475118]}},{"type":"Feature","properties":{"id":"prov-0809","especie":"mango","altura_m":9.1,"diametro_copa_m":11.3,"altura_fuste_m":2.5,"caducifolio":false,"meses_sin_hojas":"","fuente":"provisional"},"geometry":{"type":"Point","coordinates":[-73.239057,10.473463]}},{"type":"Feature","properties":{"id":"prov-0810","especie":"otro","altura_m":7.7,"diametro_copa_m":7.9,"altura_fuste_m":2.5,"caducifolio":false,"meses_sin_hojas":"","fuente":"provisional"},"geometry":{"type":"Point","coordinates":[-73.238983,10.473419]}},{"type":"Feature","properties":{"id":"prov-0811","especie":"canaguate","altura_m":9.2,"diametro_copa_m":7.5,"altura_fuste_m":3.0,"caducifolio":true,"meses_sin_hojas":"1,2,3","fuente":"provisional"},"geometry":{"type":"Point","coordinates":[-73.248917,10.480747]}},{"type":"Feature","properties":{"id":"prov-0812","especie":"mango","altura_m":9.3,"diametro_copa_m":11.5,"altura_fuste_m":2.5,"caducifolio":false,"meses_sin_hojas":"","fuente":"provisional"},"geometry":{"type":"Point","coordinates":[-73.249074,10.480637]}},{"type":"Feature","properties":{"id":"prov-0813","especie":"canaguate","altura_m":11.5,"diametro_copa_m":7.5,"altura_fuste_m":3.0,"caducifolio":true,"meses_sin_hojas":"1,2,3","fuente":"provisional"},"geometry":{"type":"Point","coordinates":[-73.249172,10.480569]}},{"type":"Feature","properties":{"id":"prov-0814","especie":"canaguate","altura_m":10.1,"diametro_copa_m":7.2,"altura_fuste_m":3.0,"caducifolio":true,"meses_sin_hojas":"1,2,3","fuente":"provisional"},"geometry":{"type":"Point","coordinates":[-73.249274,10.480498]}},{"type":"Feature","properties":{"id":"prov-0815","especie":"mango","altura_m":8.7,"diametro_copa_m":9.7,"altura_fuste_m":2.5,"caducifolio":false,"meses_sin_hojas":"","fuente":"provisional"},"geometry":{"type":"Point","coordinates":[-73.249369,10.480432]}},{"type":"Feature","properties":{"id":"prov-0816","especie":"canaguate","altura_m":8.4,"diametro_copa_m":6.4,"altura_fuste_m":3.0,"caducifolio":true,"meses_sin_hojas":"1,2,3","fuente":"provisional"},"geometry":{"type":"Point","coordinates":[-73.249471,10.48036]}},{"type":"Feature","properties":{"id":"prov-0817","especie":"mango","altura_m":10.6,"diametro_copa_m":11.1,"altura_fuste_m":2.5,"caducifolio":false,"meses_sin_hojas":"","fuente":"provisional"},"geometry":{"type":"Point","coordinates":[-73.249615,10.48026]}},{"type":"Feature","properties":{"id":"prov-0818","especie":"mango","altura_m":8.4,"diametro_copa_m":9.4,"altura_fuste_m":2.5,"caducifolio":false,"meses_sin_hojas":"","fuente":"provisional"},"geometry":{"type":"Point","coordinates":[-73.246368,10.471452]}},{"type":"Feature","properties":{"id":"prov-0819","especie":"otro","altura_m":6.2,"diametro_copa_m":7.2,"altura_fuste_m":2.5,"caducifolio":false,"meses_sin_hojas":"","fuente":"provisional"},"geometry":{"type":"Point","coordinates":[-73.246209,10.471571]}},{"type":"Feature","properties":{"id":"prov-0820","especie":"mango","altura_m":10.7,"diametro_copa_m":9.1,"altura_fuste_m":2.5,"caducifolio":false,"meses_sin_hojas":"","fuente":"provisional"},"geometry":{"type":"Point","coordinates":[-73.246107,10.471647]}},{"type":"Feature","properties":{"id":"prov-0821","especie":"mango","altura_m":8.9,"diametro_copa_m":10.5,"altura_fuste_m":2.5,"caducifolio":false,"meses_sin_hojas":"","fuente":"provisional"},"geometry":{"type":"Point","coordinates":[-73.238071,10.475411]}},{"type":"Feature","properties":{"id":"prov-0822","especie":"canaguate","altura_m":8.7,"diametro_copa_m":8.0,"altura_fuste_m":3.0,"caducifolio":true,"meses_sin_hojas":"1,2,3","fuente":"provisional"},"geometry":{"type":"Point","coordinates":[-73.238178,10.475602]}},{"type":"Feature","properties":{"id":"prov-0823","especie":"canaguate","altura_m":8.8,"diametro_copa_m":7.2,"altura_fuste_m":3.0,"caducifolio":true,"meses_sin_hojas":"1,2,3","fuente":"provisional"},"geometry":{"type":"Point","coordinates":[-73.238292,10.475805]}},{"type":"Feature","properties":{"id":"prov-0824","especie":"mango","altura_m":10.3,"diametro_copa_m":9.7,"altura_fuste_m":2.5,"caducifolio":false,"meses_sin_hojas":"","fuente":"provisional"},"geometry":{"type":"Point","coordinates":[-73.23848,10.476139]}},{"type":"Feature","properties":{"id":"prov-0825","especie":"mango","altura_m":11.3,"diametro_copa_m":8.3,"altura_fuste_m":2.5,"caducifolio":false,"meses_sin_hojas":"","fuente":"provisional"},"geometry":{"type":"Point","coordinates":[-73.238273,10.47637]}},{"type":"Feature","properties":{"id":"prov-0826","especie":"otro","altura_m":6.9,"diametro_copa_m":7.6,"altura_fuste_m":2.5,"caducifolio":false,"meses_sin_hojas":"","fuente":"provisional"},"geometry":{"type":"Point","coordinates":[-73.238361,10.476302]}},{"type":"Feature","properties":{"id":"prov-0827","especie":"mango","altura_m":11.1,"diametro_copa_m":11.0,"altura_fuste_m":2.5,"caducifolio":false,"meses_sin_hojas":"","fuente":"provisional"},"geometry":{"type":"Point","coordinates":[-73.238499,10.476197]}},{"type":"Feature","properties":{"id":"prov-0828","especie":"otro","altura_m":8.7,"diametro_copa_m":7.8,"altura_fuste_m":2.5,"caducifolio":false,"meses_sin_hojas":"","fuente":"provisional"},"geometry":{"type":"Point","coordinates":[-73.238793,10.476079]}},{"type":"Feature","properties":{"id":"prov-0829","especie":"canaguate","altura_m":11.7,"diametro_copa_m":8.8,"altura_fuste_m":3.0,"caducifolio":true,"meses_sin_hojas":"1,2,3","fuente":"provisional"},"geometry":{"type":"Point","coordinates":[-73.23865,10.476165]}},{"type":"Feature","properties":{"id":"prov-0830","especie":"otro","altura_m":8.8,"diametro_copa_m":6.8,"altura_fuste_m":2.5,"caducifolio":false,"meses_sin_hojas":"","fuente":"provisional"},"geometry":{"type":"Point","coordinates":[-73.242619,10.474207]}},{"type":"Feature","properties":{"id":"prov-0831","especie":"otro","altura_m":6.7,"diametro_copa_m":5.9,"altura_fuste_m":2.5,"caducifolio":false,"meses_sin_hojas":"","fuente":"provisional"},"geometry":{"type":"Point","coordinates":[-73.242499,10.474301]}},{"type":"Feature","properties":{"id":"prov-0832","especie":"otro","altura_m":6.6,"diametro_copa_m":5.0,"altura_fuste_m":2.5,"caducifolio":false,"meses_sin_hojas":"","fuente":"provisional"},"geometry":{"type":"Point","coordinates":[-73.242385,10.474391]}},{"type":"Feature","properties":{"id":"prov-0833","especie":"mango","altura_m":11.7,"diametro_copa_m":11.3,"altura_fuste_m":2.5,"caducifolio":false,"meses_sin_hojas":"","fuente":"provisional"},"geometry":{"type":"Point","coordinates":[-73.242276,10.474477]}},{"type":"Feature","properties":{"id":"prov-0834","especie":"otro","altura_m":8.9,"diametro_copa_m":7.2,"altura_fuste_m":2.5,"caducifolio":false,"meses_sin_hojas":"","fuente":"provisional"},"geometry":{"type":"Point","coordinates":[-73.242121,10.4746]}},{"type":"Feature","properties":{"id":"prov-0835","especie":"mango","altura_m":10.8,"diametro_copa_m":10.1,"altura_fuste_m":2.5,"caducifolio":false,"meses_sin_hojas":"","fuente":"provisional"},"geometry":{"type":"Point","coordinates":[-73.241981,10.47471]}},{"type":"Feature","properties":{"id":"prov-0836","especie":"mango","altura_m":11.7,"diametro_copa_m":8.1,"altura_fuste_m":2.5,"caducifolio":false,"meses_sin_hojas":"","fuente":"provisional"},"geometry":{"type":"Point","coordinates":[-73.242537,10.474202]}},{"type":"Feature","properties":{"id":"prov-0837","especie":"mango","altura_m":8.8,"diametro_copa_m":11.7,"altura_fuste_m":2.5,"caducifolio":false,"meses_sin_hojas":"","fuente":"provisional"},"geometry":{"type":"Point","coordinates":[-73.242431,10.474285]}},{"type":"Feature","properties":{"id":"prov-0838","especie":"mango","altura_m":10.4,"diametro_copa_m":11.3,"altura_fuste_m":2.5,"caducifolio":false,"meses_sin_hojas":"","fuente":"provisional"},"geometry":{"type":"Point","coordinates":[-73.242293,10.474394]}},{"type":"Feature","properties":{"id":"prov-0839","especie":"mango","altura_m":11.7,"diametro_copa_m":8.0,"altura_fuste_m":2.5,"caducifolio":false,"meses_sin_hojas":"","fuente":"provisional"},"geometry":{"type":"Point","coordinates":[-73.242179,10.474485]}},{"type":"Feature","properties":{"id":"prov-0840","especie":"mango","altura_m":11.8,"diametro_copa_m":10.4,"altura_fuste_m":2.5,"caducifolio":false,"meses_sin_hojas":"","fuente":"provisional"},"geometry":{"type":"Point","coordinates":[-73.24206,10.474578]}},{"type":"Feature","properties":{"id":"prov-0841","especie":"canaguate","altura_m":8.1,"diametro_copa_m":7.7,"altura_fuste_m":3.0,"caducifolio":true,"meses_sin_hojas":"1,2,3","fuente":"provisional"},"geometry":{"type":"Point","coordinates":[-73.241894,10.47471]}},{"type":"Feature","properties":{"id":"prov-0842","especie":"mango","altura_m":10.4,"diametro_copa_m":11.8,"altura_fuste_m":2.5,"caducifolio":false,"meses_sin_hojas":"","fuente":"provisional"},"geometry":{"type":"Point","coordinates":[-73.241516,10.474309]}},{"type":"Feature","properties":{"id":"prov-0843","especie":"mango","altura_m":9.5,"diametro_copa_m":10.0,"altura_fuste_m":2.5,"caducifolio":false,"meses_sin_hojas":"","fuente":"provisional"},"geometry":{"type":"Point","coordinates":[-73.241645,10.474461]}},{"type":"Feature","properties":{"id":"prov-0844","especie":"canaguate","altura_m":10.5,"diametro_copa_m":6.2,"altura_fuste_m":3.0,"caducifolio":true,"meses_sin_hojas":"1,2,3","fuente":"provisional"},"geometry":{"type":"Point","coordinates":[-73.241743,10.474578]}},{"type":"Feature","properties":{"id":"prov-0845","especie":"mango","altura_m":8.2,"diametro_copa_m":8.8,"altura_fuste_m":2.5,"caducifolio":false,"meses_sin_hojas":"","fuente":"provisional"},"geometry":{"type":"Point","coordinates":[-73.241879,10.477313]}},{"type":"Feature","properties":{"id":"prov-0846","especie":"mango","altura_m":8.6,"diametro_copa_m":11.6,"altura_fuste_m":2.5,"caducifolio":false,"meses_sin_hojas":"","fuente":"provisional"},"geometry":{"type":"Point","coordinates":[-73.241962,10.477222]}},{"type":"Feature","properties":{"id":"prov-0847","especie":"mango","altura_m":11.1,"diametro_copa_m":11.5,"altura_fuste_m":2.5,"caducifolio":false,"meses_sin_hojas":"","fuente":"provisional"},"geometry":{"type":"Point","coordinates":[-73.242074,10.4771]}},{"type":"Feature","properties":{"id":"prov-0848","especie":"canaguate","altura_m":8.4,"diametro_copa_m":8.0,"altura_fuste_m":3.0,"caducifolio":true,"meses_sin_hojas":"1,2,3","fuente":"provisional"},"geometry":{"type":"Point","coordinates":[-73.242184,10.477282]}},{"type":"Feature","properties":{"id":"prov-0849","especie":"mango","altura_m":9.1,"diametro_copa_m":8.9,"altura_fuste_m":2.5,"caducifolio":false,"meses_sin_hojas":"","fuente":"provisional"},"geometry":{"type":"Point","coordinates":[-73.242335,10.477431]}},{"type":"Feature","properties":{"id":"prov-0850","especie":"mango","altura_m":9.9,"diametro_copa_m":10.0,"altura_fuste_m":2.5,"caducifolio":false,"meses_sin_hojas":"","fuente":"provisional"},"geometry":{"type":"Point","coordinates":[-73.241187,10.476101]}},{"type":"Feature","properties":{"id":"prov-0851","especie":"canaguate","altura_m":11.4,"diametro_copa_m":8.3,"altura_fuste_m":3.0,"caducifolio":true,"meses_sin_hojas":"1,2,3","fuente":"provisional"},"geometry":{"type":"Point","coordinates":[-73.24132,10.476244]}},{"type":"Feature","properties":{"id":"prov-0852","especie":"mango","altura_m":9.7,"diametro_copa_m":8.2,"altura_fuste_m":2.5,"caducifolio":false,"meses_sin_hojas":"","fuente":"provisional"},"geometry":{"type":"Point","coordinates":[-73.241432,10.476365]}},{"type":"Feature","properties":{"id":"prov-0853","especie":"mango","altura_m":11.0,"diametro_copa_m":11.7,"altura_fuste_m":2.5,"caducifolio":false,"meses_sin_hojas":"","fuente":"provisional"},"geometry":{"type":"Point","coordinates":[-73.241518,10.476458]}},{"type":"Feature","properties":{"id":"prov-0854","especie":"mango","altura_m":8.3,"diametro_copa_m":11.8,"altura_fuste_m":2.5,"caducifolio":false,"meses_sin_hojas":"","fuente":"provisional"},"geometry":{"type":"Point","coordinates":[-73.241644,10.476594]}},{"type":"Feature","properties":{"id":"prov-0855","especie":"canaguate","altura_m":8.5,"diametro_copa_m":7.2,"altura_fuste_m":3.0,"caducifolio":true,"meses_sin_hojas":"1,2,3","fuente":"provisional"},"geometry":{"type":"Point","coordinates":[-73.241753,10.476711]}},{"type":"Feature","properties":{"id":"prov-0856","especie":"canaguate","altura_m":8.8,"diametro_copa_m":8.4,"altura_fuste_m":3.0,"caducifolio":true,"meses_sin_hojas":"1,2,3","fuente":"provisional"},"geometry":{"type":"Point","coordinates":[-73.241905,10.476875]}},{"type":"Feature","properties":{"id":"prov-0857","especie":"mango","altura_m":10.9,"diametro_copa_m":9.8,"altura_fuste_m":2.5,"caducifolio":false,"meses_sin_hojas":"","fuente":"provisional"},"geometry":{"type":"Point","coordinates":[-73.242023,10.477002]}},{"type":"Feature","properties":{"id":"prov-0858","especie":"mango","altura_m":9.7,"diametro_copa_m":10.0,"altura_fuste_m":2.5,"caducifolio":false,"meses_sin_hojas":"","fuente":"provisional"},"geometry":{"type":"Point","coordinates":[-73.250179,10.474303]}},{"type":"Feature","properties":{"id":"prov-0859","especie":"mango","altura_m":9.8,"diametro_copa_m":9.8,"altura_fuste_m":2.5,"caducifolio":false,"meses_sin_hojas":"","fuente":"provisional"},"geometry":{"type":"Point","coordinates":[-73.250267,10.474433]}},{"type":"Feature","properties":{"id":"prov-0860","especie":"mango","altura_m":8.9,"diametro_copa_m":9.1,"altura_fuste_m":2.5,"caducifolio":false,"meses_sin_hojas":"","fuente":"provisional"},"geometry":{"type":"Point","coordinates":[-73.250331,10.474527]}},{"type":"Feature","properties":{"id":"prov-0861","especie":"mango","altura_m":11.2,"diametro_copa_m":11.0,"altura_fuste_m":2.5,"caducifolio":false,"meses_sin_hojas":"","fuente":"provisional"},"geometry":{"type":"Point","coordinates":[-73.250442,10.474692]}},{"type":"Feature","properties":{"id":"prov-0862","especie":"mango","altura_m":11.2,"diametro_copa_m":11.8,"altura_fuste_m":2.5,"caducifolio":false,"meses_sin_hojas":"","fuente":"provisional"},"geometry":{"type":"Point","coordinates":[-73.250522,10.47481]}},{"type":"Feature","properties":{"id":"prov-0863","especie":"mango","altura_m":10.0,"diametro_copa_m":9.1,"altura_fuste_m":2.5,"caducifolio":false,"meses_sin_hojas":"","fuente":"provisional"},"geometry":{"type":"Point","coordinates":[-73.250615,10.474946]}},{"type":"Feature","properties":{"id":"prov-0864","especie":"mango","altura_m":11.6,"diametro_copa_m":11.8,"altura_fuste_m":2.5,"caducifolio":false,"meses_sin_hojas":"","fuente":"provisional"},"geometry":{"type":"Point","coordinates":[-73.250733,10.475121]}},{"type":"Feature","properties":{"id":"prov-0865","especie":"mango","altura_m":11.7,"diametro_copa_m":9.4,"altura_fuste_m":2.5,"caducifolio":false,"meses_sin_hojas":"","fuente":"provisional"},"geometry":{"type":"Point","coordinates":[-73.250858,10.475305]}},{"type":"Feature","properties":{"id":"prov-0866","especie":"canaguate","altura_m":10.4,"diametro_copa_m":8.4,"altura_fuste_m":3.0,"caducifolio":true,"meses_sin_hojas":"1,2,3","fuente":"provisional"},"geometry":{"type":"Point","coordinates":[-73.249687,10.474668]}},{"type":"Feature","properties":{"id":"prov-0867","especie":"mango","altura_m":9.2,"diametro_copa_m":10.8,"altura_fuste_m":2.5,"caducifolio":false,"meses_sin_hojas":"","fuente":"provisional"},"geometry":{"type":"Point","coordinates":[-73.249853,10.474556]}},{"type":"Feature","properties":{"id":"prov-0868","especie":"mango","altura_m":11.7,"diametro_copa_m":12.0,"altura_fuste_m":2.5,"caducifolio":false,"meses_sin_hojas":"","fuente":"provisional"},"geometry":{"type":"Point","coordinates":[-73.24996,10.474483]}},{"type":"Feature","properties":{"id":"prov-0869","especie":"mango","altura_m":8.3,"diametro_copa_m":10.4,"altura_fuste_m":2.5,"caducifolio":false,"meses_sin_hojas":"","fuente":"provisional"},"geometry":{"type":"Point","coordinates":[-73.250083,10.4744]}},{"type":"Feature","properties":{"id":"prov-0870","especie":"mango","altura_m":8.1,"diametro_copa_m":8.8,"altura_fuste_m":2.5,"caducifolio":false,"meses_sin_hojas":"","fuente":"provisional"},"geometry":{"type":"Point","coordinates":[-73.242085,10.476998]}},{"type":"Feature","properties":{"id":"prov-0871","especie":"mango","altura_m":9.1,"diametro_copa_m":10.8,"altura_fuste_m":2.5,"caducifolio":false,"meses_sin_hojas":"","fuente":"provisional"},"geometry":{"type":"Point","coordinates":[-73.242199,10.476864]}},{"type":"Feature","properties":{"id":"prov-0872","especie":"mango","altura_m":10.0,"diametro_copa_m":8.3,"altura_fuste_m":2.5,"caducifolio":false,"meses_sin_hojas":"","fuente":"provisional"},"geometry":{"type":"Point","coordinates":[-73.242328,10.476712]}},{"type":"Feature","properties":{"id":"prov-0873","especie":"otro","altura_m":8.6,"diametro_copa_m":6.9,"altura_fuste_m":2.5,"caducifolio":false,"meses_sin_hojas":"","fuente":"provisional"},"geometry":{"type":"Point","coordinates":[-73.242455,10.476563]}},{"type":"Feature","properties":{"id":"prov-0874","especie":"mango","altura_m":9.6,"diametro_copa_m":9.0,"altura_fuste_m":2.5,"caducifolio":false,"meses_sin_hojas":"","fuente":"provisional"},"geometry":{"type":"Point","coordinates":[-73.242551,10.47645]}},{"type":"Feature","properties":{"id":"prov-0875","especie":"mango","altura_m":10.4,"diametro_copa_m":8.0,"altura_fuste_m":2.5,"caducifolio":false,"meses_sin_hojas":"","fuente":"provisional"},"geometry":{"type":"Point","coordinates":[-73.242664,10.476317]}},{"type":"Feature","properties":{"id":"prov-0876","especie":"canaguate","altura_m":9.1,"diametro_copa_m":8.5,"altura_fuste_m":3.0,"caducifolio":true,"meses_sin_hojas":"1,2,3","fuente":"provisional"},"geometry":{"type":"Point","coordinates":[-73.24348,10.47551]}},{"type":"Feature","properties":{"id":"prov-0877","especie":"mango","altura_m":9.1,"diametro_copa_m":9.3,"altura_fuste_m":2.5,"caducifolio":false,"meses_sin_hojas":"","fuente":"provisional"},"geometry":{"type":"Point","coordinates":[-73.243368,10.475628]}},{"type":"Feature","properties":{"id":"prov-0878","especie":"mango","altura_m":8.1,"diametro_copa_m":11.5,"altura_fuste_m":2.5,"caducifolio":false,"meses_sin_hojas":"","fuente":"provisional"},"geometry":{"type":"Point","coordinates":[-73.24342,10.475494]}},{"type":"Feature","properties":{"id":"prov-0879","especie":"mango","altura_m":9.3,"diametro_copa_m":10.3,"altura_fuste_m":2.5,"caducifolio":false,"meses_sin_hojas":"","fuente":"provisional"},"geometry":{"type":"Point","coordinates":[-73.243293,10.475627]}},{"type":"Feature","properties":{"id":"prov-0880","especie":"canaguate","altura_m":11.7,"diametro_copa_m":6.7,"altura_fuste_m":3.0,"caducifolio":true,"meses_sin_hojas":"1,2,3","fuente":"provisional"},"geometry":{"type":"Point","coordinates":[-73.243151,10.475777]}},{"type":"Feature","properties":{"id":"prov-0881","especie":"mango","altura_m":10.3,"diametro_copa_m":9.6,"altura_fuste_m":2.5,"caducifolio":false,"meses_sin_hojas":"","fuente":"provisional"},"geometry":{"type":"Point","coordinates":[-73.24306,10.475873]}},{"type":"Feature","properties":{"id":"prov-0882","especie":"canaguate","altura_m":8.0,"diametro_copa_m":6.9,"altura_fuste_m":3.0,"caducifolio":true,"meses_sin_hojas":"1,2,3","fuente":"provisional"},"geometry":{"type":"Point","coordinates":[-73.242956,10.475981]}},{"type":"Feature","properties":{"id":"prov-0883","especie":"canaguate","altura_m":12.0,"diametro_copa_m":6.5,"altura_fuste_m":3.0,"caducifolio":true,"meses_sin_hojas":"1,2,3","fuente":"provisional"},"geometry":{"type":"Point","coordinates":[-73.243492,10.476745]}},{"type":"Feature","properties":{"id":"prov-0884","especie":"mango","altura_m":11.2,"diametro_copa_m":8.3,"altura_fuste_m":2.5,"caducifolio":false,"meses_sin_hojas":"","fuente":"provisional"},"geometry":{"type":"Point","coordinates":[-73.243424,10.476654]}},{"type":"Feature","properties":{"id":"prov-0885","especie":"mango","altura_m":9.6,"diametro_copa_m":11.9,"altura_fuste_m":2.5,"caducifolio":false,"meses_sin_hojas":"","fuente":"provisional"},"geometry":{"type":"Point","coordinates":[-73.243311,10.476503]}},{"type":"Feature","properties":{"id":"prov-0886","especie":"mango","altura_m":11.6,"diametro_copa_m":9.4,"altura_fuste_m":2.5,"caducifolio":false,"meses_sin_hojas":"","fuente":"provisional"},"geometry":{"type":"Point","coordinates":[-73.243198,10.476353]}},{"type":"Feature","properties":{"id":"prov-0887","especie":"mango","altura_m":11.9,"diametro_copa_m":10.4,"altura_fuste_m":2.5,"caducifolio":false,"meses_sin_hojas":"","fuente":"provisional"},"geometry":{"type":"Point","coordinates":[-73.243129,10.47626]}},{"type":"Feature","properties":{"id":"prov-0888","especie":"mango","altura_m":8.8,"diametro_copa_m":11.2,"altura_fuste_m":2.5,"caducifolio":false,"meses_sin_hojas":"","fuente":"provisional"},"geometry":{"type":"Point","coordinates":[-73.243059,10.476167]}},{"type":"Feature","properties":{"id":"prov-0889","especie":"canaguate","altura_m":9.1,"diametro_copa_m":6.4,"altura_fuste_m":3.0,"caducifolio":true,"meses_sin_hojas":"1,2,3","fuente":"provisional"},"geometry":{"type":"Point","coordinates":[-73.242975,10.476055]}},{"type":"Feature","properties":{"id":"prov-0890","especie":"canaguate","altura_m":11.8,"diametro_copa_m":7.2,"altura_fuste_m":3.0,"caducifolio":true,"meses_sin_hojas":"1,2,3","fuente":"provisional"},"geometry":{"type":"Point","coordinates":[-73.249089,10.477806]}},{"type":"Feature","properties":{"id":"prov-0891","especie":"mango","altura_m":9.8,"diametro_copa_m":11.3,"altura_fuste_m":2.5,"caducifolio":false,"meses_sin_hojas":"","fuente":"provisional"},"geometry":{"type":"Point","coordinates":[-73.249179,10.477919]}},{"type":"Feature","properties":{"id":"prov-0892","especie":"otro","altura_m":9.6,"diametro_copa_m":6.6,"altura_fuste_m":2.5,"caducifolio":false,"meses_sin_hojas":"","fuente":"provisional"},"geometry":{"type":"Point","coordinates":[-73.249296,10.478068]}},{"type":"Feature","properties":{"id":"prov-0893","especie":"mango","altura_m":9.9,"diametro_copa_m":11.2,"altura_fuste_m":2.5,"caducifolio":false,"meses_sin_hojas":"","fuente":"provisional"},"geometry":{"type":"Point","coordinates":[-73.249408,10.478215]}},{"type":"Feature","properties":{"id":"prov-0894","especie":"mango","altura_m":9.9,"diametro_copa_m":10.3,"altura_fuste_m":2.5,"caducifolio":false,"meses_sin_hojas":"","fuente":"provisional"},"geometry":{"type":"Point","coordinates":[-73.245401,10.475416]}},{"type":"Feature","properties":{"id":"prov-0895","especie":"mango","altura_m":9.4,"diametro_copa_m":11.0,"altura_fuste_m":2.5,"caducifolio":false,"meses_sin_hojas":"","fuente":"provisional"},"geometry":{"type":"Point","coordinates":[-73.245549,10.475309]}},{"type":"Feature","properties":{"id":"prov-0896","especie":"mango","altura_m":10.5,"diametro_copa_m":10.3,"altura_fuste_m":2.5,"caducifolio":false,"meses_sin_hojas":"","fuente":"provisional"},"geometry":{"type":"Point","coordinates":[-73.245652,10.475235]}},{"type":"Feature","properties":{"id":"prov-0897","especie":"mango","altura_m":8.9,"diametro_copa_m":9.8,"altura_fuste_m":2.5,"caducifolio":false,"meses_sin_hojas":"","fuente":"provisional"},"geometry":{"type":"Point","coordinates":[-73.245764,10.475155]}},{"type":"Feature","properties":{"id":"prov-0898","especie":"mango","altura_m":9.1,"diametro_copa_m":10.4,"altura_fuste_m":2.5,"caducifolio":false,"meses_sin_hojas":"","fuente":"provisional"},"geometry":{"type":"Point","coordinates":[-73.24586,10.475086]}},{"type":"Feature","properties":{"id":"prov-0899","especie":"otro","altura_m":6.3,"diametro_copa_m":7.0,"altura_fuste_m":2.5,"caducifolio":false,"meses_sin_hojas":"","fuente":"provisional"},"geometry":{"type":"Point","coordinates":[-73.247014,10.48007]}},{"type":"Feature","properties":{"id":"prov-0900","especie":"otro","altura_m":9.9,"diametro_copa_m":6.1,"altura_fuste_m":2.5,"caducifolio":false,"meses_sin_hojas":"","fuente":"provisional"},"geometry":{"type":"Point","coordinates":[-73.24718,10.479961]}},{"type":"Feature","properties":{"id":"prov-0901","especie":"mango","altura_m":10.8,"diametro_copa_m":8.2,"altura_fuste_m":2.5,"caducifolio":false,"meses_sin_hojas":"","fuente":"provisional"},"geometry":{"type":"Point","coordinates":[-73.24732,10.479869]}},{"type":"Feature","properties":{"id":"prov-0902","especie":"canaguate","altura_m":9.3,"diametro_copa_m":8.9,"altura_fuste_m":3.0,"caducifolio":true,"meses_sin_hojas":"1,2,3","fuente":"provisional"},"geometry":{"type":"Point","coordinates":[-73.247905,10.479518]}},{"type":"Feature","properties":{"id":"prov-0903","especie":"canaguate","altura_m":9.9,"diametro_copa_m":6.2,"altura_fuste_m":3.0,"caducifolio":true,"meses_sin_hojas":"1,2,3","fuente":"provisional"},"geometry":{"type":"Point","coordinates":[-73.248008,10.479638]}},{"type":"Feature","properties":{"id":"prov-0904","especie":"mango","altura_m":9.8,"diametro_copa_m":9.5,"altura_fuste_m":2.5,"caducifolio":false,"meses_sin_hojas":"","fuente":"provisional"},"geometry":{"type":"Point","coordinates":[-73.248112,10.479761]}},{"type":"Feature","properties":{"id":"prov-0905","especie":"mango","altura_m":9.1,"diametro_copa_m":8.4,"altura_fuste_m":2.5,"caducifolio":false,"meses_sin_hojas":"","fuente":"provisional"},"geometry":{"type":"Point","coordinates":[-73.248248,10.479921]}},{"type":"Feature","properties":{"id":"prov-0906","especie":"canaguate","altura_m":9.7,"diametro_copa_m":6.9,"altura_fuste_m":3.0,"caducifolio":true,"meses_sin_hojas":"1,2,3","fuente":"provisional"},"geometry":{"type":"Point","coordinates":[-73.245136,10.475592]}},{"type":"Feature","properties":{"id":"prov-0907","especie":"mango","altura_m":9.3,"diametro_copa_m":9.2,"altura_fuste_m":2.5,"caducifolio":false,"meses_sin_hojas":"","fuente":"provisional"},"geometry":{"type":"Point","coordinates":[-73.245289,10.475492]}},{"type":"Feature","properties":{"id":"prov-0908","especie":"mango","altura_m":11.7,"diametro_copa_m":9.5,"altura_fuste_m":2.5,"caducifolio":false,"meses_sin_hojas":"","fuente":"provisional"},"geometry":{"type":"Point","coordinates":[-73.244965,10.475769]}},{"type":"Feature","properties":{"id":"prov-0909","especie":"mango","altura_m":10.2,"diametro_copa_m":9.2,"altura_fuste_m":2.5,"caducifolio":false,"meses_sin_hojas":"","fuente":"provisional"},"geometry":{"type":"Point","coordinates":[-73.245103,10.475679]}},{"type":"Feature","properties":{"id":"prov-0910","especie":"mango","altura_m":8.3,"diametro_copa_m":11.0,"altura_fuste_m":2.5,"caducifolio":false,"meses_sin_hojas":"","fuente":"provisional"},"geometry":{"type":"Point","coordinates":[-73.245243,10.475587]}},{"type":"Feature","properties":{"id":"prov-0911","especie":"mango","altura_m":8.3,"diametro_copa_m":11.3,"altura_fuste_m":2.5,"caducifolio":false,"meses_sin_hojas":"","fuente":"provisional"},"geometry":{"type":"Point","coordinates":[-73.245355,10.475513]}},{"type":"Feature","properties":{"id":"prov-0912","especie":"mango","altura_m":8.2,"diametro_copa_m":9.5,"altura_fuste_m":2.5,"caducifolio":false,"meses_sin_hojas":"","fuente":"provisional"},"geometry":{"type":"Point","coordinates":[-73.244074,10.476247]}},{"type":"Feature","properties":{"id":"prov-0913","especie":"otro","altura_m":8.5,"diametro_copa_m":5.0,"altura_fuste_m":2.5,"caducifolio":false,"meses_sin_hojas":"","fuente":"provisional"},"geometry":{"type":"Point","coordinates":[-73.24417,10.476179]}},{"type":"Feature","properties":{"id":"prov-0914","especie":"mango","altura_m":8.3,"diametro_copa_m":9.9,"altura_fuste_m":2.5,"caducifolio":false,"meses_sin_hojas":"","fuente":"provisional"},"geometry":{"type":"Point","coordinates":[-73.244289,10.476095]}},{"type":"Feature","properties":{"id":"prov-0915","especie":"canaguate","altura_m":8.9,"diametro_copa_m":7.9,"altura_fuste_m":3.0,"caducifolio":true,"meses_sin_hojas":"1,2,3","fuente":"provisional"},"geometry":{"type":"Point","coordinates":[-73.244459,10.47599]}},{"type":"Feature","properties":{"id":"prov-0916","especie":"mango","altura_m":10.9,"diametro_copa_m":9.4,"altura_fuste_m":2.5,"caducifolio":false,"meses_sin_hojas":"","fuente":"provisional"},"geometry":{"type":"Point","coordinates":[-73.244565,10.475932]}},{"type":"Feature","properties":{"id":"prov-0917","especie":"canaguate","altura_m":11.3,"diametro_copa_m":6.7,"altura_fuste_m":3.0,"caducifolio":true,"meses_sin_hojas":"1,2,3","fuente":"provisional"},"geometry":{"type":"Point","coordinates":[-73.244688,10.475864]}},{"type":"Feature","properties":{"id":"prov-0918","especie":"otro","altura_m":9.8,"diametro_copa_m":5.2,"altura_fuste_m":2.5,"caducifolio":false,"meses_sin_hojas":"","fuente":"provisional"},"geometry":{"type":"Point","coordinates":[-73.244837,10.475781]}},{"type":"Feature","properties":{"id":"prov-0919","especie":"mango","altura_m":8.9,"diametro_copa_m":11.4,"altura_fuste_m":2.5,"caducifolio":false,"meses_sin_hojas":"","fuente":"provisional"},"geometry":{"type":"Point","coordinates":[-73.247141,10.476055]}},{"type":"Feature","properties":{"id":"prov-0920","especie":"canaguate","altura_m":10.2,"diametro_copa_m":7.1,"altura_fuste_m":3.0,"caducifolio":true,"meses_sin_hojas":"1,2,3","fuente":"provisional"},"geometry":{"type":"Point","coordinates":[-73.247237,10.47622]}},{"type":"Feature","properties":{"id":"prov-0921","especie":"canaguate","altura_m":9.5,"diametro_copa_m":7.6,"altura_fuste_m":3.0,"caducifolio":true,"meses_sin_hojas":"1,2,3","fuente":"provisional"},"geometry":{"type":"Point","coordinates":[-73.247529,10.476128]}},{"type":"Feature","properties":{"id":"prov-0922","especie":"mango","altura_m":8.3,"diametro_copa_m":8.8,"altura_fuste_m":2.5,"caducifolio":false,"meses_sin_hojas":"","fuente":"provisional"},"geometry":{"type":"Point","coordinates":[-73.247657,10.476028]}},{"type":"Feature","properties":{"id":"prov-0923","especie":"canaguate","altura_m":11.3,"diametro_copa_m":7.6,"altura_fuste_m":3.0,"caducifolio":true,"meses_sin_hojas":"1,2,3","fuente":"provisional"},"geometry":{"type":"Point","coordinates":[-73.247428,10.476271]}},{"type":"Feature","properties":{"id":"prov-0924","especie":"otro","altura_m":10.0,"diametro_copa_m":6.4,"altura_fuste_m":2.5,"caducifolio":false,"meses_sin_hojas":"","fuente":"provisional"},"geometry":{"type":"Point","coordinates":[-73.247595,10.476147]}},{"type":"Feature","properties":{"id":"prov-0925","especie":"mango","altura_m":9.7,"diametro_copa_m":8.8,"altura_fuste_m":2.5,"caducifolio":false,"meses_sin_hojas":"","fuente":"provisional"},"geometry":{"type":"Point","coordinates":[-73.2477,10.476062]}},{"type":"Feature","properties":{"id":"prov-0926","especie":"mango","altura_m":9.9,"diametro_copa_m":10.5,"altura_fuste_m":2.5,"caducifolio":false,"meses_sin_hojas":"","fuente":"provisional"},"geometry":{"type":"Point","coordinates":[-73.247076,10.476514]}},{"type":"Feature","properties":{"id":"prov-0927","especie":"mango","altura_m":9.1,"diametro_copa_m":10.3,"altura_fuste_m":2.5,"caducifolio":false,"meses_sin_hojas":"","fuente":"provisional"},"geometry":{"type":"Point","coordinates":[-73.247247,10.476399]}},{"type":"Feature","properties":{"id":"prov-0928","especie":"otro","altura_m":8.6,"diametro_copa_m":5.2,"altura_fuste_m":2.5,"caducifolio":false,"meses_sin_hojas":"","fuente":"provisional"},"geometry":{"type":"Point","coordinates":[-73.241376,10.47899]}},{"type":"Feature","properties":{"id":"prov-0929","especie":"canaguate","altura_m":11.9,"diametro_copa_m":7.8,"altura_fuste_m":3.0,"caducifolio":true,"meses_sin_hojas":"1,2,3","fuente":"provisional"},"geometry":{"type":"Point","coordinates":[-73.24125,10.479091]}},{"type":"Feature","properties":{"id":"prov-0930","especie":"canaguate","altura_m":9.5,"diametro_copa_m":8.3,"altura_fuste_m":3.0,"caducifolio":true,"meses_sin_hojas":"1,2,3","fuente":"provisional"},"geometry":{"type":"Point","coordinates":[-73.241107,10.47908]}},{"type":"Feature","properties":{"id":"prov-0931","especie":"mango","altura_m":9.0,"diametro_copa_m":10.5,"altura_fuste_m":2.5,"caducifolio":false,"meses_sin_hojas":"","fuente":"provisional"},"geometry":{"type":"Point","coordinates":[-73.240824,10.478666]}},{"type":"Feature","properties":{"id":"prov-0932","especie":"canaguate","altura_m":8.9,"diametro_copa_m":7.6,"altura_fuste_m":3.0,"caducifolio":true,"meses_sin_hojas":"1,2,3","fuente":"provisional"},"geometry":{"type":"Point","coordinates":[-73.24088,10.478771]}},{"type":"Feature","properties":{"id":"prov-0933","especie":"otro","altura_m":6.0,"diametro_copa_m":6.5,"altura_fuste_m":2.5,"caducifolio":false,"meses_sin_hojas":"","fuente":"provisional"},"geometry":{"type":"Point","coordinates":[-73.240981,10.478959]}},{"type":"Feature","properties":{"id":"prov-0934","especie":"canaguate","altura_m":10.4,"diametro_copa_m":8.5,"altura_fuste_m":3.0,"caducifolio":true,"meses_sin_hojas":"1,2,3","fuente":"provisional"},"geometry":{"type":"Point","coordinates":[-73.241042,10.479073]}},{"type":"Feature","properties":{"id":"prov-0935","especie":"mango","altura_m":10.4,"diametro_copa_m":9.0,"altura_fuste_m":2.5,"caducifolio":false,"meses_sin_hojas":"","fuente":"provisional"},"geometry":{"type":"Point","coordinates":[-73.250757,10.477716]}},{"type":"Feature","properties":{"id":"prov-0936","especie":"mango","altura_m":9.6,"diametro_copa_m":9.2,"altura_fuste_m":2.5,"caducifolio":false,"meses_sin_hojas":"","fuente":"provisional"},"geometry":{"type":"Point","coordinates":[-73.250671,10.477593]}},{"type":"Feature","properties":{"id":"prov-0937","especie":"mango","altura_m":11.6,"diametro_copa_m":8.8,"altura_fuste_m":2.5,"caducifolio":false,"meses_sin_hojas":"","fuente":"provisional"},"geometry":{"type":"Point","coordinates":[-73.250554,10.477424]}},{"type":"Feature","properties":{"id":"prov-0938","especie":"canaguate","altura_m":8.7,"diametro_copa_m":7.3,"altura_fuste_m":3.0,"caducifolio":true,"meses_sin_hojas":"1,2,3","fuente":"provisional"},"geometry":{"type":"Point","coordinates":[-73.250477,10.477312]}},{"type":"Feature","properties":{"id":"prov-0939","especie":"canaguate","altura_m":9.6,"diametro_copa_m":8.9,"altura_fuste_m":3.0,"caducifolio":true,"meses_sin_hojas":"1,2,3","fuente":"provisional"},"geometry":{"type":"Point","coordinates":[-73.250379,10.477171]}},{"type":"Feature","properties":{"id":"prov-0940","especie":"canaguate","altura_m":9.6,"diametro_copa_m":8.2,"altura_fuste_m":3.0,"caducifolio":true,"meses_sin_hojas":"1,2,3","fuente":"provisional"},"geometry":{"type":"Point","coordinates":[-73.250258,10.476996]}},{"type":"Feature","properties":{"id":"prov-0941","especie":"mango","altura_m":11.4,"diametro_copa_m":10.2,"altura_fuste_m":2.5,"caducifolio":false,"meses_sin_hojas":"","fuente":"provisional"},"geometry":{"type":"Point","coordinates":[-73.244473,10.480661]}},{"type":"Feature","properties":{"id":"prov-0942","especie":"mango","altura_m":8.1,"diametro_copa_m":10.6,"altura_fuste_m":2.5,"caducifolio":false,"meses_sin_hojas":"","fuente":"provisional"},"geometry":{"type":"Point","coordinates":[-73.244633,10.480564]}},{"type":"Feature","properties":{"id":"prov-0943","especie":"mango","altura_m":9.7,"diametro_copa_m":12.0,"altura_fuste_m":2.5,"caducifolio":false,"meses_sin_hojas":"","fuente":"provisional"},"geometry":{"type":"Point","coordinates":[-73.244796,10.480465]}},{"type":"Feature","properties":{"id":"prov-0944","especie":"mango","altura_m":10.2,"diametro_copa_m":8.1,"altura_fuste_m":2.5,"caducifolio":false,"meses_sin_hojas":"","fuente":"provisional"},"geometry":{"type":"Point","coordinates":[-73.249526,10.478403]}},{"type":"Feature","properties":{"id":"prov-0945","especie":"mango","altura_m":10.5,"diametro_copa_m":10.3,"altura_fuste_m":2.5,"caducifolio":false,"meses_sin_hojas":"","fuente":"provisional"},"geometry":{"type":"Point","coordinates":[-73.249356,10.478491]}},{"type":"Feature","properties":{"id":"prov-0946","especie":"otro","altura_m":9.0,"diametro_copa_m":6.9,"altura_fuste_m":2.5,"caducifolio":false,"meses_sin_hojas":"","fuente":"provisional"},"geometry":{"type":"Point","coordinates":[-73.249194,10.478574]}},{"type":"Feature","properties":{"id":"prov-0947","especie":"mango","altura_m":8.1,"diametro_copa_m":11.4,"altura_fuste_m":2.5,"caducifolio":false,"meses_sin_hojas":"","fuente":"provisional"},"geometry":{"type":"Point","coordinates":[-73.249034,10.478657]}},{"type":"Feature","properties":{"id":"prov-0948","especie":"otro","altura_m":9.3,"diametro_copa_m":6.4,"altura_fuste_m":2.5,"caducifolio":false,"meses_sin_hojas":"","fuente":"provisional"},"geometry":{"type":"Point","coordinates":[-73.248899,10.478726]}},{"type":"Feature","properties":{"id":"prov-0949","especie":"mango","altura_m":10.6,"diametro_copa_m":9.1,"altura_fuste_m":2.5,"caducifolio":false,"meses_sin_hojas":"","fuente":"provisional"},"geometry":{"type":"Point","coordinates":[-73.248734,10.478811]}},{"type":"Feature","properties":{"id":"prov-0950","especie":"mango","altura_m":10.4,"diametro_copa_m":8.6,"altura_fuste_m":2.5,"caducifolio":false,"meses_sin_hojas":"","fuente":"provisional"},"geometry":{"type":"Point","coordinates":[-73.248342,10.478404]}},{"type":"Feature","properties":{"id":"prov-0951","especie":"canaguate","altura_m":10.7,"diametro_copa_m":8.7,"altura_fuste_m":3.0,"caducifolio":true,"meses_sin_hojas":"1,2,3","fuente":"provisional"},"geometry":{"type":"Point","coordinates":[-73.248234,10.478257]}},{"type":"Feature","properties":{"id":"prov-0952","especie":"canaguate","altura_m":8.5,"diametro_copa_m":6.3,"altura_fuste_m":3.0,"caducifolio":true,"meses_sin_hojas":"1,2,3","fuente":"provisional"},"geometry":{"type":"Point","coordinates":[-73.248155,10.47815]}},{"type":"Feature","properties":{"id":"prov-0953","especie":"canaguate","altura_m":8.7,"diametro_copa_m":6.9,"altura_fuste_m":3.0,"caducifolio":true,"meses_sin_hojas":"1,2,3","fuente":"provisional"},"geometry":{"type":"Point","coordinates":[-73.248077,10.478044]}},{"type":"Feature","properties":{"id":"prov-0954","especie":"mango","altura_m":10.9,"diametro_copa_m":10.7,"altura_fuste_m":2.5,"caducifolio":false,"meses_sin_hojas":"","fuente":"provisional"},"geometry":{"type":"Point","coordinates":[-73.247946,10.477865]}},{"type":"Feature","properties":{"id":"prov-0955","especie":"mango","altura_m":11.0,"diametro_copa_m":11.8,"altura_fuste_m":2.5,"caducifolio":false,"meses_sin_hojas":"","fuente":"provisional"},"geometry":{"type":"Point","coordinates":[-73.247841,10.477722]}},{"type":"Feature","properties":{"id":"prov-0956","especie":"otro","altura_m":6.6,"diametro_copa_m":5.1,"altura_fuste_m":2.5,"caducifolio":false,"meses_sin_hojas":"","fuente":"provisional"},"geometry":{"type":"Point","coordinates":[-73.247752,10.477601]}},{"type":"Feature","properties":{"id":"prov-0957","especie":"canaguate","altura_m":9.4,"diametro_copa_m":8.9,"altura_fuste_m":3.0,"caducifolio":true,"meses_sin_hojas":"1,2,3","fuente":"provisional"},"geometry":{"type":"Point","coordinates":[-73.247673,10.477494]}},{"type":"Feature","properties":{"id":"prov-0958","especie":"mango","altura_m":9.5,"diametro_copa_m":9.4,"altura_fuste_m":2.5,"caducifolio":false,"meses_sin_hojas":"","fuente":"provisional"},"geometry":{"type":"Point","coordinates":[-73.24755,10.477328]}},{"type":"Feature","properties":{"id":"prov-0959","especie":"mango","altura_m":11.2,"diametro_copa_m":10.4,"altura_fuste_m":2.5,"caducifolio":false,"meses_sin_hojas":"","fuente":"provisional"},"geometry":{"type":"Point","coordinates":[-73.247452,10.477192]}},{"type":"Feature","properties":{"id":"prov-0960","especie":"mango","altura_m":11.9,"diametro_copa_m":10.5,"altura_fuste_m":2.5,"caducifolio":false,"meses_sin_hojas":"","fuente":"provisional"},"geometry":{"type":"Point","coordinates":[-73.247342,10.47704]}},{"type":"Feature","properties":{"id":"prov-0961","especie":"otro","altura_m":8.3,"diametro_copa_m":6.2,"altura_fuste_m":2.5,"caducifolio":false,"meses_sin_hojas":"","fuente":"provisional"},"geometry":{"type":"Point","coordinates":[-73.247688,10.47741]}},{"type":"Feature","properties":{"id":"prov-0962","especie":"mango","altura_m":11.5,"diametro_copa_m":8.9,"altura_fuste_m":2.5,"caducifolio":false,"meses_sin_hojas":"","fuente":"provisional"},"geometry":{"type":"Point","coordinates":[-73.247602,10.47729]}},{"type":"Feature","properties":{"id":"prov-0963","especie":"mango","altura_m":9.0,"diametro_copa_m":8.1,"altura_fuste_m":2.5,"caducifolio":false,"meses_sin_hojas":"","fuente":"provisional"},"geometry":{"type":"Point","coordinates":[-73.247473,10.477113]}},{"type":"Feature","properties":{"id":"prov-0964","especie":"canaguate","altura_m":11.9,"diametro_copa_m":6.1,"altura_fuste_m":3.0,"caducifolio":true,"meses_sin_hojas":"1,2,3","fuente":"provisional"},"geometry":{"type":"Point","coordinates":[-73.243355,10.475309]}},{"type":"Feature","properties":{"id":"prov-0965","especie":"otro","altura_m":8.7,"diametro_copa_m":7.4,"altura_fuste_m":2.5,"caducifolio":false,"meses_sin_hojas":"","fuente":"provisional"},"geometry":{"type":"Point","coordinates":[-73.243254,10.475161]}},{"type":"Feature","properties":{"id":"prov-0966","especie":"canaguate","altura_m":8.9,"diametro_copa_m":8.4,"altura_fuste_m":3.0,"caducifolio":true,"meses_sin_hojas":"1,2,3","fuente":"provisional"},"geometry":{"type":"Point","coordinates":[-73.243159,10.47502]}},{"type":"Feature","properties":{"id":"prov-0967","especie":"canaguate","altura_m":8.0,"diametro_copa_m":8.5,"altura_fuste_m":3.0,"caducifolio":true,"meses_sin_hojas":"1,2,3","fuente":"provisional"},"geometry":{"type":"Point","coordinates":[-73.24306,10.474875]}},{"type":"Feature","properties":{"id":"prov-0968","especie":"otro","altura_m":8.0,"diametro_copa_m":7.0,"altura_fuste_m":2.5,"caducifolio":false,"meses_sin_hojas":"","fuente":"provisional"},"geometry":{"type":"Point","coordinates":[-73.242976,10.474751]}},{"type":"Feature","properties":{"id":"prov-0969","especie":"mango","altura_m":9.4,"diametro_copa_m":8.7,"altura_fuste_m":2.5,"caducifolio":false,"meses_sin_hojas":"","fuente":"provisional"},"geometry":{"type":"Point","coordinates":[-73.248178,10.480019]}},{"type":"Feature","properties":{"id":"prov-0970","especie":"mango","altura_m":11.6,"diametro_copa_m":8.5,"altura_fuste_m":2.5,"caducifolio":false,"meses_sin_hojas":"","fuente":"provisional"},"geometry":{"type":"Point","coordinates":[-73.248046,10.480103]}},{"type":"Feature","properties":{"id":"prov-0971","especie":"otro","altura_m":7.2,"diametro_copa_m":6.8,"altura_fuste_m":2.5,"caducifolio":false,"meses_sin_hojas":"","fuente":"provisional"},"geometry":{"type":"Point","coordinates":[-73.247859,10.480221]}},{"type":"Feature","properties":{"id":"prov-0972","especie":"canaguate","altura_m":10.1,"diametro_copa_m":6.8,"altura_fuste_m":3.0,"caducifolio":true,"meses_sin_hojas":"1,2,3","fuente":"provisional"},"geometry":{"type":"Point","coordinates":[-73.247738,10.480298]}},{"type":"Feature","properties":{"id":"prov-0973","especie":"mango","altura_m":10.5,"diametro_copa_m":8.8,"altura_fuste_m":2.5,"caducifolio":false,"meses_sin_hojas":"","fuente":"provisional"},"geometry":{"type":"Point","coordinates":[-73.247621,10.480372]}},{"type":"Feature","properties":{"id":"prov-0974","especie":"mango","altura_m":10.2,"diametro_copa_m":10.3,"altura_fuste_m":2.5,"caducifolio":false,"meses_sin_hojas":"","fuente":"provisional"},"geometry":{"type":"Point","coordinates":[-73.247486,10.480458]}},{"type":"Feature","properties":{"id":"prov-0975","especie":"otro","altura_m":9.2,"diametro_copa_m":6.0,"altura_fuste_m":2.5,"caducifolio":false,"meses_sin_hojas":"","fuente":"provisional"},"geometry":{"type":"Point","coordinates":[-73.247353,10.480541]}},{"type":"Feature","properties":{"id":"prov-0976","especie":"otro","altura_m":7.4,"diametro_copa_m":6.0,"altura_fuste_m":2.5,"caducifolio":false,"meses_sin_hojas":"","fuente":"provisional"},"geometry":{"type":"Point","coordinates":[-73.24723,10.480619]}},{"type":"Feature","properties":{"id":"prov-0977","especie":"mango","altura_m":10.3,"diametro_copa_m":11.3,"altura_fuste_m":2.5,"caducifolio":false,"meses_sin_hojas":"","fuente":"provisional"},"geometry":{"type":"Point","coordinates":[-73.246413,10.481152]}},{"type":"Feature","properties":{"id":"prov-0978","especie":"otro","altura_m":6.3,"diametro_copa_m":6.8,"altura_fuste_m":2.5,"caducifolio":false,"meses_sin_hojas":"","fuente":"provisional"},"geometry":{"type":"Point","coordinates":[-73.246525,10.481079]}},{"type":"Feature","properties":{"id":"prov-0979","especie":"mango","altura_m":11.0,"diametro_copa_m":11.0,"altura_fuste_m":2.5,"caducifolio":false,"meses_sin_hojas":"","fuente":"provisional"},"geometry":{"type":"Point","coordinates":[-73.246699,10.480965]}},{"type":"Feature","properties":{"id":"prov-0980","especie":"otro","altura_m":7.7,"diametro_copa_m":6.2,"altura_fuste_m":2.5,"caducifolio":false,"meses_sin_hojas":"","fuente":"provisional"},"geometry":{"type":"Point","coordinates":[-73.246817,10.480888]}},{"type":"Feature","properties":{"id":"prov-0981","especie":"mango","altura_m":9.9,"diametro_copa_m":11.0,"altura_fuste_m":2.5,"caducifolio":false,"meses_sin_hojas":"","fuente":"provisional"},"geometry":{"type":"Point","coordinates":[-73.246913,10.480825]}},{"type":"Feature","properties":{"id":"prov-0982","especie":"mango","altura_m":9.5,"diametro_copa_m":10.0,"altura_fuste_m":2.5,"caducifolio":false,"meses_sin_hojas":"","fuente":"provisional"},"geometry":{"type":"Point","coordinates":[-73.246803,10.480285]}},{"type":"Feature","properties":{"id":"prov-0983","especie":"mango","altura_m":9.1,"diametro_copa_m":9.3,"altura_fuste_m":2.5,"caducifolio":false,"meses_sin_hojas":"","fuente":"provisional"},"geometry":{"type":"Point","coordinates":[-73.246874,10.480385]}},{"type":"Feature","properties":{"id":"prov-0984","especie":"mango","altura_m":10.8,"diametro_copa_m":11.8,"altura_fuste_m":2.5,"caducifolio":false,"meses_sin_hojas":"","fuente":"provisional"},"geometry":{"type":"Point","coordinates":[-73.246944,10.480483]}},{"type":"Feature","properties":{"id":"prov-0985","especie":"mango","altura_m":11.2,"diametro_copa_m":9.5,"altura_fuste_m":2.5,"caducifolio":false,"meses_sin_hojas":"","fuente":"provisional"},"geometry":{"type":"Point","coordinates":[-73.247011,10.480577]}},{"type":"Feature","properties":{"id":"prov-0986","especie":"canaguate","altura_m":11.6,"diametro_copa_m":6.9,"altura_fuste_m":3.0,"caducifolio":true,"meses_sin_hojas":"1,2,3","fuente":"provisional"},"geometry":{"type":"Point","coordinates":[-73.245905,10.471793]}},{"type":"Feature","properties":{"id":"prov-0987","especie":"mango","altura_m":11.0,"diametro_copa_m":11.8,"altura_fuste_m":2.5,"caducifolio":false,"meses_sin_hojas":"","fuente":"provisional"},"geometry":{"type":"Point","coordinates":[-73.245769,10.471886]}},{"type":"Feature","properties":{"id":"prov-0988","especie":"mango","altura_m":8.2,"diametro_copa_m":10.9,"altura_fuste_m":2.5,"caducifolio":false,"meses_sin_hojas":"","fuente":"provisional"},"geometry":{"type":"Point","coordinates":[-73.245623,10.471985]}},{"type":"Feature","properties":{"id":"prov-0989","especie":"otro","altura_m":7.3,"diametro_copa_m":6.6,"altura_fuste_m":2.5,"caducifolio":false,"meses_sin_hojas":"","fuente":"provisional"},"geometry":{"type":"Point","coordinates":[-73.245495,10.472071]}},{"type":"Feature","properties":{"id":"prov-0990","especie":"mango","altura_m":8.9,"diametro_copa_m":9.3,"altura_fuste_m":2.5,"caducifolio":false,"meses_sin_hojas":"","fuente":"provisional"},"geometry":{"type":"Point","coordinates":[-73.241948,10.480426]}},{"type":"Feature","properties":{"id":"prov-0991","especie":"mango","altura_m":8.4,"diametro_copa_m":8.2,"altura_fuste_m":2.5,"caducifolio":false,"meses_sin_hojas":"","fuente":"provisional"},"geometry":{"type":"Point","coordinates":[-73.242069,10.48034]}},{"type":"Feature","properties":{"id":"prov-0992","especie":"mango","altura_m":11.1,"diametro_copa_m":10.1,"altura_fuste_m":2.5,"caducifolio":false,"meses_sin_hojas":"","fuente":"provisional"},"geometry":{"type":"Point","coordinates":[-73.241946,10.480495]}},{"type":"Feature","properties":{"id":"prov-0993","especie":"mango","altura_m":9.1,"diametro_copa_m":8.4,"altura_fuste_m":2.5,"caducifolio":false,"meses_sin_hojas":"","fuente":"provisional"},"geometry":{"type":"Point","coordinates":[-73.242103,10.480382]}},{"type":"Feature","properties":{"id":"prov-0994","especie":"mango","altura_m":11.1,"diametro_copa_m":10.4,"altura_fuste_m":2.5,"caducifolio":false,"meses_sin_hojas":"","fuente":"provisional"},"geometry":{"type":"Point","coordinates":[-73.238456,10.476828]}},{"type":"Feature","properties":{"id":"prov-0995","especie":"mango","altura_m":11.1,"diametro_copa_m":10.6,"altura_fuste_m":2.5,"caducifolio":false,"meses_sin_hojas":"","fuente":"provisional"},"geometry":{"type":"Point","coordinates":[-73.238256,10.476519]}},{"type":"Feature","properties":{"id":"prov-0996","especie":"mango","altura_m":10.4,"diametro_copa_m":8.5,"altura_fuste_m":2.5,"caducifolio":false,"meses_sin_hojas":"","fuente":"provisional"},"geometry":{"type":"Point","coordinates":[-73.238507,10.476806]}},{"type":"Feature","properties":{"id":"prov-0997","especie":"mango","altura_m":8.8,"diametro_copa_m":11.6,"altura_fuste_m":2.5,"caducifolio":false,"meses_sin_hojas":"","fuente":"provisional"},"geometry":{"type":"Point","coordinates":[-73.238437,10.476698]}},{"type":"Feature","properties":{"id":"prov-0998","especie":"mango","altura_m":12.0,"diametro_copa_m":10.1,"altura_fuste_m":2.5,"caducifolio":false,"meses_sin_hojas":"","fuente":"provisional"},"geometry":{"type":"Point","coordinates":[-73.238339,10.476546]}},{"type":"Feature","properties":{"id":"prov-0999","especie":"mango","altura_m":10.7,"diametro_copa_m":10.0,"altura_fuste_m":2.5,"caducifolio":false,"meses_sin_hojas":"","fuente":"provisional"},"geometry":{"type":"Point","coordinates":[-73.238264,10.47643]}},{"type":"Feature","properties":{"id":"prov-1000","especie":"mango","altura_m":11.0,"diametro_copa_m":11.2,"altura_fuste_m":2.5,"caducifolio":false,"meses_sin_hojas":"","fuente":"provisional"},"geometry":{"type":"Point","coordinates":[-73.247857,10.473325]}},{"type":"Feature","properties":{"id":"prov-1001","especie":"mango","altura_m":11.7,"diametro_copa_m":9.1,"altura_fuste_m":2.5,"caducifolio":false,"meses_sin_hojas":"","fuente":"provisional"},"geometry":{"type":"Point","coordinates":[-73.247789,10.473223]}},{"type":"Feature","properties":{"id":"prov-1002","especie":"mango","altura_m":9.9,"diametro_copa_m":9.8,"altura_fuste_m":2.5,"caducifolio":false,"meses_sin_hojas":"","fuente":"provisional"},"geometry":{"type":"Point","coordinates":[-73.247678,10.473056]}},{"type":"Feature","properties":{"id":"prov-1003","especie":"otro","altura_m":8.4,"diametro_copa_m":5.2,"altura_fuste_m":2.5,"caducifolio":false,"meses_sin_hojas":"","fuente":"provisional"},"geometry":{"type":"Point","coordinates":[-73.247598,10.472937]}},{"type":"Feature","properties":{"id":"prov-1004","especie":"mango","altura_m":9.2,"diametro_copa_m":12.0,"altura_fuste_m":2.5,"caducifolio":false,"meses_sin_hojas":"","fuente":"provisional"},"geometry":{"type":"Point","coordinates":[-73.247534,10.472841]}},{"type":"Feature","properties":{"id":"prov-1005","especie":"canaguate","altura_m":12.0,"diametro_copa_m":6.3,"altura_fuste_m":3.0,"caducifolio":true,"meses_sin_hojas":"1,2,3","fuente":"provisional"},"geometry":{"type":"Point","coordinates":[-73.247424,10.472677]}},{"type":"Feature","properties":{"id":"prov-1006","especie":"mango","altura_m":10.3,"diametro_copa_m":8.2,"altura_fuste_m":2.5,"caducifolio":false,"meses_sin_hojas":"","fuente":"provisional"},"geometry":{"type":"Point","coordinates":[-73.240185,10.476021]}},{"type":"Feature","properties":{"id":"prov-1007","especie":"mango","altura_m":9.6,"diametro_copa_m":9.2,"altura_fuste_m":2.5,"caducifolio":false,"meses_sin_hojas":"","fuente":"provisional"},"geometry":{"type":"Point","coordinates":[-73.240067,10.475895]}},{"type":"Feature","properties":{"id":"prov-1008","especie":"mango","altura_m":8.7,"diametro_copa_m":9.2,"altura_fuste_m":2.5,"caducifolio":false,"meses_sin_hojas":"","fuente":"provisional"},"geometry":{"type":"Point","coordinates":[-73.239933,10.475753]}},{"type":"Feature","properties":{"id":"prov-1009","especie":"otro","altura_m":8.9,"diametro_copa_m":5.1,"altura_fuste_m":2.5,"caducifolio":false,"meses_sin_hojas":"","fuente":"provisional"},"geometry":{"type":"Point","coordinates":[-73.239822,10.475634]}},{"type":"Feature","properties":{"id":"prov-1010","especie":"canaguate","altura_m":10.1,"diametro_copa_m":6.6,"altura_fuste_m":3.0,"caducifolio":true,"meses_sin_hojas":"1,2,3","fuente":"provisional"},"geometry":{"type":"Point","coordinates":[-73.239035,10.474522]}},{"type":"Feature","properties":{"id":"prov-1011","especie":"mango","altura_m":11.1,"diametro_copa_m":10.5,"altura_fuste_m":2.5,"caducifolio":false,"meses_sin_hojas":"","fuente":"provisional"},"geometry":{"type":"Point","coordinates":[-73.239143,10.474669]}},{"type":"Feature","properties":{"id":"prov-1012","especie":"canaguate","altura_m":8.7,"diametro_copa_m":7.4,"altura_fuste_m":3.0,"caducifolio":true,"meses_sin_hojas":"1,2,3","fuente":"provisional"},"geometry":{"type":"Point","coordinates":[-73.239237,10.474796]}},{"type":"Feature","properties":{"id":"prov-1013","especie":"mango","altura_m":10.9,"diametro_copa_m":8.4,"altura_fuste_m":2.5,"caducifolio":false,"meses_sin_hojas":"","fuente":"provisional"},"geometry":{"type":"Point","coordinates":[-73.239308,10.474892]}},{"type":"Feature","properties":{"id":"prov-1014","especie":"canaguate","altura_m":11.3,"diametro_copa_m":7.0,"altura_fuste_m":3.0,"caducifolio":true,"meses_sin_hojas":"1,2,3","fuente":"provisional"},"geometry":{"type":"Point","coordinates":[-73.239438,10.475069]}},{"type":"Feature","properties":{"id":"prov-1015","especie":"canaguate","altura_m":10.0,"diametro_copa_m":6.0,"altura_fuste_m":3.0,"caducifolio":true,"meses_sin_hojas":"1,2,3","fuente":"provisional"},"geometry":{"type":"Point","coordinates":[-73.239529,10.475193]}},{"type":"Feature","properties":{"id":"prov-1016","especie":"otro","altura_m":6.8,"diametro_copa_m":6.8,"altura_fuste_m":2.5,"caducifolio":false,"meses_sin_hojas":"","fuente":"provisional"},"geometry":{"type":"Point","coordinates":[-73.239624,10.475322]}},{"type":"Feature","properties":{"id":"prov-1017","especie":"mango","altura_m":11.9,"diametro_copa_m":8.1,"altura_fuste_m":2.5,"caducifolio":false,"meses_sin_hojas":"","fuente":"provisional"},"geometry":{"type":"Point","coordinates":[-73.244223,10.480803]}},{"type":"Feature","properties":{"id":"prov-1018","especie":"canaguate","altura_m":11.6,"diametro_copa_m":8.7,"altura_fuste_m":3.0,"caducifolio":true,"meses_sin_hojas":"1,2,3","fuente":"provisional"},"geometry":{"type":"Point","coordinates":[-73.244077,10.480884]}},{"type":"Feature","properties":{"id":"prov-1019","especie":"mango","altura_m":9.6,"diametro_copa_m":11.1,"altura_fuste_m":2.5,"caducifolio":false,"meses_sin_hojas":"","fuente":"provisional"},"geometry":{"type":"Point","coordinates":[-73.240302,10.47596]}},{"type":"Feature","properties":{"id":"prov-1020","especie":"canaguate","altura_m":11.4,"diametro_copa_m":8.0,"altura_fuste_m":3.0,"caducifolio":true,"meses_sin_hojas":"1,2,3","fuente":"provisional"},"geometry":{"type":"Point","coordinates":[-73.240426,10.47586]}},{"type":"Feature","properties":{"id":"prov-1021","especie":"mango","altura_m":8.5,"diametro_copa_m":10.9,"altura_fuste_m":2.5,"caducifolio":false,"meses_sin_hojas":"","fuente":"provisional"},"geometry":{"type":"Point","coordinates":[-73.240565,10.475746]}},{"type":"Feature","properties":{"id":"prov-1022","especie":"mango","altura_m":10.9,"diametro_copa_m":8.5,"altura_fuste_m":2.5,"caducifolio":false,"meses_sin_hojas":"","fuente":"provisional"},"geometry":{"type":"Point","coordinates":[-73.240661,10.475669]}},{"type":"Feature","properties":{"id":"prov-1023","especie":"mango","altura_m":11.9,"diametro_copa_m":11.3,"altura_fuste_m":2.5,"caducifolio":false,"meses_sin_hojas":"","fuente":"provisional"},"geometry":{"type":"Point","coordinates":[-73.240296,10.476035]}},{"type":"Feature","properties":{"id":"prov-1024","especie":"mango","altura_m":8.6,"diametro_copa_m":8.6,"altura_fuste_m":2.5,"caducifolio":false,"meses_sin_hojas":"","fuente":"provisional"},"geometry":{"type":"Point","coordinates":[-73.240406,10.475945]}},{"type":"Feature","properties":{"id":"prov-1025","especie":"mango","altura_m":10.1,"diametro_copa_m":11.4,"altura_fuste_m":2.5,"caducifolio":false,"meses_sin_hojas":"","fuente":"provisional"},"geometry":{"type":"Point","coordinates":[-73.240492,10.475876]}},{"type":"Feature","properties":{"id":"prov-1026","especie":"canaguate","altura_m":11.6,"diametro_copa_m":6.5,"altura_fuste_m":3.0,"caducifolio":true,"meses_sin_hojas":"1,2,3","fuente":"provisional"},"geometry":{"type":"Point","coordinates":[-73.24065,10.475748]}},{"type":"Feature","properties":{"id":"prov-1027","especie":"mango","altura_m":10.0,"diametro_copa_m":11.7,"altura_fuste_m":2.5,"caducifolio":false,"meses_sin_hojas":"","fuente":"provisional"},"geometry":{"type":"Point","coordinates":[-73.245119,10.479093]}},{"type":"Feature","properties":{"id":"prov-1028","especie":"mango","altura_m":8.5,"diametro_copa_m":10.8,"altura_fuste_m":2.5,"caducifolio":false,"meses_sin_hojas":"","fuente":"provisional"},"geometry":{"type":"Point","coordinates":[-73.245255,10.47902]}},{"type":"Feature","properties":{"id":"prov-1029","especie":"mango","altura_m":10.6,"diametro_copa_m":9.8,"altura_fuste_m":2.5,"caducifolio":false,"meses_sin_hojas":"","fuente":"provisional"},"geometry":{"type":"Point","coordinates":[-73.245407,10.478939]}},{"type":"Feature","properties":{"id":"prov-1030","especie":"otro","altura_m":6.3,"diametro_copa_m":7.5,"altura_fuste_m":2.5,"caducifolio":false,"meses_sin_hojas":"","fuente":"provisional"},"geometry":{"type":"Point","coordinates":[-73.24553,10.478874]}},{"type":"Feature","properties":{"id":"prov-1031","especie":"canaguate","altura_m":11.3,"diametro_copa_m":7.2,"altura_fuste_m":3.0,"caducifolio":true,"meses_sin_hojas":"1,2,3","fuente":"provisional"},"geometry":{"type":"Point","coordinates":[-73.245642,10.478815]}},{"type":"Feature","properties":{"id":"prov-1032","especie":"mango","altura_m":8.1,"diametro_copa_m":9.7,"altura_fuste_m":2.5,"caducifolio":false,"meses_sin_hojas":"","fuente":"provisional"},"geometry":{"type":"Point","coordinates":[-73.245759,10.478753]}},{"type":"Feature","properties":{"id":"prov-1033","especie":"otro","altura_m":8.1,"diametro_copa_m":6.2,"altura_fuste_m":2.5,"caducifolio":false,"meses_sin_hojas":"","fuente":"provisional"},"geometry":{"type":"Point","coordinates":[-73.24696,10.476541]}},{"type":"Feature","properties":{"id":"prov-1034","especie":"mango","altura_m":8.7,"diametro_copa_m":8.8,"altura_fuste_m":2.5,"caducifolio":false,"meses_sin_hojas":"","fuente":"provisional"},"geometry":{"type":"Point","coordinates":[-73.24683,10.476363]}},{"type":"Feature","properties":{"id":"prov-1035","especie":"mango","altura_m":9.1,"diametro_copa_m":8.3,"altura_fuste_m":2.5,"caducifolio":false,"meses_sin_hojas":"","fuente":"provisional"},"geometry":{"type":"Point","coordinates":[-73.247009,10.476499]}},{"type":"Feature","properties":{"id":"prov-1036","especie":"mango","altura_m":9.7,"diametro_copa_m":10.7,"altura_fuste_m":2.5,"caducifolio":false,"meses_sin_hojas":"","fuente":"provisional"},"geometry":{"type":"Point","coordinates":[-73.246933,10.476396]}},{"type":"Feature","properties":{"id":"prov-1037","especie":"mango","altura_m":11.6,"diametro_copa_m":10.5,"altura_fuste_m":2.5,"caducifolio":false,"meses_sin_hojas":"","fuente":"provisional"},"geometry":{"type":"Point","coordinates":[-73.246833,10.47626]}},{"type":"Feature","properties":{"id":"prov-1038","especie":"mango","altura_m":9.8,"diametro_copa_m":11.0,"altura_fuste_m":2.5,"caducifolio":false,"meses_sin_hojas":"","fuente":"provisional"},"geometry":{"type":"Point","coordinates":[-73.240116,10.474886]}},{"type":"Feature","properties":{"id":"prov-1039","especie":"mango","altura_m":10.7,"diametro_copa_m":9.0,"altura_fuste_m":2.5,"caducifolio":false,"meses_sin_hojas":"","fuente":"provisional"},"geometry":{"type":"Point","coordinates":[-73.240018,10.474758]}},{"type":"Feature","properties":{"id":"prov-1040","especie":"mango","altura_m":10.9,"diametro_copa_m":9.9,"altura_fuste_m":2.5,"caducifolio":false,"meses_sin_hojas":"","fuente":"provisional"},"geometry":{"type":"Point","coordinates":[-73.239945,10.474662]}},{"type":"Feature","properties":{"id":"prov-1041","especie":"mango","altura_m":9.2,"diametro_copa_m":10.3,"altura_fuste_m":2.5,"caducifolio":false,"meses_sin_hojas":"","fuente":"provisional"},"geometry":{"type":"Point","coordinates":[-73.239818,10.474495]}},{"type":"Feature","properties":{"id":"prov-1042","especie":"mango","altura_m":11.2,"diametro_copa_m":8.7,"altura_fuste_m":2.5,"caducifolio":false,"meses_sin_hojas":"","fuente":"provisional"},"geometry":{"type":"Point","coordinates":[-73.239687,10.474323]}},{"type":"Feature","properties":{"id":"prov-1043","especie":"mango","altura_m":11.4,"diametro_copa_m":10.5,"altura_fuste_m":2.5,"caducifolio":false,"meses_sin_hojas":"","fuente":"provisional"},"geometry":{"type":"Point","coordinates":[-73.239553,10.474147]}},{"type":"Feature","properties":{"id":"prov-1044","especie":"mango","altura_m":11.4,"diametro_copa_m":9.7,"altura_fuste_m":2.5,"caducifolio":false,"meses_sin_hojas":"","fuente":"provisional"},"geometry":{"type":"Point","coordinates":[-73.239428,10.473983]}},{"type":"Feature","properties":{"id":"prov-1045","especie":"mango","altura_m":11.2,"diametro_copa_m":11.7,"altura_fuste_m":2.5,"caducifolio":false,"meses_sin_hojas":"","fuente":"provisional"},"geometry":{"type":"Point","coordinates":[-73.239314,10.473833]}},{"type":"Feature","properties":{"id":"prov-1046","especie":"mango","altura_m":8.8,"diametro_copa_m":11.3,"altura_fuste_m":2.5,"caducifolio":false,"meses_sin_hojas":"","fuente":"provisional"},"geometry":{"type":"Point","coordinates":[-73.239183,10.473661]}},{"type":"Feature","properties":{"id":"prov-1047","especie":"mango","altura_m":11.5,"diametro_copa_m":9.8,"altura_fuste_m":2.5,"caducifolio":false,"meses_sin_hojas":"","fuente":"provisional"},"geometry":{"type":"Point","coordinates":[-73.247161,10.478595]}},{"type":"Feature","properties":{"id":"prov-1048","especie":"mango","altura_m":9.0,"diametro_copa_m":11.9,"altura_fuste_m":2.5,"caducifolio":false,"meses_sin_hojas":"","fuente":"provisional"},"geometry":{"type":"Point","coordinates":[-73.247041,10.478683]}},{"type":"Feature","properties":{"id":"prov-1049","especie":"mango","altura_m":9.9,"diametro_copa_m":10.9,"altura_fuste_m":2.5,"caducifolio":false,"meses_sin_hojas":"","fuente":"provisional"},"geometry":{"type":"Point","coordinates":[-73.245455,10.474367]}},{"type":"Feature","properties":{"id":"prov-1050","especie":"mango","altura_m":9.5,"diametro_copa_m":11.1,"altura_fuste_m":2.5,"caducifolio":false,"meses_sin_hojas":"","fuente":"provisional"},"geometry":{"type":"Point","coordinates":[-73.245346,10.474205]}},{"type":"Feature","properties":{"id":"prov-1051","especie":"mango","altura_m":10.9,"diametro_copa_m":11.5,"altura_fuste_m":2.5,"caducifolio":false,"meses_sin_hojas":"","fuente":"provisional"},"geometry":{"type":"Point","coordinates":[-73.245265,10.474087]}},{"type":"Feature","properties":{"id":"prov-1052","especie":"mango","altura_m":11.3,"diametro_copa_m":8.6,"altura_fuste_m":2.5,"caducifolio":false,"meses_sin_hojas":"","fuente":"provisional"},"geometry":{"type":"Point","coordinates":[-73.24518,10.473961]}},{"type":"Feature","properties":{"id":"prov-1053","especie":"mango","altura_m":8.2,"diametro_copa_m":8.8,"altura_fuste_m":2.5,"caducifolio":false,"meses_sin_hojas":"","fuente":"provisional"},"geometry":{"type":"Point","coordinates":[-73.250825,10.477768]}},{"type":"Feature","properties":{"id":"prov-1054","especie":"canaguate","altura_m":10.6,"diametro_copa_m":7.0,"altura_fuste_m":3.0,"caducifolio":true,"meses_sin_hojas":"1,2,3","fuente":"provisional"},"geometry":{"type":"Point","coordinates":[-73.250951,10.477945]}},{"type":"Feature","properties":{"id":"prov-1055","especie":"mango","altura_m":8.5,"diametro_copa_m":10.3,"altura_fuste_m":2.5,"caducifolio":false,"meses_sin_hojas":"","fuente":"provisional"},"geometry":{"type":"Point","coordinates":[-73.251032,10.478058]}},{"type":"Feature","properties":{"id":"prov-1056","especie":"mango","altura_m":10.5,"diametro_copa_m":11.8,"altura_fuste_m":2.5,"caducifolio":false,"meses_sin_hojas":"","fuente":"provisional"},"geometry":{"type":"Point","coordinates":[-73.246652,10.483109]}},{"type":"Feature","properties":{"id":"prov-1057","especie":"mango","altura_m":10.0,"diametro_copa_m":10.0,"altura_fuste_m":2.5,"caducifolio":false,"meses_sin_hojas":"","fuente":"provisional"},"geometry":{"type":"Point","coordinates":[-73.246567,10.482971]}},{"type":"Feature","properties":{"id":"prov-1058","especie":"mango","altura_m":9.7,"diametro_copa_m":9.0,"altura_fuste_m":2.5,"caducifolio":false,"meses_sin_hojas":"","fuente":"provisional"},"geometry":{"type":"Point","coordinates":[-73.246482,10.482832]}},{"type":"Feature","properties":{"id":"prov-1059","especie":"mango","altura_m":9.6,"diametro_copa_m":9.6,"altura_fuste_m":2.5,"caducifolio":false,"meses_sin_hojas":"","fuente":"provisional"},"geometry":{"type":"Point","coordinates":[-73.246399,10.482697]}},{"type":"Feature","properties":{"id":"prov-1060","especie":"mango","altura_m":9.1,"diametro_copa_m":8.9,"altura_fuste_m":2.5,"caducifolio":false,"meses_sin_hojas":"","fuente":"provisional"},"geometry":{"type":"Point","coordinates":[-73.246325,10.482576]}},{"type":"Feature","properties":{"id":"prov-1061","especie":"mango","altura_m":10.7,"diametro_copa_m":10.1,"altura_fuste_m":2.5,"caducifolio":false,"meses_sin_hojas":"","fuente":"provisional"},"geometry":{"type":"Point","coordinates":[-73.246674,10.483041]}},{"type":"Feature","properties":{"id":"prov-1062","especie":"otro","altura_m":7.8,"diametro_copa_m":6.1,"altura_fuste_m":2.5,"caducifolio":false,"meses_sin_hojas":"","fuente":"provisional"},"geometry":{"type":"Point","coordinates":[-73.246607,10.482931]}},{"type":"Feature","properties":{"id":"prov-1063","especie":"canaguate","altura_m":10.7,"diametro_copa_m":7.7,"altura_fuste_m":3.0,"caducifolio":true,"meses_sin_hojas":"1,2,3","fuente":"provisional"},"geometry":{"type":"Point","coordinates":[-73.246524,10.482796]}},{"type":"Feature","properties":{"id":"prov-1064","especie":"canaguate","altura_m":10.1,"diametro_copa_m":8.5,"altura_fuste_m":3.0,"caducifolio":true,"meses_sin_hojas":"1,2,3","fuente":"provisional"},"geometry":{"type":"Point","coordinates":[-73.245934,10.482873]}},{"type":"Feature","properties":{"id":"prov-1065","especie":"mango","altura_m":11.4,"diametro_copa_m":9.5,"altura_fuste_m":2.5,"caducifolio":false,"meses_sin_hojas":"","fuente":"provisional"},"geometry":{"type":"Point","coordinates":[-73.246028,10.482807]}},{"type":"Feature","properties":{"id":"prov-1066","especie":"mango","altura_m":11.7,"diametro_copa_m":10.3,"altura_fuste_m":2.5,"caducifolio":false,"meses_sin_hojas":"","fuente":"provisional"},"geometry":{"type":"Point","coordinates":[-73.246119,10.482744]}},{"type":"Feature","properties":{"id":"prov-1067","especie":"mango","altura_m":10.3,"diametro_copa_m":9.9,"altura_fuste_m":2.5,"caducifolio":false,"meses_sin_hojas":"","fuente":"provisional"},"geometry":{"type":"Point","coordinates":[-73.246217,10.482676]}},{"type":"Feature","properties":{"id":"prov-1068","especie":"canaguate","altura_m":10.7,"diametro_copa_m":7.2,"altura_fuste_m":3.0,"caducifolio":true,"meses_sin_hojas":"1,2,3","fuente":"provisional"},"geometry":{"type":"Point","coordinates":[-73.24259,10.474068]}},{"type":"Feature","properties":{"id":"prov-1069","especie":"mango","altura_m":9.9,"diametro_copa_m":10.7,"altura_fuste_m":2.5,"caducifolio":false,"meses_sin_hojas":"","fuente":"provisional"},"geometry":{"type":"Point","coordinates":[-73.242469,10.473885]}},{"type":"Feature","properties":{"id":"prov-1070","especie":"mango","altura_m":9.2,"diametro_copa_m":8.2,"altura_fuste_m":2.5,"caducifolio":false,"meses_sin_hojas":"","fuente":"provisional"},"geometry":{"type":"Point","coordinates":[-73.242395,10.473774]}},{"type":"Feature","properties":{"id":"prov-1071","especie":"mango","altura_m":8.9,"diametro_copa_m":9.9,"altura_fuste_m":2.5,"caducifolio":false,"meses_sin_hojas":"","fuente":"provisional"},"geometry":{"type":"Point","coordinates":[-73.242298,10.473627]}},{"type":"Feature","properties":{"id":"prov-1072","especie":"mango","altura_m":9.7,"diametro_copa_m":11.5,"altura_fuste_m":2.5,"caducifolio":false,"meses_sin_hojas":"","fuente":"provisional"},"geometry":{"type":"Point","coordinates":[-73.242222,10.473512]}},{"type":"Feature","properties":{"id":"prov-1073","especie":"mango","altura_m":9.2,"diametro_copa_m":9.6,"altura_fuste_m":2.5,"caducifolio":false,"meses_sin_hojas":"","fuente":"provisional"},"geometry":{"type":"Point","coordinates":[-73.242128,10.47337]}},{"type":"Feature","properties":{"id":"prov-1074","especie":"mango","altura_m":11.4,"diametro_copa_m":9.0,"altura_fuste_m":2.5,"caducifolio":false,"meses_sin_hojas":"","fuente":"provisional"},"geometry":{"type":"Point","coordinates":[-73.242469,10.477469]}},{"type":"Feature","properties":{"id":"prov-1075","especie":"mango","altura_m":9.0,"diametro_copa_m":10.0,"altura_fuste_m":2.5,"caducifolio":false,"meses_sin_hojas":"","fuente":"provisional"},"geometry":{"type":"Point","coordinates":[-73.242377,10.477371]}},{"type":"Feature","properties":{"id":"prov-1076","especie":"mango","altura_m":11.7,"diametro_copa_m":8.8,"altura_fuste_m":2.5,"caducifolio":false,"meses_sin_hojas":"","fuente":"provisional"},"geometry":{"type":"Point","coordinates":[-73.242224,10.477218]}},{"type":"Feature","properties":{"id":"prov-1077","especie":"otro","altura_m":8.2,"diametro_copa_m":6.3,"altura_fuste_m":2.5,"caducifolio":false,"meses_sin_hojas":"","fuente":"provisional"},"geometry":{"type":"Point","coordinates":[-73.242559,10.47746]}},{"type":"Feature","properties":{"id":"prov-1078","especie":"mango","altura_m":11.2,"diametro_copa_m":9.9,"altura_fuste_m":2.5,"caducifolio":false,"meses_sin_hojas":"","fuente":"provisional"},"geometry":{"type":"Point","coordinates":[-73.240628,10.473355]}},{"type":"Feature","properties":{"id":"prov-1079","especie":"otro","altura_m":7.7,"diametro_copa_m":7.0,"altura_fuste_m":2.5,"caducifolio":false,"meses_sin_hojas":"","fuente":"provisional"},"geometry":{"type":"Point","coordinates":[-73.240432,10.473353]}},{"type":"Feature","properties":{"id":"prov-1080","especie":"mango","altura_m":11.7,"diametro_copa_m":9.8,"altura_fuste_m":2.5,"caducifolio":false,"meses_sin_hojas":"","fuente":"provisional"},"geometry":{"type":"Point","coordinates":[-73.240223,10.473361]}},{"type":"Feature","properties":{"id":"prov-1081","especie":"mango","altura_m":11.5,"diametro_copa_m":11.2,"altura_fuste_m":2.5,"caducifolio":false,"meses_sin_hojas":"","fuente":"provisional"},"geometry":{"type":"Point","coordinates":[-73.240092,10.473367]}},{"type":"Feature","properties":{"id":"prov-1082","especie":"canaguate","altura_m":9.2,"diametro_copa_m":8.7,"altura_fuste_m":3.0,"caducifolio":true,"meses_sin_hojas":"1,2,3","fuente":"provisional"},"geometry":{"type":"Point","coordinates":[-73.239955,10.473372]}},{"type":"Feature","properties":{"id":"prov-1083","especie":"mango","altura_m":9.5,"diametro_copa_m":9.3,"altura_fuste_m":2.5,"caducifolio":false,"meses_sin_hojas":"","fuente":"provisional"},"geometry":{"type":"Point","coordinates":[-73.239831,10.473377]}},{"type":"Feature","properties":{"id":"prov-1084","especie":"canaguate","altura_m":12.0,"diametro_copa_m":8.9,"altura_fuste_m":3.0,"caducifolio":true,"meses_sin_hojas":"1,2,3","fuente":"provisional"},"geometry":{"type":"Point","coordinates":[-73.239643,10.473385]}},{"type":"Feature","properties":{"id":"prov-1085","especie":"canaguate","altura_m":8.7,"diametro_copa_m":8.6,"altura_fuste_m":3.0,"caducifolio":true,"meses_sin_hojas":"1,2,3","fuente":"provisional"},"geometry":{"type":"Point","coordinates":[-73.239472,10.473391]}},{"type":"Feature","properties":{"id":"prov-1086","especie":"canaguate","altura_m":11.0,"diametro_copa_m":7.5,"altura_fuste_m":3.0,"caducifolio":true,"meses_sin_hojas":"1,2,3","fuente":"provisional"},"geometry":{"type":"Point","coordinates":[-73.239345,10.473397]}},{"type":"Feature","properties":{"id":"prov-1087","especie":"mango","altura_m":11.6,"diametro_copa_m":10.4,"altura_fuste_m":2.5,"caducifolio":false,"meses_sin_hojas":"","fuente":"provisional"},"geometry":{"type":"Point","coordinates":[-73.239213,10.473402]}},{"type":"Feature","properties":{"id":"prov-1088","especie":"canaguate","altura_m":10.1,"diametro_copa_m":8.7,"altura_fuste_m":3.0,"caducifolio":true,"meses_sin_hojas":"1,2,3","fuente":"provisional"},"geometry":{"type":"Point","coordinates":[-73.244967,10.472437]}},{"type":"Feature","properties":{"id":"prov-1089","especie":"canaguate","altura_m":11.6,"diametro_copa_m":7.1,"altura_fuste_m":3.0,"caducifolio":true,"meses_sin_hojas":"1,2,3","fuente":"provisional"},"geometry":{"type":"Point","coordinates":[-73.245036,10.472525]}},{"type":"Feature","properties":{"id":"prov-1090","especie":"otro","altura_m":6.3,"diametro_copa_m":6.5,"altura_fuste_m":2.5,"caducifolio":false,"meses_sin_hojas":"","fuente":"provisional"},"geometry":{"type":"Point","coordinates":[-73.245113,10.472623]}},{"type":"Feature","properties":{"id":"prov-1091","especie":"mango","altura_m":10.0,"diametro_copa_m":9.0,"altura_fuste_m":2.5,"caducifolio":false,"meses_sin_hojas":"","fuente":"provisional"},"geometry":{"type":"Point","coordinates":[-73.245251,10.472799]}},{"type":"Feature","properties":{"id":"prov-1092","especie":"canaguate","altura_m":9.4,"diametro_copa_m":7.0,"altura_fuste_m":3.0,"caducifolio":true,"meses_sin_hojas":"1,2,3","fuente":"provisional"},"geometry":{"type":"Point","coordinates":[-73.245383,10.472967]}},{"type":"Feature","properties":{"id":"prov-1093","especie":"otro","altura_m":8.9,"diametro_copa_m":6.9,"altura_fuste_m":2.5,"caducifolio":false,"meses_sin_hojas":"","fuente":"provisional"},"geometry":{"type":"Point","coordinates":[-73.245417,10.472058]}},{"type":"Feature","properties":{"id":"prov-1094","especie":"otro","altura_m":6.4,"diametro_copa_m":6.6,"altura_fuste_m":2.5,"caducifolio":false,"meses_sin_hojas":"","fuente":"provisional"},"geometry":{"type":"Point","coordinates":[-73.245241,10.472176]}},{"type":"Feature","properties":{"id":"prov-1095","especie":"mango","altura_m":8.9,"diametro_copa_m":9.5,"altura_fuste_m":2.5,"caducifolio":false,"meses_sin_hojas":"","fuente":"provisional"},"geometry":{"type":"Point","coordinates":[-73.245101,10.47227]}},{"type":"Feature","properties":{"id":"prov-1096","especie":"canaguate","altura_m":8.4,"diametro_copa_m":7.0,"altura_fuste_m":3.0,"caducifolio":true,"meses_sin_hojas":"1,2,3","fuente":"provisional"},"geometry":{"type":"Point","coordinates":[-73.244982,10.472349]}},{"type":"Feature","properties":{"id":"prov-1097","especie":"otro","altura_m":6.1,"diametro_copa_m":5.1,"altura_fuste_m":2.5,"caducifolio":false,"meses_sin_hojas":"","fuente":"provisional"},"geometry":{"type":"Point","coordinates":[-73.239076,10.475198]}},{"type":"Feature","properties":{"id":"prov-1098","especie":"mango","altura_m":8.0,"diametro_copa_m":11.7,"altura_fuste_m":2.5,"caducifolio":false,"meses_sin_hojas":"","fuente":"provisional"},"geometry":{"type":"Point","coordinates":[-73.239083,10.475334]}},{"type":"Feature","properties":{"id":"prov-1099","especie":"mango","altura_m":8.3,"diametro_copa_m":10.1,"altura_fuste_m":2.5,"caducifolio":false,"meses_sin_hojas":"","fuente":"provisional"},"geometry":{"type":"Point","coordinates":[-73.239092,10.475511]}},{"type":"Feature","properties":{"id":"prov-1100","especie":"mango","altura_m":8.4,"diametro_copa_m":10.8,"altura_fuste_m":2.5,"caducifolio":false,"meses_sin_hojas":"","fuente":"provisional"},"geometry":{"type":"Point","coordinates":[-73.2391,10.475661]}},{"type":"Feature","properties":{"id":"prov-1101","especie":"mango","altura_m":9.9,"diametro_copa_m":9.6,"altura_fuste_m":2.5,"caducifolio":false,"meses_sin_hojas":"","fuente":"provisional"},"geometry":{"type":"Point","coordinates":[-73.239096,10.475767]}},{"type":"Feature","properties":{"id":"prov-1102","especie":"mango","altura_m":9.6,"diametro_copa_m":9.9,"altura_fuste_m":2.5,"caducifolio":false,"meses_sin_hojas":"","fuente":"provisional"},"geometry":{"type":"Point","coordinates":[-73.242978,10.481404]}},{"type":"Feature","properties":{"id":"prov-1103","especie":"otro","altura_m":6.7,"diametro_copa_m":5.4,"altura_fuste_m":2.5,"caducifolio":false,"meses_sin_hojas":"","fuente":"provisional"},"geometry":{"type":"Point","coordinates":[-73.242912,10.481275]}},{"type":"Feature","properties":{"id":"prov-1104","especie":"mango","altura_m":8.4,"diametro_copa_m":8.7,"altura_fuste_m":2.5,"caducifolio":false,"meses_sin_hojas":"","fuente":"provisional"},"geometry":{"type":"Point","coordinates":[-73.242861,10.481175]}},{"type":"Feature","properties":{"id":"prov-1105","especie":"mango","altura_m":10.2,"diametro_copa_m":10.4,"altura_fuste_m":2.5,"caducifolio":false,"meses_sin_hojas":"","fuente":"provisional"},"geometry":{"type":"Point","coordinates":[-73.242776,10.481009]}},{"type":"Feature","properties":{"id":"prov-1106","especie":"otro","altura_m":8.8,"diametro_copa_m":7.1,"altura_fuste_m":2.5,"caducifolio":false,"meses_sin_hojas":"","fuente":"provisional"},"geometry":{"type":"Point","coordinates":[-73.242679,10.480821]}},{"type":"Feature","properties":{"id":"prov-1107","especie":"mango","altura_m":12.0,"diametro_copa_m":10.3,"altura_fuste_m":2.5,"caducifolio":false,"meses_sin_hojas":"","fuente":"provisional"},"geometry":{"type":"Point","coordinates":[-73.242605,10.480676]}},{"type":"Feature","properties":{"id":"prov-1108","especie":"canaguate","altura_m":11.6,"diametro_copa_m":6.1,"altura_fuste_m":3.0,"caducifolio":true,"meses_sin_hojas":"1,2,3","fuente":"provisional"},"geometry":{"type":"Point","coordinates":[-73.242174,10.480822]}},{"type":"Feature","properties":{"id":"prov-1109","especie":"mango","altura_m":10.1,"diametro_copa_m":11.8,"altura_fuste_m":2.5,"caducifolio":false,"meses_sin_hojas":"","fuente":"provisional"},"geometry":{"type":"Point","coordinates":[-73.242286,10.480755]}},{"type":"Feature","properties":{"id":"prov-1110","especie":"canaguate","altura_m":9.7,"diametro_copa_m":6.2,"altura_fuste_m":3.0,"caducifolio":true,"meses_sin_hojas":"1,2,3","fuente":"provisional"},"geometry":{"type":"Point","coordinates":[-73.242451,10.480656]}},{"type":"Feature","properties":{"id":"prov-1111","especie":"mango","altura_m":8.1,"diametro_copa_m":9.1,"altura_fuste_m":2.5,"caducifolio":false,"meses_sin_hojas":"","fuente":"provisional"},"geometry":{"type":"Point","coordinates":[-73.242579,10.480579]}},{"type":"Feature","properties":{"id":"prov-1112","especie":"mango","altura_m":8.3,"diametro_copa_m":11.2,"altura_fuste_m":2.5,"caducifolio":false,"meses_sin_hojas":"","fuente":"provisional"},"geometry":{"type":"Point","coordinates":[-73.242228,10.480853]}},{"type":"Feature","properties":{"id":"prov-1113","especie":"mango","altura_m":8.7,"diametro_copa_m":10.9,"altura_fuste_m":2.5,"caducifolio":false,"meses_sin_hojas":"","fuente":"provisional"},"geometry":{"type":"Point","coordinates":[-73.242332,10.480791]}},{"type":"Feature","properties":{"id":"prov-1114","especie":"canaguate","altura_m":8.1,"diametro_copa_m":7.6,"altura_fuste_m":3.0,"caducifolio":true,"meses_sin_hojas":"1,2,3","fuente":"provisional"},"geometry":{"type":"Point","coordinates":[-73.242433,10.48073]}},{"type":"Feature","properties":{"id":"prov-1115","especie":"mango","altura_m":8.5,"diametro_copa_m":11.6,"altura_fuste_m":2.5,"caducifolio":false,"meses_sin_hojas":"","fuente":"provisional"},"geometry":{"type":"Point","coordinates":[-73.242544,10.480664]}},{"type":"Feature","properties":{"id":"prov-1116","especie":"mango","altura_m":9.4,"diametro_copa_m":11.1,"altura_fuste_m":2.5,"caducifolio":false,"meses_sin_hojas":"","fuente":"provisional"},"geometry":{"type":"Point","coordinates":[-73.243519,10.471541]}},{"type":"Feature","properties":{"id":"prov-1117","especie":"canaguate","altura_m":9.7,"diametro_copa_m":9.0,"altura_fuste_m":3.0,"caducifolio":true,"meses_sin_hojas":"1,2,3","fuente":"provisional"},"geometry":{"type":"Point","coordinates":[-73.243314,10.471527]}},{"type":"Feature","properties":{"id":"prov-1118","especie":"mango","altura_m":8.7,"diametro_copa_m":10.0,"altura_fuste_m":2.5,"caducifolio":false,"meses_sin_hojas":"","fuente":"provisional"},"geometry":{"type":"Point","coordinates":[-73.243188,10.471536]}},{"type":"Feature","properties":{"id":"prov-1119","especie":"mango","altura_m":10.4,"diametro_copa_m":9.4,"altura_fuste_m":2.5,"caducifolio":false,"meses_sin_hojas":"","fuente":"provisional"},"geometry":{"type":"Point","coordinates":[-73.243004,10.471557]}},{"type":"Feature","properties":{"id":"prov-1120","especie":"otro","altura_m":9.4,"diametro_copa_m":5.5,"altura_fuste_m":2.5,"caducifolio":false,"meses_sin_hojas":"","fuente":"provisional"},"geometry":{"type":"Point","coordinates":[-73.242841,10.471577]}},{"type":"Feature","properties":{"id":"prov-1121","especie":"mango","altura_m":11.3,"diametro_copa_m":10.9,"altura_fuste_m":2.5,"caducifolio":false,"meses_sin_hojas":"","fuente":"provisional"},"geometry":{"type":"Point","coordinates":[-73.241885,10.480475]}},{"type":"Feature","properties":{"id":"prov-1122","especie":"otro","altura_m":8.6,"diametro_copa_m":5.5,"altura_fuste_m":2.5,"caducifolio":false,"meses_sin_hojas":"","fuente":"provisional"},"geometry":{"type":"Point","coordinates":[-73.244629,10.480899]}},{"type":"Feature","properties":{"id":"prov-1123","especie":"mango","altura_m":10.8,"diametro_copa_m":10.6,"altura_fuste_m":2.5,"caducifolio":false,"meses_sin_hojas":"","fuente":"provisional"},"geometry":{"type":"Point","coordinates":[-73.244713,10.481037]}},{"type":"Feature","properties":{"id":"prov-1124","especie":"canaguate","altura_m":11.4,"diametro_copa_m":6.0,"altura_fuste_m":3.0,"caducifolio":true,"meses_sin_hojas":"1,2,3","fuente":"provisional"},"geometry":{"type":"Point","coordinates":[-73.242725,10.474122]}},{"type":"Feature","properties":{"id":"prov-1125","especie":"otro","altura_m":6.8,"diametro_copa_m":7.1,"altura_fuste_m":2.5,"caducifolio":false,"meses_sin_hojas":"","fuente":"provisional"},"geometry":{"type":"Point","coordinates":[-73.242856,10.474017]}},{"type":"Feature","properties":{"id":"prov-1126","especie":"mango","altura_m":9.2,"diametro_copa_m":10.9,"altura_fuste_m":2.5,"caducifolio":false,"meses_sin_hojas":"","fuente":"provisional"},"geometry":{"type":"Point","coordinates":[-73.243022,10.473884]}},{"type":"Feature","properties":{"id":"prov-1127","especie":"mango","altura_m":8.7,"diametro_copa_m":8.2,"altura_fuste_m":2.5,"caducifolio":false,"meses_sin_hojas":"","fuente":"provisional"},"geometry":{"type":"Point","coordinates":[-73.243163,10.473771]}},{"type":"Feature","properties":{"id":"prov-1128","especie":"mango","altura_m":11.6,"diametro_copa_m":8.6,"altura_fuste_m":2.5,"caducifolio":false,"meses_sin_hojas":"","fuente":"provisional"},"geometry":{"type":"Point","coordinates":[-73.242981,10.473368]}},{"type":"Feature","properties":{"id":"prov-1129","especie":"otro","altura_m":8.8,"diametro_copa_m":6.5,"altura_fuste_m":2.5,"caducifolio":false,"meses_sin_hojas":"","fuente":"provisional"},"geometry":{"type":"Point","coordinates":[-73.243062,10.473472]}},{"type":"Feature","properties":{"id":"prov-1130","especie":"otro","altura_m":7.5,"diametro_copa_m":7.0,"altura_fuste_m":2.5,"caducifolio":false,"meses_sin_hojas":"","fuente":"provisional"},"geometry":{"type":"Point","coordinates":[-73.243201,10.473649]}},{"type":"Feature","properties":{"id":"prov-1131","especie":"mango","altura_m":11.4,"diametro_copa_m":11.7,"altura_fuste_m":2.5,"caducifolio":false,"meses_sin_hojas":"","fuente":"provisional"},"geometry":{"type":"Point","coordinates":[-73.243581,10.474142]}},{"type":"Feature","properties":{"id":"prov-1132","especie":"mango","altura_m":8.2,"diametro_copa_m":10.5,"altura_fuste_m":2.5,"caducifolio":false,"meses_sin_hojas":"","fuente":"provisional"},"geometry":{"type":"Point","coordinates":[-73.243501,10.474034]}},{"type":"Feature","properties":{"id":"prov-1133","especie":"otro","altura_m":9.6,"diametro_copa_m":7.0,"altura_fuste_m":2.5,"caducifolio":false,"meses_sin_hojas":"","fuente":"provisional"},"geometry":{"type":"Point","coordinates":[-73.243394,10.473891]}},{"type":"Feature","properties":{"id":"prov-1134","especie":"mango","altura_m":8.1,"diametro_copa_m":10.0,"altura_fuste_m":2.5,"caducifolio":false,"meses_sin_hojas":"","fuente":"provisional"},"geometry":{"type":"Point","coordinates":[-73.2433,10.473765]}},{"type":"Feature","properties":{"id":"prov-1135","especie":"otro","altura_m":6.1,"diametro_copa_m":7.1,"altura_fuste_m":2.5,"caducifolio":false,"meses_sin_hojas":"","fuente":"provisional"},"geometry":{"type":"Point","coordinates":[-73.243576,10.474074]}},{"type":"Feature","properties":{"id":"prov-1136","especie":"canaguate","altura_m":8.4,"diametro_copa_m":6.8,"altura_fuste_m":3.0,"caducifolio":true,"meses_sin_hojas":"1,2,3","fuente":"provisional"},"geometry":{"type":"Point","coordinates":[-73.243455,10.473912]}},{"type":"Feature","properties":{"id":"prov-1137","especie":"mango","altura_m":10.0,"diametro_copa_m":9.0,"altura_fuste_m":2.5,"caducifolio":false,"meses_sin_hojas":"","fuente":"provisional"},"geometry":{"type":"Point","coordinates":[-73.241135,10.476858]}},{"type":"Feature","properties":{"id":"prov-1138","especie":"mango","altura_m":10.7,"diametro_copa_m":8.8,"altura_fuste_m":2.5,"caducifolio":false,"meses_sin_hojas":"","fuente":"provisional"},"geometry":{"type":"Point","coordinates":[-73.24127,10.476956]}},{"type":"Feature","properties":{"id":"prov-1139","especie":"otro","altura_m":7.1,"diametro_copa_m":6.9,"altura_fuste_m":2.5,"caducifolio":false,"meses_sin_hojas":"","fuente":"provisional"},"geometry":{"type":"Point","coordinates":[-73.241424,10.477082]}},{"type":"Feature","properties":{"id":"prov-1140","especie":"canaguate","altura_m":9.6,"diametro_copa_m":7.6,"altura_fuste_m":3.0,"caducifolio":true,"meses_sin_hojas":"1,2,3","fuente":"provisional"},"geometry":{"type":"Point","coordinates":[-73.241578,10.477202]}},{"type":"Feature","properties":{"id":"prov-1141","especie":"otro","altura_m":8.3,"diametro_copa_m":6.4,"altura_fuste_m":2.5,"caducifolio":false,"meses_sin_hojas":"","fuente":"provisional"},"geometry":{"type":"Point","coordinates":[-73.241717,10.477294]}},{"type":"Feature","properties":{"id":"prov-1142","especie":"mango","altura_m":10.5,"diametro_copa_m":8.4,"altura_fuste_m":2.5,"caducifolio":false,"meses_sin_hojas":"","fuente":"provisional"},"geometry":{"type":"Point","coordinates":[-73.246827,10.478086]}},{"type":"Feature","properties":{"id":"prov-1143","especie":"canaguate","altura_m":8.6,"diametro_copa_m":7.5,"altura_fuste_m":3.0,"caducifolio":true,"meses_sin_hojas":"1,2,3","fuente":"provisional"},"geometry":{"type":"Point","coordinates":[-73.246925,10.47821]}},{"type":"Feature","properties":{"id":"prov-1144","especie":"mango","altura_m":8.9,"diametro_copa_m":9.1,"altura_fuste_m":2.5,"caducifolio":false,"meses_sin_hojas":"","fuente":"provisional"},"geometry":{"type":"Point","coordinates":[-73.247049,10.478367]}},{"type":"Feature","properties":{"id":"prov-1145","especie":"mango","altura_m":9.8,"diametro_copa_m":8.1,"altura_fuste_m":2.5,"caducifolio":false,"meses_sin_hojas":"","fuente":"provisional"},"geometry":{"type":"Point","coordinates":[-73.247155,10.4785]}},{"type":"Feature","properties":{"id":"prov-1146","especie":"mango","altura_m":10.3,"diametro_copa_m":10.5,"altura_fuste_m":2.5,"caducifolio":false,"meses_sin_hojas":"","fuente":"provisional"},"geometry":{"type":"Point","coordinates":[-73.246476,10.478379]}},{"type":"Feature","properties":{"id":"prov-1147","especie":"canaguate","altura_m":10.7,"diametro_copa_m":8.6,"altura_fuste_m":3.0,"caducifolio":true,"meses_sin_hojas":"1,2,3","fuente":"provisional"},"geometry":{"type":"Point","coordinates":[-73.246598,10.478288]}},{"type":"Feature","properties":{"id":"prov-1148","especie":"mango","altura_m":10.1,"diametro_copa_m":9.0,"altura_fuste_m":2.5,"caducifolio":false,"meses_sin_hojas":"","fuente":"provisional"},"geometry":{"type":"Point","coordinates":[-73.246722,10.478197]}},{"type":"Feature","properties":{"id":"prov-1149","especie":"mango","altura_m":9.2,"diametro_copa_m":8.4,"altura_fuste_m":2.5,"caducifolio":false,"meses_sin_hojas":"","fuente":"provisional"},"geometry":{"type":"Point","coordinates":[-73.243981,10.479804]}},{"type":"Feature","properties":{"id":"prov-1150","especie":"canaguate","altura_m":8.5,"diametro_copa_m":8.1,"altura_fuste_m":3.0,"caducifolio":true,"meses_sin_hojas":"1,2,3","fuente":"provisional"},"geometry":{"type":"Point","coordinates":[-73.244054,10.479928]}},{"type":"Feature","properties":{"id":"prov-1151","especie":"mango","altura_m":10.7,"diametro_copa_m":10.7,"altura_fuste_m":2.5,"caducifolio":false,"meses_sin_hojas":"","fuente":"provisional"},"geometry":{"type":"Point","coordinates":[-73.244155,10.4801]}},{"type":"Feature","properties":{"id":"prov-1152","especie":"mango","altura_m":11.2,"diametro_copa_m":10.9,"altura_fuste_m":2.5,"caducifolio":false,"meses_sin_hojas":"","fuente":"provisional"},"geometry":{"type":"Point","coordinates":[-73.244253,10.480268]}},{"type":"Feature","properties":{"id":"prov-1153","especie":"otro","altura_m":9.8,"diametro_copa_m":6.4,"altura_fuste_m":2.5,"caducifolio":false,"meses_sin_hojas":"","fuente":"provisional"},"geometry":{"type":"Point","coordinates":[-73.244338,10.480413]}},{"type":"Feature","properties":{"id":"prov-1154","especie":"mango","altura_m":10.2,"diametro_copa_m":11.0,"altura_fuste_m":2.5,"caducifolio":false,"meses_sin_hojas":"","fuente":"provisional"},"geometry":{"type":"Point","coordinates":[-73.244414,10.480542]}},{"type":"Feature","properties":{"id":"prov-1155","especie":"mango","altura_m":10.4,"diametro_copa_m":10.9,"altura_fuste_m":2.5,"caducifolio":false,"meses_sin_hojas":"","fuente":"provisional"},"geometry":{"type":"Point","coordinates":[-73.244413,10.480702]}},{"type":"Feature","properties":{"id":"prov-1156","especie":"mango","altura_m":11.1,"diametro_copa_m":8.9,"altura_fuste_m":2.5,"caducifolio":false,"meses_sin_hojas":"","fuente":"provisional"},"geometry":{"type":"Point","coordinates":[-73.247367,10.472736]}},{"type":"Feature","properties":{"id":"prov-1157","especie":"mango","altura_m":8.5,"diametro_copa_m":8.6,"altura_fuste_m":2.5,"caducifolio":false,"meses_sin_hojas":"","fuente":"provisional"},"geometry":{"type":"Point","coordinates":[-73.244485,10.476881]}},{"type":"Feature","properties":{"id":"prov-1158","especie":"canaguate","altura_m":11.3,"diametro_copa_m":8.8,"altura_fuste_m":3.0,"caducifolio":true,"meses_sin_hojas":"1,2,3","fuente":"provisional"},"geometry":{"type":"Point","coordinates":[-73.244413,10.476767]}},{"type":"Feature","properties":{"id":"prov-1159","especie":"mango","altura_m":8.7,"diametro_copa_m":10.2,"altura_fuste_m":2.5,"caducifolio":false,"meses_sin_hojas":"","fuente":"provisional"},"geometry":{"type":"Point","coordinates":[-73.244298,10.476583]}},{"type":"Feature","properties":{"id":"prov-1160","especie":"canaguate","altura_m":10.1,"diametro_copa_m":6.9,"altura_fuste_m":3.0,"caducifolio":true,"meses_sin_hojas":"1,2,3","fuente":"provisional"},"geometry":{"type":"Point","coordinates":[-73.24419,10.476411]}},{"type":"Feature","properties":{"id":"prov-1161","especie":"mango","altura_m":9.9,"diametro_copa_m":10.7,"altura_fuste_m":2.5,"caducifolio":false,"meses_sin_hojas":"","fuente":"provisional"},"geometry":{"type":"Point","coordinates":[-73.244124,10.476305]}},{"type":"Feature","properties":{"id":"prov-1162","especie":"mango","altura_m":8.0,"diametro_copa_m":8.3,"altura_fuste_m":2.5,"caducifolio":false,"meses_sin_hojas":"","fuente":"provisional"},"geometry":{"type":"Point","coordinates":[-73.245023,10.477702]}},{"type":"Feature","properties":{"id":"prov-1163","especie":"canaguate","altura_m":9.6,"diametro_copa_m":6.5,"altura_fuste_m":3.0,"caducifolio":true,"meses_sin_hojas":"1,2,3","fuente":"provisional"},"geometry":{"type":"Point","coordinates":[-73.244898,10.477534]}},{"type":"Feature","properties":{"id":"prov-1164","especie":"mango","altura_m":11.0,"diametro_copa_m":11.8,"altura_fuste_m":2.5,"caducifolio":false,"meses_sin_hojas":"","fuente":"provisional"},"geometry":{"type":"Point","coordinates":[-73.244789,10.477388]}},{"type":"Feature","properties":{"id":"prov-1165","especie":"otro","altura_m":6.8,"diametro_copa_m":6.0,"altura_fuste_m":2.5,"caducifolio":false,"meses_sin_hojas":"","fuente":"provisional"},"geometry":{"type":"Point","coordinates":[-73.244703,10.477273]}},{"type":"Feature","properties":{"id":"prov-1166","especie":"mango","altura_m":9.5,"diametro_copa_m":10.1,"altura_fuste_m":2.5,"caducifolio":false,"meses_sin_hojas":"","fuente":"provisional"},"geometry":{"type":"Point","coordinates":[-73.244609,10.477147]}},{"type":"Feature","properties":{"id":"prov-1167","especie":"mango","altura_m":10.4,"diametro_copa_m":8.3,"altura_fuste_m":2.5,"caducifolio":false,"meses_sin_hojas":"","fuente":"provisional"},"geometry":{"type":"Point","coordinates":[-73.244495,10.476994]}},{"type":"Feature","properties":{"id":"prov-1168","especie":"canaguate","altura_m":11.1,"diametro_copa_m":8.8,"altura_fuste_m":3.0,"caducifolio":true,"meses_sin_hojas":"1,2,3","fuente":"provisional"},"geometry":{"type":"Point","coordinates":[-73.244417,10.477021]}},{"type":"Feature","properties":{"id":"prov-1169","especie":"canaguate","altura_m":9.3,"diametro_copa_m":8.2,"altura_fuste_m":3.0,"caducifolio":true,"meses_sin_hojas":"1,2,3","fuente":"provisional"},"geometry":{"type":"Point","coordinates":[-73.244298,10.477095]}},{"type":"Feature","properties":{"id":"prov-1170","especie":"canaguate","altura_m":8.6,"diametro_copa_m":8.6,"altura_fuste_m":3.0,"caducifolio":true,"meses_sin_hojas":"1,2,3","fuente":"provisional"},"geometry":{"type":"Point","coordinates":[-73.244148,10.477188]}},{"type":"Feature","properties":{"id":"prov-1171","especie":"mango","altura_m":11.2,"diametro_copa_m":11.7,"altura_fuste_m":2.5,"caducifolio":false,"meses_sin_hojas":"","fuente":"provisional"},"geometry":{"type":"Point","coordinates":[-73.243956,10.477309]}},{"type":"Feature","properties":{"id":"prov-1172","especie":"mango","altura_m":11.3,"diametro_copa_m":11.4,"altura_fuste_m":2.5,"caducifolio":false,"meses_sin_hojas":"","fuente":"provisional"},"geometry":{"type":"Point","coordinates":[-73.242828,10.479174]}},{"type":"Feature","properties":{"id":"prov-1173","especie":"canaguate","altura_m":11.8,"diametro_copa_m":7.5,"altura_fuste_m":3.0,"caducifolio":true,"meses_sin_hojas":"1,2,3","fuente":"provisional"},"geometry":{"type":"Point","coordinates":[-73.242733,10.47903]}},{"type":"Feature","properties":{"id":"prov-1174","especie":"otro","altura_m":8.2,"diametro_copa_m":5.8,"altura_fuste_m":2.5,"caducifolio":false,"meses_sin_hojas":"","fuente":"provisional"},"geometry":{"type":"Point","coordinates":[-73.242634,10.47888]}},{"type":"Feature","properties":{"id":"prov-1175","especie":"canaguate","altura_m":10.7,"diametro_copa_m":6.5,"altura_fuste_m":3.0,"caducifolio":true,"meses_sin_hojas":"1,2,3","fuente":"provisional"},"geometry":{"type":"Point","coordinates":[-73.242527,10.478718]}},{"type":"Feature","properties":{"id":"prov-1176","especie":"mango","altura_m":11.2,"diametro_copa_m":10.6,"altura_fuste_m":2.5,"caducifolio":false,"meses_sin_hojas":"","fuente":"provisional"},"geometry":{"type":"Point","coordinates":[-73.242425,10.478562]}},{"type":"Feature","properties":{"id":"prov-1177","especie":"mango","altura_m":11.8,"diametro_copa_m":8.4,"altura_fuste_m":2.5,"caducifolio":false,"meses_sin_hojas":"","fuente":"provisional"},"geometry":{"type":"Point","coordinates":[-73.242312,10.47839]}},{"type":"Feature","properties":{"id":"prov-1178","especie":"otro","altura_m":8.8,"diametro_copa_m":6.5,"altura_fuste_m":2.5,"caducifolio":false,"meses_sin_hojas":"","fuente":"provisional"},"geometry":{"type":"Point","coordinates":[-73.247244,10.476906]}},{"type":"Feature","properties":{"id":"prov-1179","especie":"otro","altura_m":8.8,"diametro_copa_m":7.9,"altura_fuste_m":2.5,"caducifolio":false,"meses_sin_hojas":"","fuente":"provisional"},"geometry":{"type":"Point","coordinates":[-73.24711,10.476728]}},{"type":"Feature","properties":{"id":"prov-1180","especie":"canaguate","altura_m":9.3,"diametro_copa_m":7.0,"altura_fuste_m":3.0,"caducifolio":true,"meses_sin_hojas":"1,2,3","fuente":"provisional"},"geometry":{"type":"Point","coordinates":[-73.246999,10.47659]}},{"type":"Feature","properties":{"id":"prov-1181","especie":"mango","altura_m":9.6,"diametro_copa_m":8.3,"altura_fuste_m":2.5,"caducifolio":false,"meses_sin_hojas":"","fuente":"provisional"},"geometry":{"type":"Point","coordinates":[-73.247326,10.47691]}},{"type":"Feature","properties":{"id":"prov-1182","especie":"mango","altura_m":8.0,"diametro_copa_m":11.6,"altura_fuste_m":2.5,"caducifolio":false,"meses_sin_hojas":"","fuente":"provisional"},"geometry":{"type":"Point","coordinates":[-73.247251,10.476807]}},{"type":"Feature","properties":{"id":"prov-1183","especie":"mango","altura_m":8.7,"diametro_copa_m":11.1,"altura_fuste_m":2.5,"caducifolio":false,"meses_sin_hojas":"","fuente":"provisional"},"geometry":{"type":"Point","coordinates":[-73.247124,10.476644]}},{"type":"Feature","properties":{"id":"prov-1184","especie":"mango","altura_m":11.0,"diametro_copa_m":9.4,"altura_fuste_m":2.5,"caducifolio":false,"meses_sin_hojas":"","fuente":"provisional"},"geometry":{"type":"Point","coordinates":[-73.25023,10.478058]}},{"type":"Feature","properties":{"id":"prov-1185","especie":"canaguate","altura_m":8.6,"diametro_copa_m":6.0,"altura_fuste_m":3.0,"caducifolio":true,"meses_sin_hojas":"1,2,3","fuente":"provisional"},"geometry":{"type":"Point","coordinates":[-73.250066,10.478138]}},{"type":"Feature","properties":{"id":"prov-1186","especie":"mango","altura_m":9.5,"diametro_copa_m":10.8,"altura_fuste_m":2.5,"caducifolio":false,"meses_sin_hojas":"","fuente":"provisional"},"geometry":{"type":"Point","coordinates":[-73.249917,10.47821]}},{"type":"Feature","properties":{"id":"prov-1187","especie":"mango","altura_m":9.6,"diametro_copa_m":9.2,"altura_fuste_m":2.5,"caducifolio":false,"meses_sin_hojas":"","fuente":"provisional"},"geometry":{"type":"Point","coordinates":[-73.24974,10.478297]}},{"type":"Feature","properties":{"id":"prov-1188","especie":"mango","altura_m":10.4,"diametro_copa_m":10.5,"altura_fuste_m":2.5,"caducifolio":false,"meses_sin_hojas":"","fuente":"provisional"},"geometry":{"type":"Point","coordinates":[-73.249586,10.478372]}},{"type":"Feature","properties":{"id":"prov-1189","especie":"mango","altura_m":11.5,"diametro_copa_m":12.0,"altura_fuste_m":2.5,"caducifolio":false,"meses_sin_hojas":"","fuente":"provisional"},"geometry":{"type":"Point","coordinates":[-73.249702,10.478604]}},{"type":"Feature","properties":{"id":"prov-1190","especie":"mango","altura_m":8.3,"diametro_copa_m":11.3,"altura_fuste_m":2.5,"caducifolio":false,"meses_sin_hojas":"","fuente":"provisional"},"geometry":{"type":"Point","coordinates":[-73.249795,10.478724]}},{"type":"Feature","properties":{"id":"prov-1191","especie":"canaguate","altura_m":8.5,"diametro_copa_m":8.9,"altura_fuste_m":3.0,"caducifolio":true,"meses_sin_hojas":"1,2,3","fuente":"provisional"},"geometry":{"type":"Point","coordinates":[-73.249882,10.478836]}},{"type":"Feature","properties":{"id":"prov-1192","especie":"mango","altura_m":8.6,"diametro_copa_m":9.1,"altura_fuste_m":2.5,"caducifolio":false,"meses_sin_hojas":"","fuente":"provisional"},"geometry":{"type":"Point","coordinates":[-73.240247,10.472643]}},{"type":"Feature","properties":{"id":"prov-1193","especie":"mango","altura_m":9.9,"diametro_copa_m":11.9,"altura_fuste_m":2.5,"caducifolio":false,"meses_sin_hojas":"","fuente":"provisional"},"geometry":{"type":"Point","coordinates":[-73.243429,10.475224]}},{"type":"Feature","properties":{"id":"prov-1194","especie":"mango","altura_m":11.1,"diametro_copa_m":10.2,"altura_fuste_m":2.5,"caducifolio":false,"meses_sin_hojas":"","fuente":"provisional"},"geometry":{"type":"Point","coordinates":[-73.243548,10.475086]}},{"type":"Feature","properties":{"id":"prov-1195","especie":"canaguate","altura_m":10.1,"diametro_copa_m":7.6,"altura_fuste_m":3.0,"caducifolio":true,"meses_sin_hojas":"1,2,3","fuente":"provisional"},"geometry":{"type":"Point","coordinates":[-73.243638,10.474981]}},{"type":"Feature","properties":{"id":"prov-1196","especie":"otro","altura_m":9.6,"diametro_copa_m":7.1,"altura_fuste_m":2.5,"caducifolio":false,"meses_sin_hojas":"","fuente":"provisional"},"geometry":{"type":"Point","coordinates":[-73.243772,10.474847]}},{"type":"Feature","properties":{"id":"prov-1197","especie":"mango","altura_m":8.3,"diametro_copa_m":10.4,"altura_fuste_m":2.5,"caducifolio":false,"meses_sin_hojas":"","fuente":"provisional"},"geometry":{"type":"Point","coordinates":[-73.243864,10.474757]}},{"type":"Feature","properties":{"id":"prov-1198","especie":"otro","altura_m":9.2,"diametro_copa_m":7.8,"altura_fuste_m":2.5,"caducifolio":false,"meses_sin_hojas":"","fuente":"provisional"},"geometry":{"type":"Point","coordinates":[-73.245803,10.482892]}},{"type":"Feature","properties":{"id":"prov-1199","especie":"mango","altura_m":10.3,"diametro_copa_m":11.5,"altura_fuste_m":2.5,"caducifolio":false,"meses_sin_hojas":"","fuente":"provisional"},"geometry":{"type":"Point","coordinates":[-73.245724,10.482773]}},{"type":"Feature","properties":{"id":"prov-1200","especie":"mango","altura_m":12.0,"diametro_copa_m":11.8,"altura_fuste_m":2.5,"caducifolio":false,"meses_sin_hojas":"","fuente":"provisional"},"geometry":{"type":"Point","coordinates":[-73.245639,10.482645]}},{"type":"Feature","properties":{"id":"prov-1201","especie":"mango","altura_m":8.1,"diametro_copa_m":10.1,"altura_fuste_m":2.5,"caducifolio":false,"meses_sin_hojas":"","fuente":"provisional"},"geometry":{"type":"Point","coordinates":[-73.245573,10.48255]}},{"type":"Feature","properties":{"id":"prov-1202","especie":"canaguate","altura_m":11.2,"diametro_copa_m":7.1,"altura_fuste_m":3.0,"caducifolio":true,"meses_sin_hojas":"1,2,3","fuente":"provisional"},"geometry":{"type":"Point","coordinates":[-73.245463,10.48239]}},{"type":"Feature","properties":{"id":"prov-1203","especie":"otro","altura_m":9.4,"diametro_copa_m":5.4,"altura_fuste_m":2.5,"caducifolio":false,"meses_sin_hojas":"","fuente":"provisional"},"geometry":{"type":"Point","coordinates":[-73.245391,10.482284]}},{"type":"Feature","properties":{"id":"prov-1204","especie":"mango","altura_m":11.2,"diametro_copa_m":11.0,"altura_fuste_m":2.5,"caducifolio":false,"meses_sin_hojas":"","fuente":"provisional"},"geometry":{"type":"Point","coordinates":[-73.245282,10.482125]}},{"type":"Feature","properties":{"id":"prov-1205","especie":"mango","altura_m":9.7,"diametro_copa_m":10.0,"altura_fuste_m":2.5,"caducifolio":false,"meses_sin_hojas":"","fuente":"provisional"},"geometry":{"type":"Point","coordinates":[-73.245216,10.482029]}},{"type":"Feature","properties":{"id":"prov-1206","especie":"mango","altura_m":8.3,"diametro_copa_m":9.3,"altura_fuste_m":2.5,"caducifolio":false,"meses_sin_hojas":"","fuente":"provisional"},"geometry":{"type":"Point","coordinates":[-73.24356,10.470656]}},{"type":"Feature","properties":{"id":"prov-1207","especie":"canaguate","altura_m":10.5,"diametro_copa_m":6.8,"altura_fuste_m":3.0,"caducifolio":true,"meses_sin_hojas":"1,2,3","fuente":"provisional"},"geometry":{"type":"Point","coordinates":[-73.243497,10.470694]}},{"type":"Feature","properties":{"id":"prov-1208","especie":"mango","altura_m":9.0,"diametro_copa_m":11.5,"altura_fuste_m":2.5,"caducifolio":false,"meses_sin_hojas":"","fuente":"provisional"},"geometry":{"type":"Point","coordinates":[-73.24393,10.48103]}},{"type":"Feature","properties":{"id":"prov-1209","especie":"otro","altura_m":9.0,"diametro_copa_m":7.7,"altura_fuste_m":2.5,"caducifolio":false,"meses_sin_hojas":"","fuente":"provisional"},"geometry":{"type":"Point","coordinates":[-73.243807,10.481095]}},{"type":"Feature","properties":{"id":"prov-1210","especie":"mango","altura_m":11.1,"diametro_copa_m":11.2,"altura_fuste_m":2.5,"caducifolio":false,"meses_sin_hojas":"","fuente":"provisional"},"geometry":{"type":"Point","coordinates":[-73.243706,10.481149]}},{"type":"Feature","properties":{"id":"prov-1211","especie":"canaguate","altura_m":10.1,"diametro_copa_m":7.9,"altura_fuste_m":3.0,"caducifolio":true,"meses_sin_hojas":"1,2,3","fuente":"provisional"},"geometry":{"type":"Point","coordinates":[-73.243595,10.481207]}},{"type":"Feature","properties":{"id":"prov-1212","especie":"mango","altura_m":10.5,"diametro_copa_m":8.7,"altura_fuste_m":2.5,"caducifolio":false,"meses_sin_hojas":"","fuente":"provisional"},"geometry":{"type":"Point","coordinates":[-73.243849,10.481011]}},{"type":"Feature","properties":{"id":"prov-1213","especie":"canaguate","altura_m":9.2,"diametro_copa_m":7.6,"altura_fuste_m":3.0,"caducifolio":true,"meses_sin_hojas":"1,2,3","fuente":"provisional"},"geometry":{"type":"Point","coordinates":[-73.243735,10.481072]}},{"type":"Feature","properties":{"id":"prov-1214","especie":"mango","altura_m":11.5,"diametro_copa_m":8.8,"altura_fuste_m":2.5,"caducifolio":false,"meses_sin_hojas":"","fuente":"provisional"},"geometry":{"type":"Point","coordinates":[-73.243575,10.481156]}},{"type":"Feature","properties":{"id":"prov-1215","especie":"mango","altura_m":9.6,"diametro_copa_m":10.5,"altura_fuste_m":2.5,"caducifolio":false,"meses_sin_hojas":"","fuente":"provisional"},"geometry":{"type":"Point","coordinates":[-73.243445,10.481225]}},{"type":"Feature","properties":{"id":"prov-1216","especie":"mango","altura_m":10.7,"diametro_copa_m":8.0,"altura_fuste_m":2.5,"caducifolio":false,"meses_sin_hojas":"","fuente":"provisional"},"geometry":{"type":"Point","coordinates":[-73.243045,10.480463]}},{"type":"Feature","properties":{"id":"prov-1217","especie":"canaguate","altura_m":10.7,"diametro_copa_m":7.1,"altura_fuste_m":3.0,"caducifolio":true,"meses_sin_hojas":"1,2,3","fuente":"provisional"},"geometry":{"type":"Point","coordinates":[-73.243132,10.480633]}},{"type":"Feature","properties":{"id":"prov-1218","especie":"mango","altura_m":8.5,"diametro_copa_m":9.7,"altura_fuste_m":2.5,"caducifolio":false,"meses_sin_hojas":"","fuente":"provisional"},"geometry":{"type":"Point","coordinates":[-73.243223,10.480813]}},{"type":"Feature","properties":{"id":"prov-1219","especie":"mango","altura_m":8.8,"diametro_copa_m":10.2,"altura_fuste_m":2.5,"caducifolio":false,"meses_sin_hojas":"","fuente":"provisional"},"geometry":{"type":"Point","coordinates":[-73.243287,10.480937]}},{"type":"Feature","properties":{"id":"prov-1220","especie":"otro","altura_m":9.4,"diametro_copa_m":7.5,"altura_fuste_m":2.5,"caducifolio":false,"meses_sin_hojas":"","fuente":"provisional"},"geometry":{"type":"Point","coordinates":[-73.243365,10.48109]}},{"type":"Feature","properties":{"id":"prov-1221","especie":"canaguate","altura_m":9.8,"diametro_copa_m":8.9,"altura_fuste_m":3.0,"caducifolio":true,"meses_sin_hojas":"1,2,3","fuente":"provisional"},"geometry":{"type":"Point","coordinates":[-73.24306,10.480613]}},{"type":"Feature","properties":{"id":"prov-1222","especie":"canaguate","altura_m":10.8,"diametro_copa_m":7.8,"altura_fuste_m":3.0,"caducifolio":true,"meses_sin_hojas":"1,2,3","fuente":"provisional"},"geometry":{"type":"Point","coordinates":[-73.243148,10.480784]}},{"type":"Feature","properties":{"id":"prov-1223","especie":"mango","altura_m":8.1,"diametro_copa_m":9.7,"altura_fuste_m":2.5,"caducifolio":false,"meses_sin_hojas":"","fuente":"provisional"},"geometry":{"type":"Point","coordinates":[-73.243248,10.480981]}},{"type":"Feature","properties":{"id":"prov-1224","especie":"canaguate","altura_m":11.3,"diametro_copa_m":8.7,"altura_fuste_m":3.0,"caducifolio":true,"meses_sin_hojas":"1,2,3","fuente":"provisional"},"geometry":{"type":"Point","coordinates":[-73.243336,10.481155]}},{"type":"Feature","properties":{"id":"prov-1225","especie":"mango","altura_m":10.3,"diametro_copa_m":8.3,"altura_fuste_m":2.5,"caducifolio":false,"meses_sin_hojas":"","fuente":"provisional"},"geometry":{"type":"Point","coordinates":[-73.244677,10.482444]}},{"type":"Feature","properties":{"id":"prov-1226","especie":"mango","altura_m":11.8,"diametro_copa_m":9.2,"altura_fuste_m":2.5,"caducifolio":false,"meses_sin_hojas":"","fuente":"provisional"},"geometry":{"type":"Point","coordinates":[-73.244562,10.482533]}},{"type":"Feature","properties":{"id":"prov-1227","especie":"mango","altura_m":11.9,"diametro_copa_m":10.8,"altura_fuste_m":2.5,"caducifolio":false,"meses_sin_hojas":"","fuente":"provisional"},"geometry":{"type":"Point","coordinates":[-73.244653,10.482394]}},{"type":"Feature","properties":{"id":"prov-1228","especie":"canaguate","altura_m":11.7,"diametro_copa_m":7.8,"altura_fuste_m":3.0,"caducifolio":true,"meses_sin_hojas":"1,2,3","fuente":"provisional"},"geometry":{"type":"Point","coordinates":[-73.244562,10.482464]}},{"type":"Feature","properties":{"id":"prov-1229","especie":"mango","altura_m":10.6,"diametro_copa_m":8.1,"altura_fuste_m":2.5,"caducifolio":false,"meses_sin_hojas":"","fuente":"provisional"},"geometry":{"type":"Point","coordinates":[-73.244423,10.482572]}},{"type":"Feature","properties":{"id":"prov-1230","especie":"mango","altura_m":9.4,"diametro_copa_m":9.6,"altura_fuste_m":2.5,"caducifolio":false,"meses_sin_hojas":"","fuente":"provisional"},"geometry":{"type":"Point","coordinates":[-73.244508,10.479512]}},{"type":"Feature","properties":{"id":"prov-1231","especie":"mango","altura_m":8.7,"diametro_copa_m":10.6,"altura_fuste_m":2.5,"caducifolio":false,"meses_sin_hojas":"","fuente":"provisional"},"geometry":{"type":"Point","coordinates":[-73.244677,10.479413]}},{"type":"Feature","properties":{"id":"prov-1232","especie":"mango","altura_m":10.2,"diametro_copa_m":9.7,"altura_fuste_m":2.5,"caducifolio":false,"meses_sin_hojas":"","fuente":"provisional"},"geometry":{"type":"Point","coordinates":[-73.244979,10.479236]}},{"type":"Feature","properties":{"id":"prov-1233","especie":"mango","altura_m":10.0,"diametro_copa_m":11.2,"altura_fuste_m":2.5,"caducifolio":false,"meses_sin_hojas":"","fuente":"provisional"},"geometry":{"type":"Point","coordinates":[-73.245099,10.479166]}},{"type":"Feature","properties":{"id":"prov-1234","especie":"otro","altura_m":6.7,"diametro_copa_m":7.5,"altura_fuste_m":2.5,"caducifolio":false,"meses_sin_hojas":"","fuente":"provisional"},"geometry":{"type":"Point","coordinates":[-73.240725,10.479406]}},{"type":"Feature","properties":{"id":"prov-1235","especie":"mango","altura_m":11.6,"diametro_copa_m":11.9,"altura_fuste_m":2.5,"caducifolio":false,"meses_sin_hojas":"","fuente":"provisional"},"geometry":{"type":"Point","coordinates":[-73.240688,10.479494]}},{"type":"Feature","properties":{"id":"prov-1236","especie":"otro","altura_m":8.8,"diametro_copa_m":7.7,"altura_fuste_m":2.5,"caducifolio":false,"meses_sin_hojas":"","fuente":"provisional"},"geometry":{"type":"Point","coordinates":[-73.243815,10.471996]}},{"type":"Feature","properties":{"id":"prov-1237","especie":"mango","altura_m":11.6,"diametro_copa_m":8.4,"altura_fuste_m":2.5,"caducifolio":false,"meses_sin_hojas":"","fuente":"provisional"},"geometry":{"type":"Point","coordinates":[-73.243845,10.47193]}},{"type":"Feature","properties":{"id":"prov-1238","especie":"canaguate","altura_m":8.7,"diametro_copa_m":8.5,"altura_fuste_m":3.0,"caducifolio":true,"meses_sin_hojas":"1,2,3","fuente":"provisional"},"geometry":{"type":"Point","coordinates":[-73.24368,10.47256]}},{"type":"Feature","properties":{"id":"prov-1239","especie":"canaguate","altura_m":8.2,"diametro_copa_m":6.7,"altura_fuste_m":3.0,"caducifolio":true,"meses_sin_hojas":"1,2,3","fuente":"provisional"},"geometry":{"type":"Point","coordinates":[-73.243689,10.472756]}},{"type":"Feature","properties":{"id":"prov-1240","especie":"mango","altura_m":10.5,"diametro_copa_m":12.0,"altura_fuste_m":2.5,"caducifolio":false,"meses_sin_hojas":"","fuente":"provisional"},"geometry":{"type":"Point","coordinates":[-73.243697,10.472916]}},{"type":"Feature","properties":{"id":"prov-1241","especie":"mango","altura_m":9.0,"diametro_copa_m":9.8,"altura_fuste_m":2.5,"caducifolio":false,"meses_sin_hojas":"","fuente":"provisional"},"geometry":{"type":"Point","coordinates":[-73.243705,10.473065]}},{"type":"Feature","properties":{"id":"prov-1242","especie":"canaguate","altura_m":11.5,"diametro_copa_m":8.4,"altura_fuste_m":3.0,"caducifolio":true,"meses_sin_hojas":"1,2,3","fuente":"provisional"},"geometry":{"type":"Point","coordinates":[-73.243713,10.473231]}},{"type":"Feature","properties":{"id":"prov-1243","especie":"mango","altura_m":9.6,"diametro_copa_m":11.9,"altura_fuste_m":2.5,"caducifolio":false,"meses_sin_hojas":"","fuente":"provisional"},"geometry":{"type":"Point","coordinates":[-73.243615,10.472536]}},{"type":"Feature","properties":{"id":"prov-1244","especie":"canaguate","altura_m":9.3,"diametro_copa_m":7.9,"altura_fuste_m":3.0,"caducifolio":true,"meses_sin_hojas":"1,2,3","fuente":"provisional"},"geometry":{"type":"Point","coordinates":[-73.243624,10.472735]}},{"type":"Feature","properties":{"id":"prov-1245","especie":"mango","altura_m":10.4,"diametro_copa_m":9.7,"altura_fuste_m":2.5,"caducifolio":false,"meses_sin_hojas":"","fuente":"provisional"},"geometry":{"type":"Point","coordinates":[-73.243635,10.472949]}},{"type":"Feature","properties":{"id":"prov-1246","especie":"mango","altura_m":9.4,"diametro_copa_m":9.3,"altura_fuste_m":2.5,"caducifolio":false,"meses_sin_hojas":"","fuente":"provisional"},"geometry":{"type":"Point","coordinates":[-73.243641,10.473071]}},{"type":"Feature","properties":{"id":"prov-1247","especie":"mango","altura_m":10.8,"diametro_copa_m":10.2,"altura_fuste_m":2.5,"caducifolio":false,"meses_sin_hojas":"","fuente":"provisional"},"geometry":{"type":"Point","coordinates":[-73.243649,10.473243]}},{"type":"Feature","properties":{"id":"prov-1248","especie":"otro","altura_m":8.7,"diametro_copa_m":6.7,"altura_fuste_m":2.5,"caducifolio":false,"meses_sin_hojas":"","fuente":"provisional"},"geometry":{"type":"Point","coordinates":[-73.243587,10.472007]}},{"type":"Feature","properties":{"id":"prov-1249","especie":"mango","altura_m":10.8,"diametro_copa_m":11.8,"altura_fuste_m":2.5,"caducifolio":false,"meses_sin_hojas":"","fuente":"provisional"},"geometry":{"type":"Point","coordinates":[-73.243597,10.472199]}},{"type":"Feature","properties":{"id":"prov-1250","especie":"otro","altura_m":9.7,"diametro_copa_m":6.6,"altura_fuste_m":2.5,"caducifolio":false,"meses_sin_hojas":"","fuente":"provisional"},"geometry":{"type":"Point","coordinates":[-73.243608,10.472409]}},{"type":"Feature","properties":{"id":"prov-1251","especie":"canaguate","altura_m":8.3,"diametro_copa_m":7.3,"altura_fuste_m":3.0,"caducifolio":true,"meses_sin_hojas":"1,2,3","fuente":"provisional"},"geometry":{"type":"Point","coordinates":[-73.243028,10.473315]}},{"type":"Feature","properties":{"id":"prov-1252","especie":"mango","altura_m":10.2,"diametro_copa_m":10.5,"altura_fuste_m":2.5,"caducifolio":false,"meses_sin_hojas":"","fuente":"provisional"},"geometry":{"type":"Point","coordinates":[-73.243185,10.473307]}},{"type":"Feature","properties":{"id":"prov-1253","especie":"otro","altura_m":8.0,"diametro_copa_m":5.8,"altura_fuste_m":2.5,"caducifolio":false,"meses_sin_hojas":"","fuente":"provisional"},"geometry":{"type":"Point","coordinates":[-73.243357,10.473298]}},{"type":"Feature","properties":{"id":"prov-1254","especie":"otro","altura_m":9.5,"diametro_copa_m":5.8,"altura_fuste_m":2.5,"caducifolio":false,"meses_sin_hojas":"","fuente":"provisional"},"geometry":{"type":"Point","coordinates":[-73.243571,10.473287]}},{"type":"Feature","properties":{"id":"prov-1255","especie":"mango","altura_m":10.5,"diametro_copa_m":11.4,"altura_fuste_m":2.5,"caducifolio":false,"meses_sin_hojas":"","fuente":"provisional"},"geometry":{"type":"Point","coordinates":[-73.243249,10.477742]}},{"type":"Feature","properties":{"id":"prov-1256","especie":"otro","altura_m":7.2,"diametro_copa_m":7.3,"altura_fuste_m":2.5,"caducifolio":false,"meses_sin_hojas":"","fuente":"provisional"},"geometry":{"type":"Point","coordinates":[-73.243528,10.476832]}},{"type":"Feature","properties":{"id":"prov-1257","especie":"mango","altura_m":11.4,"diametro_copa_m":9.7,"altura_fuste_m":2.5,"caducifolio":false,"meses_sin_hojas":"","fuente":"provisional"},"geometry":{"type":"Point","coordinates":[-73.243613,10.476947]}},{"type":"Feature","properties":{"id":"prov-1258","especie":"mango","altura_m":11.8,"diametro_copa_m":10.7,"altura_fuste_m":2.5,"caducifolio":false,"meses_sin_hojas":"","fuente":"provisional"},"geometry":{"type":"Point","coordinates":[-73.243709,10.477077]}},{"type":"Feature","properties":{"id":"prov-1259","especie":"canaguate","altura_m":11.2,"diametro_copa_m":8.6,"altura_fuste_m":3.0,"caducifolio":true,"meses_sin_hojas":"1,2,3","fuente":"provisional"},"geometry":{"type":"Point","coordinates":[-73.243838,10.477254]}},{"type":"Feature","properties":{"id":"prov-1260","especie":"mango","altura_m":11.2,"diametro_copa_m":10.0,"altura_fuste_m":2.5,"caducifolio":false,"meses_sin_hojas":"","fuente":"provisional"},"geometry":{"type":"Point","coordinates":[-73.238804,10.47595]}},{"type":"Feature","properties":{"id":"prov-1261","especie":"canaguate","altura_m":11.3,"diametro_copa_m":7.3,"altura_fuste_m":3.0,"caducifolio":true,"meses_sin_hojas":"1,2,3","fuente":"provisional"},"geometry":{"type":"Point","coordinates":[-73.238746,10.475855]}},{"type":"Feature","properties":{"id":"prov-1262","especie":"canaguate","altura_m":8.9,"diametro_copa_m":8.2,"altura_fuste_m":3.0,"caducifolio":true,"meses_sin_hojas":"1,2,3","fuente":"provisional"},"geometry":{"type":"Point","coordinates":[-73.238671,10.475733]}},{"type":"Feature","properties":{"id":"prov-1263","especie":"mango","altura_m":10.3,"diametro_copa_m":9.1,"altura_fuste_m":2.5,"caducifolio":false,"meses_sin_hojas":"","fuente":"provisional"},"geometry":{"type":"Point","coordinates":[-73.238484,10.475425]}},{"type":"Feature","properties":{"id":"prov-1264","especie":"mango","altura_m":11.8,"diametro_copa_m":9.9,"altura_fuste_m":2.5,"caducifolio":false,"meses_sin_hojas":"","fuente":"provisional"},"geometry":{"type":"Point","coordinates":[-73.238379,10.475253]}},{"type":"Feature","properties":{"id":"prov-1265","especie":"otro","altura_m":7.6,"diametro_copa_m":7.0,"altura_fuste_m":2.5,"caducifolio":false,"meses_sin_hojas":"","fuente":"provisional"},"geometry":{"type":"Point","coordinates":[-73.238542,10.477082]}},{"type":"Feature","properties":{"id":"prov-1266","especie":"mango","altura_m":8.4,"diametro_copa_m":11.8,"altura_fuste_m":2.5,"caducifolio":false,"meses_sin_hojas":"","fuente":"provisional"},"geometry":{"type":"Point","coordinates":[-73.238383,10.477158]}},{"type":"Feature","properties":{"id":"prov-1267","especie":"mango","altura_m":10.4,"diametro_copa_m":12.0,"altura_fuste_m":2.5,"caducifolio":false,"meses_sin_hojas":"","fuente":"provisional"},"geometry":{"type":"Point","coordinates":[-73.239934,10.479975]}},{"type":"Feature","properties":{"id":"prov-1268","especie":"mango","altura_m":8.5,"diametro_copa_m":8.9,"altura_fuste_m":2.5,"caducifolio":false,"meses_sin_hojas":"","fuente":"provisional"},"geometry":{"type":"Point","coordinates":[-73.239792,10.480051]}},{"type":"Feature","properties":{"id":"prov-1269","especie":"otro","altura_m":9.2,"diametro_copa_m":7.2,"altura_fuste_m":2.5,"caducifolio":false,"meses_sin_hojas":"","fuente":"provisional"},"geometry":{"type":"Point","coordinates":[-73.239665,10.48009]}},{"type":"Feature","properties":{"id":"prov-1270","especie":"mango","altura_m":11.0,"diametro_copa_m":8.8,"altura_fuste_m":2.5,"caducifolio":false,"meses_sin_hojas":"","fuente":"provisional"},"geometry":{"type":"Point","coordinates":[-73.239546,10.480079]}},{"type":"Feature","properties":{"id":"prov-1271","especie":"otro","altura_m":8.5,"diametro_copa_m":7.5,"altura_fuste_m":2.5,"caducifolio":false,"meses_sin_hojas":"","fuente":"provisional"},"geometry":{"type":"Point","coordinates":[-73.239388,10.480027]}},{"type":"Feature","properties":{"id":"prov-1272","especie":"mango","altura_m":8.6,"diametro_copa_m":10.3,"altura_fuste_m":2.5,"caducifolio":false,"meses_sin_hojas":"","fuente":"provisional"},"geometry":{"type":"Point","coordinates":[-73.23928,10.479992]}},{"type":"Feature","properties":{"id":"prov-1273","especie":"mango","altura_m":10.9,"diametro_copa_m":11.4,"altura_fuste_m":2.5,"caducifolio":false,"meses_sin_hojas":"","fuente":"provisional"},"geometry":{"type":"Point","coordinates":[-73.239173,10.479955]}},{"type":"Feature","properties":{"id":"prov-1274","especie":"mango","altura_m":11.9,"diametro_copa_m":11.4,"altura_fuste_m":2.5,"caducifolio":false,"meses_sin_hojas":"","fuente":"provisional"},"geometry":{"type":"Point","coordinates":[-73.238968,10.479885]}},{"type":"Feature","properties":{"id":"prov-1275","especie":"mango","altura_m":11.3,"diametro_copa_m":10.5,"altura_fuste_m":2.5,"caducifolio":false,"meses_sin_hojas":"","fuente":"provisional"},"geometry":{"type":"Point","coordinates":[-73.238847,10.479843]}},{"type":"Feature","properties":{"id":"prov-1276","especie":"mango","altura_m":10.4,"diametro_copa_m":10.5,"altura_fuste_m":2.5,"caducifolio":false,"meses_sin_hojas":"","fuente":"provisional"},"geometry":{"type":"Point","coordinates":[-73.238677,10.479765]}},{"type":"Feature","properties":{"id":"prov-1277","especie":"canaguate","altura_m":11.5,"diametro_copa_m":7.0,"altura_fuste_m":3.0,"caducifolio":true,"meses_sin_hojas":"1,2,3","fuente":"provisional"},"geometry":{"type":"Point","coordinates":[-73.237787,10.478422]}},{"type":"Feature","properties":{"id":"prov-1278","especie":"canaguate","altura_m":8.1,"diametro_copa_m":8.3,"altura_fuste_m":3.0,"caducifolio":true,"meses_sin_hojas":"1,2,3","fuente":"provisional"},"geometry":{"type":"Point","coordinates":[-73.237891,10.478284]}},{"type":"Feature","properties":{"id":"prov-1279","especie":"mango","altura_m":10.1,"diametro_copa_m":8.5,"altura_fuste_m":2.5,"caducifolio":false,"meses_sin_hojas":"","fuente":"provisional"},"geometry":{"type":"Point","coordinates":[-73.238044,10.478121]}},{"type":"Feature","properties":{"id":"prov-1280","especie":"mango","altura_m":11.6,"diametro_copa_m":10.2,"altura_fuste_m":2.5,"caducifolio":false,"meses_sin_hojas":"","fuente":"provisional"},"geometry":{"type":"Point","coordinates":[-73.238181,10.477976]}},{"type":"Feature","properties":{"id":"prov-1281","especie":"mango","altura_m":9.6,"diametro_copa_m":9.2,"altura_fuste_m":2.5,"caducifolio":false,"meses_sin_hojas":"","fuente":"provisional"},"geometry":{"type":"Point","coordinates":[-73.238288,10.477862]}},{"type":"Feature","properties":{"id":"prov-1282","especie":"canaguate","altura_m":9.6,"diametro_copa_m":6.1,"altura_fuste_m":3.0,"caducifolio":true,"meses_sin_hojas":"1,2,3","fuente":"provisional"},"geometry":{"type":"Point","coordinates":[-73.238349,10.477733]}},{"type":"Feature","properties":{"id":"prov-1283","especie":"canaguate","altura_m":9.3,"diametro_copa_m":6.7,"altura_fuste_m":3.0,"caducifolio":true,"meses_sin_hojas":"1,2,3","fuente":"provisional"},"geometry":{"type":"Point","coordinates":[-73.238339,10.477527]}},{"type":"Feature","properties":{"id":"prov-1284","especie":"canaguate","altura_m":8.2,"diametro_copa_m":6.9,"altura_fuste_m":3.0,"caducifolio":true,"meses_sin_hojas":"1,2,3","fuente":"provisional"},"geometry":{"type":"Point","coordinates":[-73.238301,10.477349]}},{"type":"Feature","properties":{"id":"prov-1285","especie":"mango","altura_m":8.6,"diametro_copa_m":9.6,"altura_fuste_m":2.5,"caducifolio":false,"meses_sin_hojas":"","fuente":"provisional"},"geometry":{"type":"Point","coordinates":[-73.243573,10.471638]}},{"type":"Feature","properties":{"id":"prov-1286","especie":"mango","altura_m":10.0,"diametro_copa_m":11.7,"altura_fuste_m":2.5,"caducifolio":false,"meses_sin_hojas":"","fuente":"provisional"},"geometry":{"type":"Point","coordinates":[-73.243641,10.471633]}},{"type":"Feature","properties":{"id":"prov-1287","especie":"mango","altura_m":10.9,"diametro_copa_m":8.4,"altura_fuste_m":2.5,"caducifolio":false,"meses_sin_hojas":"","fuente":"provisional"},"geometry":{"type":"Point","coordinates":[-73.248071,10.473353]}},{"type":"Feature","properties":{"id":"prov-1288","especie":"mango","altura_m":11.1,"diametro_copa_m":11.5,"altura_fuste_m":2.5,"caducifolio":false,"meses_sin_hojas":"","fuente":"provisional"},"geometry":{"type":"Point","coordinates":[-73.248178,10.473284]}},{"type":"Feature","properties":{"id":"prov-1289","especie":"otro","altura_m":6.6,"diametro_copa_m":6.3,"altura_fuste_m":2.5,"caducifolio":false,"meses_sin_hojas":"","fuente":"provisional"},"geometry":{"type":"Point","coordinates":[-73.248322,10.47319]}},{"type":"Feature","properties":{"id":"prov-1290","especie":"mango","altura_m":11.0,"diametro_copa_m":9.7,"altura_fuste_m":2.5,"caducifolio":false,"meses_sin_hojas":"","fuente":"provisional"},"geometry":{"type":"Point","coordinates":[-73.248451,10.473106]}},{"type":"Feature","properties":{"id":"prov-1291","especie":"mango","altura_m":9.5,"diametro_copa_m":8.8,"altura_fuste_m":2.5,"caducifolio":false,"meses_sin_hojas":"","fuente":"provisional"},"geometry":{"type":"Point","coordinates":[-73.248621,10.472996]}},{"type":"Feature","properties":{"id":"prov-1292","especie":"canaguate","altura_m":11.9,"diametro_copa_m":7.7,"altura_fuste_m":3.0,"caducifolio":true,"meses_sin_hojas":"1,2,3","fuente":"provisional"},"geometry":{"type":"Point","coordinates":[-73.24873,10.472926]}},{"type":"Feature","properties":{"id":"prov-1293","especie":"canaguate","altura_m":10.2,"diametro_copa_m":7.0,"altura_fuste_m":3.0,"caducifolio":true,"meses_sin_hojas":"1,2,3","fuente":"provisional"},"geometry":{"type":"Point","coordinates":[-73.248823,10.472865]}},{"type":"Feature","properties":{"id":"prov-1294","especie":"mango","altura_m":11.1,"diametro_copa_m":9.0,"altura_fuste_m":2.5,"caducifolio":false,"meses_sin_hojas":"","fuente":"provisional"},"geometry":{"type":"Point","coordinates":[-73.249005,10.472747]}},{"type":"Feature","properties":{"id":"prov-1295","especie":"mango","altura_m":9.0,"diametro_copa_m":11.6,"altura_fuste_m":2.5,"caducifolio":false,"meses_sin_hojas":"","fuente":"provisional"},"geometry":{"type":"Point","coordinates":[-73.247873,10.473482]}},{"type":"Feature","properties":{"id":"prov-1296","especie":"canaguate","altura_m":11.8,"diametro_copa_m":6.1,"altura_fuste_m":3.0,"caducifolio":true,"meses_sin_hojas":"1,2,3","fuente":"provisional"},"geometry":{"type":"Point","coordinates":[-73.239054,10.475144]}},{"type":"Feature","properties":{"id":"prov-1297","especie":"canaguate","altura_m":10.6,"diametro_copa_m":7.6,"altura_fuste_m":3.0,"caducifolio":true,"meses_sin_hojas":"1,2,3","fuente":"provisional"},"geometry":{"type":"Point","coordinates":[-73.238912,10.475048]}},{"type":"Feature","properties":{"id":"prov-1298","especie":"mango","altura_m":11.0,"diametro_copa_m":11.7,"altura_fuste_m":2.5,"caducifolio":false,"meses_sin_hojas":"","fuente":"provisional"},"geometry":{"type":"Point","coordinates":[-73.238704,10.475044]}},{"type":"Feature","properties":{"id":"prov-1299","especie":"otro","altura_m":8.6,"diametro_copa_m":8.0,"altura_fuste_m":2.5,"caducifolio":false,"meses_sin_hojas":"","fuente":"provisional"},"geometry":{"type":"Point","coordinates":[-73.240157,10.478214]}},{"type":"Feature","properties":{"id":"prov-1300","especie":"otro","altura_m":6.1,"diametro_copa_m":6.5,"altura_fuste_m":2.5,"caducifolio":false,"meses_sin_hojas":"","fuente":"provisional"},"geometry":{"type":"Point","coordinates":[-73.240568,10.477976]}},{"type":"Feature","properties":{"id":"prov-1301","especie":"mango","altura_m":8.8,"diametro_copa_m":11.5,"altura_fuste_m":2.5,"caducifolio":false,"meses_sin_hojas":"","fuente":"provisional"},"geometry":{"type":"Point","coordinates":[-73.240758,10.477865]}},{"type":"Feature","properties":{"id":"prov-1302","especie":"canaguate","altura_m":8.4,"diametro_copa_m":7.9,"altura_fuste_m":3.0,"caducifolio":true,"meses_sin_hojas":"1,2,3","fuente":"provisional"},"geometry":{"type":"Point","coordinates":[-73.24142,10.478892]}},{"type":"Feature","properties":{"id":"prov-1303","especie":"canaguate","altura_m":10.1,"diametro_copa_m":7.8,"altura_fuste_m":3.0,"caducifolio":true,"meses_sin_hojas":"1,2,3","fuente":"provisional"},"geometry":{"type":"Point","coordinates":[-73.241359,10.478769]}},{"type":"Feature","properties":{"id":"prov-1304","especie":"mango","altura_m":9.8,"diametro_copa_m":8.7,"altura_fuste_m":2.5,"caducifolio":false,"meses_sin_hojas":"","fuente":"provisional"},"geometry":{"type":"Point","coordinates":[-73.241286,10.478623]}},{"type":"Feature","properties":{"id":"prov-1305","especie":"mango","altura_m":11.0,"diametro_copa_m":9.1,"altura_fuste_m":2.5,"caducifolio":false,"meses_sin_hojas":"","fuente":"provisional"},"geometry":{"type":"Point","coordinates":[-73.241228,10.478505]}},{"type":"Feature","properties":{"id":"prov-1306","especie":"mango","altura_m":9.4,"diametro_copa_m":8.7,"altura_fuste_m":2.5,"caducifolio":false,"meses_sin_hojas":"","fuente":"provisional"},"geometry":{"type":"Point","coordinates":[-73.241173,10.478395]}},{"type":"Feature","properties":{"id":"prov-1307","especie":"mango","altura_m":11.1,"diametro_copa_m":9.6,"altura_fuste_m":2.5,"caducifolio":false,"meses_sin_hojas":"","fuente":"provisional"},"geometry":{"type":"Point","coordinates":[-73.241113,10.478274]}},{"type":"Feature","properties":{"id":"prov-1308","especie":"mango","altura_m":10.3,"diametro_copa_m":10.2,"altura_fuste_m":2.5,"caducifolio":false,"meses_sin_hojas":"","fuente":"provisional"},"geometry":{"type":"Point","coordinates":[-73.241018,10.478083]}},{"type":"Feature","properties":{"id":"prov-1309","especie":"mango","altura_m":10.0,"diametro_copa_m":11.9,"altura_fuste_m":2.5,"caducifolio":false,"meses_sin_hojas":"","fuente":"provisional"},"geometry":{"type":"Point","coordinates":[-73.240968,10.477982]}},{"type":"Feature","properties":{"id":"prov-1310","especie":"mango","altura_m":11.5,"diametro_copa_m":11.1,"altura_fuste_m":2.5,"caducifolio":false,"meses_sin_hojas":"","fuente":"provisional"},"geometry":{"type":"Point","coordinates":[-73.240769,10.478563]}},{"type":"Feature","properties":{"id":"prov-1311","especie":"mango","altura_m":11.3,"diametro_copa_m":10.2,"altura_fuste_m":2.5,"caducifolio":false,"meses_sin_hojas":"","fuente":"provisional"},"geometry":{"type":"Point","coordinates":[-73.240695,10.478415]}},{"type":"Feature","properties":{"id":"prov-1312","especie":"mango","altura_m":9.7,"diametro_copa_m":10.3,"altura_fuste_m":2.5,"caducifolio":false,"meses_sin_hojas":"","fuente":"provisional"},"geometry":{"type":"Point","coordinates":[-73.240622,10.47827]}},{"type":"Feature","properties":{"id":"prov-1313","especie":"otro","altura_m":8.9,"diametro_copa_m":5.2,"altura_fuste_m":2.5,"caducifolio":false,"meses_sin_hojas":"","fuente":"provisional"},"geometry":{"type":"Point","coordinates":[-73.240552,10.478132]}},{"type":"Feature","properties":{"id":"prov-1314","especie":"mango","altura_m":8.5,"diametro_copa_m":10.5,"altura_fuste_m":2.5,"caducifolio":false,"meses_sin_hojas":"","fuente":"provisional"},"geometry":{"type":"Point","coordinates":[-73.241813,10.481126]}},{"type":"Feature","properties":{"id":"prov-1315","especie":"mango","altura_m":9.4,"diametro_copa_m":8.9,"altura_fuste_m":2.5,"caducifolio":false,"meses_sin_hojas":"","fuente":"provisional"},"geometry":{"type":"Point","coordinates":[-73.241872,10.481241]}},{"type":"Feature","properties":{"id":"prov-1316","especie":"canaguate","altura_m":8.7,"diametro_copa_m":7.7,"altura_fuste_m":3.0,"caducifolio":true,"meses_sin_hojas":"1,2,3","fuente":"provisional"},"geometry":{"type":"Point","coordinates":[-73.241949,10.481393]}},{"type":"Feature","properties":{"id":"prov-1317","especie":"mango","altura_m":10.7,"diametro_copa_m":11.9,"altura_fuste_m":2.5,"caducifolio":false,"meses_sin_hojas":"","fuente":"provisional"},"geometry":{"type":"Point","coordinates":[-73.243947,10.48157]}},{"type":"Feature","properties":{"id":"prov-1318","especie":"mango","altura_m":11.3,"diametro_copa_m":9.8,"altura_fuste_m":2.5,"caducifolio":false,"meses_sin_hojas":"","fuente":"provisional"},"geometry":{"type":"Point","coordinates":[-73.243863,10.481756]}},{"type":"Feature","properties":{"id":"prov-1319","especie":"mango","altura_m":9.7,"diametro_copa_m":8.8,"altura_fuste_m":2.5,"caducifolio":false,"meses_sin_hojas":"","fuente":"provisional"},"geometry":{"type":"Point","coordinates":[-73.243794,10.481907]}},{"type":"Feature","properties":{"id":"prov-1320","especie":"mango","altura_m":8.4,"diametro_copa_m":8.1,"altura_fuste_m":2.5,"caducifolio":false,"meses_sin_hojas":"","fuente":"provisional"},"geometry":{"type":"Point","coordinates":[-73.242673,10.481766]}},{"type":"Feature","properties":{"id":"prov-1321","especie":"mango","altura_m":8.0,"diametro_copa_m":11.6,"altura_fuste_m":2.5,"caducifolio":false,"meses_sin_hojas":"","fuente":"provisional"},"geometry":{"type":"Point","coordinates":[-73.242775,10.481956]}},{"type":"Feature","properties":{"id":"prov-1322","especie":"mango","altura_m":11.7,"diametro_copa_m":8.1,"altura_fuste_m":2.5,"caducifolio":false,"meses_sin_hojas":"","fuente":"provisional"},"geometry":{"type":"Point","coordinates":[-73.242867,10.482127]}},{"type":"Feature","properties":{"id":"prov-1323","especie":"mango","altura_m":10.3,"diametro_copa_m":9.8,"altura_fuste_m":2.5,"caducifolio":false,"meses_sin_hojas":"","fuente":"provisional"},"geometry":{"type":"Point","coordinates":[-73.242945,10.482285]}},{"type":"Feature","properties":{"id":"prov-1324","especie":"mango","altura_m":10.8,"diametro_copa_m":10.3,"altura_fuste_m":2.5,"caducifolio":false,"meses_sin_hojas":"","fuente":"provisional"},"geometry":{"type":"Point","coordinates":[-73.243015,10.482431]}},{"type":"Feature","properties":{"id":"prov-1325","especie":"mango","altura_m":11.8,"diametro_copa_m":8.9,"altura_fuste_m":2.5,"caducifolio":false,"meses_sin_hojas":"","fuente":"provisional"},"geometry":{"type":"Point","coordinates":[-73.243079,10.482564]}},{"type":"Feature","properties":{"id":"prov-1326","especie":"mango","altura_m":10.4,"diametro_copa_m":10.2,"altura_fuste_m":2.5,"caducifolio":false,"meses_sin_hojas":"","fuente":"provisional"},"geometry":{"type":"Point","coordinates":[-73.241129,10.480141]}},{"type":"Feature","properties":{"id":"prov-1327","especie":"mango","altura_m":9.6,"diametro_copa_m":8.4,"altura_fuste_m":2.5,"caducifolio":false,"meses_sin_hojas":"","fuente":"provisional"},"geometry":{"type":"Point","coordinates":[-73.241032,10.480003]}},{"type":"Feature","properties":{"id":"prov-1328","especie":"canaguate","altura_m":8.3,"diametro_copa_m":7.1,"altura_fuste_m":3.0,"caducifolio":true,"meses_sin_hojas":"1,2,3","fuente":"provisional"},"geometry":{"type":"Point","coordinates":[-73.241645,10.479397]}},{"type":"Feature","properties":{"id":"prov-1329","especie":"mango","altura_m":11.7,"diametro_copa_m":10.1,"altura_fuste_m":2.5,"caducifolio":false,"meses_sin_hojas":"","fuente":"provisional"},"geometry":{"type":"Point","coordinates":[-73.241684,10.479437]}},{"type":"Feature","properties":{"id":"prov-1330","especie":"mango","altura_m":10.2,"diametro_copa_m":11.9,"altura_fuste_m":2.5,"caducifolio":false,"meses_sin_hojas":"","fuente":"provisional"},"geometry":{"type":"Point","coordinates":[-73.241288,10.479674]}},{"type":"Feature","properties":{"id":"prov-1331","especie":"mango","altura_m":11.2,"diametro_copa_m":11.9,"altura_fuste_m":2.5,"caducifolio":false,"meses_sin_hojas":"","fuente":"provisional"},"geometry":{"type":"Point","coordinates":[-73.241458,10.47957]}},{"type":"Feature","properties":{"id":"prov-1332","especie":"canaguate","altura_m":9.0,"diametro_copa_m":8.4,"altura_fuste_m":3.0,"caducifolio":true,"meses_sin_hojas":"1,2,3","fuente":"provisional"},"geometry":{"type":"Point","coordinates":[-73.239703,10.476284]}},{"type":"Feature","properties":{"id":"prov-1333","especie":"mango","altura_m":8.0,"diametro_copa_m":11.4,"altura_fuste_m":2.5,"caducifolio":false,"meses_sin_hojas":"","fuente":"provisional"},"geometry":{"type":"Point","coordinates":[-73.239826,10.476222]}},{"type":"Feature","properties":{"id":"prov-1334","especie":"otro","altura_m":9.5,"diametro_copa_m":5.2,"altura_fuste_m":2.5,"caducifolio":false,"meses_sin_hojas":"","fuente":"provisional"},"geometry":{"type":"Point","coordinates":[-73.239974,10.476148]}},{"type":"Feature","properties":{"id":"prov-1335","especie":"otro","altura_m":7.4,"diametro_copa_m":5.5,"altura_fuste_m":2.5,"caducifolio":false,"meses_sin_hojas":"","fuente":"provisional"},"geometry":{"type":"Point","coordinates":[-73.240117,10.476076]}},{"type":"Feature","properties":{"id":"prov-1336","especie":"otro","altura_m":7.1,"diametro_copa_m":5.6,"altura_fuste_m":2.5,"caducifolio":false,"meses_sin_hojas":"","fuente":"provisional"},"geometry":{"type":"Point","coordinates":[-73.243615,10.476623]}},{"type":"Feature","properties":{"id":"prov-1337","especie":"mango","altura_m":8.5,"diametro_copa_m":8.8,"altura_fuste_m":2.5,"caducifolio":false,"meses_sin_hojas":"","fuente":"provisional"},"geometry":{"type":"Point","coordinates":[-73.243764,10.4765]}},{"type":"Feature","properties":{"id":"prov-1338","especie":"mango","altura_m":11.4,"diametro_copa_m":9.1,"altura_fuste_m":2.5,"caducifolio":false,"meses_sin_hojas":"","fuente":"provisional"},"geometry":{"type":"Point","coordinates":[-73.243901,10.476388]}},{"type":"Feature","properties":{"id":"prov-1339","especie":"canaguate","altura_m":10.3,"diametro_copa_m":7.8,"altura_fuste_m":3.0,"caducifolio":true,"meses_sin_hojas":"1,2,3","fuente":"provisional"},"geometry":{"type":"Point","coordinates":[-73.242713,10.481686]}},{"type":"Feature","properties":{"id":"prov-1340","especie":"mango","altura_m":10.5,"diametro_copa_m":9.5,"altura_fuste_m":2.5,"caducifolio":false,"meses_sin_hojas":"","fuente":"provisional"},"geometry":{"type":"Point","coordinates":[-73.24282,10.481627]}},{"type":"Feature","properties":{"id":"prov-1341","especie":"otro","altura_m":8.3,"diametro_copa_m":7.5,"altura_fuste_m":2.5,"caducifolio":false,"meses_sin_hojas":"","fuente":"provisional"},"geometry":{"type":"Point","coordinates":[-73.243053,10.4815]}},{"type":"Feature","properties":{"id":"prov-1342","especie":"mango","altura_m":9.1,"diametro_copa_m":11.2,"altura_fuste_m":2.5,"caducifolio":false,"meses_sin_hojas":"","fuente":"provisional"},"geometry":{"type":"Point","coordinates":[-73.24644,10.483238]}},{"type":"Feature","properties":{"id":"prov-1343","especie":"canaguate","altura_m":9.9,"diametro_copa_m":6.8,"altura_fuste_m":3.0,"caducifolio":true,"meses_sin_hojas":"1,2,3","fuente":"provisional"},"geometry":{"type":"Point","coordinates":[-73.2466,10.483132]}},{"type":"Feature","properties":{"id":"prov-1344","especie":"canaguate","altura_m":8.9,"diametro_copa_m":9.0,"altura_fuste_m":3.0,"caducifolio":true,"meses_sin_hojas":"1,2,3","fuente":"provisional"},"geometry":{"type":"Point","coordinates":[-73.246298,10.483273]}},{"type":"Feature","properties":{"id":"prov-1345","especie":"mango","altura_m":10.8,"diametro_copa_m":10.3,"altura_fuste_m":2.5,"caducifolio":false,"meses_sin_hojas":"","fuente":"provisional"},"geometry":{"type":"Point","coordinates":[-73.246191,10.483186]}},{"type":"Feature","properties":{"id":"prov-1346","especie":"mango","altura_m":10.2,"diametro_copa_m":11.2,"altura_fuste_m":2.5,"caducifolio":false,"meses_sin_hojas":"","fuente":"provisional"},"geometry":{"type":"Point","coordinates":[-73.246091,10.483104]}},{"type":"Feature","properties":{"id":"prov-1347","especie":"canaguate","altura_m":12.0,"diametro_copa_m":7.2,"altura_fuste_m":3.0,"caducifolio":true,"meses_sin_hojas":"1,2,3","fuente":"provisional"},"geometry":{"type":"Point","coordinates":[-73.245959,10.482996]}},{"type":"Feature","properties":{"id":"prov-1348","especie":"mango","altura_m":9.9,"diametro_copa_m":8.1,"altura_fuste_m":2.5,"caducifolio":false,"meses_sin_hojas":"","fuente":"provisional"},"geometry":{"type":"Point","coordinates":[-73.244039,10.481511]}},{"type":"Feature","properties":{"id":"prov-1349","especie":"otro","altura_m":6.2,"diametro_copa_m":6.7,"altura_fuste_m":2.5,"caducifolio":false,"meses_sin_hojas":"","fuente":"provisional"},"geometry":{"type":"Point","coordinates":[-73.244126,10.481348]}},{"type":"Feature","properties":{"id":"prov-1350","especie":"mango","altura_m":11.5,"diametro_copa_m":10.5,"altura_fuste_m":2.5,"caducifolio":false,"meses_sin_hojas":"","fuente":"provisional"},"geometry":{"type":"Point","coordinates":[-73.243995,10.481029]}},{"type":"Feature","properties":{"id":"prov-1351","especie":"mango","altura_m":11.5,"diametro_copa_m":9.2,"altura_fuste_m":2.5,"caducifolio":false,"meses_sin_hojas":"","fuente":"provisional"},"geometry":{"type":"Point","coordinates":[-73.244064,10.481139]}},{"type":"Feature","properties":{"id":"prov-1352","especie":"canaguate","altura_m":9.7,"diametro_copa_m":6.8,"altura_fuste_m":3.0,"caducifolio":true,"meses_sin_hojas":"1,2,3","fuente":"provisional"},"geometry":{"type":"Point","coordinates":[-73.244345,10.480789]}},{"type":"Feature","properties":{"id":"prov-1353","especie":"mango","altura_m":10.4,"diametro_copa_m":9.8,"altura_fuste_m":2.5,"caducifolio":false,"meses_sin_hojas":"","fuente":"provisional"},"geometry":{"type":"Point","coordinates":[-73.24433,10.480936]}},{"type":"Feature","properties":{"id":"prov-1354","especie":"mango","altura_m":8.8,"diametro_copa_m":10.9,"altura_fuste_m":2.5,"caducifolio":false,"meses_sin_hojas":"","fuente":"provisional"},"geometry":{"type":"Point","coordinates":[-73.244254,10.481092]}},{"type":"Feature","properties":{"id":"prov-1355","especie":"canaguate","altura_m":9.2,"diametro_copa_m":8.8,"altura_fuste_m":3.0,"caducifolio":true,"meses_sin_hojas":"1,2,3","fuente":"provisional"},"geometry":{"type":"Point","coordinates":[-73.244198,10.481204]}},{"type":"Feature","properties":{"id":"prov-1356","especie":"mango","altura_m":10.0,"diametro_copa_m":9.7,"altura_fuste_m":2.5,"caducifolio":false,"meses_sin_hojas":"","fuente":"provisional"},"geometry":{"type":"Point","coordinates":[-73.247781,10.473535]}},{"type":"Feature","properties":{"id":"prov-1357","especie":"mango","altura_m":8.8,"diametro_copa_m":8.7,"altura_fuste_m":2.5,"caducifolio":false,"meses_sin_hojas":"","fuente":"provisional"},"geometry":{"type":"Point","coordinates":[-73.240136,10.480061]}},{"type":"Feature","properties":{"id":"prov-1358","especie":"mango","altura_m":8.5,"diametro_copa_m":9.6,"altura_fuste_m":2.5,"caducifolio":false,"meses_sin_hojas":"","fuente":"provisional"},"geometry":{"type":"Point","coordinates":[-73.240279,10.480219]}},{"type":"Feature","properties":{"id":"prov-1359","especie":"mango","altura_m":10.9,"diametro_copa_m":8.3,"altura_fuste_m":2.5,"caducifolio":false,"meses_sin_hojas":"","fuente":"provisional"},"geometry":{"type":"Point","coordinates":[-73.24038,10.480315]}},{"type":"Feature","properties":{"id":"prov-1360","especie":"mango","altura_m":11.8,"diametro_copa_m":8.6,"altura_fuste_m":2.5,"caducifolio":false,"meses_sin_hojas":"","fuente":"provisional"},"geometry":{"type":"Point","coordinates":[-73.240531,10.480418]}},{"type":"Feature","properties":{"id":"prov-1361","especie":"mango","altura_m":10.6,"diametro_copa_m":9.4,"altura_fuste_m":2.5,"caducifolio":false,"meses_sin_hojas":"","fuente":"provisional"},"geometry":{"type":"Point","coordinates":[-73.238669,10.477073]}},{"type":"Feature","properties":{"id":"prov-1362","especie":"otro","altura_m":7.8,"diametro_copa_m":7.2,"altura_fuste_m":2.5,"caducifolio":false,"meses_sin_hojas":"","fuente":"provisional"},"geometry":{"type":"Point","coordinates":[-73.238729,10.477167]}},{"type":"Feature","properties":{"id":"prov-1363","especie":"canaguate","altura_m":9.6,"diametro_copa_m":6.9,"altura_fuste_m":3.0,"caducifolio":true,"meses_sin_hojas":"1,2,3","fuente":"provisional"},"geometry":{"type":"Point","coordinates":[-73.238827,10.477368]}},{"type":"Feature","properties":{"id":"prov-1364","especie":"mango","altura_m":9.2,"diametro_copa_m":11.3,"altura_fuste_m":2.5,"caducifolio":false,"meses_sin_hojas":"","fuente":"provisional"},"geometry":{"type":"Point","coordinates":[-73.238877,10.477492]}},{"type":"Feature","properties":{"id":"prov-1365","especie":"mango","altura_m":11.4,"diametro_copa_m":8.5,"altura_fuste_m":2.5,"caducifolio":false,"meses_sin_hojas":"","fuente":"provisional"},"geometry":{"type":"Point","coordinates":[-73.238624,10.477103]}},{"type":"Feature","properties":{"id":"prov-1366","especie":"otro","altura_m":9.5,"diametro_copa_m":5.8,"altura_fuste_m":2.5,"caducifolio":false,"meses_sin_hojas":"","fuente":"provisional"},"geometry":{"type":"Point","coordinates":[-73.238728,10.477271]}},{"type":"Feature","properties":{"id":"prov-1367","especie":"mango","altura_m":10.9,"diametro_copa_m":11.1,"altura_fuste_m":2.5,"caducifolio":false,"meses_sin_hojas":"","fuente":"provisional"},"geometry":{"type":"Point","coordinates":[-73.238782,10.477404]}},{"type":"Feature","properties":{"id":"prov-1368","especie":"mango","altura_m":8.3,"diametro_copa_m":10.6,"altura_fuste_m":2.5,"caducifolio":false,"meses_sin_hojas":"","fuente":"provisional"},"geometry":{"type":"Point","coordinates":[-73.238834,10.477531]}},{"type":"Feature","properties":{"id":"prov-1369","especie":"mango","altura_m":12.0,"diametro_copa_m":9.0,"altura_fuste_m":2.5,"caducifolio":false,"meses_sin_hojas":"","fuente":"provisional"},"geometry":{"type":"Point","coordinates":[-73.238906,10.477708]}},{"type":"Feature","properties":{"id":"prov-1370","especie":"mango","altura_m":9.2,"diametro_copa_m":8.9,"altura_fuste_m":2.5,"caducifolio":false,"meses_sin_hojas":"","fuente":"provisional"},"geometry":{"type":"Point","coordinates":[-73.24408,10.481659]}},{"type":"Feature","properties":{"id":"prov-1371","especie":"mango","altura_m":11.3,"diametro_copa_m":9.4,"altura_fuste_m":2.5,"caducifolio":false,"meses_sin_hojas":"","fuente":"provisional"},"geometry":{"type":"Point","coordinates":[-73.244184,10.481727]}},{"type":"Feature","properties":{"id":"prov-1372","especie":"mango","altura_m":9.3,"diametro_copa_m":8.3,"altura_fuste_m":2.5,"caducifolio":false,"meses_sin_hojas":"","fuente":"provisional"},"geometry":{"type":"Point","coordinates":[-73.244275,10.481822]}},{"type":"Feature","properties":{"id":"prov-1373","especie":"mango","altura_m":10.0,"diametro_copa_m":9.8,"altura_fuste_m":2.5,"caducifolio":false,"meses_sin_hojas":"","fuente":"provisional"},"geometry":{"type":"Point","coordinates":[-73.239553,10.478216]}},{"type":"Feature","properties":{"id":"prov-1374","especie":"canaguate","altura_m":9.2,"diametro_copa_m":7.8,"altura_fuste_m":3.0,"caducifolio":true,"meses_sin_hojas":"1,2,3","fuente":"provisional"},"geometry":{"type":"Point","coordinates":[-73.239469,10.478054]}},{"type":"Feature","properties":{"id":"prov-1375","especie":"otro","altura_m":7.4,"diametro_copa_m":6.9,"altura_fuste_m":2.5,"caducifolio":false,"meses_sin_hojas":"","fuente":"provisional"},"geometry":{"type":"Point","coordinates":[-73.239382,10.477871]}},{"type":"Feature","properties":{"id":"prov-1376","especie":"mango","altura_m":9.0,"diametro_copa_m":9.0,"altura_fuste_m":2.5,"caducifolio":false,"meses_sin_hojas":"","fuente":"provisional"},"geometry":{"type":"Point","coordinates":[-73.239286,10.477669]}},{"type":"Feature","properties":{"id":"prov-1377","especie":"canaguate","altura_m":8.1,"diametro_copa_m":8.2,"altura_fuste_m":3.0,"caducifolio":true,"meses_sin_hojas":"1,2,3","fuente":"provisional"},"geometry":{"type":"Point","coordinates":[-73.239219,10.47753]}},{"type":"Feature","properties":{"id":"prov-1378","especie":"mango","altura_m":9.3,"diametro_copa_m":8.8,"altura_fuste_m":2.5,"caducifolio":false,"meses_sin_hojas":"","fuente":"provisional"},"geometry":{"type":"Point","coordinates":[-73.239127,10.477336]}},{"type":"Feature","properties":{"id":"prov-1379","especie":"mango","altura_m":10.8,"diametro_copa_m":10.9,"altura_fuste_m":2.5,"caducifolio":false,"meses_sin_hojas":"","fuente":"provisional"},"geometry":{"type":"Point","coordinates":[-73.239062,10.477201]}},{"type":"Feature","properties":{"id":"prov-1380","especie":"canaguate","altura_m":11.3,"diametro_copa_m":7.1,"altura_fuste_m":3.0,"caducifolio":true,"meses_sin_hojas":"1,2,3","fuente":"provisional"},"geometry":{"type":"Point","coordinates":[-73.23901,10.477085]}},{"type":"Feature","properties":{"id":"prov-1381","especie":"mango","altura_m":11.2,"diametro_copa_m":9.1,"altura_fuste_m":2.5,"caducifolio":false,"meses_sin_hojas":"","fuente":"provisional"},"geometry":{"type":"Point","coordinates":[-73.238924,10.476889]}},{"type":"Feature","properties":{"id":"prov-1382","especie":"mango","altura_m":10.0,"diametro_copa_m":9.5,"altura_fuste_m":2.5,"caducifolio":false,"meses_sin_hojas":"","fuente":"provisional"},"geometry":{"type":"Point","coordinates":[-73.239151,10.476655]}},{"type":"Feature","properties":{"id":"prov-1383","especie":"mango","altura_m":9.0,"diametro_copa_m":9.0,"altura_fuste_m":2.5,"caducifolio":false,"meses_sin_hojas":"","fuente":"provisional"},"geometry":{"type":"Point","coordinates":[-73.23898,10.47675]}},{"type":"Feature","properties":{"id":"prov-1384","especie":"mango","altura_m":11.5,"diametro_copa_m":11.6,"altura_fuste_m":2.5,"caducifolio":false,"meses_sin_hojas":"","fuente":"provisional"},"geometry":{"type":"Point","coordinates":[-73.239607,10.476332]}},{"type":"Feature","properties":{"id":"prov-1385","especie":"mango","altura_m":10.7,"diametro_copa_m":9.6,"altura_fuste_m":2.5,"caducifolio":false,"meses_sin_hojas":"","fuente":"provisional"},"geometry":{"type":"Point","coordinates":[-73.239506,10.476383]}},{"type":"Feature","properties":{"id":"prov-1386","especie":"canaguate","altura_m":9.5,"diametro_copa_m":8.7,"altura_fuste_m":3.0,"caducifolio":true,"meses_sin_hojas":"1,2,3","fuente":"provisional"},"geometry":{"type":"Point","coordinates":[-73.239334,10.47647]}},{"type":"Feature","properties":{"id":"prov-1387","especie":"otro","altura_m":9.3,"diametro_copa_m":7.6,"altura_fuste_m":2.5,"caducifolio":false,"meses_sin_hojas":"","fuente":"provisional"},"geometry":{"type":"Point","coordinates":[-73.239179,10.476548]}},{"type":"Feature","properties":{"id":"prov-1388","especie":"mango","altura_m":10.4,"diametro_copa_m":10.3,"altura_fuste_m":2.5,"caducifolio":false,"meses_sin_hojas":"","fuente":"provisional"},"geometry":{"type":"Point","coordinates":[-73.240006,10.478088]}},{"type":"Feature","properties":{"id":"prov-1389","especie":"mango","altura_m":11.9,"diametro_copa_m":11.1,"altura_fuste_m":2.5,"caducifolio":false,"meses_sin_hojas":"","fuente":"provisional"},"geometry":{"type":"Point","coordinates":[-73.23986,10.478172]}},{"type":"Feature","properties":{"id":"prov-1390","especie":"mango","altura_m":11.7,"diametro_copa_m":9.4,"altura_fuste_m":2.5,"caducifolio":false,"meses_sin_hojas":"","fuente":"provisional"},"geometry":{"type":"Point","coordinates":[-73.239686,10.478272]}},{"type":"Feature","properties":{"id":"prov-1391","especie":"otro","altura_m":9.3,"diametro_copa_m":5.1,"altura_fuste_m":2.5,"caducifolio":false,"meses_sin_hojas":"","fuente":"provisional"},"geometry":{"type":"Point","coordinates":[-73.24389,10.479653]}},{"type":"Feature","properties":{"id":"prov-1392","especie":"mango","altura_m":11.3,"diametro_copa_m":9.2,"altura_fuste_m":2.5,"caducifolio":false,"meses_sin_hojas":"","fuente":"provisional"},"geometry":{"type":"Point","coordinates":[-73.243806,10.479516]}},{"type":"Feature","properties":{"id":"prov-1393","especie":"canaguate","altura_m":8.9,"diametro_copa_m":8.9,"altura_fuste_m":3.0,"caducifolio":true,"meses_sin_hojas":"1,2,3","fuente":"provisional"},"geometry":{"type":"Point","coordinates":[-73.244345,10.478895]}},{"type":"Feature","properties":{"id":"prov-1394","especie":"otro","altura_m":8.4,"diametro_copa_m":5.2,"altura_fuste_m":2.5,"caducifolio":false,"meses_sin_hojas":"","fuente":"provisional"},"geometry":{"type":"Point","coordinates":[-73.244293,10.479063]}},{"type":"Feature","properties":{"id":"prov-1395","especie":"otro","altura_m":9.4,"diametro_copa_m":7.5,"altura_fuste_m":2.5,"caducifolio":false,"meses_sin_hojas":"","fuente":"provisional"},"geometry":{"type":"Point","coordinates":[-73.244123,10.479174]}},{"type":"Feature","properties":{"id":"prov-1396","especie":"mango","altura_m":11.1,"diametro_copa_m":11.8,"altura_fuste_m":2.5,"caducifolio":false,"meses_sin_hojas":"","fuente":"provisional"},"geometry":{"type":"Point","coordinates":[-73.244028,10.479265]}},{"type":"Feature","properties":{"id":"prov-1397","especie":"mango","altura_m":9.2,"diametro_copa_m":9.0,"altura_fuste_m":2.5,"caducifolio":false,"meses_sin_hojas":"","fuente":"provisional"},"geometry":{"type":"Point","coordinates":[-73.243851,10.479371]}},{"type":"Feature","properties":{"id":"prov-1398","especie":"canaguate","altura_m":11.0,"diametro_copa_m":6.1,"altura_fuste_m":3.0,"caducifolio":true,"meses_sin_hojas":"1,2,3","fuente":"provisional"},"geometry":{"type":"Point","coordinates":[-73.244304,10.478852]}},{"type":"Feature","properties":{"id":"prov-1399","especie":"mango","altura_m":9.2,"diametro_copa_m":10.2,"altura_fuste_m":2.5,"caducifolio":false,"meses_sin_hojas":"","fuente":"provisional"},"geometry":{"type":"Point","coordinates":[-73.244265,10.478991]}},{"type":"Feature","properties":{"id":"prov-1400","especie":"mango","altura_m":10.3,"diametro_copa_m":9.1,"altura_fuste_m":2.5,"caducifolio":false,"meses_sin_hojas":"","fuente":"provisional"},"geometry":{"type":"Point","coordinates":[-73.244156,10.479089]}},{"type":"Feature","properties":{"id":"prov-1401","especie":"mango","altura_m":11.9,"diametro_copa_m":11.1,"altura_fuste_m":2.5,"caducifolio":false,"meses_sin_hojas":"","fuente":"provisional"},"geometry":{"type":"Point","coordinates":[-73.244044,10.479183]}},{"type":"Feature","properties":{"id":"prov-1402","especie":"otro","altura_m":9.1,"diametro_copa_m":5.5,"altura_fuste_m":2.5,"caducifolio":false,"meses_sin_hojas":"","fuente":"provisional"},"geometry":{"type":"Point","coordinates":[-73.243956,10.479245]}},{"type":"Feature","properties":{"id":"prov-1403","especie":"canaguate","altura_m":9.1,"diametro_copa_m":7.1,"altura_fuste_m":3.0,"caducifolio":true,"meses_sin_hojas":"1,2,3","fuente":"provisional"},"geometry":{"type":"Point","coordinates":[-73.243788,10.479345]}},{"type":"Feature","properties":{"id":"prov-1404","especie":"canaguate","altura_m":8.2,"diametro_copa_m":7.0,"altura_fuste_m":3.0,"caducifolio":true,"meses_sin_hojas":"1,2,3","fuente":"provisional"},"geometry":{"type":"Point","coordinates":[-73.247031,10.477248]}},{"type":"Feature","properties":{"id":"prov-1405","especie":"mango","altura_m":8.3,"diametro_copa_m":10.0,"altura_fuste_m":2.5,"caducifolio":false,"meses_sin_hojas":"","fuente":"provisional"},"geometry":{"type":"Point","coordinates":[-73.249271,10.475528]}},{"type":"Feature","properties":{"id":"prov-1406","especie":"otro","altura_m":8.8,"diametro_copa_m":6.7,"altura_fuste_m":2.5,"caducifolio":false,"meses_sin_hojas":"","fuente":"provisional"},"geometry":{"type":"Point","coordinates":[-73.245622,10.475799]}},{"type":"Feature","properties":{"id":"prov-1407","especie":"canaguate","altura_m":10.2,"diametro_copa_m":6.8,"altura_fuste_m":3.0,"caducifolio":true,"meses_sin_hojas":"1,2,3","fuente":"provisional"},"geometry":{"type":"Point","coordinates":[-73.245531,10.47566]}},{"type":"Feature","properties":{"id":"prov-1408","especie":"canaguate","altura_m":8.4,"diametro_copa_m":6.3,"altura_fuste_m":3.0,"caducifolio":true,"meses_sin_hojas":"1,2,3","fuente":"provisional"},"geometry":{"type":"Point","coordinates":[-73.245433,10.47551]}},{"type":"Feature","properties":{"id":"prov-1409","especie":"mango","altura_m":9.2,"diametro_copa_m":11.9,"altura_fuste_m":2.5,"caducifolio":false,"meses_sin_hojas":"","fuente":"provisional"},"geometry":{"type":"Point","coordinates":[-73.243732,10.471898]}},{"type":"Feature","properties":{"id":"prov-1410","especie":"otro","altura_m":7.2,"diametro_copa_m":7.3,"altura_fuste_m":2.5,"caducifolio":false,"meses_sin_hojas":"","fuente":"provisional"},"geometry":{"type":"Point","coordinates":[-73.241382,10.474177]}},{"type":"Feature","properties":{"id":"prov-1411","especie":"mango","altura_m":11.9,"diametro_copa_m":9.8,"altura_fuste_m":2.5,"caducifolio":false,"meses_sin_hojas":"","fuente":"provisional"},"geometry":{"type":"Point","coordinates":[-73.240785,10.473526]}},{"type":"Feature","properties":{"id":"prov-1412","especie":"otro","altura_m":7.8,"diametro_copa_m":8.0,"altura_fuste_m":2.5,"caducifolio":false,"meses_sin_hojas":"","fuente":"provisional"},"geometry":{"type":"Point","coordinates":[-73.240879,10.473638]}},{"type":"Feature","properties":{"id":"prov-1413","especie":"canaguate","altura_m":11.5,"diametro_copa_m":6.5,"altura_fuste_m":3.0,"caducifolio":true,"meses_sin_hojas":"1,2,3","fuente":"provisional"},"geometry":{"type":"Point","coordinates":[-73.240975,10.473752]}},{"type":"Feature","properties":{"id":"prov-1414","especie":"mango","altura_m":9.0,"diametro_copa_m":9.8,"altura_fuste_m":2.5,"caducifolio":false,"meses_sin_hojas":"","fuente":"provisional"},"geometry":{"type":"Point","coordinates":[-73.241075,10.473871]}},{"type":"Feature","properties":{"id":"prov-1415","especie":"mango","altura_m":11.7,"diametro_copa_m":9.4,"altura_fuste_m":2.5,"caducifolio":false,"meses_sin_hojas":"","fuente":"provisional"},"geometry":{"type":"Point","coordinates":[-73.241184,10.474001]}},{"type":"Feature","properties":{"id":"prov-1416","especie":"canaguate","altura_m":11.9,"diametro_copa_m":8.4,"altura_fuste_m":3.0,"caducifolio":true,"meses_sin_hojas":"1,2,3","fuente":"provisional"},"geometry":{"type":"Point","coordinates":[-73.241291,10.474128]}},{"type":"Feature","properties":{"id":"prov-1417","especie":"mango","altura_m":9.3,"diametro_copa_m":8.8,"altura_fuste_m":2.5,"caducifolio":false,"meses_sin_hojas":"","fuente":"provisional"},"geometry":{"type":"Point","coordinates":[-73.240132,10.472652]}},{"type":"Feature","properties":{"id":"prov-1418","especie":"canaguate","altura_m":11.2,"diametro_copa_m":8.6,"altura_fuste_m":3.0,"caducifolio":true,"meses_sin_hojas":"1,2,3","fuente":"provisional"},"geometry":{"type":"Point","coordinates":[-73.240222,10.472794]}},{"type":"Feature","properties":{"id":"prov-1419","especie":"mango","altura_m":10.9,"diametro_copa_m":10.2,"altura_fuste_m":2.5,"caducifolio":false,"meses_sin_hojas":"","fuente":"provisional"},"geometry":{"type":"Point","coordinates":[-73.240282,10.472887]}},{"type":"Feature","properties":{"id":"prov-1420","especie":"mango","altura_m":8.8,"diametro_copa_m":10.0,"altura_fuste_m":2.5,"caducifolio":false,"meses_sin_hojas":"","fuente":"provisional"},"geometry":{"type":"Point","coordinates":[-73.24036,10.47301]}},{"type":"Feature","properties":{"id":"prov-1421","especie":"canaguate","altura_m":10.1,"diametro_copa_m":7.4,"altura_fuste_m":3.0,"caducifolio":true,"meses_sin_hojas":"1,2,3","fuente":"provisional"},"geometry":{"type":"Point","coordinates":[-73.240468,10.473179]}},{"type":"Feature","properties":{"id":"prov-1422","especie":"mango","altura_m":11.3,"diametro_copa_m":9.3,"altura_fuste_m":2.5,"caducifolio":false,"meses_sin_hojas":"","fuente":"provisional"},"geometry":{"type":"Point","coordinates":[-73.240562,10.473327]}},{"type":"Feature","properties":{"id":"prov-1423","especie":"mango","altura_m":11.1,"diametro_copa_m":8.9,"altura_fuste_m":2.5,"caducifolio":false,"meses_sin_hojas":"","fuente":"provisional"},"geometry":{"type":"Point","coordinates":[-73.241842,10.48101]}},{"type":"Feature","properties":{"id":"prov-1424","especie":"canaguate","altura_m":8.1,"diametro_copa_m":6.2,"altura_fuste_m":3.0,"caducifolio":true,"meses_sin_hojas":"1,2,3","fuente":"provisional"},"geometry":{"type":"Point","coordinates":[-73.241941,10.480954]}},{"type":"Feature","properties":{"id":"prov-1425","especie":"mango","altura_m":8.8,"diametro_copa_m":9.6,"altura_fuste_m":2.5,"caducifolio":false,"meses_sin_hojas":"","fuente":"provisional"},"geometry":{"type":"Point","coordinates":[-73.242105,10.480862]}},{"type":"Feature","properties":{"id":"prov-1426","especie":"mango","altura_m":8.8,"diametro_copa_m":11.1,"altura_fuste_m":2.5,"caducifolio":false,"meses_sin_hojas":"","fuente":"provisional"},"geometry":{"type":"Point","coordinates":[-73.246259,10.478384]}},{"type":"Feature","properties":{"id":"prov-1427","especie":"mango","altura_m":10.5,"diametro_copa_m":11.4,"altura_fuste_m":2.5,"caducifolio":false,"meses_sin_hojas":"","fuente":"provisional"},"geometry":{"type":"Point","coordinates":[-73.246194,10.478284]}},{"type":"Feature","properties":{"id":"prov-1428","especie":"mango","altura_m":9.0,"diametro_copa_m":9.8,"altura_fuste_m":2.5,"caducifolio":false,"meses_sin_hojas":"","fuente":"provisional"},"geometry":{"type":"Point","coordinates":[-73.246126,10.478179]}},{"type":"Feature","properties":{"id":"prov-1429","especie":"canaguate","altura_m":10.2,"diametro_copa_m":8.4,"altura_fuste_m":3.0,"caducifolio":true,"meses_sin_hojas":"1,2,3","fuente":"provisional"},"geometry":{"type":"Point","coordinates":[-73.246314,10.478401]}},{"type":"Feature","properties":{"id":"prov-1430","especie":"mango","altura_m":9.0,"diametro_copa_m":8.6,"altura_fuste_m":2.5,"caducifolio":false,"meses_sin_hojas":"","fuente":"provisional"},"geometry":{"type":"Point","coordinates":[-73.246133,10.478124]}},{"type":"Feature","properties":{"id":"prov-1431","especie":"mango","altura_m":8.9,"diametro_copa_m":10.8,"altura_fuste_m":2.5,"caducifolio":false,"meses_sin_hojas":"","fuente":"provisional"},"geometry":{"type":"Point","coordinates":[-73.239313,10.475699]}},{"type":"Feature","properties":{"id":"prov-1432","especie":"mango","altura_m":11.9,"diametro_copa_m":9.2,"altura_fuste_m":2.5,"caducifolio":false,"meses_sin_hojas":"","fuente":"provisional"},"geometry":{"type":"Point","coordinates":[-73.245561,10.472197]}},{"type":"Feature","properties":{"id":"prov-1433","especie":"mango","altura_m":8.7,"diametro_copa_m":9.5,"altura_fuste_m":2.5,"caducifolio":false,"meses_sin_hojas":"","fuente":"provisional"},"geometry":{"type":"Point","coordinates":[-73.245629,10.472295]}},{"type":"Feature","properties":{"id":"prov-1434","especie":"canaguate","altura_m":11.9,"diametro_copa_m":6.7,"altura_fuste_m":3.0,"caducifolio":true,"meses_sin_hojas":"1,2,3","fuente":"provisional"},"geometry":{"type":"Point","coordinates":[-73.245748,10.472467]}},{"type":"Feature","properties":{"id":"prov-1435","especie":"otro","altura_m":6.1,"diametro_copa_m":7.7,"altura_fuste_m":2.5,"caducifolio":false,"meses_sin_hojas":"","fuente":"provisional"},"geometry":{"type":"Point","coordinates":[-73.245838,10.472597]}},{"type":"Feature","properties":{"id":"prov-1436","especie":"otro","altura_m":6.7,"diametro_copa_m":6.8,"altura_fuste_m":2.5,"caducifolio":false,"meses_sin_hojas":"","fuente":"provisional"},"geometry":{"type":"Point","coordinates":[-73.245516,10.472229]}},{"type":"Feature","properties":{"id":"prov-1437","especie":"mango","altura_m":11.8,"diametro_copa_m":10.0,"altura_fuste_m":2.5,"caducifolio":false,"meses_sin_hojas":"","fuente":"provisional"},"geometry":{"type":"Point","coordinates":[-73.245613,10.472368]}},{"type":"Feature","properties":{"id":"prov-1438","especie":"canaguate","altura_m":9.1,"diametro_copa_m":8.8,"altura_fuste_m":3.0,"caducifolio":true,"meses_sin_hojas":"1,2,3","fuente":"provisional"},"geometry":{"type":"Point","coordinates":[-73.245677,10.472461]}},{"type":"Feature","properties":{"id":"prov-1439","especie":"mango","altura_m":10.0,"diametro_copa_m":9.7,"altura_fuste_m":2.5,"caducifolio":false,"meses_sin_hojas":"","fuente":"provisional"},"geometry":{"type":"Point","coordinates":[-73.245796,10.472632]}},{"type":"Feature","properties":{"id":"prov-1440","especie":"mango","altura_m":10.8,"diametro_copa_m":10.7,"altura_fuste_m":2.5,"caducifolio":false,"meses_sin_hojas":"","fuente":"provisional"},"geometry":{"type":"Point","coordinates":[-73.245902,10.472785]}},{"type":"Feature","properties":{"id":"prov-1441","especie":"mango","altura_m":8.9,"diametro_copa_m":9.8,"altura_fuste_m":2.5,"caducifolio":false,"meses_sin_hojas":"","fuente":"provisional"},"geometry":{"type":"Point","coordinates":[-73.243932,10.478508]}},{"type":"Feature","properties":{"id":"prov-1442","especie":"mango","altura_m":11.1,"diametro_copa_m":8.4,"altura_fuste_m":2.5,"caducifolio":false,"meses_sin_hojas":"","fuente":"provisional"},"geometry":{"type":"Point","coordinates":[-73.244103,10.478391]}},{"type":"Feature","properties":{"id":"prov-1443","especie":"canaguate","altura_m":8.0,"diametro_copa_m":6.8,"altura_fuste_m":3.0,"caducifolio":true,"meses_sin_hojas":"1,2,3","fuente":"provisional"},"geometry":{"type":"Point","coordinates":[-73.244252,10.478424]}},{"type":"Feature","properties":{"id":"prov-1444","especie":"mango","altura_m":9.0,"diametro_copa_m":8.3,"altura_fuste_m":2.5,"caducifolio":false,"meses_sin_hojas":"","fuente":"provisional"},"geometry":{"type":"Point","coordinates":[-73.244329,10.478537]}},{"type":"Feature","properties":{"id":"prov-1445","especie":"mango","altura_m":9.0,"diametro_copa_m":8.1,"altura_fuste_m":2.5,"caducifolio":false,"meses_sin_hojas":"","fuente":"provisional"},"geometry":{"type":"Point","coordinates":[-73.244789,10.482358]}},{"type":"Feature","properties":{"id":"prov-1446","especie":"mango","altura_m":9.6,"diametro_copa_m":9.6,"altura_fuste_m":2.5,"caducifolio":false,"meses_sin_hojas":"","fuente":"provisional"},"geometry":{"type":"Point","coordinates":[-73.244917,10.482462]}},{"type":"Feature","properties":{"id":"prov-1447","especie":"mango","altura_m":8.5,"diametro_copa_m":11.5,"altura_fuste_m":2.5,"caducifolio":false,"meses_sin_hojas":"","fuente":"provisional"},"geometry":{"type":"Point","coordinates":[-73.245093,10.482606]}},{"type":"Feature","properties":{"id":"prov-1448","especie":"mango","altura_m":11.2,"diametro_copa_m":8.4,"altura_fuste_m":2.5,"caducifolio":false,"meses_sin_hojas":"","fuente":"provisional"},"geometry":{"type":"Point","coordinates":[-73.244848,10.477397]}},{"type":"Feature","properties":{"id":"prov-1449","especie":"otro","altura_m":8.9,"diametro_copa_m":7.3,"altura_fuste_m":2.5,"caducifolio":false,"meses_sin_hojas":"","fuente":"provisional"},"geometry":{"type":"Point","coordinates":[-73.244774,10.477294]}},{"type":"Feature","properties":{"id":"prov-1450","especie":"otro","altura_m":9.7,"diametro_copa_m":7.5,"altura_fuste_m":2.5,"caducifolio":false,"meses_sin_hojas":"","fuente":"provisional"},"geometry":{"type":"Point","coordinates":[-73.244709,10.477202]}},{"type":"Feature","properties":{"id":"prov-1451","especie":"mango","altura_m":11.6,"diametro_copa_m":8.7,"altura_fuste_m":2.5,"caducifolio":false,"meses_sin_hojas":"","fuente":"provisional"},"geometry":{"type":"Point","coordinates":[-73.244586,10.47703]}},{"type":"Feature","properties":{"id":"prov-1452","especie":"mango","altura_m":9.2,"diametro_copa_m":11.8,"altura_fuste_m":2.5,"caducifolio":false,"meses_sin_hojas":"","fuente":"provisional"},"geometry":{"type":"Point","coordinates":[-73.243805,10.478618]}},{"type":"Feature","properties":{"id":"prov-1453","especie":"mango","altura_m":9.5,"diametro_copa_m":9.7,"altura_fuste_m":2.5,"caducifolio":false,"meses_sin_hojas":"","fuente":"provisional"},"geometry":{"type":"Point","coordinates":[-73.244007,10.478479]}},{"type":"Feature","properties":{"id":"prov-1454","especie":"mango","altura_m":11.3,"diametro_copa_m":11.8,"altura_fuste_m":2.5,"caducifolio":false,"meses_sin_hojas":"","fuente":"provisional"},"geometry":{"type":"Point","coordinates":[-73.244264,10.478302]}},{"type":"Feature","properties":{"id":"prov-1455","especie":"otro","altura_m":7.6,"diametro_copa_m":6.2,"altura_fuste_m":2.5,"caducifolio":false,"meses_sin_hojas":"","fuente":"provisional"},"geometry":{"type":"Point","coordinates":[-73.244502,10.478188]}},{"type":"Feature","properties":{"id":"prov-1456","especie":"canaguate","altura_m":9.4,"diametro_copa_m":6.4,"altura_fuste_m":3.0,"caducifolio":true,"meses_sin_hojas":"1,2,3","fuente":"provisional"},"geometry":{"type":"Point","coordinates":[-73.244255,10.478359]}},{"type":"Feature","properties":{"id":"prov-1457","especie":"mango","altura_m":9.0,"diametro_copa_m":11.8,"altura_fuste_m":2.5,"caducifolio":false,"meses_sin_hojas":"","fuente":"provisional"},"geometry":{"type":"Point","coordinates":[-73.245027,10.477846]}},{"type":"Feature","properties":{"id":"prov-1458","especie":"canaguate","altura_m":8.2,"diametro_copa_m":8.3,"altura_fuste_m":3.0,"caducifolio":true,"meses_sin_hojas":"1,2,3","fuente":"provisional"},"geometry":{"type":"Point","coordinates":[-73.244888,10.477936]}},{"type":"Feature","properties":{"id":"prov-1459","especie":"mango","altura_m":9.4,"diametro_copa_m":8.8,"altura_fuste_m":2.5,"caducifolio":false,"meses_sin_hojas":"","fuente":"provisional"},"geometry":{"type":"Point","coordinates":[-73.244748,10.478028]}},{"type":"Feature","properties":{"id":"prov-1460","especie":"mango","altura_m":11.2,"diametro_copa_m":8.2,"altura_fuste_m":2.5,"caducifolio":false,"meses_sin_hojas":"","fuente":"provisional"},"geometry":{"type":"Point","coordinates":[-73.244565,10.478147]}},{"type":"Feature","properties":{"id":"prov-1461","especie":"canaguate","altura_m":8.9,"diametro_copa_m":6.9,"altura_fuste_m":3.0,"caducifolio":true,"meses_sin_hojas":"1,2,3","fuente":"provisional"},"geometry":{"type":"Point","coordinates":[-73.24522,10.477926]}},{"type":"Feature","properties":{"id":"prov-1462","especie":"mango","altura_m":10.9,"diametro_copa_m":9.2,"altura_fuste_m":2.5,"caducifolio":false,"meses_sin_hojas":"","fuente":"provisional"},"geometry":{"type":"Point","coordinates":[-73.245342,10.478105]}},{"type":"Feature","properties":{"id":"prov-1463","especie":"otro","altura_m":6.5,"diametro_copa_m":7.5,"altura_fuste_m":2.5,"caducifolio":false,"meses_sin_hojas":"","fuente":"provisional"},"geometry":{"type":"Point","coordinates":[-73.245434,10.478239]}},{"type":"Feature","properties":{"id":"prov-1464","especie":"mango","altura_m":8.6,"diametro_copa_m":8.9,"altura_fuste_m":2.5,"caducifolio":false,"meses_sin_hojas":"","fuente":"provisional"},"geometry":{"type":"Point","coordinates":[-73.245553,10.478414]}},{"type":"Feature","properties":{"id":"prov-1465","especie":"mango","altura_m":8.7,"diametro_copa_m":11.4,"altura_fuste_m":2.5,"caducifolio":false,"meses_sin_hojas":"","fuente":"provisional"},"geometry":{"type":"Point","coordinates":[-73.245626,10.478521]}},{"type":"Feature","properties":{"id":"prov-1466","especie":"mango","altura_m":9.6,"diametro_copa_m":11.6,"altura_fuste_m":2.5,"caducifolio":false,"meses_sin_hojas":"","fuente":"provisional"},"geometry":{"type":"Point","coordinates":[-73.245719,10.478656]}},{"type":"Feature","properties":{"id":"prov-1467","especie":"canaguate","altura_m":10.8,"diametro_copa_m":6.8,"altura_fuste_m":3.0,"caducifolio":true,"meses_sin_hojas":"1,2,3","fuente":"provisional"},"geometry":{"type":"Point","coordinates":[-73.245161,10.477756]}},{"type":"Feature","properties":{"id":"prov-1468","especie":"mango","altura_m":8.1,"diametro_copa_m":11.5,"altura_fuste_m":2.5,"caducifolio":false,"meses_sin_hojas":"","fuente":"provisional"},"geometry":{"type":"Point","coordinates":[-73.245333,10.477652]}},{"type":"Feature","properties":{"id":"prov-1469","especie":"mango","altura_m":9.5,"diametro_copa_m":10.6,"altura_fuste_m":2.5,"caducifolio":false,"meses_sin_hojas":"","fuente":"provisional"},"geometry":{"type":"Point","coordinates":[-73.245477,10.477563]}},{"type":"Feature","properties":{"id":"prov-1470","especie":"mango","altura_m":9.2,"diametro_copa_m":11.6,"altura_fuste_m":2.5,"caducifolio":false,"meses_sin_hojas":"","fuente":"provisional"},"geometry":{"type":"Point","coordinates":[-73.245636,10.477466]}},{"type":"Feature","properties":{"id":"prov-1471","especie":"otro","altura_m":9.0,"diametro_copa_m":6.8,"altura_fuste_m":2.5,"caducifolio":false,"meses_sin_hojas":"","fuente":"provisional"},"geometry":{"type":"Point","coordinates":[-73.245778,10.47738]}},{"type":"Feature","properties":{"id":"prov-1472","especie":"canaguate","altura_m":11.8,"diametro_copa_m":7.0,"altura_fuste_m":3.0,"caducifolio":true,"meses_sin_hojas":"1,2,3","fuente":"provisional"},"geometry":{"type":"Point","coordinates":[-73.246036,10.477222]}},{"type":"Feature","properties":{"id":"prov-1473","especie":"mango","altura_m":9.6,"diametro_copa_m":10.0,"altura_fuste_m":2.5,"caducifolio":false,"meses_sin_hojas":"","fuente":"provisional"},"geometry":{"type":"Point","coordinates":[-73.243655,10.471777]}},{"type":"Feature","properties":{"id":"prov-1474","especie":"canaguate","altura_m":9.8,"diametro_copa_m":8.4,"altura_fuste_m":3.0,"caducifolio":true,"meses_sin_hojas":"1,2,3","fuente":"provisional"},"geometry":{"type":"Point","coordinates":[-73.247532,10.476065]}},{"type":"Feature","properties":{"id":"prov-1475","especie":"mango","altura_m":10.6,"diametro_copa_m":10.9,"altura_fuste_m":2.5,"caducifolio":false,"meses_sin_hojas":"","fuente":"provisional"},"geometry":{"type":"Point","coordinates":[-73.247427,10.476076]}},{"type":"Feature","properties":{"id":"prov-1476","especie":"mango","altura_m":10.1,"diametro_copa_m":10.7,"altura_fuste_m":2.5,"caducifolio":false,"meses_sin_hojas":"","fuente":"provisional"},"geometry":{"type":"Point","coordinates":[-73.247448,10.476175]}},{"type":"Feature","properties":{"id":"prov-1477","especie":"mango","altura_m":12.0,"diametro_copa_m":8.4,"altura_fuste_m":2.5,"caducifolio":false,"meses_sin_hojas":"","fuente":"provisional"},"geometry":{"type":"Point","coordinates":[-73.247331,10.476074]}},{"type":"Feature","properties":{"id":"prov-1478","especie":"canaguate","altura_m":9.4,"diametro_copa_m":8.2,"altura_fuste_m":3.0,"caducifolio":true,"meses_sin_hojas":"1,2,3","fuente":"provisional"},"geometry":{"type":"Point","coordinates":[-73.247363,10.476148]}},{"type":"Feature","properties":{"id":"prov-1479","especie":"canaguate","altura_m":8.5,"diametro_copa_m":8.8,"altura_fuste_m":3.0,"caducifolio":true,"meses_sin_hojas":"1,2,3","fuente":"provisional"},"geometry":{"type":"Point","coordinates":[-73.244943,10.477741]}},{"type":"Feature","properties":{"id":"prov-1480","especie":"canaguate","altura_m":8.4,"diametro_copa_m":7.0,"altura_fuste_m":3.0,"caducifolio":true,"meses_sin_hojas":"1,2,3","fuente":"provisional"},"geometry":{"type":"Point","coordinates":[-73.244884,10.47764]}},{"type":"Feature","properties":{"id":"prov-1481","especie":"mango","altura_m":8.1,"diametro_copa_m":9.0,"altura_fuste_m":2.5,"caducifolio":false,"meses_sin_hojas":"","fuente":"provisional"},"geometry":{"type":"Point","coordinates":[-73.244766,10.477464]}},{"type":"Feature","properties":{"id":"prov-1482","especie":"otro","altura_m":9.5,"diametro_copa_m":6.7,"altura_fuste_m":2.5,"caducifolio":false,"meses_sin_hojas":"","fuente":"provisional"},"geometry":{"type":"Point","coordinates":[-73.244761,10.477537]}},{"type":"Feature","properties":{"id":"prov-1483","especie":"canaguate","altura_m":11.7,"diametro_copa_m":7.2,"altura_fuste_m":3.0,"caducifolio":true,"meses_sin_hojas":"1,2,3","fuente":"provisional"},"geometry":{"type":"Point","coordinates":[-73.244793,10.477637]}},{"type":"Feature","properties":{"id":"prov-1484","especie":"mango","altura_m":10.6,"diametro_copa_m":9.4,"altura_fuste_m":2.5,"caducifolio":false,"meses_sin_hojas":"","fuente":"provisional"},"geometry":{"type":"Point","coordinates":[-73.244791,10.47774]}},{"type":"Feature","properties":{"id":"prov-1485","especie":"mango","altura_m":8.3,"diametro_copa_m":11.7,"altura_fuste_m":2.5,"caducifolio":false,"meses_sin_hojas":"","fuente":"provisional"},"geometry":{"type":"Point","coordinates":[-73.24467,10.477442]}},{"type":"Feature","properties":{"id":"prov-1486","especie":"mango","altura_m":10.8,"diametro_copa_m":8.1,"altura_fuste_m":2.5,"caducifolio":false,"meses_sin_hojas":"","fuente":"provisional"},"geometry":{"type":"Point","coordinates":[-73.24467,10.477557]}},{"type":"Feature","properties":{"id":"prov-1487","especie":"mango","altura_m":11.6,"diametro_copa_m":9.2,"altura_fuste_m":2.5,"caducifolio":false,"meses_sin_hojas":"","fuente":"provisional"},"geometry":{"type":"Point","coordinates":[-73.244684,10.477638]}},{"type":"Feature","properties":{"id":"prov-1488","especie":"canaguate","altura_m":9.5,"diametro_copa_m":8.4,"altura_fuste_m":3.0,"caducifolio":true,"meses_sin_hojas":"1,2,3","fuente":"provisional"},"geometry":{"type":"Point","coordinates":[-73.244681,10.477729]}},{"type":"Feature","properties":{"id":"prov-1489","especie":"canaguate","altura_m":12.0,"diametro_copa_m":6.4,"altura_fuste_m":3.0,"caducifolio":true,"meses_sin_hojas":"1,2,3","fuente":"provisional"},"geometry":{"type":"Point","coordinates":[-73.244682,10.477826]}},{"type":"Feature","properties":{"id":"prov-1490","especie":"mango","altura_m":8.3,"diametro_copa_m":10.1,"altura_fuste_m":2.5,"caducifolio":false,"meses_sin_hojas":"","fuente":"provisional"},"geometry":{"type":"Point","coordinates":[-73.244681,10.478002]}},{"type":"Feature","properties":{"id":"prov-1491","especie":"canaguate","altura_m":9.1,"diametro_copa_m":7.8,"altura_fuste_m":3.0,"caducifolio":true,"meses_sin_hojas":"1,2,3","fuente":"provisional"},"geometry":{"type":"Point","coordinates":[-73.244613,10.477262]}},{"type":"Feature","properties":{"id":"prov-1492","especie":"otro","altura_m":6.5,"diametro_copa_m":5.2,"altura_fuste_m":2.5,"caducifolio":false,"meses_sin_hojas":"","fuente":"provisional"},"geometry":{"type":"Point","coordinates":[-73.244597,10.477546]}},{"type":"Feature","properties":{"id":"prov-1493","especie":"otro","altura_m":9.3,"diametro_copa_m":7.6,"altura_fuste_m":2.5,"caducifolio":false,"meses_sin_hojas":"","fuente":"provisional"},"geometry":{"type":"Point","coordinates":[-73.244611,10.477633]}},{"type":"Feature","properties":{"id":"prov-1494","especie":"canaguate","altura_m":8.8,"diametro_copa_m":6.3,"altura_fuste_m":3.0,"caducifolio":true,"meses_sin_hojas":"1,2,3","fuente":"provisional"},"geometry":{"type":"Point","coordinates":[-73.244605,10.477741]}},{"type":"Feature","properties":{"id":"prov-1495","especie":"otro","altura_m":9.8,"diametro_copa_m":7.3,"altura_fuste_m":2.5,"caducifolio":false,"meses_sin_hojas":"","fuente":"provisional"},"geometry":{"type":"Point","coordinates":[-73.244608,10.47783]}},{"type":"Feature","properties":{"id":"prov-1496","especie":"mango","altura_m":10.8,"diametro_copa_m":12.0,"altura_fuste_m":2.5,"caducifolio":false,"meses_sin_hojas":"","fuente":"provisional"},"geometry":{"type":"Point","coordinates":[-73.244514,10.47718]}},{"type":"Feature","properties":{"id":"prov-1497","especie":"mango","altura_m":9.3,"diametro_copa_m":8.2,"altura_fuste_m":2.5,"caducifolio":false,"meses_sin_hojas":"","fuente":"provisional"},"geometry":{"type":"Point","coordinates":[-73.244523,10.477268]}},{"type":"Feature","properties":{"id":"prov-1498","especie":"otro","altura_m":9.6,"diametro_copa_m":7.8,"altura_fuste_m":2.5,"caducifolio":false,"meses_sin_hojas":"","fuente":"provisional"},"geometry":{"type":"Point","coordinates":[-73.244491,10.47754]}},{"type":"Feature","properties":{"id":"prov-1499","especie":"mango","altura_m":10.6,"diametro_copa_m":9.9,"altura_fuste_m":2.5,"caducifolio":false,"meses_sin_hojas":"","fuente":"provisional"},"geometry":{"type":"Point","coordinates":[-73.244506,10.477626]}},{"type":"Feature","properties":{"id":"prov-1500","especie":"otro","altura_m":8.8,"diametro_copa_m":6.0,"altura_fuste_m":2.5,"caducifolio":false,"meses_sin_hojas":"","fuente":"provisional"},"geometry":{"type":"Point","coordinates":[-73.244497,10.477721]}},{"type":"Feature","properties":{"id":"prov-1501","especie":"mango","altura_m":9.1,"diametro_copa_m":8.3,"altura_fuste_m":2.5,"caducifolio":false,"meses_sin_hojas":"","fuente":"provisional"},"geometry":{"type":"Point","coordinates":[-73.2445,10.477836]}},{"type":"Feature","properties":{"id":"prov-1502","especie":"mango","altura_m":10.2,"diametro_copa_m":11.5,"altura_fuste_m":2.5,"caducifolio":false,"meses_sin_hojas":"","fuente":"provisional"},"geometry":{"type":"Point","coordinates":[-73.244498,10.478083]}},{"type":"Feature","properties":{"id":"prov-1503","especie":"canaguate","altura_m":10.4,"diametro_copa_m":8.6,"altura_fuste_m":3.0,"caducifolio":true,"meses_sin_hojas":"1,2,3","fuente":"provisional"},"geometry":{"type":"Point","coordinates":[-73.244396,10.477101]}},{"type":"Feature","properties":{"id":"prov-1504","especie":"canaguate","altura_m":9.8,"diametro_copa_m":8.1,"altura_fuste_m":3.0,"caducifolio":true,"meses_sin_hojas":"1,2,3","fuente":"provisional"},"geometry":{"type":"Point","coordinates":[-73.244406,10.477529]}},{"type":"Feature","properties":{"id":"prov-1505","especie":"mango","altura_m":11.0,"diametro_copa_m":8.7,"altura_fuste_m":2.5,"caducifolio":false,"meses_sin_hojas":"","fuente":"provisional"},"geometry":{"type":"Point","coordinates":[-73.244405,10.47762]}},{"type":"Feature","properties":{"id":"prov-1506","especie":"mango","altura_m":10.1,"diametro_copa_m":11.7,"altura_fuste_m":2.5,"caducifolio":false,"meses_sin_hojas":"","fuente":"provisional"},"geometry":{"type":"Point","coordinates":[-73.244411,10.47771]}},{"type":"Feature","properties":{"id":"prov-1507","especie":"canaguate","altura_m":11.9,"diametro_copa_m":7.4,"altura_fuste_m":3.0,"caducifolio":true,"meses_sin_hojas":"1,2,3","fuente":"provisional"},"geometry":{"type":"Point","coordinates":[-73.244415,10.477834]}},{"type":"Feature","properties":{"id":"prov-1508","especie":"mango","altura_m":8.3,"diametro_copa_m":8.1,"altura_fuste_m":2.5,"caducifolio":false,"meses_sin_hojas":"","fuente":"provisional"},"geometry":{"type":"Point","coordinates":[-73.244408,10.477982]}},{"type":"Feature","properties":{"id":"prov-1509","especie":"canaguate","altura_m":9.8,"diametro_copa_m":8.8,"altura_fuste_m":3.0,"caducifolio":true,"meses_sin_hojas":"1,2,3","fuente":"provisional"},"geometry":{"type":"Point","coordinates":[-73.24433,10.477179]}},{"type":"Feature","properties":{"id":"prov-1510","especie":"otro","altura_m":9.7,"diametro_copa_m":5.3,"altura_fuste_m":2.5,"caducifolio":false,"meses_sin_hojas":"","fuente":"provisional"},"geometry":{"type":"Point","coordinates":[-73.244311,10.477261]}},{"type":"Feature","properties":{"id":"prov-1511","especie":"mango","altura_m":8.0,"diametro_copa_m":11.3,"altura_fuste_m":2.5,"caducifolio":false,"meses_sin_hojas":"","fuente":"provisional"},"geometry":{"type":"Point","coordinates":[-73.244306,10.477561]}},{"type":"Feature","properties":{"id":"prov-1512","especie":"mango","altura_m":8.3,"diametro_copa_m":11.5,"altura_fuste_m":2.5,"caducifolio":false,"meses_sin_hojas":"","fuente":"provisional"},"geometry":{"type":"Point","coordinates":[-73.244235,10.477276]}},{"type":"Feature","properties":{"id":"prov-1513","especie":"canaguate","altura_m":9.6,"diametro_copa_m":7.7,"altura_fuste_m":3.0,"caducifolio":true,"meses_sin_hojas":"1,2,3","fuente":"provisional"},"geometry":{"type":"Point","coordinates":[-73.244216,10.477454]}},{"type":"Feature","properties":{"id":"prov-1514","especie":"mango","altura_m":10.2,"diametro_copa_m":10.4,"altura_fuste_m":2.5,"caducifolio":false,"meses_sin_hojas":"","fuente":"provisional"},"geometry":{"type":"Point","coordinates":[-73.244211,10.477543]}},{"type":"Feature","properties":{"id":"prov-1515","especie":"mango","altura_m":8.1,"diametro_copa_m":11.9,"altura_fuste_m":2.5,"caducifolio":false,"meses_sin_hojas":"","fuente":"provisional"},"geometry":{"type":"Point","coordinates":[-73.244217,10.477624]}},{"type":"Feature","properties":{"id":"prov-1516","especie":"mango","altura_m":8.0,"diametro_copa_m":9.4,"altura_fuste_m":2.5,"caducifolio":false,"meses_sin_hojas":"","fuente":"provisional"},"geometry":{"type":"Point","coordinates":[-73.244221,10.477721]}},{"type":"Feature","properties":{"id":"prov-1517","especie":"mango","altura_m":9.3,"diametro_copa_m":9.6,"altura_fuste_m":2.5,"caducifolio":false,"meses_sin_hojas":"","fuente":"provisional"},"geometry":{"type":"Point","coordinates":[-73.244146,10.477451]}},{"type":"Feature","properties":{"id":"prov-1518","especie":"mango","altura_m":9.1,"diametro_copa_m":9.2,"altura_fuste_m":2.5,"caducifolio":false,"meses_sin_hojas":"","fuente":"provisional"},"geometry":{"type":"Point","coordinates":[-73.244051,10.477365]}},{"type":"Feature","properties":{"id":"prov-1519","especie":"mango","altura_m":10.3,"diametro_copa_m":8.9,"altura_fuste_m":2.5,"caducifolio":false,"meses_sin_hojas":"","fuente":"provisional"},"geometry":{"type":"Point","coordinates":[-73.244063,10.477457]}},{"type":"Feature","properties":{"id":"prov-1520","especie":"mango","altura_m":8.6,"diametro_copa_m":8.1,"altura_fuste_m":2.5,"caducifolio":false,"meses_sin_hojas":"","fuente":"provisional"},"geometry":{"type":"Point","coordinates":[-73.243951,10.477379]}},{"type":"Feature","properties":{"id":"prov-1521","especie":"canaguate","altura_m":8.4,"diametro_copa_m":8.0,"altura_fuste_m":3.0,"caducifolio":true,"meses_sin_hojas":"1,2,3","fuente":"provisional"},"geometry":{"type":"Point","coordinates":[-73.243236,10.477897]}},{"type":"Feature","properties":{"id":"prov-1522","especie":"canaguate","altura_m":8.9,"diametro_copa_m":8.0,"altura_fuste_m":3.0,"caducifolio":true,"meses_sin_hojas":"1,2,3","fuente":"provisional"},"geometry":{"type":"Point","coordinates":[-73.243208,10.478088]}},{"type":"Feature","properties":{"id":"prov-1523","especie":"mango","altura_m":8.7,"diametro_copa_m":10.2,"altura_fuste_m":2.5,"caducifolio":false,"meses_sin_hojas":"","fuente":"provisional"},"geometry":{"type":"Point","coordinates":[-73.243147,10.477917]}},{"type":"Feature","properties":{"id":"prov-1524","especie":"canaguate","altura_m":10.0,"diametro_copa_m":7.9,"altura_fuste_m":3.0,"caducifolio":true,"meses_sin_hojas":"1,2,3","fuente":"provisional"},"geometry":{"type":"Point","coordinates":[-73.243122,10.478008]}},{"type":"Feature","properties":{"id":"prov-1525","especie":"canaguate","altura_m":9.4,"diametro_copa_m":7.2,"altura_fuste_m":3.0,"caducifolio":true,"meses_sin_hojas":"1,2,3","fuente":"provisional"},"geometry":{"type":"Point","coordinates":[-73.243124,10.478092]}},{"type":"Feature","properties":{"id":"prov-1526","especie":"mango","altura_m":9.6,"diametro_copa_m":8.9,"altura_fuste_m":2.5,"caducifolio":false,"meses_sin_hojas":"","fuente":"provisional"},"geometry":{"type":"Point","coordinates":[-73.243124,10.478159]}},{"type":"Feature","properties":{"id":"prov-1527","especie":"canaguate","altura_m":10.1,"diametro_copa_m":8.6,"altura_fuste_m":3.0,"caducifolio":true,"meses_sin_hojas":"1,2,3","fuente":"provisional"},"geometry":{"type":"Point","coordinates":[-73.248516,10.481761]}},{"type":"Feature","properties":{"id":"prov-1528","especie":"mango","altura_m":11.9,"diametro_copa_m":9.3,"altura_fuste_m":2.5,"caducifolio":false,"meses_sin_hojas":"","fuente":"provisional"},"geometry":{"type":"Point","coordinates":[-73.248432,10.48167]}},{"type":"Feature","properties":{"id":"prov-1529","especie":"otro","altura_m":6.6,"diametro_copa_m":6.1,"altura_fuste_m":2.5,"caducifolio":false,"meses_sin_hojas":"","fuente":"provisional"},"geometry":{"type":"Point","coordinates":[-73.248434,10.481783]}},{"type":"Feature","properties":{"id":"prov-1530","especie":"mango","altura_m":8.4,"diametro_copa_m":11.7,"altura_fuste_m":2.5,"caducifolio":false,"meses_sin_hojas":"","fuente":"provisional"},"geometry":{"type":"Point","coordinates":[-73.248335,10.481669]}},{"type":"Feature","properties":{"id":"prov-1531","especie":"otro","altura_m":9.2,"diametro_copa_m":7.6,"altura_fuste_m":2.5,"caducifolio":false,"meses_sin_hojas":"","fuente":"provisional"},"geometry":{"type":"Point","coordinates":[-73.248319,10.481862]}},{"type":"Feature","properties":{"id":"prov-1532","especie":"mango","altura_m":11.6,"diametro_copa_m":9.6,"altura_fuste_m":2.5,"caducifolio":false,"meses_sin_hojas":"","fuente":"provisional"},"geometry":{"type":"Point","coordinates":[-73.248249,10.481506]}},{"type":"Feature","properties":{"id":"prov-1533","especie":"canaguate","altura_m":11.1,"diametro_copa_m":6.5,"altura_fuste_m":3.0,"caducifolio":true,"meses_sin_hojas":"1,2,3","fuente":"provisional"},"geometry":{"type":"Point","coordinates":[-73.248249,10.481582]}},{"type":"Feature","properties":{"id":"prov-1534","especie":"mango","altura_m":11.0,"diametro_copa_m":8.1,"altura_fuste_m":2.5,"caducifolio":false,"meses_sin_hojas":"","fuente":"provisional"},"geometry":{"type":"Point","coordinates":[-73.248253,10.481694]}},{"type":"Feature","properties":{"id":"prov-1535","especie":"mango","altura_m":10.2,"diametro_copa_m":9.6,"altura_fuste_m":2.5,"caducifolio":false,"meses_sin_hojas":"","fuente":"provisional"},"geometry":{"type":"Point","coordinates":[-73.248254,10.481777]}},{"type":"Feature","properties":{"id":"prov-1536","especie":"mango","altura_m":8.2,"diametro_copa_m":10.8,"altura_fuste_m":2.5,"caducifolio":false,"meses_sin_hojas":"","fuente":"provisional"},"geometry":{"type":"Point","coordinates":[-73.248252,10.481848]}},{"type":"Feature","properties":{"id":"prov-1537","especie":"mango","altura_m":9.5,"diametro_copa_m":9.2,"altura_fuste_m":2.5,"caducifolio":false,"meses_sin_hojas":"","fuente":"provisional"},"geometry":{"type":"Point","coordinates":[-73.248233,10.481959]}},{"type":"Feature","properties":{"id":"prov-1538","especie":"canaguate","altura_m":9.0,"diametro_copa_m":6.4,"altura_fuste_m":3.0,"caducifolio":true,"meses_sin_hojas":"1,2,3","fuente":"provisional"},"geometry":{"type":"Point","coordinates":[-73.248172,10.481333]}},{"type":"Feature","properties":{"id":"prov-1539","especie":"mango","altura_m":9.2,"diametro_copa_m":8.2,"altura_fuste_m":2.5,"caducifolio":false,"meses_sin_hojas":"","fuente":"provisional"},"geometry":{"type":"Point","coordinates":[-73.248151,10.481599]}},{"type":"Feature","properties":{"id":"prov-1540","especie":"canaguate","altura_m":9.7,"diametro_copa_m":7.1,"altura_fuste_m":3.0,"caducifolio":true,"meses_sin_hojas":"1,2,3","fuente":"provisional"},"geometry":{"type":"Point","coordinates":[-73.248138,10.481692]}},{"type":"Feature","properties":{"id":"prov-1541","especie":"mango","altura_m":10.9,"diametro_copa_m":11.4,"altura_fuste_m":2.5,"caducifolio":false,"meses_sin_hojas":"","fuente":"provisional"},"geometry":{"type":"Point","coordinates":[-73.248154,10.481785]}},{"type":"Feature","properties":{"id":"prov-1542","especie":"mango","altura_m":10.8,"diametro_copa_m":10.3,"altura_fuste_m":2.5,"caducifolio":false,"meses_sin_hojas":"","fuente":"provisional"},"geometry":{"type":"Point","coordinates":[-73.248155,10.482027]}},{"type":"Feature","properties":{"id":"prov-1543","especie":"canaguate","altura_m":10.8,"diametro_copa_m":8.8,"altura_fuste_m":3.0,"caducifolio":true,"meses_sin_hojas":"1,2,3","fuente":"provisional"},"geometry":{"type":"Point","coordinates":[-73.248046,10.481494]}},{"type":"Feature","properties":{"id":"prov-1544","especie":"mango","altura_m":9.0,"diametro_copa_m":9.1,"altura_fuste_m":2.5,"caducifolio":false,"meses_sin_hojas":"","fuente":"provisional"},"geometry":{"type":"Point","coordinates":[-73.24808,10.481579]}},{"type":"Feature","properties":{"id":"prov-1545","especie":"mango","altura_m":9.2,"diametro_copa_m":8.7,"altura_fuste_m":2.5,"caducifolio":false,"meses_sin_hojas":"","fuente":"provisional"},"geometry":{"type":"Point","coordinates":[-73.248061,10.481666]}},{"type":"Feature","properties":{"id":"prov-1546","especie":"mango","altura_m":8.5,"diametro_copa_m":8.5,"altura_fuste_m":2.5,"caducifolio":false,"meses_sin_hojas":"","fuente":"provisional"},"geometry":{"type":"Point","coordinates":[-73.248074,10.481864]}},{"type":"Feature","properties":{"id":"prov-1547","especie":"mango","altura_m":9.8,"diametro_copa_m":10.5,"altura_fuste_m":2.5,"caducifolio":false,"meses_sin_hojas":"","fuente":"provisional"},"geometry":{"type":"Point","coordinates":[-73.247982,10.481492]}},{"type":"Feature","properties":{"id":"prov-1548","especie":"mango","altura_m":11.7,"diametro_copa_m":8.7,"altura_fuste_m":2.5,"caducifolio":false,"meses_sin_hojas":"","fuente":"provisional"},"geometry":{"type":"Point","coordinates":[-73.247982,10.481593]}},{"type":"Feature","properties":{"id":"prov-1549","especie":"mango","altura_m":9.6,"diametro_copa_m":8.4,"altura_fuste_m":2.5,"caducifolio":false,"meses_sin_hojas":"","fuente":"provisional"},"geometry":{"type":"Point","coordinates":[-73.247962,10.481772]}},{"type":"Feature","properties":{"id":"prov-1550","especie":"mango","altura_m":10.5,"diametro_copa_m":11.6,"altura_fuste_m":2.5,"caducifolio":false,"meses_sin_hojas":"","fuente":"provisional"},"geometry":{"type":"Point","coordinates":[-73.247879,10.481594]}}]}
