{"type":"FeatureCollection","features":[{"type":"Feature","properties":{"altura_m":3.5,"origen_altura":"provisional"},"geometry":{"type":"Polygon","coordinates":[[[-73.243834,10.477842],[-73.243702,10.477664],[-73.243928,10.477501],[-73.243933,10.477508],[-73.243981,10.477475],[-73.244016,10.477524],[-73.244032,10.477514],[-73.244087,10.477584],[-73.244014,10.477638],[-73.244051,10.477688],[-73.243972,10.477745],[-73.243937,10.4777],[-73.243859,10.477756],[-73.243893,10.477802],[-73.243834,10.477842]]]}},{"type":"Feature","properties":{"altura_m":9.0,"origen_altura":"osm_altura"},"geometry":{"type":"Polygon","coordinates":[[[-73.244453,10.47812],[-73.244402,10.478156],[-73.244374,10.478117],[-73.244097,10.478298],[-73.244008,10.478176],[-73.244336,10.477968],[-73.244453,10.47812]]]}},{"type":"Feature","properties":{"altura_m":3.5,"origen_altura":"provisional"},"geometry":{"type":"Polygon","coordinates":[[[-73.249784,10.47379],[-73.249674,10.47361],[-73.249553,10.473711],[-73.24965,10.473862],[-73.249784,10.47379]]]}},{"type":"Feature","properties":{"altura_m":3.5,"origen_altura":"provisional"},"geometry":{"type":"Polygon","coordinates":[[[-73.249486,10.474703],[-73.249329,10.474805],[-73.249237,10.474688],[-73.249411,10.474575],[-73.249486,10.474703]]]}},{"type":"Feature","properties":{"altura_m":3.5,"origen_altura":"provisional"},"geometry":{"type":"Polygon","coordinates":[[[-73.248793,10.47441],[-73.248667,10.47448],[-73.248576,10.474338],[-73.248711,10.474279],[-73.248793,10.47441]]]}},{"type":"Feature","properties":{"altura_m":8.0,"origen_altura":"osm_altura"},"geometry":{"type":"Polygon","coordinates":[[[-73.248522,10.474642],[-73.248404,10.47446],[-73.248215,10.474574],[-73.248332,10.47476],[-73.248522,10.474642]]]}},{"type":"Feature","properties":{"altura_m":3.5,"origen_altura":"provisional"},"geometry":{"type":"Polygon","coordinates":[[[-73.244489,10.473791],[-73.244636,10.4737],[-73.244824,10.474004],[-73.244686,10.474098],[-73.244489,10.473791]]]}},{"type":"Feature","properties":{"altura_m":3.5,"origen_altura":"provisional"},"geometry":{"type":"Polygon","coordinates":[[[-73.244434,10.47298],[-73.244521,10.473087],[-73.244423,10.473159],[-73.244338,10.473061],[-73.244434,10.47298]]]}},{"type":"Feature","properties":{"altura_m":3.5,"origen_altura":"provisional"},"geometry":{"type":"Polygon","coordinates":[[[-73.243799,10.473294],[-73.243769,10.473317],[-73.243777,10.473403],[-73.243835,10.473372],[-73.243799,10.473294]]]}},{"type":"Feature","properties":{"altura_m":3.5,"origen_altura":"provisional"},"geometry":{"type":"Polygon","coordinates":[[[-73.243053,10.472414],[-73.243126,10.472416],[-73.24309,10.472153],[-73.243035,10.472161],[-73.243053,10.472414]]]}},{"type":"Feature","properties":{"altura_m":3.5,"origen_altura":"provisional"},"geometry":{"type":"Polygon","coordinates":[[[-73.2427,10.472742],[-73.242706,10.472573],[-73.242418,10.472584],[-73.242424,10.472739],[-73.2427,10.472742]]]}},{"type":"Feature","properties":{"altura_m":3.5,"origen_altura":"provisional"},"geometry":{"type":"Polygon","coordinates":[[[-73.243807,10.47575],[-73.24371,10.475603],[-73.244088,10.475302],[-73.244351,10.475134],[-73.244487,10.475307],[-73.243807,10.47575]]]}},{"type":"Feature","properties":{"altura_m":3.5,"origen_altura":"provisional"},"geometry":{"type":"Polygon","coordinates":[[[-73.244033,10.476178],[-73.244176,10.4761],[-73.244015,10.475878],[-73.243885,10.475971],[-73.244033,10.476178]]]}},{"type":"Feature","properties":{"altura_m":3.0,"origen_altura":"osm_altura"},"geometry":{"type":"Polygon","coordinates":[[[-73.245118,10.478931],[-73.245135,10.478959],[-73.24521,10.478915],[-73.24526,10.478996],[-73.245111,10.479083],[-73.245004,10.478905],[-73.245309,10.478726],[-73.24535,10.478795],[-73.245118,10.478931]]]}},{"type":"Feature","properties":{"altura_m":9.0,"origen_altura":"osm_altura"},"geometry":{"type":"Polygon","coordinates":[[[-73.245467,10.478612],[-73.245311,10.478704],[-73.245282,10.478657],[-73.245212,10.478698],[-73.245122,10.478549],[-73.245226,10.478487],[-73.245255,10.478515],[-73.245311,10.478493],[-73.245238,10.478357],[-73.245388,10.478286],[-73.245559,10.478553],[-73.245505,10.478585],[-73.245572,10.478695],[-73.245638,10.478656],[-73.245692,10.478746],[-73.245396,10.478921],[-73.245339,10.478829],[-73.24553,10.478716],[-73.245467,10.478612]]]}},{"type":"Feature","properties":{"altura_m":3.0,"origen_altura":"osm_altura"},"geometry":{"type":"Polygon","coordinates":[[[-73.246076,10.479964],[-73.245949,10.480014],[-73.246115,10.480314],[-73.246214,10.480254],[-73.246076,10.479964]]]}},{"type":"Feature","properties":{"altura_m":6.0,"origen_altura":"osm_altura"},"geometry":{"type":"Polygon","coordinates":[[[-73.24465,10.478446],[-73.244427,10.478588],[-73.244276,10.47836],[-73.244501,10.478213],[-73.24465,10.478446]]]}},{"type":"Feature","properties":{"altura_m":3.0,"origen_altura":"osm_altura"},"geometry":{"type":"Polygon","coordinates":[[[-73.2447,10.478556],[-73.244637,10.478462],[-73.244331,10.478657],[-73.244393,10.478751],[-73.2447,10.478556]]]}},{"type":"Feature","properties":{"altura_m":3.0,"origen_altura":"osm_altura"},"geometry":{"type":"Polygon","coordinates":[[[-73.244733,10.478631],[-73.244691,10.478566],[-73.2444,10.478749],[-73.244442,10.478814],[-73.244733,10.478631]]]}},{"type":"Feature","properties":{"altura_m":3.5,"origen_altura":"provisional"},"geometry":{"type":"Polygon","coordinates":[[[-73.244981,10.478981],[-73.24488,10.478817],[-73.244667,10.478951],[-73.244761,10.47911],[-73.244981,10.478981]]]}},{"type":"Feature","properties":{"altura_m":6.0,"origen_altura":"osm_altura"},"geometry":{"type":"Polygon","coordinates":[[[-73.24488,10.478817],[-73.244763,10.478628],[-73.244383,10.478878],[-73.244428,10.478953],[-73.244537,10.478886],[-73.244604,10.47899],[-73.24488,10.478817]]]}},{"type":"Feature","properties":{"altura_m":3.0,"origen_altura":"osm_altura"},"geometry":{"type":"Polygon","coordinates":[[[-73.244689,10.479333],[-73.244625,10.479369],[-73.244444,10.479093],[-73.244509,10.479048],[-73.244689,10.479333]]]}},{"type":"Feature","properties":{"altura_m":3.0,"origen_altura":"osm_altura"},"geometry":{"type":"Polygon","coordinates":[[[-73.244625,10.479369],[-73.244542,10.479414],[-73.24437,10.479143],[-73.244427,10.479107],[-73.24442,10.479095],[-73.244438,10.479083],[-73.244625,10.479369]]]}},{"type":"Feature","properties":{"altura_m":3.0,"origen_altura":"osm_altura"},"geometry":{"type":"Polygon","coordinates":[[[-73.244542,10.479414],[-73.244498,10.479441],[-73.244317,10.47916],[-73.244363,10.479134],[-73.244542,10.479414]]]}},{"type":"Feature","properties":{"altura_m":3.0,"origen_altura":"osm_altura"},"geometry":{"type":"Polygon","coordinates":[[[-73.244498,10.479441],[-73.244445,10.479474],[-73.244263,10.479193],[-73.244317,10.47916],[-73.244498,10.479441]]]}},{"type":"Feature","properties":{"altura_m":3.0,"origen_altura":"osm_altura"},"geometry":{"type":"Polygon","coordinates":[[[-73.244444,10.479485],[-73.244263,10.479193],[-73.244178,10.479244],[-73.244355,10.479529],[-73.244362,10.479535],[-73.244444,10.479485]]]}},{"type":"Feature","properties":{"altura_m":3.0,"origen_altura":"osm_altura"},"geometry":{"type":"Polygon","coordinates":[[[-73.244274,10.479581],[-73.244355,10.479529],[-73.24417,10.479249],[-73.244099,10.479295],[-73.24411,10.479311],[-73.244137,10.479294],[-73.244157,10.479324],[-73.244124,10.479346],[-73.244274,10.479581]]]}},{"type":"Feature","properties":{"altura_m":3.0,"origen_altura":"osm_altura"},"geometry":{"type":"Polygon","coordinates":[[[-73.244236,10.479603],[-73.244277,10.479577],[-73.244124,10.479346],[-73.244157,10.479324],[-73.244137,10.479294],[-73.24411,10.479311],[-73.244099,10.479295],[-73.244049,10.479327],[-73.244236,10.479603]]]}},{"type":"Feature","properties":{"altura_m":3.0,"origen_altura":"osm_altura"},"geometry":{"type":"Polygon","coordinates":[[[-73.244199,10.479625],[-73.244237,10.4796],[-73.24406,10.479336],[-73.244018,10.479366],[-73.244199,10.479625]]]}},{"type":"Feature","properties":{"altura_m":3.0,"origen_altura":"osm_altura"},"geometry":{"type":"Polygon","coordinates":[[[-73.244141,10.47965],[-73.24419,10.479618],[-73.244037,10.479391],[-73.243988,10.479423],[-73.244141,10.47965]]]}},{"type":"Feature","properties":{"altura_m":3.0,"origen_altura":"osm_altura"},"geometry":{"type":"Polygon","coordinates":[[[-73.244115,10.479658],[-73.244031,10.479521],[-73.244015,10.47953],[-73.24396,10.479441],[-73.243894,10.47948],[-73.243905,10.479523],[-73.243887,10.479534],[-73.243912,10.479575],[-73.243886,10.479591],[-73.243897,10.47961],[-73.243937,10.479587],[-73.244006,10.479699],[-73.244031,10.479708],[-73.244115,10.479658]]]}},{"type":"Feature","properties":{"altura_m":3.0,"origen_altura":"osm_altura"},"geometry":{"type":"Polygon","coordinates":[[[-73.244021,10.479722],[-73.243961,10.479756],[-73.243815,10.479518],[-73.24388,10.479486],[-73.243902,10.479525],[-73.243887,10.479534],[-73.243912,10.479575],[-73.243886,10.479591],[-73.243897,10.47961],[-73.243937,10.479587],[-73.244021,10.479722]]]}},{"type":"Feature","properties":{"altura_m":6.0,"origen_altura":"osm_altura"},"geometry":{"type":"Polygon","coordinates":[[[-73.243666,10.479274],[-73.243902,10.479136],[-73.243954,10.479225],[-73.243718,10.479365],[-73.243666,10.479274]]]}},{"type":"Feature","properties":{"altura_m":3.0,"origen_altura":"osm_altura"},"geometry":{"type":"Polygon","coordinates":[[[-73.244317,10.478735],[-73.244134,10.478466],[-73.244055,10.478514],[-73.244269,10.478821],[-73.244317,10.478735]]]}},{"type":"Feature","properties":{"altura_m":3.0,"origen_altura":"osm_altura"},"geometry":{"type":"Polygon","coordinates":[[[-73.244269,10.478821],[-73.244178,10.478905],[-73.243964,10.478573],[-73.244055,10.478514],[-73.244269,10.478821]]]}},{"type":"Feature","properties":{"altura_m":3.0,"origen_altura":"osm_altura"},"geometry":{"type":"Polygon","coordinates":[[[-73.244178,10.478905],[-73.244094,10.478976],[-73.243863,10.478644],[-73.243962,10.478576],[-73.244178,10.478905]]]}},{"type":"Feature","properties":{"altura_m":3.0,"origen_altura":"osm_altura"},"geometry":{"type":"Polygon","coordinates":[[[-73.244094,10.478976],[-73.244028,10.479035],[-73.243799,10.478686],[-73.243863,10.478644],[-73.244094,10.478976]]]}},{"type":"Feature","properties":{"altura_m":3.0,"origen_altura":"osm_altura"},"geometry":{"type":"Polygon","coordinates":[[[-73.244028,10.479035],[-73.24396,10.479091],[-73.243872,10.478961],[-73.243817,10.478911],[-73.243775,10.478922],[-73.24373,10.478858],[-73.243688,10.47889],[-73.24363,10.478799],[-73.243799,10.478686],[-73.244028,10.479035]]]}},{"type":"Feature","properties":{"altura_m":3.0,"origen_altura":"osm_altura"},"geometry":{"type":"Polygon","coordinates":[[[-73.243691,10.47891],[-73.243622,10.478808],[-73.243498,10.478888],[-73.243492,10.478878],[-73.243445,10.478908],[-73.243451,10.478917],[-73.243441,10.478923],[-73.24351,10.479027],[-73.243691,10.47891]]]}},{"type":"Feature","properties":{"altura_m":6.0,"origen_altura":"osm_altura"},"geometry":{"type":"Polygon","coordinates":[[[-73.243507,10.479033],[-73.243693,10.47892],[-73.243746,10.479004],[-73.24356,10.479117],[-73.243507,10.479033]]]}},{"type":"Feature","properties":{"altura_m":3.0,"origen_altura":"osm_altura"},"geometry":{"type":"Polygon","coordinates":[[[-73.243603,10.479197],[-73.243556,10.479124],[-73.243746,10.479004],[-73.243793,10.479076],[-73.243603,10.479197]]]}},{"type":"Feature","properties":{"altura_m":3.0,"origen_altura":"osm_altura"},"geometry":{"type":"Polygon","coordinates":[[[-73.243665,10.479265],[-73.243616,10.479188],[-73.243797,10.479078],[-73.243846,10.479154],[-73.243665,10.479265]]]}},{"type":"Feature","properties":{"altura_m":3.5,"origen_altura":"provisional"},"geometry":{"type":"Polygon","coordinates":[[[-73.244692,10.478422],[-73.24484,10.478329],[-73.244689,10.478099],[-73.244545,10.478194],[-73.244692,10.478422]]]}},{"type":"Feature","properties":{"altura_m":3.0,"origen_altura":"osm_altura"},"geometry":{"type":"Polygon","coordinates":[[[-73.244899,10.478299],[-73.244967,10.478256],[-73.244812,10.478017],[-73.244689,10.478099],[-73.244759,10.478205],[-73.244816,10.47817],[-73.244899,10.478299]]]}},{"type":"Feature","properties":{"altura_m":3.0,"origen_altura":"osm_altura"},"geometry":{"type":"Polygon","coordinates":[[[-73.245094,10.478164],[-73.24506,10.478186],[-73.24502,10.478124],[-73.244921,10.478185],[-73.244812,10.478017],[-73.244946,10.477933],[-73.245094,10.478164]]]}},{"type":"Feature","properties":{"altura_m":3.5,"origen_altura":"provisional"},"geometry":{"type":"Polygon","coordinates":[[[-73.24529,10.478113],[-73.245127,10.478215],[-73.24495,10.47794],[-73.245113,10.477838],[-73.24529,10.478113]]]}},{"type":"Feature","properties":{"altura_m":3.0,"origen_altura":"osm_altura"},"geometry":{"type":"Polygon","coordinates":[[[-73.244987,10.478874],[-73.245092,10.478812],[-73.245002,10.478667],[-73.245068,10.478627],[-73.245042,10.478596],[-73.244924,10.47866],[-73.244927,10.47867],[-73.244878,10.478698],[-73.244901,10.478735],[-73.244956,10.478703],[-73.245003,10.478779],[-73.244949,10.478812],[-73.244987,10.478874]]]}},{"type":"Feature","properties":{"altura_m":6.0,"origen_altura":"osm_altura"},"geometry":{"type":"Polygon","coordinates":[[[-73.244887,10.478664],[-73.244858,10.478618],[-73.244842,10.478628],[-73.244814,10.478583],[-73.24502,10.478453],[-73.245033,10.478454],[-73.245067,10.478509],[-73.245099,10.478489],[-73.245121,10.478524],[-73.244887,10.478664]]]}},{"type":"Feature","properties":{"altura_m":6.0,"origen_altura":"osm_altura"},"geometry":{"type":"Polygon","coordinates":[[[-73.245301,10.47813],[-73.245201,10.478192],[-73.245212,10.478248],[-73.245232,10.478259],[-73.245248,10.478284],[-73.245309,10.478247],[-73.245331,10.478281],[-73.245379,10.478252],[-73.245301,10.47813]]]}},{"type":"Feature","properties":{"altura_m":3.5,"origen_altura":"provisional"},"geometry":{"type":"Polygon","coordinates":[[[-73.245228,10.478359],[-73.2452,10.478321],[-73.24512,10.478384],[-73.245143,10.47842],[-73.245228,10.478359]]]}},{"type":"Feature","properties":{"altura_m":9.0,"origen_altura":"osm_altura"},"geometry":{"type":"Polygon","coordinates":[[[-73.244741,10.478514],[-73.244686,10.478428],[-73.24479,10.478365],[-73.244844,10.478451],[-73.244741,10.478514]]]}},{"type":"Feature","properties":{"altura_m":6.0,"origen_altura":"osm_altura"},"geometry":{"type":"Polygon","coordinates":[[[-73.243627,10.477231],[-73.243479,10.477335],[-73.243552,10.477448],[-73.24378,10.477287],[-73.243591,10.477036],[-73.24337,10.477198],[-73.243419,10.47726],[-73.243568,10.477158],[-73.243627,10.477231]]]}},{"type":"Feature","properties":{"altura_m":6.0,"origen_altura":"osm_altura"},"geometry":{"type":"Polygon","coordinates":[[[-73.243591,10.477036],[-73.24344,10.476836],[-73.243262,10.476972],[-73.243415,10.477167],[-73.243591,10.477036]]]}},{"type":"Feature","properties":{"altura_m":3.0,"origen_altura":"osm_altura"},"geometry":{"type":"Polygon","coordinates":[[[-73.243346,10.477195],[-73.243264,10.477259],[-73.243173,10.477146],[-73.243146,10.477162],[-73.243107,10.477098],[-73.243262,10.476972],[-73.243337,10.477069],[-73.243288,10.477102],[-73.243296,10.477112],[-73.243283,10.477121],[-73.243346,10.477195]]]}},{"type":"Feature","properties":{"altura_m":6.0,"origen_altura":"osm_altura"},"geometry":{"type":"Polygon","coordinates":[[[-73.242919,10.477739],[-73.242865,10.477672],[-73.242813,10.477708],[-73.242915,10.477855],[-73.243084,10.477765],[-73.242922,10.477513],[-73.24289,10.477534],[-73.242991,10.4777],[-73.242919,10.477739]]]}},{"type":"Feature","properties":{"altura_m":3.0,"origen_altura":"osm_altura"},"geometry":{"type":"Polygon","coordinates":[[[-73.242812,10.477343],[-73.24276,10.477387],[-73.242802,10.47745],[-73.242832,10.477427],[-73.242882,10.477498],[-73.242903,10.477484],[-73.242812,10.477343]]]}},{"type":"Feature","properties":{"altura_m":3.0,"origen_altura":"osm_altura"},"geometry":{"type":"Polygon","coordinates":[[[-73.243087,10.477762],[-73.243231,10.477671],[-73.243161,10.47756],[-73.243099,10.477483],[-73.242966,10.477582],[-73.243087,10.477762]]]}},{"type":"Feature","properties":{"altura_m":3.0,"origen_altura":"osm_altura"},"geometry":{"type":"Polygon","coordinates":[[[-73.243231,10.477513],[-73.243315,10.477617],[-73.243231,10.477671],[-73.243161,10.47756],[-73.243231,10.477513]]]}},{"type":"Feature","properties":{"altura_m":3.5,"origen_altura":"provisional"},"geometry":{"type":"Polygon","coordinates":[[[-73.243179,10.477512],[-73.243189,10.477528],[-73.243219,10.477508],[-73.243206,10.477492],[-73.243217,10.477485],[-73.243204,10.477469],[-73.243193,10.477475],[-73.24315,10.477411],[-73.243084,10.477458],[-73.243152,10.47755],[-73.243166,10.47754],[-73.243157,10.477526],[-73.243179,10.477512]]]}},{"type":"Feature","properties":{"altura_m":6.0,"origen_altura":"osm_altura"},"geometry":{"type":"Polygon","coordinates":[[[-73.243351,10.476701],[-73.243301,10.476629],[-73.243199,10.476722],[-73.243246,10.476776],[-73.243351,10.476701]]]}},{"type":"Feature","properties":{"altura_m":6.0,"origen_altura":"osm_altura"},"geometry":{"type":"Polygon","coordinates":[[[-73.243102,10.47698],[-73.243191,10.476911],[-73.243056,10.476761],[-73.243016,10.4768],[-73.243072,10.476865],[-73.243029,10.476892],[-73.243102,10.47698]]]}},{"type":"Feature","properties":{"altura_m":3.0,"origen_altura":"osm_altura"},"geometry":{"type":"Polygon","coordinates":[[[-73.242907,10.476134],[-73.242837,10.476207],[-73.242869,10.476244],[-73.242948,10.47618],[-73.242907,10.476134]]]}},{"type":"Feature","properties":{"altura_m":6.0,"origen_altura":"osm_altura"},"geometry":{"type":"Polygon","coordinates":[[[-73.243301,10.476629],[-73.243226,10.476535],[-73.243164,10.476586],[-73.243192,10.476621],[-73.243143,10.476657],[-73.243129,10.476639],[-73.243095,10.476664],[-73.243147,10.47673],[-73.243131,10.476743],[-73.24314,10.476763],[-73.243152,10.476755],[-73.243182,10.476798],[-73.243234,10.476762],[-73.243199,10.476722],[-73.243301,10.476629]]]}},{"type":"Feature","properties":{"altura_m":3.0,"origen_altura":"osm_altura"},"geometry":{"type":"Polygon","coordinates":[[[-73.243177,10.476474],[-73.243152,10.476441],[-73.243141,10.476448],[-73.243088,10.47637],[-73.242997,10.476442],[-73.243035,10.47647],[-73.243031,10.476512],[-73.243044,10.476531],[-73.242985,10.476572],[-73.243004,10.476601],[-73.243177,10.476474]]]}},{"type":"Feature","properties":{"altura_m":6.0,"origen_altura":"osm_altura"},"geometry":{"type":"Polygon","coordinates":[[[-73.242997,10.476245],[-73.242947,10.476187],[-73.242865,10.476253],[-73.242906,10.47631],[-73.242972,10.476255],[-73.242997,10.476245]]]}},{"type":"Feature","properties":{"altura_m":3.0,"origen_altura":"osm_altura"},"geometry":{"type":"Polygon","coordinates":[[[-73.243038,10.476296],[-73.242997,10.476245],[-73.242972,10.476255],[-73.242981,10.476266],[-73.242929,10.476303],[-73.242942,10.476314],[-73.242939,10.47632],[-73.242947,10.476332],[-73.242976,10.476306],[-73.242995,10.476328],[-73.243038,10.476296]]]}},{"type":"Feature","properties":{"altura_m":6.0,"origen_altura":"osm_altura"},"geometry":{"type":"Polygon","coordinates":[[[-73.243084,10.477002],[-73.242942,10.476831],[-73.242854,10.476901],[-73.242808,10.476837],[-73.242781,10.476859],[-73.242972,10.477093],[-73.243084,10.477002]]]}},{"type":"Feature","properties":{"altura_m":3.5,"origen_altura":"provisional"},"geometry":{"type":"Polygon","coordinates":[[[-73.242819,10.476852],[-73.242914,10.476771],[-73.242839,10.47669],[-73.242727,10.476806],[-73.242781,10.476859],[-73.242808,10.476837],[-73.242819,10.476852]]]}},{"type":"Feature","properties":{"altura_m":3.0,"origen_altura":"osm_altura"},"geometry":{"type":"Polygon","coordinates":[[[-73.242781,10.476415],[-73.242869,10.476346],[-73.242831,10.476314],[-73.242879,10.476272],[-73.242865,10.476253],[-73.242827,10.476284],[-73.242807,10.476266],[-73.242853,10.476224],[-73.242834,10.476206],[-73.242705,10.476341],[-73.242781,10.476415]]]}},{"type":"Feature","properties":{"altura_m":3.0,"origen_altura":"osm_altura"},"geometry":{"type":"Polygon","coordinates":[[[-73.242864,10.476624],[-73.242901,10.476602],[-73.242855,10.476547],[-73.24287,10.476538],[-73.242774,10.476447],[-73.242794,10.476429],[-73.242773,10.476406],[-73.242733,10.476438],[-73.242751,10.476455],[-73.242728,10.476472],[-73.242839,10.476582],[-73.242864,10.476624]]]}},{"type":"Feature","properties":{"altura_m":3.5,"origen_altura":"provisional"},"geometry":{"type":"Polygon","coordinates":[[[-73.242773,10.476406],[-73.242705,10.476341],[-73.242663,10.476397],[-73.242664,10.476427],[-73.242719,10.476466],[-73.242737,10.476442],[-73.242733,10.476438],[-73.242773,10.476406]]]}},{"type":"Feature","properties":{"altura_m":3.5,"origen_altura":"provisional"},"geometry":{"type":"Polygon","coordinates":[[[-73.242715,10.476463],[-73.242666,10.476508],[-73.242609,10.476457],[-73.242644,10.476415],[-73.242715,10.476463]]]}},{"type":"Feature","properties":{"altura_m":3.0,"origen_altura":"osm_altura"},"geometry":{"type":"Polygon","coordinates":[[[-73.242798,10.47654],[-73.242777,10.476559],[-73.242705,10.476472],[-73.242666,10.476508],[-73.242778,10.47662],[-73.242825,10.476567],[-73.242798,10.47654]]]}},{"type":"Feature","properties":{"altura_m":3.5,"origen_altura":"provisional"},"geometry":{"type":"Polygon","coordinates":[[[-73.242803,10.476591],[-73.242778,10.47662],[-73.242884,10.476739],[-73.242919,10.47671],[-73.242803,10.476591]]]}},{"type":"Feature","properties":{"altura_m":6.0,"origen_altura":"osm_altura"},"geometry":{"type":"Polygon","coordinates":[[[-73.242609,10.476457],[-73.242551,10.47653],[-73.242566,10.476549],[-73.242641,10.476605],[-73.242658,10.476589],[-73.242647,10.476578],[-73.242662,10.476562],[-73.242654,10.476551],[-73.242682,10.476523],[-73.242609,10.476457]]]}},{"type":"Feature","properties":{"altura_m":3.0,"origen_altura":"osm_altura"},"geometry":{"type":"Polygon","coordinates":[[[-73.244893,10.478524],[-73.244844,10.478451],[-73.244759,10.478503],[-73.244807,10.478576],[-73.244893,10.478524]]]}},{"type":"Feature","properties":{"altura_m":3.0,"origen_altura":"osm_altura"},"geometry":{"type":"Polygon","coordinates":[[[-73.244141,10.47965],[-73.244115,10.479658],[-73.244031,10.479521],[-73.244015,10.47953],[-73.24396,10.479441],[-73.243988,10.479423],[-73.244141,10.47965]]]}},{"type":"Feature","properties":{"altura_m":3.5,"origen_altura":"provisional"},"geometry":{"type":"Polygon","coordinates":[[[-73.243598,10.477611],[-73.243721,10.477795],[-73.243687,10.477816],[-73.243542,10.477595],[-73.243852,10.477388],[-73.243928,10.477501],[-73.243891,10.477528],[-73.24384,10.477456],[-73.243598,10.477611]]]}},{"type":"Feature","properties":{"altura_m":3.5,"origen_altura":"provisional"},"geometry":{"type":"Polygon","coordinates":[[[-73.243595,10.478654],[-73.243501,10.478715],[-73.243461,10.478678],[-73.243446,10.478649],[-73.243415,10.478633],[-73.24338,10.478596],[-73.243388,10.478567],[-73.243381,10.478552],[-73.24334,10.47851],[-73.243454,10.478434],[-73.243595,10.478654]]]}},{"type":"Feature","properties":{"altura_m":3.5,"origen_altura":"provisional"},"geometry":{"type":"Polygon","coordinates":[[[-73.243981,10.478072],[-73.243824,10.477856],[-73.244106,10.477657],[-73.244336,10.477968],[-73.244234,10.478035],[-73.244171,10.477947],[-73.244143,10.477967],[-73.244159,10.477991],[-73.244125,10.478012],[-73.244134,10.478026],[-73.244039,10.478087],[-73.24401,10.478049],[-73.243981,10.478072]]]}},{"type":"Feature","properties":{"altura_m":3.5,"origen_altura":"provisional"},"geometry":{"type":"Polygon","coordinates":[[[-73.244119,10.47833],[-73.244051,10.478371],[-73.244061,10.478384],[-73.24397,10.478438],[-73.243876,10.478286],[-73.243912,10.478263],[-73.243889,10.478229],[-73.243852,10.478253],[-73.24381,10.478195],[-73.243974,10.47809],[-73.243979,10.478098],[-73.244023,10.478069],[-73.244066,10.47813],[-73.243966,10.478188],[-73.243988,10.478225],[-73.244026,10.478201],[-73.24406,10.478246],[-73.243994,10.47829],[-73.244004,10.478306],[-73.244072,10.478263],[-73.244119,10.47833]]]}},{"type":"Feature","properties":{"altura_m":3.5,"origen_altura":"provisional"},"geometry":{"type":"Polygon","coordinates":[[[-73.243517,10.478743],[-73.243382,10.478822],[-73.24332,10.478731],[-73.243218,10.478527],[-73.243301,10.478491],[-73.243348,10.478482],[-73.243367,10.478461],[-73.24337,10.478443],[-73.243427,10.478388],[-73.243451,10.478429],[-73.243331,10.478512],[-73.243382,10.478562],[-73.243343,10.478603],[-73.243355,10.47861],[-73.24337,10.478602],[-73.243395,10.47862],[-73.243383,10.47863],[-73.243422,10.478694],[-73.243437,10.478681],[-73.243426,10.478659],[-73.243437,10.478646],[-73.243517,10.478743]]]}},{"type":"Feature","properties":{"altura_m":3.0,"origen_altura":"osm_altura"},"geometry":{"type":"Polygon","coordinates":[[[-73.242979,10.477103],[-73.242897,10.477],[-73.242836,10.477056],[-73.242918,10.477156],[-73.242979,10.477103]]]}},{"type":"Feature","properties":{"altura_m":3.0,"origen_altura":"osm_altura"},"geometry":{"type":"Polygon","coordinates":[[[-73.242865,10.47719],[-73.242914,10.477152],[-73.24282,10.477036],[-73.242775,10.477074],[-73.242865,10.47719]]]}},{"type":"Feature","properties":{"altura_m":3.0,"origen_altura":"osm_altura"},"geometry":{"type":"Polygon","coordinates":[[[-73.242674,10.477184],[-73.242634,10.477217],[-73.242714,10.4773],[-73.242704,10.477316],[-73.242754,10.477271],[-73.242674,10.477184]]]}},{"type":"Feature","properties":{"altura_m":3.0,"origen_altura":"osm_altura"},"geometry":{"type":"Polygon","coordinates":[[[-73.242596,10.476981],[-73.242543,10.477034],[-73.242549,10.477042],[-73.242493,10.477091],[-73.242275,10.476889],[-73.242358,10.476785],[-73.242438,10.476855],[-73.24247,10.47687],[-73.242596,10.476981]]]}},{"type":"Feature","properties":{"altura_m":3.0,"origen_altura":"osm_altura"},"geometry":{"type":"Polygon","coordinates":[[[-73.242602,10.47661],[-73.242683,10.47668],[-73.242655,10.476715],[-73.242572,10.47664],[-73.242602,10.47661]]]}},{"type":"Feature","properties":{"altura_m":3.0,"origen_altura":"osm_altura"},"geometry":{"type":"Polygon","coordinates":[[[-73.242587,10.47669],[-73.242516,10.476632],[-73.242482,10.476661],[-73.242555,10.476723],[-73.242587,10.47669]]]}},{"type":"Feature","properties":{"altura_m":3.0,"origen_altura":"osm_altura"},"geometry":{"type":"Polygon","coordinates":[[[-73.242487,10.476845],[-73.242367,10.476744],[-73.242399,10.476704],[-73.24247,10.476748],[-73.242534,10.476798],[-73.242487,10.476845]]]}},{"type":"Feature","properties":{"altura_m":3.0,"origen_altura":"osm_altura"},"geometry":{"type":"Polygon","coordinates":[[[-73.242596,10.476981],[-73.242629,10.476942],[-73.242607,10.476927],[-73.242625,10.476903],[-73.242534,10.476798],[-73.242487,10.476845],[-73.242392,10.476765],[-73.242366,10.476792],[-73.242438,10.476855],[-73.24247,10.47687],[-73.242596,10.476981]]]}},{"type":"Feature","properties":{"altura_m":6.0,"origen_altura":"osm_altura"},"geometry":{"type":"Polygon","coordinates":[[[-73.242634,10.477379],[-73.242591,10.477309],[-73.242538,10.477335],[-73.242547,10.477354],[-73.242541,10.477365],[-73.242593,10.477418],[-73.242634,10.477379]]]}},{"type":"Feature","properties":{"altura_m":3.5,"origen_altura":"provisional"},"geometry":{"type":"Polygon","coordinates":[[[-73.247415,10.475485],[-73.247349,10.475389],[-73.247404,10.475351],[-73.247468,10.475441],[-73.247415,10.475485]]]}},{"type":"Feature","properties":{"altura_m":3.5,"origen_altura":"provisional"},"geometry":{"type":"Polygon","coordinates":[[[-73.247349,10.475389],[-73.247315,10.475343],[-73.24737,10.475307],[-73.247404,10.475351],[-73.247349,10.475389]]]}},{"type":"Feature","properties":{"altura_m":3.5,"origen_altura":"provisional"},"geometry":{"type":"Polygon","coordinates":[[[-73.247371,10.475306],[-73.247315,10.475343],[-73.247293,10.475316],[-73.247347,10.475275],[-73.247371,10.475306]]]}},{"type":"Feature","properties":{"altura_m":3.5,"origen_altura":"provisional"},"geometry":{"type":"Polygon","coordinates":[[[-73.247293,10.475315],[-73.247271,10.475287],[-73.247326,10.475247],[-73.247347,10.475275],[-73.247293,10.475315]]]}},{"type":"Feature","properties":{"altura_m":3.5,"origen_altura":"provisional"},"geometry":{"type":"Polygon","coordinates":[[[-73.247271,10.475286],[-73.247242,10.475233],[-73.247295,10.475205],[-73.247326,10.475247],[-73.247271,10.475286]]]}},{"type":"Feature","properties":{"altura_m":3.5,"origen_altura":"provisional"},"geometry":{"type":"Polygon","coordinates":[[[-73.24756,10.47538],[-73.247471,10.475439],[-73.247295,10.475205],[-73.247381,10.475149],[-73.24756,10.47538]]]}},{"type":"Feature","properties":{"altura_m":30.0,"origen_altura":"osm_altura"},"geometry":{"type":"Polygon","coordinates":[[[-73.247564,10.475381],[-73.247844,10.47518],[-73.247627,10.474861],[-73.247374,10.475027],[-73.247417,10.475091],[-73.247383,10.475145],[-73.247564,10.475381]]]}},{"type":"Feature","properties":{"altura_m":3.5,"origen_altura":"provisional"},"geometry":{"type":"Polygon","coordinates":[[[-73.247846,10.475178],[-73.247632,10.474858],[-73.247876,10.474703],[-73.248081,10.475001],[-73.247846,10.475178]]]}},{"type":"Feature","properties":{"altura_m":3.0,"origen_altura":"osm_altura"},"geometry":{"type":"Polygon","coordinates":[[[-73.246889,10.478248],[-73.2468,10.47831],[-73.246721,10.478223],[-73.246748,10.478199],[-73.246755,10.47821],[-73.246821,10.478157],[-73.246889,10.478248]]]}},{"type":"Feature","properties":{"altura_m":3.0,"origen_altura":"osm_altura"},"geometry":{"type":"Polygon","coordinates":[[[-73.247149,10.478596],[-73.247037,10.478657],[-73.246993,10.47859],[-73.247098,10.478523],[-73.247149,10.478596]]]}},{"type":"Feature","properties":{"altura_m":3.0,"origen_altura":"osm_altura"},"geometry":{"type":"Polygon","coordinates":[[[-73.247093,10.478525],[-73.246993,10.47859],[-73.246874,10.478682],[-73.246826,10.478567],[-73.247014,10.478424],[-73.247093,10.478525]]]}},{"type":"Feature","properties":{"altura_m":3.0,"origen_altura":"osm_altura"},"geometry":{"type":"Polygon","coordinates":[[[-73.247013,10.478422],[-73.246825,10.478566],[-73.24678,10.478485],[-73.246958,10.478342],[-73.247013,10.478422]]]}},{"type":"Feature","properties":{"altura_m":3.0,"origen_altura":"osm_altura"},"geometry":{"type":"Polygon","coordinates":[[[-73.246955,10.478342],[-73.246779,10.478483],[-73.246717,10.478367],[-73.246892,10.478248],[-73.246955,10.478342]]]}},{"type":"Feature","properties":{"altura_m":3.0,"origen_altura":"osm_altura"},"geometry":{"type":"Polygon","coordinates":[[[-73.246908,10.478776],[-73.246817,10.47884],[-73.246754,10.478725],[-73.246861,10.478651],[-73.246908,10.478776]]]}},{"type":"Feature","properties":{"altura_m":3.0,"origen_altura":"osm_altura"},"geometry":{"type":"Polygon","coordinates":[[[-73.246838,10.478662],[-73.246754,10.478725],[-73.246711,10.478657],[-73.246806,10.47859],[-73.246838,10.478662]]]}},{"type":"Feature","properties":{"altura_m":3.5,"origen_altura":"provisional"},"geometry":{"type":"Polygon","coordinates":[[[-73.244294,10.476039],[-73.2442,10.4761],[-73.243911,10.475706],[-73.244087,10.475619],[-73.244294,10.476039]]]}},{"type":"Feature","properties":{"altura_m":3.5,"origen_altura":"provisional"},"geometry":{"type":"Polygon","coordinates":[[[-73.244652,10.475833],[-73.24445,10.475493],[-73.244321,10.475571],[-73.244504,10.475919],[-73.244652,10.475833]]]}},{"type":"Feature","properties":{"altura_m":3.5,"origen_altura":"provisional"},"geometry":{"type":"Polygon","coordinates":[[[-73.244758,10.475789],[-73.244512,10.475455],[-73.24445,10.475493],[-73.244661,10.475836],[-73.244758,10.475789]]]}},{"type":"Feature","properties":{"altura_m":3.5,"origen_altura":"provisional"},"geometry":{"type":"Polygon","coordinates":[[[-73.244803,10.475745],[-73.244818,10.475698],[-73.244763,10.475618],[-73.244714,10.47565],[-73.244678,10.475662],[-73.244758,10.475789],[-73.244803,10.475745]]]}},{"type":"Feature","properties":{"altura_m":3.5,"origen_altura":"provisional"},"geometry":{"type":"Polygon","coordinates":[[[-73.244763,10.475618],[-73.244706,10.475545],[-73.244625,10.475598],[-73.244678,10.475662],[-73.244763,10.475618]]]}},{"type":"Feature","properties":{"altura_m":3.5,"origen_altura":"provisional"},"geometry":{"type":"Polygon","coordinates":[[[-73.244694,10.47554],[-73.244623,10.475467],[-73.244559,10.475507],[-73.244625,10.475598],[-73.244694,10.47554]]]}},{"type":"Feature","properties":{"altura_m":3.5,"origen_altura":"provisional"},"geometry":{"type":"Polygon","coordinates":[[[-73.244619,10.475461],[-73.244574,10.475404],[-73.244506,10.475442],[-73.244552,10.475501],[-73.244619,10.475461]]]}},{"type":"Feature","properties":{"altura_m":3.5,"origen_altura":"provisional"},"geometry":{"type":"Polygon","coordinates":[[[-73.244336,10.475128],[-73.244245,10.475008],[-73.243994,10.475188],[-73.244088,10.475302],[-73.244336,10.475128]]]}},{"type":"Feature","properties":{"altura_m":3.5,"origen_altura":"provisional"},"geometry":{"type":"Polygon","coordinates":[[[-73.244224,10.474989],[-73.244009,10.474738],[-73.243672,10.475115],[-73.243867,10.475317],[-73.244224,10.474989]]]}},{"type":"Feature","properties":{"altura_m":3.5,"origen_altura":"provisional"},"geometry":{"type":"Polygon","coordinates":[[[-73.244471,10.475101],[-73.24466,10.474947],[-73.244607,10.474888],[-73.244413,10.475058],[-73.244471,10.475101]]]}},{"type":"Feature","properties":{"altura_m":3.5,"origen_altura":"provisional"},"geometry":{"type":"Polygon","coordinates":[[[-73.247097,10.476766],[-73.246991,10.47661],[-73.246905,10.476676],[-73.247018,10.47683],[-73.247097,10.476766]]]}},{"type":"Feature","properties":{"altura_m":3.5,"origen_altura":"provisional"},"geometry":{"type":"Polygon","coordinates":[[[-73.243263,10.477324],[-73.243219,10.477264],[-73.243125,10.477325],[-73.24317,10.477396],[-73.243263,10.477324]]]}},{"type":"Feature","properties":{"altura_m":6.0,"origen_altura":"osm_altura"},"geometry":{"type":"Polygon","coordinates":[[[-73.24317,10.477396],[-73.243084,10.477458],[-73.242966,10.477264],[-73.243041,10.4772],[-73.24317,10.477396]]]}},{"type":"Feature","properties":{"altura_m":6.0,"origen_altura":"osm_altura"},"geometry":{"type":"Polygon","coordinates":[[[-73.242855,10.477176],[-73.242751,10.477045],[-73.242714,10.477071],[-73.242812,10.477214],[-73.242855,10.477176]]]}},{"type":"Feature","properties":{"altura_m":3.0,"origen_altura":"osm_altura"},"geometry":{"type":"Polygon","coordinates":[[[-73.24273,10.477094],[-73.242655,10.477164],[-73.242754,10.477271],[-73.242812,10.477214],[-73.24273,10.477094]]]}},{"type":"Feature","properties":{"altura_m":3.0,"origen_altura":"osm_altura"},"geometry":{"type":"Polygon","coordinates":[[[-73.242449,10.477337],[-73.242493,10.477305],[-73.242379,10.477174],[-73.242319,10.477206],[-73.242449,10.477337]]]}},{"type":"Feature","properties":{"altura_m":6.0,"origen_altura":"osm_altura"},"geometry":{"type":"Polygon","coordinates":[[[-73.24258,10.477314],[-73.242526,10.477234],[-73.242462,10.47727],[-73.242493,10.477305],[-73.24248,10.477314],[-73.242532,10.477375],[-73.242507,10.477403],[-73.242567,10.47746],[-73.242599,10.477426],[-73.242541,10.477365],[-73.242547,10.477354],[-73.242538,10.477335],[-73.24258,10.477314]]]}},{"type":"Feature","properties":{"altura_m":3.0,"origen_altura":"osm_altura"},"geometry":{"type":"Polygon","coordinates":[[[-73.242493,10.477091],[-73.242319,10.477206],[-73.242155,10.477026],[-73.242216,10.476953],[-73.242264,10.476998],[-73.242311,10.476948],[-73.242335,10.476968],[-73.242347,10.476956],[-73.242493,10.477091]]]}},{"type":"Feature","properties":{"altura_m":6.0,"origen_altura":"osm_altura"},"geometry":{"type":"Polygon","coordinates":[[[-73.246323,10.477572],[-73.245999,10.477779],[-73.245769,10.477432],[-73.246067,10.477234],[-73.246323,10.477572]]]}},{"type":"Feature","properties":{"altura_m":6.0,"origen_altura":"osm_altura"},"geometry":{"type":"Polygon","coordinates":[[[-73.246622,10.477936],[-73.246422,10.478082],[-73.246324,10.477953],[-73.246511,10.477802],[-73.246622,10.477936]]]}},{"type":"Feature","properties":{"altura_m":6.0,"origen_altura":"osm_altura"},"geometry":{"type":"Polygon","coordinates":[[[-73.246498,10.477797],[-73.246197,10.478064],[-73.246064,10.477899],[-73.246394,10.477661],[-73.246498,10.477797]]]}},{"type":"Feature","properties":{"altura_m":3.0,"origen_altura":"osm_altura"},"geometry":{"type":"Polygon","coordinates":[[[-73.245345,10.478084],[-73.245652,10.477887],[-73.245491,10.477619],[-73.245173,10.477826],[-73.245345,10.478084]]]}},{"type":"Feature","properties":{"altura_m":6.0,"origen_altura":"osm_altura"},"geometry":{"type":"Polygon","coordinates":[[[-73.245481,10.478262],[-73.245764,10.478088],[-73.24565,10.477902],[-73.245356,10.478089],[-73.245481,10.478262]]]}},{"type":"Feature","properties":{"altura_m":3.0,"origen_altura":"osm_altura"},"geometry":{"type":"Polygon","coordinates":[[[-73.245815,10.478177],[-73.245769,10.478103],[-73.245477,10.478272],[-73.245538,10.478361],[-73.245815,10.478177]]]}},{"type":"Feature","properties":{"altura_m":6.0,"origen_altura":"osm_altura"},"geometry":{"type":"Polygon","coordinates":[[[-73.245932,10.478334],[-73.245826,10.478193],[-73.24554,10.478372],[-73.245633,10.478502],[-73.245932,10.478334]]]}},{"type":"Feature","properties":{"altura_m":3.0,"origen_altura":"osm_altura"},"geometry":{"type":"Polygon","coordinates":[[[-73.245987,10.478411],[-73.24594,10.47835],[-73.245644,10.47851],[-73.245691,10.478585],[-73.245987,10.478411]]]}},{"type":"Feature","properties":{"altura_m":6.0,"origen_altura":"osm_altura"},"geometry":{"type":"Polygon","coordinates":[[[-73.246063,10.478528],[-73.245987,10.478411],[-73.245697,10.478592],[-73.245787,10.478723],[-73.246063,10.478528]]]}},{"type":"Feature","properties":{"altura_m":6.0,"origen_altura":"osm_altura"},"geometry":{"type":"Polygon","coordinates":[[[-73.245644,10.477821],[-73.245745,10.477744],[-73.245616,10.477564],[-73.245513,10.477635],[-73.245644,10.477821]]]}},{"type":"Feature","properties":{"altura_m":3.0,"origen_altura":"osm_altura"},"geometry":{"type":"Polygon","coordinates":[[[-73.245934,10.47771],[-73.245783,10.477796],[-73.245628,10.477562],[-73.245778,10.477464],[-73.245934,10.47771]]]}},{"type":"Feature","properties":{"altura_m":6.0,"origen_altura":"osm_altura"},"geometry":{"type":"Polygon","coordinates":[[[-73.244299,10.480739],[-73.244407,10.480685],[-73.244335,10.48055],[-73.244233,10.480602],[-73.244299,10.480739]]]}},{"type":"Feature","properties":{"altura_m":3.0,"origen_altura":"osm_altura"},"geometry":{"type":"Polygon","coordinates":[[[-73.244332,10.480543],[-73.244309,10.480503],[-73.24421,10.48056],[-73.244233,10.480594],[-73.244332,10.480543]]]}},{"type":"Feature","properties":{"altura_m":2.0,"origen_altura":"osm_altura"},"geometry":{"type":"Polygon","coordinates":[[[-73.244309,10.480503],[-73.244262,10.480423],[-73.244149,10.480487],[-73.244202,10.480565],[-73.244309,10.480503]]]}},{"type":"Feature","properties":{"altura_m":3.0,"origen_altura":"osm_altura"},"geometry":{"type":"Polygon","coordinates":[[[-73.244262,10.480423],[-73.244203,10.480324],[-73.244018,10.480444],[-73.244074,10.480533],[-73.244262,10.480423]]]}},{"type":"Feature","properties":{"altura_m":3.0,"origen_altura":"osm_altura"},"geometry":{"type":"Polygon","coordinates":[[[-73.244203,10.480324],[-73.244163,10.48026],[-73.244021,10.480353],[-73.244062,10.480415],[-73.244203,10.480324]]]}},{"type":"Feature","properties":{"altura_m":3.0,"origen_altura":"osm_altura"},"geometry":{"type":"Polygon","coordinates":[[[-73.244153,10.480244],[-73.244097,10.480155],[-73.243933,10.480259],[-73.243999,10.480347],[-73.244153,10.480244]]]}},{"type":"Feature","properties":{"altura_m":3.0,"origen_altura":"osm_altura"},"geometry":{"type":"Polygon","coordinates":[[[-73.244097,10.480155],[-73.24408,10.480128],[-73.243912,10.480231],[-73.24393,10.480259],[-73.244097,10.480155]]]}},{"type":"Feature","properties":{"altura_m":3.0,"origen_altura":"osm_altura"},"geometry":{"type":"Polygon","coordinates":[[[-73.244081,10.480123],[-73.243953,10.480203],[-73.243905,10.480138],[-73.244041,10.480055],[-73.244081,10.480123]]]}},{"type":"Feature","properties":{"altura_m":3.0,"origen_altura":"osm_altura"},"geometry":{"type":"Polygon","coordinates":[[[-73.244041,10.480055],[-73.243845,10.480173],[-73.243784,10.480085],[-73.243989,10.47996],[-73.244041,10.480055]]]}},{"type":"Feature","properties":{"altura_m":3.0,"origen_altura":"osm_altura"},"geometry":{"type":"Polygon","coordinates":[[[-73.243989,10.47996],[-73.243927,10.479999],[-73.243873,10.479913],[-73.243934,10.479871],[-73.243989,10.47996]]]}},{"type":"Feature","properties":{"altura_m":3.0,"origen_altura":"osm_altura"},"geometry":{"type":"Polygon","coordinates":[[[-73.243914,10.479978],[-73.243853,10.480015],[-73.243806,10.479949],[-73.24387,10.47991],[-73.243914,10.479978]]]}},{"type":"Feature","properties":{"altura_m":3.0,"origen_altura":"osm_altura"},"geometry":{"type":"Polygon","coordinates":[[[-73.243853,10.480015],[-73.243813,10.480041],[-73.243768,10.479972],[-73.243806,10.479949],[-73.243853,10.480015]]]}},{"type":"Feature","properties":{"altura_m":3.0,"origen_altura":"osm_altura"},"geometry":{"type":"Polygon","coordinates":[[[-73.243768,10.479972],[-73.243826,10.48006],[-73.243739,10.480112],[-73.24368,10.480025],[-73.243768,10.479972]]]}},{"type":"Feature","properties":{"altura_m":3.0,"origen_altura":"osm_altura"},"geometry":{"type":"Polygon","coordinates":[[[-73.243738,10.480124],[-73.243661,10.480168],[-73.243601,10.480075],[-73.243677,10.48003],[-73.243738,10.480124]]]}},{"type":"Feature","properties":{"altura_m":3.0,"origen_altura":"osm_altura"},"geometry":{"type":"Polygon","coordinates":[[[-73.243596,10.48008],[-73.243695,10.480236],[-73.243625,10.480278],[-73.243531,10.480118],[-73.243596,10.48008]]]}},{"type":"Feature","properties":{"altura_m":3.0,"origen_altura":"osm_altura"},"geometry":{"type":"Polygon","coordinates":[[[-73.243629,10.480275],[-73.243671,10.480352],[-73.243842,10.480241],[-73.243795,10.480171],[-73.243629,10.480275]]]}},{"type":"Feature","properties":{"altura_m":3.0,"origen_altura":"osm_altura"},"geometry":{"type":"Polygon","coordinates":[[[-73.243842,10.480241],[-73.243874,10.480291],[-73.243705,10.480407],[-73.243671,10.480352],[-73.243842,10.480241]]]}},{"type":"Feature","properties":{"altura_m":3.0,"origen_altura":"osm_altura"},"geometry":{"type":"Polygon","coordinates":[[[-73.243874,10.480291],[-73.243892,10.480321],[-73.243724,10.480432],[-73.243705,10.480407],[-73.243874,10.480291]]]}},{"type":"Feature","properties":{"altura_m":3.0,"origen_altura":"osm_altura"},"geometry":{"type":"Polygon","coordinates":[[[-73.244071,10.480854],[-73.244028,10.480769],[-73.243921,10.480824],[-73.243966,10.480907],[-73.244071,10.480854]]]}},{"type":"Feature","properties":{"altura_m":6.0,"origen_altura":"osm_altura"},"geometry":{"type":"Polygon","coordinates":[[[-73.244028,10.480769],[-73.243973,10.480667],[-73.243862,10.480719],[-73.243921,10.480824],[-73.244028,10.480769]]]}},{"type":"Feature","properties":{"altura_m":3.0,"origen_altura":"osm_altura"},"geometry":{"type":"Polygon","coordinates":[[[-73.243741,10.480426],[-73.243784,10.480498],[-73.243951,10.480401],[-73.243909,10.480332],[-73.243741,10.480426]]]}},{"type":"Feature","properties":{"altura_m":3.0,"origen_altura":"osm_altura"},"geometry":{"type":"Polygon","coordinates":[[[-73.243784,10.480498],[-73.243827,10.480579],[-73.243987,10.480488],[-73.243938,10.48041],[-73.243784,10.480498]]]}},{"type":"Feature","properties":{"altura_m":3.0,"origen_altura":"osm_altura"},"geometry":{"type":"Polygon","coordinates":[[[-73.243827,10.480579],[-73.24387,10.480665],[-73.244056,10.480552],[-73.244013,10.480469],[-73.243827,10.480579]]]}},{"type":"Feature","properties":{"altura_m":3.0,"origen_altura":"osm_altura"},"geometry":{"type":"Polygon","coordinates":[[[-73.243862,10.480719],[-73.244006,10.48065],[-73.243977,10.4806],[-73.243841,10.480683],[-73.243862,10.480719]]]}},{"type":"Feature","properties":{"altura_m":6.0,"origen_altura":"osm_altura"},"geometry":{"type":"Polygon","coordinates":[[[-73.244286,10.480712],[-73.244253,10.480728],[-73.244197,10.480614],[-73.244231,10.480597],[-73.244286,10.480712]]]}},{"type":"Feature","properties":{"altura_m":3.0,"origen_altura":"osm_altura"},"geometry":{"type":"Polygon","coordinates":[[[-73.244269,10.480759],[-73.244199,10.480792],[-73.244121,10.480635],[-73.244191,10.480603],[-73.244269,10.480759]]]}},{"type":"Feature","properties":{"altura_m":3.0,"origen_altura":"osm_altura"},"geometry":{"type":"Polygon","coordinates":[[[-73.244199,10.480792],[-73.244118,10.480831],[-73.244043,10.48069],[-73.244129,10.480651],[-73.244199,10.480792]]]}},{"type":"Feature","properties":{"altura_m":6.0,"origen_altura":"osm_altura"},"geometry":{"type":"Polygon","coordinates":[[[-73.244113,10.480822],[-73.244066,10.480844],[-73.243998,10.480713],[-73.244043,10.48069],[-73.244113,10.480822]]]}},{"type":"Feature","properties":{"altura_m":3.0,"origen_altura":"osm_altura"},"geometry":{"type":"Polygon","coordinates":[[[-73.24341,10.479878],[-73.243473,10.479979],[-73.243543,10.479937],[-73.243481,10.479839],[-73.24341,10.479878]]]}},{"type":"Feature","properties":{"altura_m":3.0,"origen_altura":"osm_altura"},"geometry":{"type":"Polygon","coordinates":[[[-73.243575,10.479985],[-73.243522,10.479904],[-73.243584,10.47987],[-73.243634,10.479951],[-73.243575,10.479985]]]}},{"type":"Feature","properties":{"altura_m":6.0,"origen_altura":"osm_altura"},"geometry":{"type":"Polygon","coordinates":[[[-73.24383,10.479832],[-73.243791,10.479769],[-73.243725,10.479812],[-73.243759,10.479874],[-73.24383,10.479832]]]}},{"type":"Feature","properties":{"altura_m":3.0,"origen_altura":"osm_altura"},"geometry":{"type":"Polygon","coordinates":[[[-73.24383,10.479832],[-73.243892,10.479794],[-73.243855,10.479734],[-73.243791,10.479769],[-73.24383,10.479832]]]}},{"type":"Feature","properties":{"altura_m":3.0,"origen_altura":"osm_altura"},"geometry":{"type":"Polygon","coordinates":[[[-73.243855,10.479734],[-73.243827,10.479689],[-73.243708,10.479756],[-73.243732,10.4798],[-73.243855,10.479734]]]}},{"type":"Feature","properties":{"altura_m":3.0,"origen_altura":"osm_altura"},"geometry":{"type":"Polygon","coordinates":[[[-73.243764,10.479724],[-73.243735,10.479683],[-73.243797,10.479646],[-73.243825,10.479691],[-73.243764,10.479724]]]}},{"type":"Feature","properties":{"altura_m":3.0,"origen_altura":"osm_altura"},"geometry":{"type":"Polygon","coordinates":[[[-73.243711,10.479514],[-73.243595,10.479587],[-73.24357,10.479551],[-73.24369,10.479482],[-73.243711,10.479514]]]}},{"type":"Feature","properties":{"altura_m":3.0,"origen_altura":"osm_altura"},"geometry":{"type":"Polygon","coordinates":[[[-73.24369,10.479482],[-73.243664,10.47944],[-73.243478,10.479537],[-73.243508,10.479583],[-73.24369,10.479482]]]}},{"type":"Feature","properties":{"altura_m":3.0,"origen_altura":"osm_altura"},"geometry":{"type":"Polygon","coordinates":[[[-73.243518,10.479446],[-73.243478,10.479375],[-73.24358,10.479314],[-73.243625,10.479381],[-73.243518,10.479446]]]}},{"type":"Feature","properties":{"altura_m":3.0,"origen_altura":"osm_altura"},"geometry":{"type":"Polygon","coordinates":[[[-73.24358,10.479314],[-73.243476,10.479377],[-73.243432,10.47932],[-73.243364,10.47936],[-73.243334,10.479321],[-73.243518,10.479212],[-73.24358,10.479314]]]}},{"type":"Feature","properties":{"altura_m":3.0,"origen_altura":"osm_altura"},"geometry":{"type":"Polygon","coordinates":[[[-73.243299,10.47924],[-73.243346,10.479313],[-73.243518,10.479212],[-73.24347,10.479135],[-73.243299,10.47924]]]}},{"type":"Feature","properties":{"altura_m":3.0,"origen_altura":"osm_altura"},"geometry":{"type":"Polygon","coordinates":[[[-73.24333,10.479221],[-73.243275,10.479139],[-73.243421,10.479057],[-73.24347,10.479135],[-73.24333,10.479221]]]}},{"type":"Feature","properties":{"altura_m":3.0,"origen_altura":"osm_altura"},"geometry":{"type":"Polygon","coordinates":[[[-73.243421,10.479057],[-73.243381,10.478992],[-73.24335,10.478991],[-73.24329,10.479023],[-73.243343,10.479101],[-73.243421,10.479057]]]}},{"type":"Feature","properties":{"altura_m":3.0,"origen_altura":"osm_altura"},"geometry":{"type":"Polygon","coordinates":[[[-73.24329,10.479023],[-73.243234,10.479062],[-73.243286,10.479133],[-73.243343,10.479101],[-73.24329,10.479023]]]}},{"type":"Feature","properties":{"altura_m":2.0,"origen_altura":"osm_altura"},"geometry":{"type":"Polygon","coordinates":[[[-73.243234,10.479062],[-73.243206,10.479079],[-73.243252,10.479152],[-73.243286,10.479133],[-73.243234,10.479062]]]}},{"type":"Feature","properties":{"altura_m":3.0,"origen_altura":"osm_altura"},"geometry":{"type":"Polygon","coordinates":[[[-73.243132,10.479126],[-73.243219,10.479253],[-73.243287,10.479211],[-73.243203,10.479082],[-73.243132,10.479126]]]}},{"type":"Feature","properties":{"altura_m":3.0,"origen_altura":"osm_altura"},"geometry":{"type":"Polygon","coordinates":[[[-73.243219,10.479253],[-73.243137,10.4793],[-73.243057,10.479173],[-73.243132,10.479126],[-73.243219,10.479253]]]}},{"type":"Feature","properties":{"altura_m":3.5,"origen_altura":"osm_altura"},"geometry":{"type":"Polygon","coordinates":[[[-73.243142,10.479444],[-73.24319,10.479518],[-73.243327,10.479437],[-73.243276,10.479362],[-73.243142,10.479444]]]}},{"type":"Feature","properties":{"altura_m":3.5,"origen_altura":"osm_altura"},"geometry":{"type":"Polygon","coordinates":[[[-73.24319,10.479518],[-73.243245,10.479604],[-73.24338,10.479525],[-73.243327,10.479437],[-73.24319,10.479518]]]}},{"type":"Feature","properties":{"altura_m":6.0,"origen_altura":"osm_altura"},"geometry":{"type":"Polygon","coordinates":[[[-73.243245,10.479604],[-73.243332,10.479739],[-73.243466,10.479648],[-73.24338,10.479525],[-73.243245,10.479604]]]}},{"type":"Feature","properties":{"altura_m":3.5,"origen_altura":"osm_altura"},"geometry":{"type":"Polygon","coordinates":[[[-73.24341,10.479878],[-73.243362,10.479805],[-73.243516,10.47972],[-73.243554,10.479799],[-73.24341,10.479878]]]}},{"type":"Feature","properties":{"altura_m":9.0,"origen_altura":"osm_altura"},"geometry":{"type":"Polygon","coordinates":[[[-73.243298,10.478858],[-73.243139,10.478962],[-73.243003,10.478732],[-73.243166,10.478627],[-73.243298,10.478858]]]}},{"type":"Feature","properties":{"altura_m":3.0,"origen_altura":"osm_altura"},"geometry":{"type":"Polygon","coordinates":[[[-73.243162,10.478625],[-73.243127,10.478551],[-73.242971,10.47863],[-73.243026,10.478713],[-73.243162,10.478625]]]}},{"type":"Feature","properties":{"altura_m":3.0,"origen_altura":"osm_altura"},"geometry":{"type":"Polygon","coordinates":[[[-73.243127,10.478551],[-73.243106,10.478512],[-73.242912,10.478601],[-73.24294,10.478643],[-73.243127,10.478551]]]}},{"type":"Feature","properties":{"altura_m":3.0,"origen_altura":"osm_altura"},"geometry":{"type":"Polygon","coordinates":[[[-73.243087,10.478521],[-73.243063,10.478474],[-73.242889,10.478547],[-73.242921,10.478597],[-73.243087,10.478521]]]}},{"type":"Feature","properties":{"altura_m":3.0,"origen_altura":"osm_altura"},"geometry":{"type":"Polygon","coordinates":[[[-73.243052,10.478476],[-73.243007,10.478378],[-73.242864,10.478442],[-73.242914,10.478534],[-73.243052,10.478476]]]}},{"type":"Feature","properties":{"altura_m":3.0,"origen_altura":"osm_altura"},"geometry":{"type":"Polygon","coordinates":[[[-73.243024,10.478369],[-73.243005,10.478327],[-73.242835,10.478397],[-73.242864,10.478442],[-73.243024,10.478369]]]}},{"type":"Feature","properties":{"altura_m":3.0,"origen_altura":"osm_altura"},"geometry":{"type":"Polygon","coordinates":[[[-73.243011,10.478306],[-73.242975,10.47832],[-73.242953,10.478272],[-73.242989,10.478256],[-73.243011,10.478306]]]}},{"type":"Feature","properties":{"altura_m":3.0,"origen_altura":"osm_altura"},"geometry":{"type":"Polygon","coordinates":[[[-73.242989,10.478238],[-73.242967,10.478187],[-73.242858,10.478245],[-73.24288,10.47829],[-73.242989,10.478238]]]}},{"type":"Feature","properties":{"altura_m":3.0,"origen_altura":"osm_altura"},"geometry":{"type":"Polygon","coordinates":[[[-73.242855,10.478105],[-73.242897,10.478225],[-73.242967,10.478187],[-73.242918,10.478067],[-73.242855,10.478105]]]}},{"type":"Feature","properties":{"altura_m":3.0,"origen_altura":"osm_altura"},"geometry":{"type":"Polygon","coordinates":[[[-73.242918,10.478067],[-73.242895,10.478007],[-73.242881,10.478006],[-73.242697,10.478127],[-73.242732,10.478177],[-73.242918,10.478067]]]}},{"type":"Feature","properties":{"altura_m":3.0,"origen_altura":"osm_altura"},"geometry":{"type":"Polygon","coordinates":[[[-73.242788,10.478258],[-73.242659,10.478332],[-73.242574,10.478204],[-73.242692,10.47812],[-73.242788,10.478258]]]}},{"type":"Feature","properties":{"altura_m":4.0,"origen_altura":"osm_altura"},"geometry":{"type":"Polygon","coordinates":[[[-73.242695,10.478395],[-73.242529,10.478495],[-73.242422,10.478333],[-73.24258,10.478225],[-73.242695,10.478395]]]}},{"type":"Feature","properties":{"altura_m":3.0,"origen_altura":"osm_altura"},"geometry":{"type":"Polygon","coordinates":[[[-73.242968,10.478973],[-73.242863,10.479042],[-73.242769,10.478912],[-73.24288,10.478838],[-73.242968,10.478973]]]}},{"type":"Feature","properties":{"altura_m":3.0,"origen_altura":"osm_altura"},"geometry":{"type":"Polygon","coordinates":[[[-73.242785,10.478901],[-73.242725,10.478818],[-73.242924,10.478685],[-73.242978,10.478771],[-73.242785,10.478901]]]}},{"type":"Feature","properties":{"altura_m":3.0,"origen_altura":"osm_altura"},"geometry":{"type":"Polygon","coordinates":[[[-73.242725,10.478818],[-73.242635,10.478684],[-73.242856,10.478548],[-73.242944,10.478672],[-73.242725,10.478818]]]}},{"type":"Feature","properties":{"altura_m":9.0,"origen_altura":"osm_altura"},"geometry":{"type":"Polygon","coordinates":[[[-73.243283,10.474484],[-73.243161,10.474344],[-73.243048,10.474438],[-73.243157,10.474576],[-73.243283,10.474484]]]}},{"type":"Feature","properties":{"altura_m":3.5,"origen_altura":"provisional"},"geometry":{"type":"Polygon","coordinates":[[[-73.247543,10.476494],[-73.247344,10.476649],[-73.247209,10.476464],[-73.247404,10.476323],[-73.247543,10.476494]]]}},{"type":"Feature","properties":{"altura_m":2.5,"origen_altura":"osm_altura"},"geometry":{"type":"Polygon","coordinates":[[[-73.245525,10.482263],[-73.24547,10.482185],[-73.24569,10.482062],[-73.245744,10.482141],[-73.245525,10.482263]]]}},{"type":"Feature","properties":{"altura_m":6.0,"origen_altura":"osm_altura"},"geometry":{"type":"Polygon","coordinates":[[[-73.245192,10.481657],[-73.245262,10.481748],[-73.245199,10.48179],[-73.245136,10.4817],[-73.245192,10.481657]]]}},{"type":"Feature","properties":{"altura_m":3.0,"origen_altura":"osm_altura"},"geometry":{"type":"Polygon","coordinates":[[[-73.245959,10.481545],[-73.246043,10.48149],[-73.246146,10.481651],[-73.246077,10.481699],[-73.245959,10.481545]]]}},{"type":"Feature","properties":{"altura_m":3.0,"origen_altura":"osm_altura"},"geometry":{"type":"Polygon","coordinates":[[[-73.245574,10.481365],[-73.245658,10.481294],[-73.245727,10.481401],[-73.245686,10.481433],[-73.245666,10.481401],[-73.24562,10.481432],[-73.245574,10.481365]]]}},{"type":"Feature","properties":{"altura_m":3.0,"origen_altura":"osm_altura"},"geometry":{"type":"Polygon","coordinates":[[[-73.246167,10.480944],[-73.246133,10.480895],[-73.245938,10.48106],[-73.245962,10.481092],[-73.246167,10.480944]]]}},{"type":"Feature","properties":{"altura_m":2.5,"origen_altura":"osm_altura"},"geometry":{"type":"Polygon","coordinates":[[[-73.24534,10.481997],[-73.245507,10.48188],[-73.245542,10.481929],[-73.245482,10.481973],[-73.24553,10.482051],[-73.245421,10.482113],[-73.24534,10.481997]]]}},{"type":"Feature","properties":{"altura_m":2.5,"origen_altura":"osm_altura"},"geometry":{"type":"Polygon","coordinates":[[[-73.245428,10.482118],[-73.245557,10.482043],[-73.245602,10.482106],[-73.245467,10.48218],[-73.245428,10.482118]]]}},{"type":"Feature","properties":{"altura_m":2.5,"origen_altura":"osm_altura"},"geometry":{"type":"Polygon","coordinates":[[[-73.24579,10.482133],[-73.245536,10.482267],[-73.245586,10.482343],[-73.245828,10.482196],[-73.24579,10.482133]]]}},{"type":"Feature","properties":{"altura_m":2.5,"origen_altura":"osm_altura"},"geometry":{"type":"Polygon","coordinates":[[[-73.245827,10.482308],[-73.245785,10.482238],[-73.245594,10.482349],[-73.245645,10.482432],[-73.245827,10.482308]]]}},{"type":"Feature","properties":{"altura_m":2.5,"origen_altura":"osm_altura"},"geometry":{"type":"Polygon","coordinates":[[[-73.245835,10.482318],[-73.245654,10.482442],[-73.245686,10.48248],[-73.245747,10.482437],[-73.245743,10.482426],[-73.24586,10.48235],[-73.245835,10.482318]]]}},{"type":"Feature","properties":{"altura_m":15.0,"origen_altura":"osm_altura"},"geometry":{"type":"Polygon","coordinates":[[[-73.2461,10.482216],[-73.246273,10.482475],[-73.245882,10.482744],[-73.245697,10.482483],[-73.245777,10.482435],[-73.245796,10.482464],[-73.245893,10.482407],[-73.245868,10.482366],[-73.2461,10.482216]]]}},{"type":"Feature","properties":{"altura_m":2.5,"origen_altura":"osm_altura"},"geometry":{"type":"Polygon","coordinates":[[[-73.246094,10.482204],[-73.246055,10.482138],[-73.245842,10.482248],[-73.24588,10.482346],[-73.246094,10.482204]]]}},{"type":"Feature","properties":{"altura_m":2.5,"origen_altura":"osm_altura"},"geometry":{"type":"Polygon","coordinates":[[[-73.246047,10.482127],[-73.245867,10.482214],[-73.245824,10.482141],[-73.246004,10.48204],[-73.246047,10.482127]]]}},{"type":"Feature","properties":{"altura_m":2.5,"origen_altura":"osm_altura"},"geometry":{"type":"Polygon","coordinates":[[[-73.245952,10.481963],[-73.245779,10.482067],[-73.245818,10.482136],[-73.245998,10.48203],[-73.245952,10.481963]]]}},{"type":"Feature","properties":{"altura_m":2.5,"origen_altura":"osm_altura"},"geometry":{"type":"Polygon","coordinates":[[[-73.245913,10.481902],[-73.245747,10.481997],[-73.245773,10.482058],[-73.245948,10.481957],[-73.245913,10.481902]]]}},{"type":"Feature","properties":{"altura_m":2.5,"origen_altura":"osm_altura"},"geometry":{"type":"Polygon","coordinates":[[[-73.24591,10.481893],[-73.24587,10.481823],[-73.245762,10.481871],[-73.245801,10.481957],[-73.24591,10.481893]]]}},{"type":"Feature","properties":{"altura_m":2.5,"origen_altura":"osm_altura"},"geometry":{"type":"Polygon","coordinates":[[[-73.245863,10.48181],[-73.245784,10.481685],[-73.245692,10.481749],[-73.245758,10.481865],[-73.245863,10.48181]]]}},{"type":"Feature","properties":{"altura_m":2.5,"origen_altura":"osm_altura"},"geometry":{"type":"Polygon","coordinates":[[[-73.245792,10.481958],[-73.245686,10.48176],[-73.245611,10.481807],[-73.245736,10.481993],[-73.245792,10.481958]]]}},{"type":"Feature","properties":{"altura_m":3.0,"origen_altura":"osm_altura"},"geometry":{"type":"Polygon","coordinates":[[[-73.246058,10.4817],[-73.245949,10.481555],[-73.245844,10.481633],[-73.245946,10.481781],[-73.246058,10.4817]]]}},{"type":"Feature","properties":{"altura_m":3.0,"origen_altura":"osm_altura"},"geometry":{"type":"Polygon","coordinates":[[[-73.245954,10.481787],[-73.246139,10.481676],[-73.246205,10.481782],[-73.246016,10.481872],[-73.245954,10.481787]]]}},{"type":"Feature","properties":{"altura_m":3.0,"origen_altura":"osm_altura"},"geometry":{"type":"Polygon","coordinates":[[[-73.246029,10.481882],[-73.246274,10.481754],[-73.246336,10.481841],[-73.246083,10.481968],[-73.246029,10.481882]]]}},{"type":"Feature","properties":{"altura_m":6.0,"origen_altura":"osm_altura"},"geometry":{"type":"Polygon","coordinates":[[[-73.24609,10.481976],[-73.246144,10.48206],[-73.246289,10.481994],[-73.24624,10.4819],[-73.24609,10.481976]]]}},{"type":"Feature","properties":{"altura_m":3.0,"origen_altura":"osm_altura"},"geometry":{"type":"Polygon","coordinates":[[[-73.24635,10.482119],[-73.246285,10.482007],[-73.246147,10.482069],[-73.246219,10.482184],[-73.24635,10.482119]]]}},{"type":"Feature","properties":{"altura_m":6.0,"origen_altura":"osm_altura"},"geometry":{"type":"Polygon","coordinates":[[[-73.246226,10.482189],[-73.246372,10.482118],[-73.246432,10.482201],[-73.246271,10.482266],[-73.246226,10.482189]]]}},{"type":"Feature","properties":{"altura_m":6.0,"origen_altura":"osm_altura"},"geometry":{"type":"Polygon","coordinates":[[[-73.246409,10.482222],[-73.246494,10.482337],[-73.246375,10.482419],[-73.24628,10.482273],[-73.246409,10.482222]]]}},{"type":"Feature","properties":{"altura_m":6.0,"origen_altura":"osm_altura"},"geometry":{"type":"Polygon","coordinates":[[[-73.246498,10.482331],[-73.246428,10.482222],[-73.246455,10.482205],[-73.246404,10.482125],[-73.246541,10.48204],[-73.246663,10.482228],[-73.246498,10.482331]]]}},{"type":"Feature","properties":{"altura_m":3.0,"origen_altura":"osm_altura"},"geometry":{"type":"Polygon","coordinates":[[[-73.246845,10.482077],[-73.246753,10.481925],[-73.246596,10.482016],[-73.246628,10.482054],[-73.246573,10.482088],[-73.246663,10.482221],[-73.246845,10.482077]]]}},{"type":"Feature","properties":{"altura_m":3.0,"origen_altura":"osm_altura"},"geometry":{"type":"Polygon","coordinates":[[[-73.246746,10.481914],[-73.246533,10.48204],[-73.246475,10.481944],[-73.246688,10.481818],[-73.246746,10.481914]]]}},{"type":"Feature","properties":{"altura_m":3.0,"origen_altura":"osm_altura"},"geometry":{"type":"Polygon","coordinates":[[[-73.246364,10.481835],[-73.246427,10.481946],[-73.24669,10.481803],[-73.246627,10.481692],[-73.246364,10.481835]]]}},{"type":"Feature","properties":{"altura_m":3.0,"origen_altura":"osm_altura"},"geometry":{"type":"Polygon","coordinates":[[[-73.246609,10.481686],[-73.246381,10.481807],[-73.246311,10.481684],[-73.246536,10.481563],[-73.246609,10.481686]]]}},{"type":"Feature","properties":{"altura_m":2.5,"origen_altura":"osm_altura"},"geometry":{"type":"Polygon","coordinates":[[[-73.246352,10.481484],[-73.24626,10.481331],[-73.246186,10.481383],[-73.246272,10.481537],[-73.246352,10.481484]]]}},{"type":"Feature","properties":{"altura_m":3.0,"origen_altura":"osm_altura"},"geometry":{"type":"Polygon","coordinates":[[[-73.246173,10.481399],[-73.246116,10.481442],[-73.246201,10.481575],[-73.246252,10.481535],[-73.246173,10.481399]]]}},{"type":"Feature","properties":{"altura_m":3.0,"origen_altura":"osm_altura"},"geometry":{"type":"Polygon","coordinates":[[[-73.246104,10.481451],[-73.246056,10.481481],[-73.246161,10.48164],[-73.24621,10.481613],[-73.246104,10.481451]]]}},{"type":"Feature","properties":{"altura_m":3.0,"origen_altura":"osm_altura"},"geometry":{"type":"Polygon","coordinates":[[[-73.245337,10.481862],[-73.245262,10.481763],[-73.245203,10.481802],[-73.245276,10.481911],[-73.245337,10.481862]]]}},{"type":"Feature","properties":{"altura_m":3.0,"origen_altura":"osm_altura"},"geometry":{"type":"Polygon","coordinates":[[[-73.245403,10.481806],[-73.245343,10.481848],[-73.2452,10.481655],[-73.245257,10.48161],[-73.245403,10.481806]]]}},{"type":"Feature","properties":{"altura_m":3.0,"origen_altura":"osm_altura"},"geometry":{"type":"Polygon","coordinates":[[[-73.245506,10.481752],[-73.24542,10.481648],[-73.245337,10.481699],[-73.245415,10.481809],[-73.245506,10.481752]]]}},{"type":"Feature","properties":{"altura_m":3.0,"origen_altura":"osm_altura"},"geometry":{"type":"Polygon","coordinates":[[[-73.245404,10.481631],[-73.245332,10.481683],[-73.245267,10.481608],[-73.245348,10.481545],[-73.245404,10.481631]]]}},{"type":"Feature","properties":{"altura_m":3.0,"origen_altura":"osm_altura"},"geometry":{"type":"Polygon","coordinates":[[[-73.245586,10.481676],[-73.245507,10.481735],[-73.245432,10.481634],[-73.245518,10.481571],[-73.245586,10.481676]]]}},{"type":"Feature","properties":{"altura_m":3.0,"origen_altura":"osm_altura"},"geometry":{"type":"Polygon","coordinates":[[[-73.245502,10.481558],[-73.245417,10.481618],[-73.245357,10.481539],[-73.245436,10.481475],[-73.245502,10.481558]]]}},{"type":"Feature","properties":{"altura_m":6.0,"origen_altura":"osm_altura"},"geometry":{"type":"Polygon","coordinates":[[[-73.245661,10.481631],[-73.24558,10.481518],[-73.245518,10.48156],[-73.245598,10.481681],[-73.245661,10.481631]]]}},{"type":"Feature","properties":{"altura_m":3.0,"origen_altura":"osm_altura"},"geometry":{"type":"Polygon","coordinates":[[[-73.245569,10.481513],[-73.245507,10.48142],[-73.245448,10.481463],[-73.245511,10.481556],[-73.245569,10.481513]]]}},{"type":"Feature","properties":{"altura_m":9.0,"origen_altura":"osm_altura"},"geometry":{"type":"Polygon","coordinates":[[[-73.245754,10.48156],[-73.245667,10.48143],[-73.245576,10.481493],[-73.245668,10.481629],[-73.245754,10.48156]]]}},{"type":"Feature","properties":{"altura_m":3.0,"origen_altura":"osm_altura"},"geometry":{"type":"Polygon","coordinates":[[[-73.245619,10.48145],[-73.245567,10.481375],[-73.245518,10.481413],[-73.245567,10.48149],[-73.245619,10.48145]]]}},{"type":"Feature","properties":{"altura_m":3.0,"origen_altura":"osm_altura"},"geometry":{"type":"Polygon","coordinates":[[[-73.24584,10.481497],[-73.245763,10.481392],[-73.24569,10.481445],[-73.245765,10.48156],[-73.24584,10.481497]]]}},{"type":"Feature","properties":{"altura_m":6.0,"origen_altura":"osm_altura"},"geometry":{"type":"Polygon","coordinates":[[[-73.24599,10.481389],[-73.245921,10.481279],[-73.245768,10.481382],[-73.245851,10.481497],[-73.24599,10.481389]]]}},{"type":"Feature","properties":{"altura_m":6.0,"origen_altura":"osm_altura"},"geometry":{"type":"Polygon","coordinates":[[[-73.246115,10.4813],[-73.246049,10.481194],[-73.245933,10.481274],[-73.246001,10.481384],[-73.246115,10.4813]]]}},{"type":"Feature","properties":{"altura_m":2.5,"origen_altura":"osm_altura"},"geometry":{"type":"Polygon","coordinates":[[[-73.246242,10.481064],[-73.246062,10.481184],[-73.246126,10.481296],[-73.246291,10.481158],[-73.246242,10.481064]]]}},{"type":"Feature","properties":{"altura_m":3.0,"origen_altura":"osm_altura"},"geometry":{"type":"Polygon","coordinates":[[[-73.246233,10.48105],[-73.246111,10.481134],[-73.246083,10.48109],[-73.246202,10.480996],[-73.246233,10.48105]]]}},{"type":"Feature","properties":{"altura_m":3.0,"origen_altura":"osm_altura"},"geometry":{"type":"Polygon","coordinates":[[[-73.246199,10.480987],[-73.246061,10.481096],[-73.246097,10.481143],[-73.246037,10.481184],[-73.245974,10.481097],[-73.246171,10.480949],[-73.246199,10.480987]]]}},{"type":"Feature","properties":{"altura_m":3.0,"origen_altura":"osm_altura"},"geometry":{"type":"Polygon","coordinates":[[[-73.246014,10.481191],[-73.245931,10.48107],[-73.245881,10.48111],[-73.245972,10.481231],[-73.246014,10.481191]]]}},{"type":"Feature","properties":{"altura_m":3.0,"origen_altura":"osm_altura"},"geometry":{"type":"Polygon","coordinates":[[[-73.245958,10.481235],[-73.245874,10.481118],[-73.245811,10.481167],[-73.245906,10.481273],[-73.245958,10.481235]]]}},{"type":"Feature","properties":{"altura_m":3.0,"origen_altura":"osm_altura"},"geometry":{"type":"Polygon","coordinates":[[[-73.245891,10.48128],[-73.245801,10.481173],[-73.245746,10.481217],[-73.245825,10.481331],[-73.245891,10.48128]]]}},{"type":"Feature","properties":{"altura_m":3.0,"origen_altura":"osm_altura"},"geometry":{"type":"Polygon","coordinates":[[[-73.245807,10.481336],[-73.245735,10.481228],[-73.245665,10.481284],[-73.245734,10.481392],[-73.245807,10.481336]]]}},{"type":"Feature","properties":{"altura_m":3.0,"origen_altura":"osm_altura"},"geometry":{"type":"Polygon","coordinates":[[[-73.24748,10.479295],[-73.247419,10.479322],[-73.247331,10.479164],[-73.247305,10.479105],[-73.247357,10.479061],[-73.247382,10.479097],[-73.247384,10.479119],[-73.24748,10.479295]]]}},{"type":"Feature","properties":{"altura_m":3.0,"origen_altura":"osm_altura"},"geometry":{"type":"Polygon","coordinates":[[[-73.247419,10.479322],[-73.247306,10.479367],[-73.2472,10.479157],[-73.247305,10.479105],[-73.247331,10.479164],[-73.247419,10.479322]]]}},{"type":"Feature","properties":{"altura_m":3.0,"origen_altura":"osm_altura"},"geometry":{"type":"Polygon","coordinates":[[[-73.247306,10.479367],[-73.247223,10.479412],[-73.247108,10.479226],[-73.2472,10.479157],[-73.247306,10.479367]]]}},{"type":"Feature","properties":{"altura_m":3.0,"origen_altura":"osm_altura"},"geometry":{"type":"Polygon","coordinates":[[[-73.24707,10.479464],[-73.246958,10.479301],[-73.246789,10.479379],[-73.246896,10.479547],[-73.24707,10.479464]]]}},{"type":"Feature","properties":{"altura_m":3.0,"origen_altura":"osm_altura"},"geometry":{"type":"Polygon","coordinates":[[[-73.246896,10.479547],[-73.246789,10.479379],[-73.246734,10.479416],[-73.246819,10.479569],[-73.246896,10.479547]]]}},{"type":"Feature","properties":{"altura_m":3.0,"origen_altura":"osm_altura"},"geometry":{"type":"Polygon","coordinates":[[[-73.246819,10.479569],[-73.246732,10.479624],[-73.246606,10.479395],[-73.246697,10.479348],[-73.246819,10.479569]]]}},{"type":"Feature","properties":{"altura_m":3.0,"origen_altura":"osm_altura"},"geometry":{"type":"Polygon","coordinates":[[[-73.246672,10.479662],[-73.246612,10.479574],[-73.246441,10.479675],[-73.246497,10.47976],[-73.246672,10.479662]]]}},{"type":"Feature","properties":{"altura_m":3.0,"origen_altura":"osm_altura"},"geometry":{"type":"Polygon","coordinates":[[[-73.246534,10.479619],[-73.246461,10.47951],[-73.246365,10.47956],[-73.246441,10.479675],[-73.246534,10.479619]]]}},{"type":"Feature","properties":{"altura_m":9.0,"origen_altura":"osm_altura"},"geometry":{"type":"Polygon","coordinates":[[[-73.246461,10.47951],[-73.246445,10.479482],[-73.246552,10.479432],[-73.24652,10.479369],[-73.246321,10.47949],[-73.246365,10.47956],[-73.246461,10.47951]]]}},{"type":"Feature","properties":{"altura_m":3.0,"origen_altura":"osm_altura"},"geometry":{"type":"Polygon","coordinates":[[[-73.246531,10.479362],[-73.246321,10.47949],[-73.246278,10.479424],[-73.246447,10.479339],[-73.246494,10.479305],[-73.246531,10.479362]]]}},{"type":"Feature","properties":{"altura_m":3.0,"origen_altura":"osm_altura"},"geometry":{"type":"Polygon","coordinates":[[[-73.246378,10.479229],[-73.246447,10.479339],[-73.246543,10.479269],[-73.246487,10.479176],[-73.246378,10.479229]]]}},{"type":"Feature","properties":{"altura_m":3.0,"origen_altura":"osm_altura"},"geometry":{"type":"Polygon","coordinates":[[[-73.246633,10.479244],[-73.246543,10.479269],[-73.246487,10.479176],[-73.24655,10.479121],[-73.246633,10.479244]]]}},{"type":"Feature","properties":{"altura_m":3.0,"origen_altura":"osm_altura"},"geometry":{"type":"Polygon","coordinates":[[[-73.24685,10.479129],[-73.246769,10.478961],[-73.24655,10.479121],[-73.246633,10.479244],[-73.24685,10.479129]]]}},{"type":"Feature","properties":{"altura_m":3.0,"origen_altura":"osm_altura"},"geometry":{"type":"Polygon","coordinates":[[[-73.246958,10.479301],[-73.24685,10.479129],[-73.24668,10.479222],[-73.246789,10.479379],[-73.246958,10.479301]]]}},{"type":"Feature","properties":{"altura_m":3.0,"origen_altura":"osm_altura"},"geometry":{"type":"Polygon","coordinates":[[[-73.247214,10.478736],[-73.247108,10.478834],[-73.247043,10.478771],[-73.247161,10.478663],[-73.247214,10.478736]]]}},{"type":"Feature","properties":{"altura_m":3.0,"origen_altura":"osm_altura"},"geometry":{"type":"Polygon","coordinates":[[[-73.247313,10.478833],[-73.247234,10.478731],[-73.247068,10.478865],[-73.247141,10.478962],[-73.247313,10.478833]]]}},{"type":"Feature","properties":{"altura_m":3.0,"origen_altura":"osm_altura"},"geometry":{"type":"Polygon","coordinates":[[[-73.247368,10.478916],[-73.247193,10.479017],[-73.247141,10.478962],[-73.24731,10.478844],[-73.247368,10.478916]]]}},{"type":"Feature","properties":{"altura_m":6.0,"origen_altura":"osm_altura"},"geometry":{"type":"Polygon","coordinates":[[[-73.247399,10.478983],[-73.247232,10.479082],[-73.247193,10.479017],[-73.247368,10.478916],[-73.247399,10.478983]]]}},{"type":"Feature","properties":{"altura_m":3.0,"origen_altura":"osm_altura"},"geometry":{"type":"Polygon","coordinates":[[[-73.247451,10.47906],[-73.247391,10.47909],[-73.247337,10.47902],[-73.24741,10.478979],[-73.247451,10.47906]]]}},{"type":"Feature","properties":{"altura_m":3.0,"origen_altura":"osm_altura"},"geometry":{"type":"Polygon","coordinates":[[[-73.24665,10.47842],[-73.246614,10.478378],[-73.246539,10.478423],[-73.246582,10.478471],[-73.24665,10.47842]]]}},{"type":"Feature","properties":{"altura_m":3.0,"origen_altura":"osm_altura"},"geometry":{"type":"Polygon","coordinates":[[[-73.246501,10.479027],[-73.246367,10.478831],[-73.246286,10.478882],[-73.246425,10.479087],[-73.246501,10.479027]]]}},{"type":"Feature","properties":{"altura_m":3.0,"origen_altura":"osm_altura"},"geometry":{"type":"Polygon","coordinates":[[[-73.245985,10.478952],[-73.246074,10.478893],[-73.246045,10.478852],[-73.246154,10.478799],[-73.246106,10.478742],[-73.245944,10.478851],[-73.245985,10.478952]]]}},{"type":"Feature","properties":{"altura_m":6.0,"origen_altura":"osm_altura"},"geometry":{"type":"Polygon","coordinates":[[[-73.246425,10.479087],[-73.246377,10.479126],[-73.246194,10.478827],[-73.246233,10.478805],[-73.246425,10.479087]]]}},{"type":"Feature","properties":{"altura_m":3.0,"origen_altura":"osm_altura"},"geometry":{"type":"Polygon","coordinates":[[[-73.246103,10.479339],[-73.246039,10.479227],[-73.245823,10.479336],[-73.24589,10.479432],[-73.246103,10.479339]]]}},{"type":"Feature","properties":{"altura_m":9.0,"origen_altura":"osm_altura"},"geometry":{"type":"Polygon","coordinates":[[[-73.245883,10.479436],[-73.245758,10.479241],[-73.245663,10.479292],[-73.245769,10.479475],[-73.245883,10.479436]]]}},{"type":"Feature","properties":{"altura_m":6.0,"origen_altura":"osm_altura"},"geometry":{"type":"Polygon","coordinates":[[[-73.24577,10.479476],[-73.245626,10.47955],[-73.245586,10.479458],[-73.245528,10.479367],[-73.245599,10.479332],[-73.245591,10.479283],[-73.245641,10.479254],[-73.24577,10.479476]]]}},{"type":"Feature","properties":{"altura_m":6.0,"origen_altura":"osm_altura"},"geometry":{"type":"Polygon","coordinates":[[[-73.245625,10.47955],[-73.245586,10.479458],[-73.24544,10.479518],[-73.24548,10.479613],[-73.245625,10.47955]]]}},{"type":"Feature","properties":{"altura_m":3.0,"origen_altura":"osm_altura"},"geometry":{"type":"Polygon","coordinates":[[[-73.245586,10.479458],[-73.245549,10.479405],[-73.24541,10.479474],[-73.24544,10.479518],[-73.245586,10.479458]]]}},{"type":"Feature","properties":{"altura_m":3.0,"origen_altura":"osm_altura"},"geometry":{"type":"Polygon","coordinates":[[[-73.245548,10.479404],[-73.245485,10.479304],[-73.245358,10.479374],[-73.24541,10.479474],[-73.245548,10.479404]]]}},{"type":"Feature","properties":{"altura_m":6.0,"origen_altura":"osm_altura"},"geometry":{"type":"Polygon","coordinates":[[[-73.245587,10.47926],[-73.245548,10.47918],[-73.245335,10.479314],[-73.245358,10.479374],[-73.245485,10.479304],[-73.245587,10.47926]]]}},{"type":"Feature","properties":{"altura_m":3.0,"origen_altura":"osm_altura"},"geometry":{"type":"Polygon","coordinates":[[[-73.245467,10.479231],[-73.245425,10.47916],[-73.24527,10.479231],[-73.245318,10.479318],[-73.245335,10.479314],[-73.245467,10.479231]]]}},{"type":"Feature","properties":{"altura_m":3.0,"origen_altura":"osm_altura"},"geometry":{"type":"Polygon","coordinates":[[[-73.24527,10.479231],[-73.245233,10.479185],[-73.245328,10.47914],[-73.245354,10.479193],[-73.24527,10.479231]]]}},{"type":"Feature","properties":{"altura_m":3.0,"origen_altura":"osm_altura"},"geometry":{"type":"Polygon","coordinates":[[[-73.245361,10.479113],[-73.245328,10.47914],[-73.245233,10.479185],[-73.245197,10.479135],[-73.24534,10.479056],[-73.245361,10.479113]]]}},{"type":"Feature","properties":{"altura_m":6.0,"origen_altura":"osm_altura"},"geometry":{"type":"Polygon","coordinates":[[[-73.245868,10.479018],[-73.24571,10.479128],[-73.245569,10.478961],[-73.245764,10.478869],[-73.245868,10.479018]]]}},{"type":"Feature","properties":{"altura_m":3.0,"origen_altura":"osm_altura"},"geometry":{"type":"Polygon","coordinates":[[[-73.246041,10.479205],[-73.246039,10.479227],[-73.245823,10.479336],[-73.245758,10.479241],[-73.245795,10.479235],[-73.245965,10.479103],[-73.246041,10.479205]]]}},{"type":"Feature","properties":{"altura_m":3.0,"origen_altura":"osm_altura"},"geometry":{"type":"Polygon","coordinates":[[[-73.245965,10.479103],[-73.245795,10.479235],[-73.24571,10.479128],[-73.245891,10.479002],[-73.245965,10.479103]]]}},{"type":"Feature","properties":{"altura_m":3.0,"origen_altura":"osm_altura"},"geometry":{"type":"Polygon","coordinates":[[[-73.24778,10.479425],[-73.24767,10.479503],[-73.247587,10.479364],[-73.247704,10.479314],[-73.24778,10.479425]]]}},{"type":"Feature","properties":{"altura_m":3.0,"origen_altura":"osm_altura"},"geometry":{"type":"Polygon","coordinates":[[[-73.247666,10.479508],[-73.247634,10.479528],[-73.247547,10.479551],[-73.247478,10.479415],[-73.247579,10.479366],[-73.247666,10.479508]]]}},{"type":"Feature","properties":{"altura_m":6.0,"origen_altura":"osm_altura"},"geometry":{"type":"Polygon","coordinates":[[[-73.247539,10.479552],[-73.247449,10.479587],[-73.247385,10.479453],[-73.247467,10.479419],[-73.247539,10.479552]]]}},{"type":"Feature","properties":{"altura_m":3.0,"origen_altura":"osm_altura"},"geometry":{"type":"Polygon","coordinates":[[[-73.247444,10.479589],[-73.247349,10.479624],[-73.247293,10.479495],[-73.247378,10.479456],[-73.247444,10.479589]]]}},{"type":"Feature","properties":{"altura_m":3.0,"origen_altura":"osm_altura"},"geometry":{"type":"Polygon","coordinates":[[[-73.247343,10.479624],[-73.247256,10.479662],[-73.247195,10.479543],[-73.247288,10.479495],[-73.247343,10.479624]]]}},{"type":"Feature","properties":{"altura_m":3.0,"origen_altura":"osm_altura"},"geometry":{"type":"Polygon","coordinates":[[[-73.247252,10.479667],[-73.247158,10.479696],[-73.247122,10.479579],[-73.247189,10.479546],[-73.247252,10.479667]]]}},{"type":"Feature","properties":{"altura_m":6.0,"origen_altura":"osm_altura"},"geometry":{"type":"Polygon","coordinates":[[[-73.247117,10.47958],[-73.247174,10.47976],[-73.247098,10.47979],[-73.247032,10.479611],[-73.247117,10.47958]]]}},{"type":"Feature","properties":{"altura_m":3.0,"origen_altura":"osm_altura"},"geometry":{"type":"Polygon","coordinates":[[[-73.246915,10.479668],[-73.246955,10.479803],[-73.246894,10.479821],[-73.24685,10.479698],[-73.246915,10.479668]]]}},{"type":"Feature","properties":{"altura_m":9.0,"origen_altura":"osm_altura"},"geometry":{"type":"Polygon","coordinates":[[[-73.246999,10.480035],[-73.24691,10.479859],[-73.246906,10.479839],[-73.246835,10.479873],[-73.246919,10.480082],[-73.246999,10.480035]]]}},{"type":"Feature","properties":{"altura_m":6.0,"origen_altura":"osm_altura"},"geometry":{"type":"Polygon","coordinates":[[[-73.247119,10.479975],[-73.247045,10.480005],[-73.24698,10.479855],[-73.247031,10.479828],[-73.247119,10.479975]]]}},{"type":"Feature","properties":{"altura_m":3.0,"origen_altura":"osm_altura"},"geometry":{"type":"Polygon","coordinates":[[[-73.24704,10.480009],[-73.247003,10.480033],[-73.246914,10.479856],[-73.246954,10.479833],[-73.24704,10.480009]]]}},{"type":"Feature","properties":{"altura_m":3.0,"origen_altura":"osm_altura"},"geometry":{"type":"Polygon","coordinates":[[[-73.247173,10.479937],[-73.247096,10.479803],[-73.247036,10.479825],[-73.247126,10.479974],[-73.247173,10.479937]]]}},{"type":"Feature","properties":{"altura_m":3.0,"origen_altura":"osm_altura"},"geometry":{"type":"Polygon","coordinates":[[[-73.24726,10.479894],[-73.247195,10.479773],[-73.247102,10.479801],[-73.247179,10.479932],[-73.24726,10.479894]]]}},{"type":"Feature","properties":{"altura_m":3.0,"origen_altura":"osm_altura"},"geometry":{"type":"Polygon","coordinates":[[[-73.247325,10.479856],[-73.247249,10.479682],[-73.247156,10.479702],[-73.247208,10.479774],[-73.247267,10.479892],[-73.247325,10.479856]]]}},{"type":"Feature","properties":{"altura_m":3.0,"origen_altura":"osm_altura"},"geometry":{"type":"Polygon","coordinates":[[[-73.247418,10.479807],[-73.247339,10.479637],[-73.247254,10.479672],[-73.247331,10.479853],[-73.247418,10.479807]]]}},{"type":"Feature","properties":{"altura_m":3.0,"origen_altura":"osm_altura"},"geometry":{"type":"Polygon","coordinates":[[[-73.247504,10.479743],[-73.247439,10.479599],[-73.247345,10.479632],[-73.247429,10.479805],[-73.247504,10.479743]]]}},{"type":"Feature","properties":{"altura_m":3.0,"origen_altura":"osm_altura"},"geometry":{"type":"Polygon","coordinates":[[[-73.247587,10.479703],[-73.247535,10.479562],[-73.247446,10.479595],[-73.247514,10.479738],[-73.247587,10.479703]]]}},{"type":"Feature","properties":{"altura_m":3.0,"origen_altura":"osm_altura"},"geometry":{"type":"Polygon","coordinates":[[[-73.247671,10.479648],[-73.247621,10.47954],[-73.247541,10.479559],[-73.247596,10.479701],[-73.247671,10.479648]]]}},{"type":"Feature","properties":{"altura_m":3.0,"origen_altura":"osm_altura"},"geometry":{"type":"Polygon","coordinates":[[[-73.247726,10.479604],[-73.247679,10.479645],[-73.247627,10.479537],[-73.247667,10.479517],[-73.247726,10.479604]]]}},{"type":"Feature","properties":{"altura_m":3.0,"origen_altura":"osm_altura"},"geometry":{"type":"Polygon","coordinates":[[[-73.247838,10.479534],[-73.247736,10.479599],[-73.247673,10.479517],[-73.247786,10.47943],[-73.247838,10.479534]]]}},{"type":"Feature","properties":{"altura_m":3.0,"origen_altura":"osm_altura"},"geometry":{"type":"Polygon","coordinates":[[[-73.24818,10.479941],[-73.2481,10.479993],[-73.248022,10.479886],[-73.248095,10.479835],[-73.24818,10.479941]]]}},{"type":"Feature","properties":{"altura_m":6.0,"origen_altura":"osm_altura"},"geometry":{"type":"Polygon","coordinates":[[[-73.2481,10.479993],[-73.248022,10.480043],[-73.247961,10.479937],[-73.248022,10.479886],[-73.2481,10.479993]]]}},{"type":"Feature","properties":{"altura_m":3.0,"origen_altura":"osm_altura"},"geometry":{"type":"Polygon","coordinates":[[[-73.248022,10.480043],[-73.247932,10.480102],[-73.247872,10.47998],[-73.247961,10.479937],[-73.248022,10.480043]]]}},{"type":"Feature","properties":{"altura_m":3.0,"origen_altura":"osm_altura"},"geometry":{"type":"Polygon","coordinates":[[[-73.247907,10.480052],[-73.247871,10.480079],[-73.247748,10.479908],[-73.247837,10.479841],[-73.247825,10.479899],[-73.247834,10.479932],[-73.247872,10.47998],[-73.247907,10.480052]]]}},{"type":"Feature","properties":{"altura_m":6.0,"origen_altura":"osm_altura"},"geometry":{"type":"Polygon","coordinates":[[[-73.247871,10.480079],[-73.247778,10.47995],[-73.247681,10.479988],[-73.247759,10.48012],[-73.247871,10.480079]]]}},{"type":"Feature","properties":{"altura_m":3.0,"origen_altura":"osm_altura"},"geometry":{"type":"Polygon","coordinates":[[[-73.247631,10.48021],[-73.247534,10.480079],[-73.247517,10.480112],[-73.24747,10.480141],[-73.247552,10.480264],[-73.247631,10.48021]]]}},{"type":"Feature","properties":{"altura_m":6.0,"origen_altura":"osm_altura"},"geometry":{"type":"Polygon","coordinates":[[[-73.247552,10.480264],[-73.247487,10.480311],[-73.247356,10.480103],[-73.247418,10.480066],[-73.247552,10.480264]]]}},{"type":"Feature","properties":{"altura_m":3.0,"origen_altura":"osm_altura"},"geometry":{"type":"Polygon","coordinates":[[[-73.247502,10.480337],[-73.247387,10.480152],[-73.247326,10.480206],[-73.247287,10.480263],[-73.247401,10.48039],[-73.247502,10.480337]]]}},{"type":"Feature","properties":{"altura_m":3.0,"origen_altura":"osm_altura"},"geometry":{"type":"Polygon","coordinates":[[[-73.247401,10.48039],[-73.247298,10.48044],[-73.24721,10.48032],[-73.247287,10.480263],[-73.247401,10.48039]]]}},{"type":"Feature","properties":{"altura_m":3.0,"origen_altura":"osm_altura"},"geometry":{"type":"Polygon","coordinates":[[[-73.247232,10.480529],[-73.247157,10.480441],[-73.24704,10.480489],[-73.247102,10.480604],[-73.247232,10.480529]]]}},{"type":"Feature","properties":{"altura_m":3.0,"origen_altura":"osm_altura"},"geometry":{"type":"Polygon","coordinates":[[[-73.247137,10.480439],[-73.247027,10.480328],[-73.246956,10.480358],[-73.247033,10.480484],[-73.247137,10.480439]]]}},{"type":"Feature","properties":{"altura_m":3.0,"origen_altura":"osm_altura"},"geometry":{"type":"Polygon","coordinates":[[[-73.247027,10.480321],[-73.246984,10.480214],[-73.246882,10.480267],[-73.24692,10.480342],[-73.247027,10.480321]]]}},{"type":"Feature","properties":{"altura_m":3.0,"origen_altura":"osm_altura"},"geometry":{"type":"Polygon","coordinates":[[[-73.247245,10.480153],[-73.2472,10.480073],[-73.247075,10.480132],[-73.24715,10.480229],[-73.247245,10.480153]]]}},{"type":"Feature","properties":{"altura_m":3.0,"origen_altura":"osm_altura"},"geometry":{"type":"Polygon","coordinates":[[[-73.247356,10.480103],[-73.24743,10.480057],[-73.247384,10.479963],[-73.247319,10.480018],[-73.247332,10.480062],[-73.247356,10.480103]]]}},{"type":"Feature","properties":{"altura_m":3.0,"origen_altura":"osm_altura"},"geometry":{"type":"Polygon","coordinates":[[[-73.247489,10.480042],[-73.247428,10.479913],[-73.247384,10.479963],[-73.24743,10.480057],[-73.247489,10.480042]]]}},{"type":"Feature","properties":{"altura_m":3.0,"origen_altura":"osm_altura"},"geometry":{"type":"Polygon","coordinates":[[[-73.247766,10.479933],[-73.247659,10.479755],[-73.247587,10.479797],[-73.2477,10.479965],[-73.247766,10.479933]]]}},{"type":"Feature","properties":{"altura_m":3.0,"origen_altura":"osm_altura"},"geometry":{"type":"Polygon","coordinates":[[[-73.247837,10.479841],[-73.247773,10.479762],[-73.247743,10.479713],[-73.247659,10.479755],[-73.247748,10.479908],[-73.247837,10.479841]]]}},{"type":"Feature","properties":{"altura_m":3.0,"origen_altura":"osm_altura"},"geometry":{"type":"Polygon","coordinates":[[[-73.247935,10.479639],[-73.247773,10.479762],[-73.247743,10.479713],[-73.247904,10.479594],[-73.247935,10.479639]]]}},{"type":"Feature","properties":{"altura_m":3.0,"origen_altura":"osm_altura"},"geometry":{"type":"Polygon","coordinates":[[[-73.248013,10.479728],[-73.247935,10.479639],[-73.247773,10.479762],[-73.247837,10.479841],[-73.248013,10.479728]]]}},{"type":"Feature","properties":{"altura_m":6.0,"origen_altura":"osm_altura"},"geometry":{"type":"Polygon","coordinates":[[[-73.248596,10.478751],[-73.248427,10.47882],[-73.248368,10.478714],[-73.24852,10.478644],[-73.248596,10.478751]]]}},{"type":"Feature","properties":{"altura_m":3.0,"origen_altura":"osm_altura"},"geometry":{"type":"Polygon","coordinates":[[[-73.248461,10.478563],[-73.248306,10.478641],[-73.248275,10.478583],[-73.248359,10.478531],[-73.248341,10.478498],[-73.248378,10.478459],[-73.248461,10.478563]]]}},{"type":"Feature","properties":{"altura_m":6.0,"origen_altura":"osm_altura"},"geometry":{"type":"Polygon","coordinates":[[[-73.248342,10.478525],[-73.248188,10.478622],[-73.248165,10.478605],[-73.24805,10.478675],[-73.248025,10.478649],[-73.248036,10.478639],[-73.248015,10.478609],[-73.248309,10.478412],[-73.248339,10.478454],[-73.248359,10.478445],[-73.248372,10.478465],[-73.248341,10.478498],[-73.248342,10.478525]]]}},{"type":"Feature","properties":{"altura_m":3.0,"origen_altura":"osm_altura"},"geometry":{"type":"Polygon","coordinates":[[[-73.248309,10.478412],[-73.248147,10.47852],[-73.248113,10.478438],[-73.248258,10.478345],[-73.248309,10.478412]]]}},{"type":"Feature","properties":{"altura_m":3.0,"origen_altura":"osm_altura"},"geometry":{"type":"Polygon","coordinates":[[[-73.248258,10.478345],[-73.248206,10.478262],[-73.248046,10.478383],[-73.248113,10.478438],[-73.248258,10.478345]]]}},{"type":"Feature","properties":{"altura_m":3.0,"origen_altura":"osm_altura"},"geometry":{"type":"Polygon","coordinates":[[[-73.248206,10.478262],[-73.248096,10.47812],[-73.247953,10.478228],[-73.248046,10.478383],[-73.248206,10.478262]]]}},{"type":"Feature","properties":{"altura_m":3.0,"origen_altura":"osm_altura"},"geometry":{"type":"Polygon","coordinates":[[[-73.248003,10.478028],[-73.247911,10.47791],[-73.247691,10.478077],[-73.247783,10.478195],[-73.248003,10.478028]]]}},{"type":"Feature","properties":{"altura_m":3.0,"origen_altura":"osm_altura"},"geometry":{"type":"Polygon","coordinates":[[[-73.248075,10.478983],[-73.2479,10.478662],[-73.247773,10.478731],[-73.247971,10.479042],[-73.248075,10.478983]]]}},{"type":"Feature","properties":{"altura_m":6.0,"origen_altura":"osm_altura"},"geometry":{"type":"Polygon","coordinates":[[[-73.248184,10.478929],[-73.248101,10.478756],[-73.24805,10.478675],[-73.248025,10.478649],[-73.247955,10.478684],[-73.247937,10.478643],[-73.2479,10.478662],[-73.248075,10.478983],[-73.248184,10.478929]]]}},{"type":"Feature","properties":{"altura_m":3.0,"origen_altura":"osm_altura"},"geometry":{"type":"Polygon","coordinates":[[[-73.248298,10.478872],[-73.248246,10.478777],[-73.248196,10.478811],[-73.248143,10.478739],[-73.248101,10.478756],[-73.248184,10.478929],[-73.248298,10.478872]]]}},{"type":"Feature","properties":{"altura_m":3.0,"origen_altura":"osm_altura"},"geometry":{"type":"Polygon","coordinates":[[[-73.247328,10.473929],[-73.247219,10.474014],[-73.247101,10.473855],[-73.247243,10.473755],[-73.247328,10.473929]]]}},{"type":"Feature","properties":{"altura_m":3.0,"origen_altura":"osm_altura"},"geometry":{"type":"Polygon","coordinates":[[[-73.247205,10.474021],[-73.247049,10.474148],[-73.24685,10.473889],[-73.247016,10.473735],[-73.247205,10.474021]]]}},{"type":"Feature","properties":{"altura_m":3.0,"origen_altura":"osm_altura"},"geometry":{"type":"Polygon","coordinates":[[[-73.247022,10.474137],[-73.246951,10.474187],[-73.24677,10.473951],[-73.24685,10.473889],[-73.247022,10.474137]]]}},{"type":"Feature","properties":{"altura_m":3.0,"origen_altura":"osm_altura"},"geometry":{"type":"Polygon","coordinates":[[[-73.246918,10.474162],[-73.246853,10.474224],[-73.246731,10.474073],[-73.246806,10.474016],[-73.246918,10.474162]]]}},{"type":"Feature","properties":{"altura_m":3.0,"origen_altura":"osm_altura"},"geometry":{"type":"Polygon","coordinates":[[[-73.246902,10.47429],[-73.246727,10.474415],[-73.246608,10.474247],[-73.24677,10.474134],[-73.246902,10.47429]]]}},{"type":"Feature","properties":{"altura_m":3.0,"origen_altura":"osm_altura"},"geometry":{"type":"Polygon","coordinates":[[[-73.246712,10.474422],[-73.246633,10.474498],[-73.246509,10.474333],[-73.246605,10.474261],[-73.246712,10.474422]]]}},{"type":"Feature","properties":{"altura_m":3.0,"origen_altura":"osm_altura"},"geometry":{"type":"Polygon","coordinates":[[[-73.246745,10.474126],[-73.246488,10.474331],[-73.246354,10.474164],[-73.246655,10.473972],[-73.246745,10.474126]]]}},{"type":"Feature","properties":{"altura_m":3.0,"origen_altura":"osm_altura"},"geometry":{"type":"Polygon","coordinates":[[[-73.246586,10.473985],[-73.246346,10.474126],[-73.246217,10.473963],[-73.24643,10.473781],[-73.246586,10.473985]]]}},{"type":"Feature","properties":{"altura_m":3.0,"origen_altura":"osm_altura"},"geometry":{"type":"Polygon","coordinates":[[[-73.246812,10.473858],[-73.246602,10.473984],[-73.246429,10.47374],[-73.246571,10.473609],[-73.246812,10.473858]]]}},{"type":"Feature","properties":{"altura_m":3.0,"origen_altura":"osm_altura"},"geometry":{"type":"Polygon","coordinates":[[[-73.246996,10.473726],[-73.246826,10.473863],[-73.246613,10.473613],[-73.246805,10.473425],[-73.246996,10.473726]]]}},{"type":"Feature","properties":{"altura_m":3.0,"origen_altura":"osm_altura"},"geometry":{"type":"Polygon","coordinates":[[[-73.246947,10.47359],[-73.247105,10.4735],[-73.246964,10.473284],[-73.246809,10.473396],[-73.246947,10.47359]]]}},{"type":"Feature","properties":{"altura_m":3.0,"origen_altura":"osm_altura"},"geometry":{"type":"Polygon","coordinates":[[[-73.247094,10.473831],[-73.24695,10.473618],[-73.247107,10.473516],[-73.247245,10.473713],[-73.247094,10.473831]]]}},{"type":"Feature","properties":{"altura_m":3.0,"origen_altura":"osm_altura"},"geometry":{"type":"Polygon","coordinates":[[[-73.247715,10.473437],[-73.247647,10.473504],[-73.247524,10.473281],[-73.247618,10.473248],[-73.247715,10.473437]]]}},{"type":"Feature","properties":{"altura_m":3.0,"origen_altura":"osm_altura"},"geometry":{"type":"Polygon","coordinates":[[[-73.247647,10.473504],[-73.247502,10.473651],[-73.247387,10.473413],[-73.247497,10.473286],[-73.247647,10.473504]]]}},{"type":"Feature","properties":{"altura_m":3.0,"origen_altura":"osm_altura"},"geometry":{"type":"Polygon","coordinates":[[[-73.247487,10.473679],[-73.247401,10.473793],[-73.24728,10.473538],[-73.247362,10.473427],[-73.247487,10.473679]]]}},{"type":"Feature","properties":{"altura_m":3.0,"origen_altura":"osm_altura"},"geometry":{"type":"Polygon","coordinates":[[[-73.247575,10.473219],[-73.24744,10.473298],[-73.247356,10.473141],[-73.247478,10.473037],[-73.247575,10.473219]]]}},{"type":"Feature","properties":{"altura_m":3.0,"origen_altura":"osm_altura"},"geometry":{"type":"Polygon","coordinates":[[[-73.247465,10.473048],[-73.247343,10.473131],[-73.247247,10.472951],[-73.247381,10.47287],[-73.247465,10.473048]]]}},{"type":"Feature","properties":{"altura_m":3.0,"origen_altura":"osm_altura"},"geometry":{"type":"Polygon","coordinates":[[[-73.247366,10.473207],[-73.247232,10.4733],[-73.247123,10.473098],[-73.247249,10.472995],[-73.247366,10.473207]]]}},{"type":"Feature","properties":{"altura_m":3.0,"origen_altura":"osm_altura"},"geometry":{"type":"Polygon","coordinates":[[[-73.247434,10.47332],[-73.247266,10.47352],[-73.247186,10.473417],[-73.247379,10.473222],[-73.247434,10.47332]]]}},{"type":"Feature","properties":{"altura_m":3.0,"origen_altura":"osm_altura"},"geometry":{"type":"Polygon","coordinates":[[[-73.247245,10.473338],[-73.247162,10.473413],[-73.247061,10.473215],[-73.247121,10.473126],[-73.247245,10.473338]]]}},{"type":"Feature","properties":{"altura_m":3.5,"origen_altura":"provisional"},"geometry":{"type":"Polygon","coordinates":[[[-73.249316,10.473373],[-73.249156,10.473123],[-73.249034,10.473211],[-73.249124,10.473333],[-73.248823,10.473525],[-73.248701,10.473403],[-73.248633,10.473445],[-73.248728,10.473581],[-73.24859,10.473672],[-73.24862,10.473784],[-73.249316,10.473373]]]}},{"type":"Feature","properties":{"altura_m":3.5,"origen_altura":"provisional"},"geometry":{"type":"Polygon","coordinates":[[[-73.248482,10.473693],[-73.2483,10.473397],[-73.248064,10.473509],[-73.248189,10.473712],[-73.248243,10.473674],[-73.248175,10.473568],[-73.248246,10.473531],[-73.248362,10.473749],[-73.248482,10.473693]]]}},{"type":"Feature","properties":{"altura_m":3.0,"origen_altura":"osm_altura"},"geometry":{"type":"Polygon","coordinates":[[[-73.248484,10.472847],[-73.248275,10.472564],[-73.248486,10.472406],[-73.248684,10.472691],[-73.248484,10.472847]]]}},{"type":"Feature","properties":{"altura_m":3.0,"origen_altura":"osm_altura"},"geometry":{"type":"Polygon","coordinates":[[[-73.24841,10.472855],[-73.24817,10.473063],[-73.247936,10.47272],[-73.248191,10.472554],[-73.24841,10.472855]]]}},{"type":"Feature","properties":{"altura_m":3.0,"origen_altura":"osm_altura"},"geometry":{"type":"Polygon","coordinates":[[[-73.248131,10.473055],[-73.247891,10.473269],[-73.247677,10.472964],[-73.247909,10.472782],[-73.248131,10.473055]]]}},{"type":"Feature","properties":{"altura_m":2.0,"origen_altura":"osm_altura"},"geometry":{"type":"Polygon","coordinates":[[[-73.247642,10.472938],[-73.24747,10.472726],[-73.247657,10.472577],[-73.247809,10.472825],[-73.247642,10.472938]]]}},{"type":"Feature","properties":{"altura_m":3.0,"origen_altura":"osm_altura"},"geometry":{"type":"Polygon","coordinates":[[[-73.247989,10.472631],[-73.247831,10.472789],[-73.247703,10.472572],[-73.247874,10.472466],[-73.247989,10.472631]]]}},{"type":"Feature","properties":{"altura_m":2.0,"origen_altura":"osm_altura"},"geometry":{"type":"Polygon","coordinates":[[[-73.248178,10.472535],[-73.248012,10.472632],[-73.247919,10.472471],[-73.248046,10.472371],[-73.248178,10.472535]]]}},{"type":"Feature","properties":{"altura_m":3.0,"origen_altura":"osm_altura"},"geometry":{"type":"Polygon","coordinates":[[[-73.248386,10.472352],[-73.248191,10.472491],[-73.248114,10.472317],[-73.248323,10.472174],[-73.248386,10.472352]]]}},{"type":"Feature","properties":{"altura_m":3.0,"origen_altura":"osm_altura"},"geometry":{"type":"Polygon","coordinates":[[[-73.24725,10.47266],[-73.247153,10.472785],[-73.246985,10.472573],[-73.247128,10.47249],[-73.24725,10.47266]]]}},{"type":"Feature","properties":{"altura_m":3.0,"origen_altura":"osm_altura"},"geometry":{"type":"Polygon","coordinates":[[[-73.247135,10.472803],[-73.247055,10.472889],[-73.246919,10.472687],[-73.247,10.472617],[-73.247135,10.472803]]]}},{"type":"Feature","properties":{"altura_m":3.0,"origen_altura":"osm_altura"},"geometry":{"type":"Polygon","coordinates":[[[-73.247059,10.47291],[-73.24693,10.472993],[-73.246815,10.47279],[-73.246919,10.472687],[-73.247059,10.47291]]]}},{"type":"Feature","properties":{"altura_m":3.0,"origen_altura":"osm_altura"},"geometry":{"type":"Polygon","coordinates":[[[-73.247109,10.47246],[-73.246992,10.472541],[-73.246946,10.472474],[-73.247025,10.472323],[-73.247109,10.47246]]]}},{"type":"Feature","properties":{"altura_m":3.0,"origen_altura":"osm_altura"},"geometry":{"type":"Polygon","coordinates":[[[-73.24701,10.472309],[-73.246875,10.472416],[-73.246776,10.472268],[-73.24692,10.472167],[-73.24701,10.472309]]]}},{"type":"Feature","properties":{"altura_m":3.0,"origen_altura":"osm_altura"},"geometry":{"type":"Polygon","coordinates":[[[-73.246834,10.472411],[-73.246707,10.472478],[-73.246643,10.472356],[-73.246756,10.472275],[-73.246834,10.472411]]]}},{"type":"Feature","properties":{"altura_m":3.0,"origen_altura":"osm_altura"},"geometry":{"type":"Polygon","coordinates":[[[-73.246747,10.472574],[-73.246653,10.472644],[-73.246543,10.47249],[-73.246626,10.472376],[-73.246747,10.472574]]]}},{"type":"Feature","properties":{"altura_m":3.0,"origen_altura":"osm_altura"},"geometry":{"type":"Polygon","coordinates":[[[-73.247999,10.473783],[-73.247722,10.473991],[-73.24762,10.473824],[-73.24782,10.473541],[-73.247999,10.473783]]]}},{"type":"Feature","properties":{"altura_m":3.0,"origen_altura":"osm_altura"},"geometry":{"type":"Polygon","coordinates":[[[-73.247839,10.474187],[-73.247737,10.474263],[-73.247517,10.473945],[-73.247605,10.473835],[-73.247839,10.474187]]]}},{"type":"Feature","properties":{"altura_m":3.0,"origen_altura":"osm_altura"},"geometry":{"type":"Polygon","coordinates":[[[-73.248137,10.473986],[-73.247892,10.474118],[-73.247806,10.473951],[-73.248017,10.47381],[-73.248137,10.473986]]]}},{"type":"Feature","properties":{"altura_m":3.0,"origen_altura":"osm_altura"},"geometry":{"type":"Polygon","coordinates":[[[-73.247902,10.474517],[-73.247737,10.474263],[-73.247865,10.474177],[-73.248039,10.474427],[-73.247902,10.474517]]]}},{"type":"Feature","properties":{"altura_m":3.0,"origen_altura":"osm_altura"},"geometry":{"type":"Polygon","coordinates":[[[-73.247992,10.474085],[-73.247865,10.474177],[-73.24805,10.474405],[-73.248153,10.474343],[-73.247992,10.474085]]]}},{"type":"Feature","properties":{"altura_m":3.0,"origen_altura":"osm_altura"},"geometry":{"type":"Polygon","coordinates":[[[-73.248274,10.474257],[-73.248171,10.474338],[-73.248009,10.474078],[-73.248131,10.474009],[-73.248274,10.474257]]]}},{"type":"Feature","properties":{"altura_m":3.0,"origen_altura":"osm_altura"},"geometry":{"type":"Polygon","coordinates":[[[-73.246624,10.473352],[-73.24654,10.473146],[-73.246758,10.473019],[-73.246872,10.473188],[-73.246624,10.473352]]]}},{"type":"Feature","properties":{"altura_m":3.0,"origen_altura":"osm_altura"},"geometry":{"type":"Polygon","coordinates":[[[-73.246739,10.47299],[-73.246661,10.473045],[-73.246465,10.472754],[-73.246547,10.472701],[-73.246739,10.47299]]]}},{"type":"Feature","properties":{"altura_m":3.0,"origen_altura":"osm_altura"},"geometry":{"type":"Polygon","coordinates":[[[-73.246547,10.472701],[-73.246281,10.472867],[-73.246164,10.4727],[-73.246457,10.472562],[-73.246547,10.472701]]]}},{"type":"Feature","properties":{"altura_m":3.0,"origen_altura":"osm_altura"},"geometry":{"type":"Polygon","coordinates":[[[-73.246511,10.472825],[-73.246356,10.472957],[-73.246281,10.472867],[-73.246465,10.472754],[-73.246511,10.472825]]]}},{"type":"Feature","properties":{"altura_m":3.0,"origen_altura":"osm_altura"},"geometry":{"type":"Polygon","coordinates":[[[-73.246362,10.47313],[-73.246463,10.472982],[-73.246409,10.472912],[-73.246356,10.472957],[-73.246311,10.472904],[-73.246228,10.472976],[-73.246362,10.47313]]]}},{"type":"Feature","properties":{"altura_m":3.0,"origen_altura":"osm_altura"},"geometry":{"type":"Polygon","coordinates":[[[-73.246228,10.472976],[-73.246311,10.472904],[-73.246164,10.4727],[-73.24607,10.472766],[-73.246228,10.472976]]]}},{"type":"Feature","properties":{"altura_m":3.0,"origen_altura":"osm_altura"},"geometry":{"type":"Polygon","coordinates":[[[-73.246167,10.472894],[-73.246031,10.472983],[-73.245932,10.472863],[-73.24607,10.472766],[-73.246167,10.472894]]]}},{"type":"Feature","properties":{"altura_m":3.0,"origen_altura":"osm_altura"},"geometry":{"type":"Polygon","coordinates":[[[-73.246031,10.472983],[-73.245696,10.473222],[-73.245624,10.473144],[-73.24597,10.472911],[-73.246031,10.472983]]]}},{"type":"Feature","properties":{"altura_m":3.5,"origen_altura":"provisional"},"geometry":{"type":"Polygon","coordinates":[[[-73.246144,10.473037],[-73.245797,10.473322],[-73.245718,10.473207],[-73.246167,10.472894],[-73.246353,10.473145],[-73.246272,10.473207],[-73.246144,10.473037]]]}},{"type":"Feature","properties":{"altura_m":3.0,"origen_altura":"osm_altura"},"geometry":{"type":"Polygon","coordinates":[[[-73.2463,10.473267],[-73.24616,10.4731],[-73.245803,10.473349],[-73.245964,10.473611],[-73.24622,10.473427],[-73.246182,10.473366],[-73.2463,10.473267]]]}},{"type":"Feature","properties":{"altura_m":3.0,"origen_altura":"osm_altura"},"geometry":{"type":"Polygon","coordinates":[[[-73.24658,10.473413],[-73.246365,10.473155],[-73.246272,10.473207],[-73.246325,10.473269],[-73.246191,10.473382],[-73.246351,10.473609],[-73.24658,10.473413]]]}},{"type":"Feature","properties":{"altura_m":3.0,"origen_altura":"osm_altura"},"geometry":{"type":"Polygon","coordinates":[[[-73.246358,10.473682],[-73.2462,10.473472],[-73.245971,10.473635],[-73.246118,10.473868],[-73.246358,10.473682]]]}},{"type":"Feature","properties":{"altura_m":3.0,"origen_altura":"osm_altura"},"geometry":{"type":"Polygon","coordinates":[[[-73.247161,10.474489],[-73.247324,10.474382],[-73.247179,10.474171],[-73.247009,10.474292],[-73.247161,10.474489]]]}},{"type":"Feature","properties":{"altura_m":3.0,"origen_altura":"osm_altura"},"geometry":{"type":"Polygon","coordinates":[[[-73.247272,10.474269],[-73.247428,10.474157],[-73.247476,10.474269],[-73.247595,10.474209],[-73.247437,10.474012],[-73.247203,10.474154],[-73.247272,10.474269]]]}},{"type":"Feature","properties":{"altura_m":3.0,"origen_altura":"osm_altura"},"geometry":{"type":"Polygon","coordinates":[[[-73.247281,10.474632],[-73.247451,10.474529],[-73.247361,10.47439],[-73.24719,10.474503],[-73.247281,10.474632]]]}},{"type":"Feature","properties":{"altura_m":4.0,"origen_altura":"osm_altura"},"geometry":{"type":"Polygon","coordinates":[[[-73.247595,10.474729],[-73.247451,10.474529],[-73.247281,10.474632],[-73.247437,10.474826],[-73.247595,10.474729]]]}},{"type":"Feature","properties":{"altura_m":3.0,"origen_altura":"osm_altura"},"geometry":{"type":"Polygon","coordinates":[[[-73.247685,10.474429],[-73.247484,10.474527],[-73.247595,10.474729],[-73.247803,10.47461],[-73.247685,10.474429]]]}},{"type":"Feature","properties":{"altura_m":3.0,"origen_altura":"osm_altura"},"geometry":{"type":"Polygon","coordinates":[[[-73.247689,10.474396],[-73.247484,10.474527],[-73.247361,10.47439],[-73.24748,10.474329],[-73.247449,10.474269],[-73.247595,10.474209],[-73.247689,10.474396]]]}},{"type":"Feature","properties":{"altura_m":1.0,"origen_altura":"osm_altura"},"geometry":{"type":"Polygon","coordinates":[[[-73.240198,10.476314],[-73.239468,10.476832],[-73.240088,10.477603],[-73.240821,10.477088],[-73.240198,10.476314]]]}},{"type":"Feature","properties":{"altura_m":3.0,"origen_altura":"osm_altura"},"geometry":{"type":"Polygon","coordinates":[[[-73.241645,10.477292],[-73.241483,10.4774],[-73.241268,10.477519],[-73.241157,10.477343],[-73.241486,10.477151],[-73.241645,10.477292]]]}},{"type":"Feature","properties":{"altura_m":3.0,"origen_altura":"osm_altura"},"geometry":{"type":"Polygon","coordinates":[[[-73.241777,10.477539],[-73.241542,10.477632],[-73.24148,10.477527],[-73.241717,10.477415],[-73.241777,10.477539]]]}},{"type":"Feature","properties":{"altura_m":3.0,"origen_altura":"osm_altura"},"geometry":{"type":"Polygon","coordinates":[[[-73.241837,10.477665],[-73.241602,10.477758],[-73.241539,10.477653],[-73.241777,10.477541],[-73.241837,10.477665]]]}},{"type":"Feature","properties":{"altura_m":3.0,"origen_altura":"osm_altura"},"geometry":{"type":"Polygon","coordinates":[[[-73.241912,10.477785],[-73.241676,10.477878],[-73.241614,10.477773],[-73.241851,10.477661],[-73.241912,10.477785]]]}},{"type":"Feature","properties":{"altura_m":3.0,"origen_altura":"osm_altura"},"geometry":{"type":"Polygon","coordinates":[[[-73.241973,10.477911],[-73.241738,10.478004],[-73.241676,10.477899],[-73.241913,10.477787],[-73.241973,10.477911]]]}},{"type":"Feature","properties":{"altura_m":3.0,"origen_altura":"osm_altura"},"geometry":{"type":"Polygon","coordinates":[[[-73.242043,10.478036],[-73.241808,10.478129],[-73.241745,10.478024],[-73.241983,10.477912],[-73.242043,10.478036]]]}},{"type":"Feature","properties":{"altura_m":3.0,"origen_altura":"osm_altura"},"geometry":{"type":"Polygon","coordinates":[[[-73.242113,10.478156],[-73.241878,10.478249],[-73.241816,10.478144],[-73.242053,10.478032],[-73.242113,10.478156]]]}},{"type":"Feature","properties":{"altura_m":3.0,"origen_altura":"osm_altura"},"geometry":{"type":"Polygon","coordinates":[[[-73.241793,10.47838],[-73.241558,10.478473],[-73.241495,10.478368],[-73.241733,10.478256],[-73.241793,10.47838]]]}},{"type":"Feature","properties":{"altura_m":3.0,"origen_altura":"osm_altura"},"geometry":{"type":"Polygon","coordinates":[[[-73.241738,10.478265],[-73.241502,10.478358],[-73.24144,10.478253],[-73.241677,10.47814],[-73.241738,10.478265]]]}},{"type":"Feature","properties":{"altura_m":3.0,"origen_altura":"osm_altura"},"geometry":{"type":"Polygon","coordinates":[[[-73.241679,10.47815],[-73.241444,10.478242],[-73.241381,10.478137],[-73.241619,10.478025],[-73.241679,10.47815]]]}},{"type":"Feature","properties":{"altura_m":3.0,"origen_altura":"osm_altura"},"geometry":{"type":"Polygon","coordinates":[[[-73.241622,10.478033],[-73.241387,10.478126],[-73.241324,10.478021],[-73.241562,10.477909],[-73.241622,10.478033]]]}},{"type":"Feature","properties":{"altura_m":3.0,"origen_altura":"osm_altura"},"geometry":{"type":"Polygon","coordinates":[[[-73.241557,10.477911],[-73.241322,10.478004],[-73.241259,10.477899],[-73.241497,10.477787],[-73.241557,10.477911]]]}},{"type":"Feature","properties":{"altura_m":3.0,"origen_altura":"osm_altura"},"geometry":{"type":"Polygon","coordinates":[[[-73.241497,10.477798],[-73.241262,10.477891],[-73.241199,10.477786],[-73.241437,10.477673],[-73.241497,10.477798]]]}},{"type":"Feature","properties":{"altura_m":3.0,"origen_altura":"osm_altura"},"geometry":{"type":"Polygon","coordinates":[[[-73.242114,10.478161],[-73.242205,10.478308],[-73.242119,10.478351],[-73.242023,10.478197],[-73.242114,10.478161]]]}},{"type":"Feature","properties":{"altura_m":3.0,"origen_altura":"osm_altura"},"geometry":{"type":"Polygon","coordinates":[[[-73.242018,10.478201],[-73.242115,10.478358],[-73.242029,10.478401],[-73.241934,10.478237],[-73.242018,10.478201]]]}},{"type":"Feature","properties":{"altura_m":3.0,"origen_altura":"osm_altura"},"geometry":{"type":"Polygon","coordinates":[[[-73.241925,10.478283],[-73.242014,10.478437],[-73.241931,10.47848],[-73.241845,10.478324],[-73.241925,10.478283]]]}},{"type":"Feature","properties":{"altura_m":3.0,"origen_altura":"osm_altura"},"geometry":{"type":"Polygon","coordinates":[[[-73.241849,10.478354],[-73.241929,10.478497],[-73.241844,10.47854],[-73.241764,10.478398],[-73.241849,10.478354]]]}},{"type":"Feature","properties":{"altura_m":3.0,"origen_altura":"osm_altura"},"geometry":{"type":"Polygon","coordinates":[[[-73.241755,10.478403],[-73.241837,10.478542],[-73.241751,10.478589],[-73.241665,10.478447],[-73.241755,10.478403]]]}},{"type":"Feature","properties":{"altura_m":3.0,"origen_altura":"osm_altura"},"geometry":{"type":"Polygon","coordinates":[[[-73.241651,10.478447],[-73.241741,10.478597],[-73.241656,10.478639],[-73.241563,10.478482],[-73.241651,10.478447]]]}},{"type":"Feature","properties":{"altura_m":3.0,"origen_altura":"osm_altura"},"geometry":{"type":"Polygon","coordinates":[[[-73.241453,10.477526],[-73.241513,10.477636],[-73.24143,10.477677],[-73.241372,10.477568],[-73.241453,10.477526]]]}},{"type":"Feature","properties":{"altura_m":3.0,"origen_altura":"osm_altura"},"geometry":{"type":"Polygon","coordinates":[[[-73.241363,10.477576],[-73.241418,10.477676],[-73.241339,10.477712],[-73.241289,10.477614],[-73.241363,10.477576]]]}},{"type":"Feature","properties":{"altura_m":3.0,"origen_altura":"osm_altura"},"geometry":{"type":"Polygon","coordinates":[[[-73.241243,10.477633],[-73.241292,10.477729],[-73.241208,10.477769],[-73.24115,10.477672],[-73.241243,10.477633]]]}},{"type":"Feature","properties":{"altura_m":3.0,"origen_altura":"osm_altura"},"geometry":{"type":"Polygon","coordinates":[[[-73.241513,10.478543],[-73.241601,10.478697],[-73.241518,10.47874],[-73.241432,10.478584],[-73.241513,10.478543]]]}},{"type":"Feature","properties":{"altura_m":3.0,"origen_altura":"osm_altura"},"geometry":{"type":"Polygon","coordinates":[[[-73.241419,10.478385],[-73.241508,10.478539],[-73.241425,10.478582],[-73.241338,10.478426],[-73.241419,10.478385]]]}},{"type":"Feature","properties":{"altura_m":3.0,"origen_altura":"osm_altura"},"geometry":{"type":"Polygon","coordinates":[[[-73.241335,10.478223],[-73.241424,10.478378],[-73.241341,10.47842],[-73.241254,10.478265],[-73.241335,10.478223]]]}},{"type":"Feature","properties":{"altura_m":3.0,"origen_altura":"osm_altura"},"geometry":{"type":"Polygon","coordinates":[[[-73.241244,10.478062],[-73.241332,10.478216],[-73.241249,10.478258],[-73.241163,10.478103],[-73.241244,10.478062]]]}},{"type":"Feature","properties":{"altura_m":3.0,"origen_altura":"osm_altura"},"geometry":{"type":"Polygon","coordinates":[[[-73.241158,10.477898],[-73.241247,10.478053],[-73.241164,10.478095],[-73.241078,10.47794],[-73.241158,10.477898]]]}},{"type":"Feature","properties":{"altura_m":3.0,"origen_altura":"osm_altura"},"geometry":{"type":"Polygon","coordinates":[[[-73.241086,10.477729],[-73.241175,10.477883],[-73.241092,10.477926],[-73.241005,10.47777],[-73.241086,10.477729]]]}},{"type":"Feature","properties":{"altura_m":3.0,"origen_altura":"osm_altura"},"geometry":{"type":"Polygon","coordinates":[[[-73.240985,10.477788],[-73.241074,10.477942],[-73.240991,10.477985],[-73.240904,10.477829],[-73.240985,10.477788]]]}},{"type":"Feature","properties":{"altura_m":3.0,"origen_altura":"osm_altura"},"geometry":{"type":"Polygon","coordinates":[[[-73.241073,10.477952],[-73.241162,10.478106],[-73.241079,10.478149],[-73.240992,10.477993],[-73.241073,10.477952]]]}},{"type":"Feature","properties":{"altura_m":3.0,"origen_altura":"osm_altura"},"geometry":{"type":"Polygon","coordinates":[[[-73.241157,10.478114],[-73.241245,10.478269],[-73.241163,10.478311],[-73.241076,10.478156],[-73.241157,10.478114]]]}},{"type":"Feature","properties":{"altura_m":3.0,"origen_altura":"osm_altura"},"geometry":{"type":"Polygon","coordinates":[[[-73.241245,10.478273],[-73.241333,10.478428],[-73.24125,10.47847],[-73.241164,10.478315],[-73.241245,10.478273]]]}},{"type":"Feature","properties":{"altura_m":3.0,"origen_altura":"osm_altura"},"geometry":{"type":"Polygon","coordinates":[[[-73.241332,10.478429],[-73.241421,10.478584],[-73.241338,10.478626],[-73.241252,10.478471],[-73.241332,10.478429]]]}},{"type":"Feature","properties":{"altura_m":3.0,"origen_altura":"osm_altura"},"geometry":{"type":"Polygon","coordinates":[[[-73.241422,10.478586],[-73.24151,10.47874],[-73.241428,10.478783],[-73.241341,10.478627],[-73.241422,10.478586]]]}},{"type":"Feature","properties":{"altura_m":3.0,"origen_altura":"osm_altura"},"geometry":{"type":"Polygon","coordinates":[[[-73.240817,10.478179],[-73.240667,10.478246],[-73.240605,10.478141],[-73.240758,10.478067],[-73.240817,10.478179]]]}},{"type":"Feature","properties":{"altura_m":3.0,"origen_altura":"osm_altura"},"geometry":{"type":"Polygon","coordinates":[[[-73.240756,10.478062],[-73.24061,10.478134],[-73.240547,10.478029],[-73.240699,10.477951],[-73.240756,10.478062]]]}},{"type":"Feature","properties":{"altura_m":3.0,"origen_altura":"osm_altura"},"geometry":{"type":"Polygon","coordinates":[[[-73.240918,10.477986],[-73.240771,10.478055],[-73.240707,10.477948],[-73.240859,10.47787],[-73.240918,10.477986]]]}},{"type":"Feature","properties":{"altura_m":3.0,"origen_altura":"osm_altura"},"geometry":{"type":"Polygon","coordinates":[[[-73.240985,10.478101],[-73.240832,10.478172],[-73.240775,10.478063],[-73.240926,10.477985],[-73.240985,10.478101]]]}},{"type":"Feature","properties":{"altura_m":3.0,"origen_altura":"osm_altura"},"geometry":{"type":"Polygon","coordinates":[[[-73.241045,10.478231],[-73.24089,10.478299],[-73.240833,10.478192],[-73.240985,10.478115],[-73.241045,10.478231]]]}},{"type":"Feature","properties":{"altura_m":3.0,"origen_altura":"osm_altura"},"geometry":{"type":"Polygon","coordinates":[[[-73.240879,10.478304],[-73.240731,10.47837],[-73.240668,10.478265],[-73.24082,10.478188],[-73.240879,10.478304]]]}},{"type":"Feature","properties":{"altura_m":3.0,"origen_altura":"osm_altura"},"geometry":{"type":"Polygon","coordinates":[[[-73.240948,10.478421],[-73.240799,10.478487],[-73.240737,10.478382],[-73.240889,10.478305],[-73.240948,10.478421]]]}},{"type":"Feature","properties":{"altura_m":3.0,"origen_altura":"osm_altura"},"geometry":{"type":"Polygon","coordinates":[[[-73.241108,10.478346],[-73.240954,10.478416],[-73.240897,10.478307],[-73.241049,10.47823],[-73.241108,10.478346]]]}},{"type":"Feature","properties":{"altura_m":3.0,"origen_altura":"osm_altura"},"geometry":{"type":"Polygon","coordinates":[[[-73.241166,10.478465],[-73.241016,10.478538],[-73.240955,10.478427],[-73.241106,10.478349],[-73.241166,10.478465]]]}},{"type":"Feature","properties":{"altura_m":3.0,"origen_altura":"osm_altura"},"geometry":{"type":"Polygon","coordinates":[[[-73.241009,10.478544],[-73.240861,10.478613],[-73.240798,10.478508],[-73.24095,10.47843],[-73.241009,10.478544]]]}},{"type":"Feature","properties":{"altura_m":3.0,"origen_altura":"osm_altura"},"geometry":{"type":"Polygon","coordinates":[[[-73.241227,10.478584],[-73.241078,10.478651],[-73.24102,10.478544],[-73.241168,10.478468],[-73.241227,10.478584]]]}},{"type":"Feature","properties":{"altura_m":3.0,"origen_altura":"osm_altura"},"geometry":{"type":"Polygon","coordinates":[[[-73.241071,10.478665],[-73.240923,10.478732],[-73.24086,10.478627],[-73.241014,10.478553],[-73.241071,10.478665]]]}},{"type":"Feature","properties":{"altura_m":3.0,"origen_altura":"osm_altura"},"geometry":{"type":"Polygon","coordinates":[[[-73.241289,10.478707],[-73.241141,10.478773],[-73.241084,10.478665],[-73.24123,10.478591],[-73.241289,10.478707]]]}},{"type":"Feature","properties":{"altura_m":3.0,"origen_altura":"osm_altura"},"geometry":{"type":"Polygon","coordinates":[[[-73.241134,10.478786],[-73.240985,10.478852],[-73.240923,10.478747],[-73.241074,10.47867],[-73.241134,10.478786]]]}},{"type":"Feature","properties":{"altura_m":3.0,"origen_altura":"osm_altura"},"geometry":{"type":"Polygon","coordinates":[[[-73.241348,10.478833],[-73.2412,10.4789],[-73.24114,10.478787],[-73.241289,10.478717],[-73.241348,10.478833]]]}},{"type":"Feature","properties":{"altura_m":3.0,"origen_altura":"osm_altura"},"geometry":{"type":"Polygon","coordinates":[[[-73.241195,10.47891],[-73.241046,10.478977],[-73.240984,10.478872],[-73.241135,10.478794],[-73.241195,10.47891]]]}},{"type":"Feature","properties":{"altura_m":3.0,"origen_altura":"osm_altura"},"geometry":{"type":"Polygon","coordinates":[[[-73.241193,10.476218],[-73.24107,10.476323],[-73.24098,10.476236],[-73.241105,10.476122],[-73.241193,10.476218]]]}},{"type":"Feature","properties":{"altura_m":3.0,"origen_altura":"osm_altura"},"geometry":{"type":"Polygon","coordinates":[[[-73.241289,10.476311],[-73.241161,10.47642],[-73.241076,10.476329],[-73.241201,10.476215],[-73.241289,10.476311]]]}},{"type":"Feature","properties":{"altura_m":3.0,"origen_altura":"osm_altura"},"geometry":{"type":"Polygon","coordinates":[[[-73.241473,10.476515],[-73.241344,10.476623],[-73.24126,10.476533],[-73.241385,10.476419],[-73.241473,10.476515]]]}},{"type":"Feature","properties":{"altura_m":3.0,"origen_altura":"osm_altura"},"geometry":{"type":"Polygon","coordinates":[[[-73.241381,10.476421],[-73.241251,10.476527],[-73.241168,10.476439],[-73.241293,10.476325],[-73.241381,10.476421]]]}},{"type":"Feature","properties":{"altura_m":3.0,"origen_altura":"osm_altura"},"geometry":{"type":"Polygon","coordinates":[[[-73.241653,10.476714],[-73.241528,10.476817],[-73.241443,10.476729],[-73.241564,10.476618],[-73.241653,10.476714]]]}},{"type":"Feature","properties":{"altura_m":3.0,"origen_altura":"osm_altura"},"geometry":{"type":"Polygon","coordinates":[[[-73.241562,10.476615],[-73.241437,10.476725],[-73.241348,10.476633],[-73.241473,10.476519],[-73.241562,10.476615]]]}},{"type":"Feature","properties":{"altura_m":3.0,"origen_altura":"osm_altura"},"geometry":{"type":"Polygon","coordinates":[[[-73.241746,10.476816],[-73.241621,10.476919],[-73.241536,10.476829],[-73.241657,10.47672],[-73.241746,10.476816]]]}},{"type":"Feature","properties":{"altura_m":3.0,"origen_altura":"osm_altura"},"geometry":{"type":"Polygon","coordinates":[[[-73.241837,10.476923],[-73.241712,10.477026],[-73.241624,10.476932],[-73.241748,10.476827],[-73.241837,10.476923]]]}},{"type":"Feature","properties":{"altura_m":3.0,"origen_altura":"osm_altura"},"geometry":{"type":"Polygon","coordinates":[[[-73.24171,10.477037],[-73.241585,10.47714],[-73.241496,10.477055],[-73.241621,10.476941],[-73.24171,10.477037]]]}},{"type":"Feature","properties":{"altura_m":3.0,"origen_altura":"osm_altura"},"geometry":{"type":"Polygon","coordinates":[[[-73.241617,10.476933],[-73.241492,10.477036],[-73.241403,10.476951],[-73.241529,10.476837],[-73.241617,10.476933]]]}},{"type":"Feature","properties":{"altura_m":3.0,"origen_altura":"osm_altura"},"geometry":{"type":"Polygon","coordinates":[[[-73.241525,10.476833],[-73.241399,10.476936],[-73.241311,10.476851],[-73.241439,10.47674],[-73.241525,10.476833]]]}},{"type":"Feature","properties":{"altura_m":3.0,"origen_altura":"osm_altura"},"geometry":{"type":"Polygon","coordinates":[[[-73.241432,10.476733],[-73.241307,10.476837],[-73.241219,10.476752],[-73.241344,10.476638],[-73.241432,10.476733]]]}},{"type":"Feature","properties":{"altura_m":3.0,"origen_altura":"osm_altura"},"geometry":{"type":"Polygon","coordinates":[[[-73.24134,10.476629],[-73.241214,10.476732],[-73.241126,10.476647],[-73.241251,10.476533],[-73.24134,10.476629]]]}},{"type":"Feature","properties":{"altura_m":3.0,"origen_altura":"osm_altura"},"geometry":{"type":"Polygon","coordinates":[[[-73.241242,10.476534],[-73.241117,10.476637],[-73.241028,10.476552],[-73.241153,10.476438],[-73.241242,10.476534]]]}},{"type":"Feature","properties":{"altura_m":3.0,"origen_altura":"osm_altura"},"geometry":{"type":"Polygon","coordinates":[[[-73.241148,10.476431],[-73.241022,10.476534],[-73.240933,10.476449],[-73.241061,10.476338],[-73.241148,10.476431]]]}},{"type":"Feature","properties":{"altura_m":3.0,"origen_altura":"osm_altura"},"geometry":{"type":"Polygon","coordinates":[[[-73.241058,10.476334],[-73.240936,10.476441],[-73.240847,10.476356],[-73.240973,10.476242],[-73.241058,10.476334]]]}},{"type":"Feature","properties":{"altura_m":3.0,"origen_altura":"osm_altura"},"geometry":{"type":"Polygon","coordinates":[[[-73.239487,10.476916],[-73.239354,10.47701],[-73.239276,10.476916],[-73.239413,10.476816],[-73.239487,10.476916]]]}},{"type":"Feature","properties":{"altura_m":3.0,"origen_altura":"osm_altura"},"geometry":{"type":"Polygon","coordinates":[[[-73.239566,10.477022],[-73.239429,10.477112],[-73.23935,10.477018],[-73.23949,10.476921],[-73.239566,10.477022]]]}},{"type":"Feature","properties":{"altura_m":3.0,"origen_altura":"osm_altura"},"geometry":{"type":"Polygon","coordinates":[[[-73.239648,10.477135],[-73.239512,10.477224],[-73.239434,10.47713],[-73.239571,10.47703],[-73.239648,10.477135]]]}},{"type":"Feature","properties":{"altura_m":3.0,"origen_altura":"osm_altura"},"geometry":{"type":"Polygon","coordinates":[[[-73.239735,10.47724],[-73.239599,10.477329],[-73.23952,10.477235],[-73.239657,10.477135],[-73.239735,10.47724]]]}},{"type":"Feature","properties":{"altura_m":3.0,"origen_altura":"osm_altura"},"geometry":{"type":"Polygon","coordinates":[[[-73.239815,10.477353],[-73.23968,10.477444],[-73.239601,10.47735],[-73.239738,10.47725],[-73.239815,10.477353]]]}},{"type":"Feature","properties":{"altura_m":3.0,"origen_altura":"osm_altura"},"geometry":{"type":"Polygon","coordinates":[[[-73.239896,10.477463],[-73.23976,10.477552],[-73.239682,10.477458],[-73.239822,10.477361],[-73.239896,10.477463]]]}},{"type":"Feature","properties":{"altura_m":3.0,"origen_altura":"osm_altura"},"geometry":{"type":"Polygon","coordinates":[[[-73.239977,10.477572],[-73.239841,10.477661],[-73.239763,10.477567],[-73.2399,10.477467],[-73.239977,10.477572]]]}},{"type":"Feature","properties":{"altura_m":3.0,"origen_altura":"osm_altura"},"geometry":{"type":"Polygon","coordinates":[[[-73.240058,10.477685],[-73.239922,10.477774],[-73.239843,10.47768],[-73.23998,10.47758],[-73.240058,10.477685]]]}},{"type":"Feature","properties":{"altura_m":3.0,"origen_altura":"osm_altura"},"geometry":{"type":"Polygon","coordinates":[[[-73.24114,10.477631],[-73.24106,10.47749],[-73.241164,10.477424],[-73.241249,10.47757],[-73.24114,10.477631]]]}},{"type":"Feature","properties":{"altura_m":3.0,"origen_altura":"osm_altura"},"geometry":{"type":"Polygon","coordinates":[[[-73.241023,10.477696],[-73.240948,10.477552],[-73.241052,10.477486],[-73.241134,10.477633],[-73.241023,10.477696]]]}},{"type":"Feature","properties":{"altura_m":3.0,"origen_altura":"osm_altura"},"geometry":{"type":"Polygon","coordinates":[[[-73.2409,10.477763],[-73.240825,10.47762],[-73.240929,10.477554],[-73.241015,10.477699],[-73.2409,10.477763]]]}},{"type":"Feature","properties":{"altura_m":3.0,"origen_altura":"osm_altura"},"geometry":{"type":"Polygon","coordinates":[[[-73.240784,10.477836],[-73.240709,10.477693],[-73.240813,10.477627],[-73.240899,10.477772],[-73.240784,10.477836]]]}},{"type":"Feature","properties":{"altura_m":3.0,"origen_altura":"osm_altura"},"geometry":{"type":"Polygon","coordinates":[[[-73.240661,10.477901],[-73.240585,10.477759],[-73.240689,10.477692],[-73.240774,10.477838],[-73.240661,10.477901]]]}},{"type":"Feature","properties":{"altura_m":3.0,"origen_altura":"osm_altura"},"geometry":{"type":"Polygon","coordinates":[[[-73.240541,10.477968],[-73.240466,10.477825],[-73.24057,10.477759],[-73.240652,10.477907],[-73.240541,10.477968]]]}},{"type":"Feature","properties":{"altura_m":3.0,"origen_altura":"osm_altura"},"geometry":{"type":"Polygon","coordinates":[[[-73.240221,10.47789],[-73.240085,10.477979],[-73.240006,10.477885],[-73.240143,10.477785],[-73.240221,10.47789]]]}},{"type":"Feature","properties":{"altura_m":3.0,"origen_altura":"osm_altura"},"geometry":{"type":"Polygon","coordinates":[[[-73.24014,10.477781],[-73.240004,10.47787],[-73.239925,10.477776],[-73.240066,10.477679],[-73.24014,10.477781]]]}},{"type":"Feature","properties":{"altura_m":3.0,"origen_altura":"osm_altura"},"geometry":{"type":"Polygon","coordinates":[[[-73.240136,10.47822],[-73.240061,10.478077],[-73.240165,10.478011],[-73.240247,10.478159],[-73.240136,10.47822]]]}},{"type":"Feature","properties":{"altura_m":3.0,"origen_altura":"osm_altura"},"geometry":{"type":"Polygon","coordinates":[[[-73.240256,10.478153],[-73.24018,10.47801],[-73.240284,10.477944],[-73.240369,10.47809],[-73.240256,10.478153]]]}},{"type":"Feature","properties":{"altura_m":3.0,"origen_altura":"osm_altura"},"geometry":{"type":"Polygon","coordinates":[[[-73.240379,10.478087],[-73.240304,10.477945],[-73.240408,10.477878],[-73.240494,10.478024],[-73.240379,10.478087]]]}},{"type":"Feature","properties":{"altura_m":3.0,"origen_altura":"osm_altura"},"geometry":{"type":"Polygon","coordinates":[[[-73.239326,10.4767],[-73.239193,10.476794],[-73.239138,10.47671],[-73.239292,10.476629],[-73.239326,10.4767]]]}},{"type":"Feature","properties":{"altura_m":3.0,"origen_altura":"osm_altura"},"geometry":{"type":"Polygon","coordinates":[[[-73.239405,10.476806],[-73.239268,10.476896],[-73.239189,10.476802],[-73.239328,10.476705],[-73.239405,10.476806]]]}},{"type":"Feature","properties":{"altura_m":3.0,"origen_altura":"osm_altura"},"geometry":{"type":"Polygon","coordinates":[[[-73.2408,10.476548],[-73.240721,10.476408],[-73.240824,10.476341],[-73.24091,10.476487],[-73.2408,10.476548]]]}},{"type":"Feature","properties":{"altura_m":3.0,"origen_altura":"osm_altura"},"geometry":{"type":"Polygon","coordinates":[[[-73.240684,10.476613],[-73.240609,10.476469],[-73.240713,10.476403],[-73.240795,10.47655],[-73.240684,10.476613]]]}},{"type":"Feature","properties":{"altura_m":3.0,"origen_altura":"osm_altura"},"geometry":{"type":"Polygon","coordinates":[[[-73.241016,10.476577],[-73.240889,10.476681],[-73.240801,10.476596],[-73.240929,10.476485],[-73.241016,10.476577]]]}},{"type":"Feature","properties":{"altura_m":3.0,"origen_altura":"osm_altura"},"geometry":{"type":"Polygon","coordinates":[[[-73.240856,10.476083],[-73.240764,10.475951],[-73.240863,10.475872],[-73.240963,10.476008],[-73.240856,10.476083]]]}},{"type":"Feature","properties":{"altura_m":3.0,"origen_altura":"osm_altura"},"geometry":{"type":"Polygon","coordinates":[[[-73.240646,10.476014],[-73.240556,10.475879],[-73.240652,10.475802],[-73.24075,10.47594],[-73.240646,10.476014]]]}},{"type":"Feature","properties":{"altura_m":3.0,"origen_altura":"osm_altura"},"geometry":{"type":"Polygon","coordinates":[[[-73.240755,10.475937],[-73.240661,10.475806],[-73.240757,10.475729],[-73.240857,10.475865],[-73.240755,10.475937]]]}},{"type":"Feature","properties":{"altura_m":3.0,"origen_altura":"osm_altura"},"geometry":{"type":"Polygon","coordinates":[[[-73.240751,10.476166],[-73.240656,10.476028],[-73.240757,10.475955],[-73.240858,10.476091],[-73.240751,10.476166]]]}},{"type":"Feature","properties":{"altura_m":3.0,"origen_altura":"osm_altura"},"geometry":{"type":"Polygon","coordinates":[[[-73.240629,10.476243],[-73.240537,10.476103],[-73.240636,10.476032],[-73.240736,10.476168],[-73.240629,10.476243]]]}},{"type":"Feature","properties":{"altura_m":3.0,"origen_altura":"osm_altura"},"geometry":{"type":"Polygon","coordinates":[[[-73.240531,10.476094],[-73.240441,10.475959],[-73.240538,10.475883],[-73.240638,10.476018],[-73.240531,10.476094]]]}},{"type":"Feature","properties":{"altura_m":3.0,"origen_altura":"osm_altura"},"geometry":{"type":"Polygon","coordinates":[[[-73.240424,10.476178],[-73.240334,10.476044],[-73.24043,10.475967],[-73.240531,10.476103],[-73.240424,10.476178]]]}},{"type":"Feature","properties":{"altura_m":3.0,"origen_altura":"osm_altura"},"geometry":{"type":"Polygon","coordinates":[[[-73.240523,10.476322],[-73.24043,10.476183],[-73.24053,10.476111],[-73.24063,10.476247],[-73.240523,10.476322]]]}},{"type":"Feature","properties":{"altura_m":3.0,"origen_altura":"osm_altura"},"geometry":{"type":"Polygon","coordinates":[[[-73.239325,10.475702],[-73.239386,10.475804],[-73.239322,10.475839],[-73.239261,10.475744],[-73.239325,10.475702]]]}},{"type":"Feature","properties":{"altura_m":3.0,"origen_altura":"osm_altura"},"geometry":{"type":"Polygon","coordinates":[[[-73.239303,10.475866],[-73.239392,10.47602],[-73.239309,10.476063],[-73.239223,10.475907],[-73.239303,10.475866]]]}},{"type":"Feature","properties":{"altura_m":3.0,"origen_altura":"osm_altura"},"geometry":{"type":"Polygon","coordinates":[[[-73.239389,10.475812],[-73.239477,10.475967],[-73.239395,10.476009],[-73.239308,10.475854],[-73.239389,10.475812]]]}},{"type":"Feature","properties":{"altura_m":3.0,"origen_altura":"osm_altura"},"geometry":{"type":"Polygon","coordinates":[[[-73.239387,10.476028],[-73.239476,10.476182],[-73.239393,10.476225],[-73.239306,10.476069],[-73.239387,10.476028]]]}},{"type":"Feature","properties":{"altura_m":3.0,"origen_altura":"osm_altura"},"geometry":{"type":"Polygon","coordinates":[[[-73.239474,10.475976],[-73.239563,10.47613],[-73.23948,10.476172],[-73.239393,10.476017],[-73.239474,10.475976]]]}},{"type":"Feature","properties":{"altura_m":3.0,"origen_altura":"osm_altura"},"geometry":{"type":"Polygon","coordinates":[[[-73.239475,10.476187],[-73.239564,10.476342],[-73.239481,10.476384],[-73.239394,10.476229],[-73.239475,10.476187]]]}},{"type":"Feature","properties":{"altura_m":3.0,"origen_altura":"osm_altura"},"geometry":{"type":"Polygon","coordinates":[[[-73.239565,10.476137],[-73.239654,10.476291],[-73.239571,10.476334],[-73.239485,10.476178],[-73.239565,10.476137]]]}},{"type":"Feature","properties":{"altura_m":3.0,"origen_altura":"osm_altura"},"geometry":{"type":"Polygon","coordinates":[[[-73.239244,10.475753],[-73.239305,10.475855],[-73.239241,10.475891],[-73.23918,10.475796],[-73.239244,10.475753]]]}},{"type":"Feature","properties":{"altura_m":3.0,"origen_altura":"osm_altura"},"geometry":{"type":"Polygon","coordinates":[[[-73.239284,10.476216],[-73.239373,10.476371],[-73.23929,10.476413],[-73.239203,10.476258],[-73.239284,10.476216]]]}},{"type":"Feature","properties":{"altura_m":3.0,"origen_altura":"osm_altura"},"geometry":{"type":"Polygon","coordinates":[[[-73.239193,10.476266],[-73.239282,10.476421],[-73.239199,10.476463],[-73.239113,10.476308],[-73.239193,10.476266]]]}},{"type":"Feature","properties":{"altura_m":3.0,"origen_altura":"osm_altura"},"geometry":{"type":"Polygon","coordinates":[[[-73.239107,10.475891],[-73.239196,10.476046],[-73.239113,10.476088],[-73.239027,10.475933],[-73.239107,10.475891]]]}},{"type":"Feature","properties":{"altura_m":3.0,"origen_altura":"osm_altura"},"geometry":{"type":"Polygon","coordinates":[[[-73.239193,10.476055],[-73.239281,10.476209],[-73.239198,10.476251],[-73.239112,10.476096],[-73.239193,10.476055]]]}},{"type":"Feature","properties":{"altura_m":3.0,"origen_altura":"osm_altura"},"geometry":{"type":"Polygon","coordinates":[[[-73.239106,10.476107],[-73.239194,10.476262],[-73.239112,10.476304],[-73.239025,10.476149],[-73.239106,10.476107]]]}},{"type":"Feature","properties":{"altura_m":3.0,"origen_altura":"osm_altura"},"geometry":{"type":"Polygon","coordinates":[[[-73.239022,10.475945],[-73.23911,10.476099],[-73.239028,10.476142],[-73.238941,10.475986],[-73.239022,10.475945]]]}},{"type":"Feature","properties":{"altura_m":3.0,"origen_altura":"osm_altura"},"geometry":{"type":"Polygon","coordinates":[[[-73.239013,10.476155],[-73.239101,10.476309],[-73.239018,10.476352],[-73.238932,10.476197],[-73.239013,10.476155]]]}},{"type":"Feature","properties":{"altura_m":3.0,"origen_altura":"osm_altura"},"geometry":{"type":"Polygon","coordinates":[[[-73.238929,10.475993],[-73.239017,10.476147],[-73.238934,10.47619],[-73.238848,10.476034],[-73.238929,10.475993]]]}},{"type":"Feature","properties":{"altura_m":3.0,"origen_altura":"osm_altura"},"geometry":{"type":"Polygon","coordinates":[[[-73.2391,10.476314],[-73.239189,10.476469],[-73.239106,10.476511],[-73.239019,10.476356],[-73.2391,10.476314]]]}},{"type":"Feature","properties":{"altura_m":3.0,"origen_altura":"osm_altura"},"geometry":{"type":"Polygon","coordinates":[[[-73.239608,10.475644],[-73.239754,10.475573],[-73.23982,10.475676],[-73.239671,10.475758],[-73.239608,10.475644]]]}},{"type":"Feature","properties":{"altura_m":3.0,"origen_altura":"osm_altura"},"geometry":{"type":"Polygon","coordinates":[[[-73.239451,10.475724],[-73.239602,10.47565],[-73.239663,10.475756],[-73.239514,10.475838],[-73.239451,10.475724]]]}},{"type":"Feature","properties":{"altura_m":3.0,"origen_altura":"osm_altura"},"geometry":{"type":"Polygon","coordinates":[[[-73.239518,10.475837],[-73.23967,10.475764],[-73.23973,10.475869],[-73.239581,10.475951],[-73.239518,10.475837]]]}},{"type":"Feature","properties":{"altura_m":3.0,"origen_altura":"osm_altura"},"geometry":{"type":"Polygon","coordinates":[[[-73.239581,10.475965],[-73.239732,10.47589],[-73.239793,10.475997],[-73.239644,10.476079],[-73.239581,10.475965]]]}},{"type":"Feature","properties":{"altura_m":3.0,"origen_altura":"osm_altura"},"geometry":{"type":"Polygon","coordinates":[[[-73.239681,10.475759],[-73.239827,10.475688],[-73.239892,10.475791],[-73.239743,10.475873],[-73.239681,10.475759]]]}},{"type":"Feature","properties":{"altura_m":3.0,"origen_altura":"osm_altura"},"geometry":{"type":"Polygon","coordinates":[[[-73.239811,10.475997],[-73.239955,10.475921],[-73.240021,10.476024],[-73.239872,10.476106],[-73.239811,10.475997]]]}},{"type":"Feature","properties":{"altura_m":3.0,"origen_altura":"osm_altura"},"geometry":{"type":"Polygon","coordinates":[[[-73.239747,10.475882],[-73.239894,10.47581],[-73.23996,10.475913],[-73.23981,10.475992],[-73.239747,10.475882]]]}},{"type":"Feature","properties":{"altura_m":3.0,"origen_altura":"osm_altura"},"geometry":{"type":"Polygon","coordinates":[[[-73.239652,10.476078],[-73.239796,10.476004],[-73.239864,10.47611],[-73.239715,10.476192],[-73.239652,10.476078]]]}},{"type":"Feature","properties":{"altura_m":9.0,"origen_altura":"osm_altura"},"geometry":{"type":"Polygon","coordinates":[[[-73.251159,10.480605],[-73.251367,10.480899],[-73.251006,10.481147],[-73.25093,10.481039],[-73.25063,10.481245],[-73.250489,10.481047],[-73.250765,10.480858],[-73.250689,10.480751],[-73.250428,10.480929],[-73.250291,10.480736],[-73.25094,10.480292],[-73.25109,10.480505],[-73.250838,10.480678],[-73.250908,10.480776],[-73.251159,10.480605]]]}},{"type":"Feature","properties":{"altura_m":3.5,"origen_altura":"provisional"},"geometry":{"type":"Polygon","coordinates":[[[-73.250251,10.481098],[-73.250493,10.481437],[-73.250388,10.48151],[-73.250271,10.481345],[-73.250207,10.481389],[-73.250178,10.481348],[-73.250032,10.481448],[-73.249937,10.481314],[-73.250251,10.481098]]]}},{"type":"Feature","properties":{"altura_m":3.0,"origen_altura":"osm_altura"},"geometry":{"type":"Polygon","coordinates":[[[-73.249472,10.481689],[-73.249237,10.481844],[-73.249048,10.48159],[-73.249262,10.481437],[-73.249472,10.481689]]]}},{"type":"Feature","properties":{"altura_m":15.0,"origen_altura":"osm_altura"},"geometry":{"type":"Polygon","coordinates":[[[-73.249472,10.481689],[-73.249584,10.48186],[-73.249399,10.481986],[-73.249279,10.481844],[-73.249472,10.481689]]]}},{"type":"Feature","properties":{"altura_m":3.0,"origen_altura":"osm_altura"},"geometry":{"type":"Polygon","coordinates":[[[-73.249606,10.481865],[-73.249719,10.482023],[-73.249507,10.482159],[-73.249416,10.482002],[-73.249606,10.481865]]]}},{"type":"Feature","properties":{"altura_m":3.0,"origen_altura":"osm_altura"},"geometry":{"type":"Polygon","coordinates":[[[-73.249188,10.482094],[-73.249358,10.482291],[-73.249199,10.482391],[-73.249048,10.48219],[-73.249188,10.482094]]]}},{"type":"Feature","properties":{"altura_m":3.0,"origen_altura":"osm_altura"},"geometry":{"type":"Polygon","coordinates":[[[-73.249048,10.48219],[-73.249199,10.482391],[-73.249087,10.482518],[-73.248971,10.482371],[-73.248892,10.482255],[-73.249048,10.48219]]]}},{"type":"Feature","properties":{"altura_m":6.0,"origen_altura":"osm_altura"},"geometry":{"type":"Polygon","coordinates":[[[-73.248694,10.482515],[-73.248831,10.482689],[-73.248726,10.482751],[-73.248576,10.482577],[-73.248694,10.482515]]]}},{"type":"Feature","properties":{"altura_m":3.0,"origen_altura":"osm_altura"},"geometry":{"type":"Polygon","coordinates":[[[-73.248783,10.482461],[-73.248896,10.482643],[-73.249087,10.482518],[-73.248971,10.482371],[-73.248783,10.482461]]]}},{"type":"Feature","properties":{"altura_m":3.0,"origen_altura":"osm_altura"},"geometry":{"type":"Polygon","coordinates":[[[-73.248896,10.482643],[-73.248831,10.482689],[-73.248694,10.482515],[-73.248783,10.482461],[-73.248896,10.482643]]]}},{"type":"Feature","properties":{"altura_m":12.0,"origen_altura":"osm_altura"},"geometry":{"type":"Polygon","coordinates":[[[-73.248528,10.482141],[-73.248709,10.482405],[-73.248554,10.482507],[-73.248373,10.482243],[-73.248528,10.482141]]]}},{"type":"Feature","properties":{"altura_m":3.0,"origen_altura":"osm_altura"},"geometry":{"type":"Polygon","coordinates":[[[-73.249014,10.481594],[-73.249273,10.481878],[-73.249126,10.481983],[-73.248889,10.481693],[-73.249014,10.481594]]]}},{"type":"Feature","properties":{"altura_m":3.0,"origen_altura":"osm_altura"},"geometry":{"type":"Polygon","coordinates":[[[-73.248752,10.481795],[-73.248904,10.481986],[-73.248751,10.482103],[-73.248616,10.481891],[-73.248752,10.481795]]]}},{"type":"Feature","properties":{"altura_m":3.0,"origen_altura":"osm_altura"},"geometry":{"type":"Polygon","coordinates":[[[-73.249432,10.482529],[-73.249656,10.482826],[-73.249457,10.482971],[-73.249233,10.482674],[-73.249432,10.482529]]]}},{"type":"Feature","properties":{"altura_m":3.0,"origen_altura":"osm_altura"},"geometry":{"type":"Polygon","coordinates":[[[-73.249563,10.482418],[-73.249794,10.482737],[-73.249656,10.482826],[-73.249432,10.482529],[-73.249563,10.482418]]]}},{"type":"Feature","properties":{"altura_m":6.0,"origen_altura":"osm_altura"},"geometry":{"type":"Polygon","coordinates":[[[-73.249719,10.482304],[-73.249913,10.482588],[-73.249769,10.482688],[-73.249563,10.482418],[-73.249719,10.482304]]]}},{"type":"Feature","properties":{"altura_m":6.0,"origen_altura":"osm_altura"},"geometry":{"type":"Polygon","coordinates":[[[-73.249841,10.482217],[-73.249909,10.482286],[-73.249783,10.482384],[-73.249719,10.482304],[-73.249841,10.482217]]]}},{"type":"Feature","properties":{"altura_m":3.0,"origen_altura":"osm_altura"},"geometry":{"type":"Polygon","coordinates":[[[-73.247924,10.48374],[-73.24801,10.483864],[-73.247768,10.484025],[-73.24763,10.483936],[-73.247924,10.48374]]]}},{"type":"Feature","properties":{"altura_m":3.5,"origen_altura":"provisional"},"geometry":{"type":"Polygon","coordinates":[[[-73.247251,10.482794],[-73.24731,10.482887],[-73.247077,10.483029],[-73.247019,10.482936],[-73.247251,10.482794]]]}},{"type":"Feature","properties":{"altura_m":3.0,"origen_altura":"osm_altura"},"geometry":{"type":"Polygon","coordinates":[[[-73.247019,10.482936],[-73.246981,10.482972],[-73.247041,10.483062],[-73.247077,10.483029],[-73.247019,10.482936]]]}},{"type":"Feature","properties":{"altura_m":3.0,"origen_altura":"osm_altura"},"geometry":{"type":"Polygon","coordinates":[[[-73.246919,10.483012],[-73.247052,10.483216],[-73.247105,10.483156],[-73.246981,10.482972],[-73.246919,10.483012]]]}},{"type":"Feature","properties":{"altura_m":6.0,"origen_altura":"osm_altura"},"geometry":{"type":"Polygon","coordinates":[[[-73.246919,10.483012],[-73.246843,10.483066],[-73.24699,10.483265],[-73.247052,10.483216],[-73.246919,10.483012]]]}},{"type":"Feature","properties":{"altura_m":3.0,"origen_altura":"osm_altura"},"geometry":{"type":"Polygon","coordinates":[[[-73.246714,10.483152],[-73.246756,10.483209],[-73.246788,10.483187],[-73.24681,10.483218],[-73.246843,10.483194],[-73.246878,10.483241],[-73.246927,10.483207],[-73.246846,10.483095],[-73.246798,10.483129],[-73.24678,10.483105],[-73.246714,10.483152]]]}},{"type":"Feature","properties":{"altura_m":6.0,"origen_altura":"osm_altura"},"geometry":{"type":"Polygon","coordinates":[[[-73.246756,10.483209],[-73.246727,10.483214],[-73.246784,10.483309],[-73.246848,10.483262],[-73.246819,10.483211],[-73.24681,10.483218],[-73.246788,10.483187],[-73.246756,10.483209]]]}},{"type":"Feature","properties":{"altura_m":3.0,"origen_altura":"osm_altura"},"geometry":{"type":"Polygon","coordinates":[[[-73.246834,10.483388],[-73.246859,10.483371],[-73.246822,10.483315],[-73.246882,10.483276],[-73.246868,10.483255],[-73.246932,10.483213],[-73.247026,10.483353],[-73.246876,10.483451],[-73.246834,10.483388]]]}},{"type":"Feature","properties":{"altura_m":3.0,"origen_altura":"osm_altura"},"geometry":{"type":"Polygon","coordinates":[[[-73.24691,10.483429],[-73.247006,10.483558],[-73.247249,10.483403],[-73.247156,10.483275],[-73.24691,10.483429]]]}},{"type":"Feature","properties":{"altura_m":6.0,"origen_altura":"osm_altura"},"geometry":{"type":"Polygon","coordinates":[[[-73.247131,10.483601],[-73.247163,10.483651],[-73.247179,10.483641],[-73.247196,10.483667],[-73.24721,10.483659],[-73.247227,10.483687],[-73.247251,10.483672],[-73.247243,10.483656],[-73.247355,10.483585],[-73.247298,10.483499],[-73.247131,10.483601]]]}},{"type":"Feature","properties":{"altura_m":6.0,"origen_altura":"osm_altura"},"geometry":{"type":"Polygon","coordinates":[[[-73.247414,10.483633],[-73.247355,10.483585],[-73.247243,10.483656],[-73.247288,10.483736],[-73.247325,10.483729],[-73.247332,10.483738],[-73.247322,10.483745],[-73.247354,10.483794],[-73.247471,10.48372],[-73.247414,10.483633]]]}},{"type":"Feature","properties":{"altura_m":3.0,"origen_altura":"osm_altura"},"geometry":{"type":"Polygon","coordinates":[[[-73.247398,10.483773],[-73.247499,10.483706],[-73.247523,10.48374],[-73.247587,10.483697],[-73.24763,10.483758],[-73.247493,10.483849],[-73.247484,10.483835],[-73.247455,10.483855],[-73.247398,10.483773]]]}},{"type":"Feature","properties":{"altura_m":3.0,"origen_altura":"osm_altura"},"geometry":{"type":"Polygon","coordinates":[[[-73.247607,10.48368],[-73.247697,10.483616],[-73.247612,10.483499],[-73.247522,10.483564],[-73.247607,10.48368]]]}},{"type":"Feature","properties":{"altura_m":6.0,"origen_altura":"osm_altura"},"geometry":{"type":"Polygon","coordinates":[[[-73.247696,10.483614],[-73.247761,10.483575],[-73.247772,10.48358],[-73.247811,10.483556],[-73.247731,10.48343],[-73.247622,10.483496],[-73.247696,10.483614]]]}},{"type":"Feature","properties":{"altura_m":12.0,"origen_altura":"osm_altura"},"geometry":{"type":"Polygon","coordinates":[[[-73.247402,10.48352],[-73.247648,10.48335],[-73.247551,10.483214],[-73.247304,10.483384],[-73.247402,10.48352]]]}},{"type":"Feature","properties":{"altura_m":3.0,"origen_altura":"osm_altura"},"geometry":{"type":"Polygon","coordinates":[[[-73.248224,10.483059],[-73.248324,10.482994],[-73.24826,10.482899],[-73.248462,10.482769],[-73.248379,10.482645],[-73.248138,10.482801],[-73.24817,10.482978],[-73.248224,10.483059]]]}},{"type":"Feature","properties":{"altura_m":6.0,"origen_altura":"osm_altura"},"geometry":{"type":"Polygon","coordinates":[[[-73.248383,10.482591],[-73.248088,10.482765],[-73.248011,10.482639],[-73.248306,10.482465],[-73.248383,10.482591]]]}},{"type":"Feature","properties":{"altura_m":6.0,"origen_altura":"osm_altura"},"geometry":{"type":"Polygon","coordinates":[[[-73.248272,10.48247],[-73.248102,10.48219],[-73.247957,10.482275],[-73.248128,10.482555],[-73.248272,10.48247]]]}},{"type":"Feature","properties":{"altura_m":6.0,"origen_altura":"osm_altura"},"geometry":{"type":"Polygon","coordinates":[[[-73.247981,10.482314],[-73.247869,10.482381],[-73.248025,10.482604],[-73.248017,10.48262],[-73.248128,10.482555],[-73.247981,10.482314]]]}},{"type":"Feature","properties":{"altura_m":6.0,"origen_altura":"osm_altura"},"geometry":{"type":"Polygon","coordinates":[[[-73.247858,10.482374],[-73.247763,10.48244],[-73.247929,10.482671],[-73.248025,10.482604],[-73.247858,10.482374]]]}},{"type":"Feature","properties":{"altura_m":3.0,"origen_altura":"osm_altura"},"geometry":{"type":"Polygon","coordinates":[[[-73.247592,10.482962],[-73.247711,10.482896],[-73.247666,10.482817],[-73.247696,10.482812],[-73.2476,10.482643],[-73.247551,10.48267],[-73.247523,10.482621],[-73.247428,10.482674],[-73.247592,10.482962]]]}},{"type":"Feature","properties":{"altura_m":3.0,"origen_altura":"osm_altura"},"geometry":{"type":"Polygon","coordinates":[[[-73.247664,10.483059],[-73.247791,10.482968],[-73.247765,10.482898],[-73.247592,10.482962],[-73.247664,10.483059]]]}},{"type":"Feature","properties":{"altura_m":3.0,"origen_altura":"osm_altura"},"geometry":{"type":"Polygon","coordinates":[[[-73.247813,10.48314],[-73.247736,10.483182],[-73.247664,10.48306],[-73.247736,10.483007],[-73.247813,10.48314]]]}},{"type":"Feature","properties":{"altura_m":3.0,"origen_altura":"osm_altura"},"geometry":{"type":"Polygon","coordinates":[[[-73.247959,10.483503],[-73.248205,10.483332],[-73.248122,10.483218],[-73.247892,10.48337],[-73.247877,10.483389],[-73.247959,10.483503]]]}},{"type":"Feature","properties":{"altura_m":3.0,"origen_altura":"osm_altura"},"geometry":{"type":"Polygon","coordinates":[[[-73.247901,10.483353],[-73.24782,10.483216],[-73.248034,10.483093],[-73.248098,10.483202],[-73.247939,10.483293],[-73.247956,10.483322],[-73.247901,10.483353]]]}},{"type":"Feature","properties":{"altura_m":3.0,"origen_altura":"osm_altura"},"geometry":{"type":"Polygon","coordinates":[[[-73.246173,10.480139],[-73.246244,10.480105],[-73.246185,10.479923],[-73.246076,10.479964],[-73.246173,10.480139]]]}},{"type":"Feature","properties":{"altura_m":3.0,"origen_altura":"osm_altura"},"geometry":{"type":"Polygon","coordinates":[[[-73.246308,10.480082],[-73.246287,10.480012],[-73.246223,10.480039],[-73.246185,10.479923],[-73.246304,10.479883],[-73.246381,10.480056],[-73.246308,10.480082]]]}},{"type":"Feature","properties":{"altura_m":3.0,"origen_altura":"osm_altura"},"geometry":{"type":"Polygon","coordinates":[[[-73.246424,10.479975],[-73.246357,10.480001],[-73.246304,10.479883],[-73.246385,10.479855],[-73.246424,10.479975]]]}},{"type":"Feature","properties":{"altura_m":6.0,"origen_altura":"osm_altura"},"geometry":{"type":"Polygon","coordinates":[[[-73.246536,10.47997],[-73.246436,10.480005],[-73.246405,10.479918],[-73.246498,10.479892],[-73.246536,10.47997]]]}},{"type":"Feature","properties":{"altura_m":3.5,"origen_altura":"provisional"},"geometry":{"type":"Polygon","coordinates":[[[-73.246498,10.479892],[-73.246462,10.479832],[-73.246385,10.479855],[-73.246405,10.479918],[-73.246498,10.479892]]]}},{"type":"Feature","properties":{"altura_m":6.0,"origen_altura":"osm_altura"},"geometry":{"type":"Polygon","coordinates":[[[-73.246579,10.480049],[-73.246508,10.480062],[-73.24648,10.480081],[-73.246475,10.480102],[-73.246448,10.480118],[-73.246412,10.480051],[-73.246436,10.480005],[-73.246536,10.47997],[-73.246579,10.480049]]]}},{"type":"Feature","properties":{"altura_m":3.0,"origen_altura":"osm_altura"},"geometry":{"type":"Polygon","coordinates":[[[-73.246656,10.48029],[-73.246516,10.480093],[-73.246602,10.480047],[-73.246729,10.480242],[-73.246656,10.48029]]]}},{"type":"Feature","properties":{"altura_m":3.0,"origen_altura":"osm_altura"},"geometry":{"type":"Polygon","coordinates":[[[-73.246656,10.48029],[-73.246585,10.48035],[-73.246494,10.480214],[-73.246556,10.480196],[-73.246509,10.480099],[-73.246516,10.480093],[-73.246656,10.48029]]]}},{"type":"Feature","properties":{"altura_m":3.0,"origen_altura":"osm_altura"},"geometry":{"type":"Polygon","coordinates":[[[-73.246563,10.480318],[-73.246497,10.480373],[-73.246368,10.480198],[-73.246433,10.480138],[-73.246563,10.480318]]]}},{"type":"Feature","properties":{"altura_m":3.0,"origen_altura":"osm_altura"},"geometry":{"type":"Polygon","coordinates":[[[-73.246497,10.480373],[-73.246434,10.480421],[-73.246303,10.480245],[-73.246368,10.480198],[-73.246497,10.480373]]]}},{"type":"Feature","properties":{"altura_m":3.0,"origen_altura":"osm_altura"},"geometry":{"type":"Polygon","coordinates":[[[-73.246434,10.480449],[-73.246372,10.480337],[-73.246307,10.480394],[-73.24637,10.480503],[-73.246443,10.480452],[-73.246434,10.480449]]]}},{"type":"Feature","properties":{"altura_m":3.0,"origen_altura":"osm_altura"},"geometry":{"type":"Polygon","coordinates":[[[-73.246362,10.480488],[-73.246296,10.480539],[-73.246239,10.480439],[-73.246307,10.480394],[-73.246362,10.480488]]]}},{"type":"Feature","properties":{"altura_m":3.0,"origen_altura":"osm_altura"},"geometry":{"type":"Polygon","coordinates":[[[-73.246248,10.480601],[-73.246202,10.480508],[-73.246042,10.480594],[-73.246119,10.480712],[-73.246248,10.480601]]]}},{"type":"Feature","properties":{"altura_m":3.0,"origen_altura":"osm_altura"},"geometry":{"type":"Polygon","coordinates":[[[-73.246042,10.480594],[-73.246202,10.480508],[-73.246164,10.480463],[-73.246141,10.480466],[-73.246127,10.480401],[-73.245977,10.480491],[-73.246042,10.480594]]]}},{"type":"Feature","properties":{"altura_m":3.0,"origen_altura":"osm_altura"},"geometry":{"type":"Polygon","coordinates":[[[-73.246296,10.480539],[-73.24624,10.480584],[-73.246196,10.480501],[-73.246171,10.480471],[-73.246141,10.480466],[-73.246125,10.480372],[-73.246168,10.480338],[-73.246223,10.48031],[-73.246254,10.480343],[-73.246273,10.480339],[-73.246296,10.480374],[-73.246231,10.480427],[-73.246296,10.480539]]]}},{"type":"Feature","properties":{"altura_m":3.0,"origen_altura":"osm_altura"},"geometry":{"type":"Polygon","coordinates":[[[-73.24611,10.48041],[-73.246064,10.480317],[-73.245917,10.480396],[-73.245974,10.480485],[-73.24611,10.48041]]]}},{"type":"Feature","properties":{"altura_m":3.0,"origen_altura":"osm_altura"},"geometry":{"type":"Polygon","coordinates":[[[-73.245986,10.480359],[-73.245936,10.480285],[-73.245989,10.480253],[-73.245962,10.480185],[-73.24583,10.48025],[-73.245917,10.480396],[-73.245986,10.480359]]]}},{"type":"Feature","properties":{"altura_m":3.0,"origen_altura":"osm_altura"},"geometry":{"type":"Polygon","coordinates":[[[-73.245948,10.480192],[-73.245895,10.480102],[-73.245783,10.480166],[-73.24583,10.48025],[-73.245948,10.480192]]]}},{"type":"Feature","properties":{"altura_m":3.0,"origen_altura":"osm_altura"},"geometry":{"type":"Polygon","coordinates":[[[-73.246016,10.480135],[-73.245938,10.480175],[-73.245855,10.480033],[-73.245947,10.480007],[-73.246016,10.480135]]]}},{"type":"Feature","properties":{"altura_m":3.0,"origen_altura":"osm_altura"},"geometry":{"type":"Polygon","coordinates":[[[-73.245895,10.480101],[-73.24579,10.480162],[-73.245757,10.480091],[-73.245859,10.48004],[-73.245895,10.480101]]]}},{"type":"Feature","properties":{"altura_m":3.0,"origen_altura":"osm_altura"},"geometry":{"type":"Polygon","coordinates":[[[-73.246091,10.480801],[-73.246005,10.480862],[-73.245957,10.480785],[-73.245995,10.480751],[-73.245965,10.480705],[-73.246012,10.480676],[-73.246091,10.480801]]]}},{"type":"Feature","properties":{"altura_m":6.0,"origen_altura":"osm_altura"},"geometry":{"type":"Polygon","coordinates":[[[-73.245998,10.480864],[-73.245954,10.480899],[-73.245906,10.480822],[-73.245862,10.480772],[-73.245953,10.480706],[-73.245982,10.480751],[-73.245942,10.480788],[-73.245998,10.480864]]]}},{"type":"Feature","properties":{"altura_m":6.0,"origen_altura":"osm_altura"},"geometry":{"type":"Polygon","coordinates":[[[-73.245935,10.480905],[-73.245861,10.480957],[-73.245767,10.480822],[-73.24585,10.480784],[-73.245935,10.480905]]]}},{"type":"Feature","properties":{"altura_m":3.0,"origen_altura":"osm_altura"},"geometry":{"type":"Polygon","coordinates":[[[-73.245843,10.480961],[-73.245786,10.481003],[-73.245617,10.480783],[-73.245696,10.480744],[-73.245843,10.480961]]]}},{"type":"Feature","properties":{"altura_m":6.0,"origen_altura":"osm_altura"},"geometry":{"type":"Polygon","coordinates":[[[-73.245715,10.48107],[-73.245641,10.481131],[-73.245502,10.48094],[-73.245587,10.480886],[-73.245715,10.48107]]]}},{"type":"Feature","properties":{"altura_m":6.0,"origen_altura":"osm_altura"},"geometry":{"type":"Polygon","coordinates":[[[-73.245627,10.481142],[-73.245569,10.481181],[-73.245455,10.481033],[-73.245523,10.480982],[-73.245627,10.481142]]]}},{"type":"Feature","properties":{"altura_m":3.0,"origen_altura":"osm_altura"},"geometry":{"type":"Polygon","coordinates":[[[-73.245533,10.481191],[-73.245464,10.481246],[-73.245391,10.481135],[-73.245457,10.481091],[-73.245533,10.481191]]]}},{"type":"Feature","properties":{"altura_m":6.0,"origen_altura":"osm_altura"},"geometry":{"type":"Polygon","coordinates":[[[-73.245414,10.481191],[-73.245391,10.48122],[-73.245222,10.481031],[-73.245285,10.480988],[-73.245414,10.481191]]]}},{"type":"Feature","properties":{"altura_m":6.0,"origen_altura":"osm_altura"},"geometry":{"type":"Polygon","coordinates":[[[-73.245397,10.48132],[-73.245332,10.481369],[-73.24517,10.48115],[-73.245257,10.481091],[-73.245397,10.48132]]]}},{"type":"Feature","properties":{"altura_m":3.0,"origen_altura":"osm_altura"},"geometry":{"type":"Polygon","coordinates":[[[-73.245321,10.481371],[-73.245239,10.481431],[-73.245108,10.481242],[-73.245193,10.481197],[-73.245321,10.481371]]]}},{"type":"Feature","properties":{"altura_m":3.0,"origen_altura":"osm_altura"},"geometry":{"type":"Polygon","coordinates":[[[-73.245231,10.481437],[-73.245161,10.481487],[-73.245051,10.481349],[-73.245129,10.481286],[-73.245231,10.481437]]]}},{"type":"Feature","properties":{"altura_m":6.0,"origen_altura":"osm_altura"},"geometry":{"type":"Polygon","coordinates":[[[-73.245037,10.481563],[-73.244988,10.481498],[-73.245088,10.481413],[-73.245145,10.481486],[-73.245037,10.481563]]]}},{"type":"Feature","properties":{"altura_m":3.0,"origen_altura":"osm_altura"},"geometry":{"type":"Polygon","coordinates":[[[-73.244937,10.481412],[-73.244903,10.481355],[-73.245047,10.481249],[-73.245088,10.481306],[-73.244937,10.481412]]]}},{"type":"Feature","properties":{"altura_m":3.0,"origen_altura":"osm_altura"},"geometry":{"type":"Polygon","coordinates":[[[-73.244893,10.48135],[-73.244853,10.481286],[-73.244978,10.481222],[-73.245006,10.481258],[-73.244893,10.48135]]]}},{"type":"Feature","properties":{"altura_m":3.0,"origen_altura":"osm_altura"},"geometry":{"type":"Polygon","coordinates":[[[-73.244851,10.481274],[-73.244806,10.481196],[-73.245177,10.481014],[-73.245221,10.4811],[-73.244851,10.481274]]]}},{"type":"Feature","properties":{"altura_m":3.0,"origen_altura":"osm_altura"},"geometry":{"type":"Polygon","coordinates":[[[-73.245163,10.481003],[-73.245111,10.480905],[-73.244737,10.481086],[-73.244798,10.481187],[-73.245163,10.481003]]]}},{"type":"Feature","properties":{"altura_m":3.0,"origen_altura":"osm_altura"},"geometry":{"type":"Polygon","coordinates":[[[-73.244733,10.48107],[-73.244709,10.481017],[-73.245035,10.48083],[-73.245069,10.480908],[-73.244733,10.48107]]]}},{"type":"Feature","properties":{"altura_m":3.0,"origen_altura":"osm_altura"},"geometry":{"type":"Polygon","coordinates":[[[-73.244701,10.481009],[-73.244658,10.480932],[-73.244804,10.480852],[-73.24483,10.480917],[-73.244732,10.48095],[-73.244751,10.48098],[-73.244701,10.481009]]]}},{"type":"Feature","properties":{"altura_m":3.0,"origen_altura":"osm_altura"},"geometry":{"type":"Polygon","coordinates":[[[-73.244653,10.48092],[-73.244606,10.480843],[-73.244736,10.480784],[-73.244773,10.480849],[-73.244653,10.48092]]]}},{"type":"Feature","properties":{"altura_m":3.0,"origen_altura":"osm_altura"},"geometry":{"type":"Polygon","coordinates":[[[-73.244647,10.480782],[-73.244574,10.480814],[-73.244516,10.480693],[-73.244572,10.480659],[-73.244647,10.480782]]]}},{"type":"Feature","properties":{"altura_m":3.0,"origen_altura":"osm_altura"},"geometry":{"type":"Polygon","coordinates":[[[-73.244647,10.480756],[-73.244572,10.480659],[-73.244639,10.480624],[-73.244711,10.480728],[-73.244647,10.480756]]]}},{"type":"Feature","properties":{"altura_m":3.0,"origen_altura":"osm_altura"},"geometry":{"type":"Polygon","coordinates":[[[-73.244807,10.480667],[-73.244713,10.480715],[-73.244647,10.48062],[-73.244754,10.480564],[-73.244807,10.480667]]]}},{"type":"Feature","properties":{"altura_m":3.0,"origen_altura":"osm_altura"},"geometry":{"type":"Polygon","coordinates":[[[-73.244754,10.480564],[-73.244889,10.480811],[-73.24502,10.480736],[-73.244882,10.480497],[-73.244754,10.480564]]]}},{"type":"Feature","properties":{"altura_m":3.0,"origen_altura":"osm_altura"},"geometry":{"type":"Polygon","coordinates":[[[-73.244882,10.480497],[-73.244996,10.480439],[-73.245183,10.480797],[-73.245088,10.480848],[-73.244882,10.480497]]]}},{"type":"Feature","properties":{"altura_m":3.0,"origen_altura":"osm_altura"},"geometry":{"type":"Polygon","coordinates":[[[-73.244996,10.480439],[-73.245183,10.480797],[-73.245276,10.480755],[-73.245132,10.480534],[-73.245198,10.480502],[-73.245128,10.480373],[-73.244996,10.480439]]]}},{"type":"Feature","properties":{"altura_m":3.0,"origen_altura":"osm_altura"},"geometry":{"type":"Polygon","coordinates":[[[-73.245266,10.480304],[-73.245428,10.480617],[-73.245473,10.48059],[-73.245402,10.480438],[-73.245465,10.4804],[-73.245385,10.480244],[-73.245266,10.480304]]]}},{"type":"Feature","properties":{"altura_m":9.0,"origen_altura":"osm_altura"},"geometry":{"type":"Polygon","coordinates":[[[-73.245385,10.480244],[-73.24547,10.480201],[-73.245547,10.480343],[-73.245453,10.480377],[-73.245385,10.480244]]]}},{"type":"Feature","properties":{"altura_m":3.0,"origen_altura":"osm_altura"},"geometry":{"type":"Polygon","coordinates":[[[-73.245483,10.480195],[-73.24567,10.480101],[-73.245761,10.48025],[-73.245547,10.480343],[-73.245483,10.480195]]]}},{"type":"Feature","properties":{"altura_m":3.0,"origen_altura":"osm_altura"},"geometry":{"type":"Polygon","coordinates":[[[-73.245828,10.480353],[-73.245769,10.480261],[-73.245604,10.480334],[-73.24567,10.480453],[-73.245828,10.480353]]]}},{"type":"Feature","properties":{"altura_m":3.0,"origen_altura":"osm_altura"},"geometry":{"type":"Polygon","coordinates":[[[-73.245828,10.480353],[-73.245605,10.480498],[-73.245626,10.480542],[-73.245439,10.480653],[-73.245485,10.4807],[-73.245877,10.480418],[-73.245828,10.480353]]]}},{"type":"Feature","properties":{"altura_m":3.0,"origen_altura":"osm_altura"},"geometry":{"type":"Polygon","coordinates":[[[-73.24574,10.480617],[-73.245922,10.480493],[-73.245877,10.480418],[-73.24569,10.480552],[-73.24574,10.480617]]]}},{"type":"Feature","properties":{"altura_m":3.0,"origen_altura":"osm_altura"},"geometry":{"type":"Polygon","coordinates":[[[-73.245922,10.480493],[-73.245548,10.480747],[-73.245596,10.480795],[-73.245969,10.480571],[-73.245922,10.480493]]]}},{"type":"Feature","properties":{"altura_m":3.0,"origen_altura":"osm_altura"},"geometry":{"type":"Polygon","coordinates":[[[-73.246022,10.480659],[-73.24576,10.480817],[-73.245708,10.48074],[-73.245973,10.480578],[-73.246022,10.480659]]]}},{"type":"Feature","properties":{"altura_m":3.5,"origen_altura":"provisional"},"geometry":{"type":"Polygon","coordinates":[[[-73.244988,10.481498],[-73.244937,10.481412],[-73.24504,10.481339],[-73.245088,10.481413],[-73.244988,10.481498]]]}},{"type":"Feature","properties":{"altura_m":3.0,"origen_altura":"osm_altura"},"geometry":{"type":"Polygon","coordinates":[[[-73.239063,10.475809],[-73.23896,10.475875],[-73.238918,10.475812],[-73.239024,10.475745],[-73.239063,10.475809]]]}},{"type":"Feature","properties":{"altura_m":3.0,"origen_altura":"osm_altura"},"geometry":{"type":"Polygon","coordinates":[[[-73.239024,10.475745],[-73.238918,10.475812],[-73.238891,10.475765],[-73.238925,10.47575],[-73.238918,10.475739],[-73.238968,10.475711],[-73.238979,10.475733],[-73.239008,10.475715],[-73.239024,10.475745]]]}},{"type":"Feature","properties":{"altura_m":3.0,"origen_altura":"osm_altura"},"geometry":{"type":"Polygon","coordinates":[[[-73.239,10.475696],[-73.238873,10.475763],[-73.238843,10.475703],[-73.23897,10.475635],[-73.239,10.475696]]]}},{"type":"Feature","properties":{"altura_m":3.0,"origen_altura":"osm_altura"},"geometry":{"type":"Polygon","coordinates":[[[-73.23897,10.475635],[-73.238843,10.475704],[-73.238815,10.475648],[-73.238941,10.475578],[-73.23897,10.475635]]]}},{"type":"Feature","properties":{"altura_m":3.0,"origen_altura":"osm_altura"},"geometry":{"type":"Polygon","coordinates":[[[-73.238941,10.475578],[-73.238815,10.475648],[-73.238797,10.475611],[-73.238925,10.47555],[-73.238941,10.475578]]]}},{"type":"Feature","properties":{"altura_m":3.0,"origen_altura":"osm_altura"},"geometry":{"type":"Polygon","coordinates":[[[-73.23882,10.4756],[-73.238803,10.475567],[-73.238899,10.475524],[-73.238915,10.475554],[-73.23882,10.4756]]]}},{"type":"Feature","properties":{"altura_m":3.0,"origen_altura":"osm_altura"},"geometry":{"type":"Polygon","coordinates":[[[-73.238803,10.475567],[-73.238768,10.475515],[-73.238875,10.475465],[-73.238909,10.475519],[-73.238803,10.475567]]]}},{"type":"Feature","properties":{"altura_m":3.0,"origen_altura":"osm_altura"},"geometry":{"type":"Polygon","coordinates":[[[-73.238875,10.475465],[-73.238777,10.47551],[-73.238753,10.475439],[-73.238848,10.475404],[-73.238875,10.475465]]]}},{"type":"Feature","properties":{"altura_m":3.0,"origen_altura":"osm_altura"},"geometry":{"type":"Polygon","coordinates":[[[-73.238848,10.475404],[-73.23874,10.475443],[-73.238724,10.475404],[-73.238827,10.475356],[-73.238848,10.475404]]]}},{"type":"Feature","properties":{"altura_m":3.0,"origen_altura":"osm_altura"},"geometry":{"type":"Polygon","coordinates":[[[-73.238827,10.475356],[-73.238694,10.475414],[-73.238673,10.475374],[-73.238809,10.475317],[-73.238827,10.475356]]]}},{"type":"Feature","properties":{"altura_m":3.0,"origen_altura":"osm_altura"},"geometry":{"type":"Polygon","coordinates":[[[-73.238681,10.475371],[-73.238659,10.475336],[-73.238788,10.475272],[-73.238809,10.475317],[-73.238681,10.475371]]]}},{"type":"Feature","properties":{"altura_m":3.0,"origen_altura":"osm_altura"},"geometry":{"type":"Polygon","coordinates":[[[-73.238788,10.475272],[-73.238659,10.475336],[-73.238648,10.475303],[-73.238632,10.475312],[-73.238618,10.475284],[-73.238755,10.475207],[-73.238788,10.475272]]]}},{"type":"Feature","properties":{"altura_m":3.0,"origen_altura":"osm_altura"},"geometry":{"type":"Polygon","coordinates":[[[-73.238755,10.475207],[-73.238629,10.475278],[-73.238567,10.475173],[-73.2387,10.475107],[-73.238755,10.475207]]]}},{"type":"Feature","properties":{"altura_m":3.0,"origen_altura":"osm_altura"},"geometry":{"type":"Polygon","coordinates":[[[-73.2387,10.475107],[-73.238576,10.475169],[-73.238546,10.475115],[-73.238666,10.475049],[-73.2387,10.475107]]]}},{"type":"Feature","properties":{"altura_m":3.0,"origen_altura":"osm_altura"},"geometry":{"type":"Polygon","coordinates":[[[-73.238906,10.475913],[-73.238831,10.475961],[-73.238797,10.475903],[-73.238832,10.475882],[-73.238823,10.475872],[-73.238874,10.475846],[-73.238906,10.475913]]]}},{"type":"Feature","properties":{"altura_m":3.0,"origen_altura":"osm_altura"},"geometry":{"type":"Polygon","coordinates":[[[-73.238832,10.475882],[-73.238796,10.475825],[-73.238759,10.475851],[-73.238797,10.475903],[-73.238832,10.475882]]]}},{"type":"Feature","properties":{"altura_m":3.0,"origen_altura":"osm_altura"},"geometry":{"type":"Polygon","coordinates":[[[-73.238806,10.475735],[-73.238822,10.475757],[-73.238775,10.475789],[-73.238796,10.475825],[-73.238759,10.475851],[-73.238716,10.475786],[-73.238806,10.475735]]]}},{"type":"Feature","properties":{"altura_m":3.0,"origen_altura":"osm_altura"},"geometry":{"type":"Polygon","coordinates":[[[-73.238806,10.475735],[-73.238786,10.475703],[-73.23875,10.475728],[-73.238739,10.475708],[-73.238688,10.475737],[-73.238716,10.475786],[-73.238806,10.475735]]]}},{"type":"Feature","properties":{"altura_m":3.0,"origen_altura":"osm_altura"},"geometry":{"type":"Polygon","coordinates":[[[-73.238794,10.475623],[-73.238674,10.475704],[-73.238688,10.475737],[-73.238816,10.475662],[-73.238794,10.475623]]]}},{"type":"Feature","properties":{"altura_m":3.0,"origen_altura":"osm_altura"},"geometry":{"type":"Polygon","coordinates":[[[-73.2387,10.475653],[-73.238715,10.475676],[-73.238674,10.475704],[-73.238658,10.475678],[-73.2387,10.475653]]]}},{"type":"Feature","properties":{"altura_m":3.0,"origen_altura":"osm_altura"},"geometry":{"type":"Polygon","coordinates":[[[-73.2387,10.475653],[-73.238695,10.475642],[-73.238741,10.475614],[-73.238716,10.475575],[-73.238666,10.4756],[-73.238611,10.47564],[-73.238645,10.475686],[-73.2387,10.475653]]]}},{"type":"Feature","properties":{"altura_m":3.0,"origen_altura":"osm_altura"},"geometry":{"type":"Polygon","coordinates":[[[-73.238678,10.475594],[-73.238667,10.47557],[-73.238688,10.47556],[-73.238675,10.475537],[-73.23858,10.475578],[-73.238615,10.475637],[-73.238678,10.475594]]]}},{"type":"Feature","properties":{"altura_m":3.0,"origen_altura":"osm_altura"},"geometry":{"type":"Polygon","coordinates":[[[-73.238644,10.475542],[-73.238611,10.475479],[-73.23855,10.475519],[-73.23858,10.475578],[-73.238644,10.475542]]]}},{"type":"Feature","properties":{"altura_m":3.0,"origen_altura":"osm_altura"},"geometry":{"type":"Polygon","coordinates":[[[-73.238678,10.475452],[-73.23866,10.475419],[-73.238533,10.475496],[-73.23855,10.475519],[-73.238611,10.475479],[-73.238678,10.475452]]]}},{"type":"Feature","properties":{"altura_m":3.0,"origen_altura":"osm_altura"},"geometry":{"type":"Polygon","coordinates":[[[-73.238556,10.475481],[-73.238504,10.475396],[-73.238594,10.475352],[-73.238637,10.475432],[-73.238556,10.475481]]]}},{"type":"Feature","properties":{"altura_m":3.0,"origen_altura":"osm_altura"},"geometry":{"type":"Polygon","coordinates":[[[-73.238504,10.475396],[-73.238482,10.475361],[-73.238573,10.475315],[-73.238594,10.475352],[-73.238504,10.475396]]]}},{"type":"Feature","properties":{"altura_m":3.0,"origen_altura":"osm_altura"},"geometry":{"type":"Polygon","coordinates":[[[-73.238482,10.475361],[-73.238467,10.475328],[-73.238562,10.475291],[-73.238575,10.475319],[-73.238482,10.475361]]]}},{"type":"Feature","properties":{"altura_m":3.0,"origen_altura":"osm_altura"},"geometry":{"type":"Polygon","coordinates":[[[-73.238467,10.475328],[-73.238452,10.475293],[-73.238483,10.475281],[-73.238499,10.475315],[-73.238467,10.475328]]]}},{"type":"Feature","properties":{"altura_m":3.0,"origen_altura":"osm_altura"},"geometry":{"type":"Polygon","coordinates":[[[-73.238518,10.475142],[-73.238533,10.47517],[-73.238512,10.475186],[-73.238537,10.47523],[-73.238483,10.475252],[-73.238436,10.47518],[-73.238518,10.475142]]]}},{"type":"Feature","properties":{"altura_m":3.0,"origen_altura":"osm_altura"},"geometry":{"type":"Polygon","coordinates":[[[-73.238405,10.475345],[-73.23829,10.475408],[-73.238236,10.475322],[-73.238349,10.475252],[-73.238405,10.475345]]]}},{"type":"Feature","properties":{"altura_m":3.0,"origen_altura":"osm_altura"},"geometry":{"type":"Polygon","coordinates":[[[-73.238356,10.475433],[-73.238328,10.475387],[-73.238405,10.475345],[-73.238434,10.475393],[-73.238398,10.47542],[-73.238356,10.475433]]]}},{"type":"Feature","properties":{"altura_m":3.0,"origen_altura":"osm_altura"},"geometry":{"type":"Polygon","coordinates":[[[-73.238317,10.475453],[-73.238345,10.475507],[-73.238467,10.475442],[-73.238434,10.475393],[-73.238398,10.47542],[-73.238317,10.475453]]]}},{"type":"Feature","properties":{"altura_m":3.0,"origen_altura":"osm_altura"},"geometry":{"type":"Polygon","coordinates":[[[-73.238468,10.475445],[-73.238345,10.475507],[-73.238381,10.475579],[-73.238504,10.475506],[-73.238468,10.475445]]]}},{"type":"Feature","properties":{"altura_m":3.0,"origen_altura":"osm_altura"},"geometry":{"type":"Polygon","coordinates":[[[-73.238422,10.4756],[-73.238401,10.475567],[-73.238504,10.475506],[-73.238522,10.475537],[-73.238422,10.4756]]]}},{"type":"Feature","properties":{"altura_m":3.0,"origen_altura":"osm_altura"},"geometry":{"type":"Polygon","coordinates":[[[-73.238558,10.475588],[-73.238471,10.475642],[-73.238442,10.475587],[-73.238522,10.475537],[-73.238558,10.475588]]]}},{"type":"Feature","properties":{"altura_m":3.0,"origen_altura":"osm_altura"},"geometry":{"type":"Polygon","coordinates":[[[-73.238432,10.475663],[-73.238474,10.47574],[-73.238606,10.475671],[-73.238558,10.475588],[-73.238432,10.475663]]]}},{"type":"Feature","properties":{"altura_m":3.0,"origen_altura":"osm_altura"},"geometry":{"type":"Polygon","coordinates":[[[-73.238656,10.475783],[-73.238537,10.475839],[-73.238552,10.475882],[-73.23868,10.475821],[-73.238656,10.475783]]]}},{"type":"Feature","properties":{"altura_m":3.0,"origen_altura":"osm_altura"},"geometry":{"type":"Polygon","coordinates":[[[-73.238586,10.475893],[-73.238576,10.47587],[-73.23868,10.475821],[-73.238694,10.475844],[-73.238586,10.475893]]]}},{"type":"Feature","properties":{"altura_m":3.0,"origen_altura":"osm_altura"},"geometry":{"type":"Polygon","coordinates":[[[-73.238726,10.475901],[-73.238635,10.475942],[-73.238619,10.475916],[-73.23858,10.475931],[-73.238565,10.475906],[-73.238694,10.475844],[-73.238726,10.475901]]]}},{"type":"Feature","properties":{"altura_m":3.0,"origen_altura":"osm_altura"},"geometry":{"type":"Polygon","coordinates":[[[-73.238791,10.476002],[-73.238739,10.476032],[-73.238692,10.47597],[-73.238746,10.475939],[-73.238791,10.476002]]]}},{"type":"Feature","properties":{"altura_m":3.0,"origen_altura":"osm_altura"},"geometry":{"type":"Polygon","coordinates":[[[-73.238652,10.475966],[-73.238701,10.476045],[-73.238664,10.476067],[-73.238614,10.475985],[-73.238652,10.475966]]]}},{"type":"Feature","properties":{"altura_m":3.0,"origen_altura":"osm_altura"},"geometry":{"type":"Polygon","coordinates":[[[-73.238659,10.47606],[-73.238631,10.476077],[-73.238588,10.476003],[-73.238614,10.475985],[-73.238659,10.47606]]]}},{"type":"Feature","properties":{"altura_m":3.0,"origen_altura":"osm_altura"},"geometry":{"type":"Polygon","coordinates":[[[-73.238592,10.47601],[-73.238498,10.476067],[-73.238545,10.476134],[-73.238635,10.476084],[-73.238592,10.47601]]]}},{"type":"Feature","properties":{"altura_m":3.0,"origen_altura":"osm_altura"},"geometry":{"type":"Polygon","coordinates":[[[-73.238558,10.47603],[-73.238498,10.476067],[-73.238462,10.476008],[-73.238533,10.47596],[-73.238546,10.475988],[-73.238535,10.475995],[-73.238558,10.47603]]]}},{"type":"Feature","properties":{"altura_m":3.0,"origen_altura":"osm_altura"},"geometry":{"type":"Polygon","coordinates":[[[-73.238533,10.47596],[-73.238516,10.475927],[-73.238475,10.475939],[-73.238435,10.475981],[-73.238453,10.476009],[-73.238462,10.476008],[-73.238533,10.47596]]]}},{"type":"Feature","properties":{"altura_m":3.0,"origen_altura":"osm_altura"},"geometry":{"type":"Polygon","coordinates":[[[-73.238148,10.475381],[-73.238196,10.475458],[-73.23816,10.47548],[-73.238111,10.475404],[-73.238148,10.475381]]]}},{"type":"Feature","properties":{"altura_m":3.0,"origen_altura":"osm_altura"},"geometry":{"type":"Polygon","coordinates":[[[-73.238192,10.475451],[-73.238214,10.475433],[-73.238177,10.475364],[-73.238148,10.475381],[-73.238192,10.475451]]]}},{"type":"Feature","properties":{"altura_m":3.0,"origen_altura":"osm_altura"},"geometry":{"type":"Polygon","coordinates":[[[-73.238266,10.475371],[-73.238201,10.475408],[-73.238177,10.475364],[-73.23824,10.47532],[-73.238266,10.475371]]]}},{"type":"Feature","properties":{"altura_m":3.0,"origen_altura":"osm_altura"},"geometry":{"type":"Polygon","coordinates":[[[-73.238262,10.475507],[-73.238195,10.475539],[-73.238247,10.47564],[-73.238314,10.475609],[-73.238262,10.475507]]]}},{"type":"Feature","properties":{"altura_m":3.0,"origen_altura":"osm_altura"},"geometry":{"type":"Polygon","coordinates":[[[-73.238337,10.475665],[-73.238314,10.475609],[-73.238247,10.47564],[-73.238285,10.475696],[-73.238337,10.475665]]]}},{"type":"Feature","properties":{"altura_m":3.0,"origen_altura":"osm_altura"},"geometry":{"type":"Polygon","coordinates":[[[-73.238337,10.475665],[-73.238363,10.475709],[-73.238306,10.475745],[-73.238275,10.4757],[-73.238337,10.475665]]]}},{"type":"Feature","properties":{"altura_m":3.0,"origen_altura":"osm_altura"},"geometry":{"type":"Polygon","coordinates":[[[-73.238441,10.475711],[-73.238326,10.475783],[-73.238306,10.475745],[-73.238421,10.47567],[-73.238441,10.475711]]]}},{"type":"Feature","properties":{"altura_m":3.0,"origen_altura":"osm_altura"},"geometry":{"type":"Polygon","coordinates":[[[-73.238435,10.475714],[-73.238455,10.475746],[-73.23834,10.475807],[-73.238326,10.475783],[-73.238435,10.475714]]]}},{"type":"Feature","properties":{"altura_m":3.0,"origen_altura":"osm_altura"},"geometry":{"type":"Polygon","coordinates":[[[-73.23847,10.475891],[-73.238406,10.475772],[-73.23834,10.475807],[-73.238412,10.475925],[-73.23847,10.475891]]]}},{"type":"Feature","properties":{"altura_m":3.0,"origen_altura":"osm_altura"},"geometry":{"type":"Polygon","coordinates":[[[-73.238281,10.476228],[-73.238228,10.476264],[-73.238272,10.476333],[-73.238326,10.476299],[-73.238281,10.476228]]]}},{"type":"Feature","properties":{"altura_m":3.0,"origen_altura":"osm_altura"},"geometry":{"type":"Polygon","coordinates":[[[-73.238345,10.476178],[-73.238279,10.476219],[-73.238336,10.476312],[-73.238397,10.476276],[-73.238345,10.476178]]]}},{"type":"Feature","properties":{"altura_m":3.0,"origen_altura":"osm_altura"},"geometry":{"type":"Polygon","coordinates":[[[-73.238354,10.476194],[-73.238373,10.476181],[-73.238417,10.476253],[-73.238393,10.476268],[-73.238354,10.476194]]]}},{"type":"Feature","properties":{"altura_m":3.0,"origen_altura":"osm_altura"},"geometry":{"type":"Polygon","coordinates":[[[-73.238408,10.476238],[-73.238436,10.476218],[-73.238393,10.476148],[-73.238362,10.476164],[-73.238408,10.476238]]]}},{"type":"Feature","properties":{"altura_m":3.0,"origen_altura":"osm_altura"},"geometry":{"type":"Polygon","coordinates":[[[-73.238453,10.476085],[-73.23838,10.476127],[-73.238354,10.476078],[-73.238378,10.476068],[-73.238351,10.476029],[-73.238406,10.476003],[-73.238453,10.476085]]]}},{"type":"Feature","properties":{"altura_m":3.0,"origen_altura":"osm_altura"},"geometry":{"type":"Polygon","coordinates":[[[-73.238341,10.476017],[-73.238317,10.475983],[-73.238371,10.47595],[-73.238393,10.475989],[-73.238341,10.476017]]]}},{"type":"Feature","properties":{"altura_m":3.0,"origen_altura":"osm_altura"},"geometry":{"type":"Polygon","coordinates":[[[-73.23833,10.475894],[-73.238241,10.475943],[-73.238209,10.475892],[-73.238253,10.475858],[-73.238301,10.475835],[-73.23833,10.475894]]]}},{"type":"Feature","properties":{"altura_m":3.5,"origen_altura":"provisional"},"geometry":{"type":"Polygon","coordinates":[[[-73.23822,10.475884],[-73.238208,10.475867],[-73.238196,10.475876],[-73.238183,10.475847],[-73.238277,10.475796],[-73.238301,10.475835],[-73.238253,10.475858],[-73.23822,10.475884]]]}},{"type":"Feature","properties":{"altura_m":3.0,"origen_altura":"osm_altura"},"geometry":{"type":"Polygon","coordinates":[[[-73.238183,10.475847],[-73.238173,10.475828],[-73.238263,10.475775],[-73.238277,10.475796],[-73.238183,10.475847]]]}},{"type":"Feature","properties":{"altura_m":3.0,"origen_altura":"osm_altura"},"geometry":{"type":"Polygon","coordinates":[[[-73.238173,10.475828],[-73.238146,10.475776],[-73.238193,10.475746],[-73.23815,10.47568],[-73.238207,10.475654],[-73.23827,10.475765],[-73.238173,10.475828]]]}},{"type":"Feature","properties":{"altura_m":3.0,"origen_altura":"osm_altura"},"geometry":{"type":"Polygon","coordinates":[[[-73.238141,10.475658],[-73.238126,10.475633],[-73.238164,10.47561],[-73.23818,10.475636],[-73.238141,10.475658]]]}},{"type":"Feature","properties":{"altura_m":3.0,"origen_altura":"osm_altura"},"geometry":{"type":"Polygon","coordinates":[[[-73.238135,10.475556],[-73.238079,10.47559],[-73.23805,10.475543],[-73.238108,10.475505],[-73.238135,10.475556]]]}},{"type":"Feature","properties":{"altura_m":3.0,"origen_altura":"osm_altura"},"geometry":{"type":"Polygon","coordinates":[[[-73.238073,10.475529],[-73.238053,10.475493],[-73.238088,10.475474],[-73.238108,10.475505],[-73.238073,10.475529]]]}},{"type":"Feature","properties":{"altura_m":3.0,"origen_altura":"osm_altura"},"geometry":{"type":"Polygon","coordinates":[[[-73.238012,10.475632],[-73.237957,10.475658],[-73.237988,10.475716],[-73.23804,10.475687],[-73.238012,10.475632]]]}},{"type":"Feature","properties":{"altura_m":3.0,"origen_altura":"osm_altura"},"geometry":{"type":"Polygon","coordinates":[[[-73.237933,10.47575],[-73.237997,10.475712],[-73.238031,10.475767],[-73.237968,10.475805],[-73.237933,10.47575]]]}},{"type":"Feature","properties":{"altura_m":3.0,"origen_altura":"osm_altura"},"geometry":{"type":"Polygon","coordinates":[[[-73.237973,10.475802],[-73.237985,10.475823],[-73.237968,10.475831],[-73.23799,10.475877],[-73.238057,10.475833],[-73.238036,10.475798],[-73.238058,10.475785],[-73.238042,10.47576],[-73.237973,10.475802]]]}},{"type":"Feature","properties":{"altura_m":3.0,"origen_altura":"osm_altura"},"geometry":{"type":"Polygon","coordinates":[[[-73.238016,10.475862],[-73.238029,10.475882],[-73.238007,10.475898],[-73.238027,10.475927],[-73.238119,10.475873],[-73.238098,10.475839],[-73.238068,10.475855],[-73.238055,10.475835],[-73.238016,10.475862]]]}},{"type":"Feature","properties":{"altura_m":3.0,"origen_altura":"osm_altura"},"geometry":{"type":"Polygon","coordinates":[[[-73.238087,10.475892],[-73.238119,10.475929],[-73.23812,10.47594],[-73.238067,10.475984],[-73.238032,10.475924],[-73.238087,10.475892]]]}},{"type":"Feature","properties":{"altura_m":3.0,"origen_altura":"osm_altura"},"geometry":{"type":"Polygon","coordinates":[[[-73.23812,10.47594],[-73.238136,10.475963],[-73.23808,10.475998],[-73.238069,10.475981],[-73.23812,10.47594]]]}},{"type":"Feature","properties":{"altura_m":3.0,"origen_altura":"osm_altura"},"geometry":{"type":"Polygon","coordinates":[[[-73.238069,10.476005],[-73.238173,10.475945],[-73.238222,10.47602],[-73.238114,10.47608],[-73.238069,10.476005]]]}},{"type":"Feature","properties":{"altura_m":3.0,"origen_altura":"osm_altura"},"geometry":{"type":"Polygon","coordinates":[[[-73.238223,10.476126],[-73.238161,10.476161],[-73.238192,10.476215],[-73.238255,10.476171],[-73.238223,10.476126]]]}},{"type":"Feature","properties":{"altura_m":9.0,"origen_altura":"osm_altura"},"geometry":{"type":"Polygon","coordinates":[[[-73.248441,10.483523],[-73.24848,10.483497],[-73.248457,10.483463],[-73.248503,10.483432],[-73.248621,10.483601],[-73.248584,10.483626],[-73.248557,10.483587],[-73.248509,10.48362],[-73.248441,10.483523]]]}},{"type":"Feature","properties":{"altura_m":18.0,"origen_altura":"osm_altura"},"geometry":{"type":"Polygon","coordinates":[[[-73.248336,10.483418],[-73.248515,10.483663],[-73.248411,10.483736],[-73.248232,10.483492],[-73.248336,10.483418]]]}},{"type":"Feature","properties":{"altura_m":3.0,"origen_altura":"osm_altura"},"geometry":{"type":"Polygon","coordinates":[[[-73.248494,10.483398],[-73.248452,10.483337],[-73.248527,10.483283],[-73.248603,10.48339],[-73.248569,10.483416],[-73.248536,10.483369],[-73.248494,10.483398]]]}},{"type":"Feature","properties":{"altura_m":3.0,"origen_altura":"osm_altura"},"geometry":{"type":"Polygon","coordinates":[[[-73.248527,10.483283],[-73.248603,10.48339],[-73.248716,10.483309],[-73.248639,10.483199],[-73.248527,10.483283]]]}},{"type":"Feature","properties":{"altura_m":3.0,"origen_altura":"osm_altura"},"geometry":{"type":"Polygon","coordinates":[[[-73.248704,10.483237],[-73.248734,10.483277],[-73.248767,10.483254],[-73.248817,10.483322],[-73.248859,10.483291],[-73.24878,10.483183],[-73.248704,10.483237]]]}},{"type":"Feature","properties":{"altura_m":3.0,"origen_altura":"osm_altura"},"geometry":{"type":"Polygon","coordinates":[[[-73.248234,10.483893],[-73.248382,10.483793],[-73.24818,10.483503],[-73.248136,10.483533],[-73.248155,10.483561],[-73.248051,10.483631],[-73.248234,10.483893]]]}},{"type":"Feature","properties":{"altura_m":6.0,"origen_altura":"osm_altura"},"geometry":{"type":"Polygon","coordinates":[[[-73.245982,10.482875],[-73.246039,10.48296],[-73.246156,10.482883],[-73.24609,10.482787],[-73.246004,10.482843],[-73.246012,10.482855],[-73.245982,10.482875]]]}},{"type":"Feature","properties":{"altura_m":3.0,"origen_altura":"osm_altura"},"geometry":{"type":"Polygon","coordinates":[[[-73.246091,10.482791],[-73.246161,10.482884],[-73.246222,10.48284],[-73.246152,10.482747],[-73.246091,10.482791]]]}},{"type":"Feature","properties":{"altura_m":3.0,"origen_altura":"osm_altura"},"geometry":{"type":"Polygon","coordinates":[[[-73.246164,10.482735],[-73.246213,10.482802],[-73.246255,10.482773],[-73.246283,10.482811],[-73.246317,10.482787],[-73.246239,10.482681],[-73.246164,10.482735]]]}},{"type":"Feature","properties":{"altura_m":3.0,"origen_altura":"osm_altura"},"geometry":{"type":"Polygon","coordinates":[[[-73.246242,10.482675],[-73.246319,10.482782],[-73.246378,10.48274],[-73.246301,10.482634],[-73.246242,10.482675]]]}},{"type":"Feature","properties":{"altura_m":3.0,"origen_altura":"osm_altura"},"geometry":{"type":"Polygon","coordinates":[[[-73.246484,10.483069],[-73.246569,10.483015],[-73.246514,10.482931],[-73.246429,10.482985],[-73.246484,10.483069]]]}},{"type":"Feature","properties":{"altura_m":3.0,"origen_altura":"osm_altura"},"geometry":{"type":"Polygon","coordinates":[[[-73.246373,10.483142],[-73.246479,10.483068],[-73.246331,10.482861],[-73.246296,10.482886],[-73.246335,10.482941],[-73.246264,10.48299],[-73.246373,10.483142]]]}},{"type":"Feature","properties":{"altura_m":3.0,"origen_altura":"osm_altura"},"geometry":{"type":"Polygon","coordinates":[[[-73.246292,10.483162],[-73.246321,10.48314],[-73.246333,10.483156],[-73.246376,10.483125],[-73.246275,10.482993],[-73.246242,10.483017],[-73.246226,10.482996],[-73.246171,10.483036],[-73.246234,10.48312],[-73.246251,10.483107],[-73.246292,10.483162]]]}},{"type":"Feature","properties":{"altura_m":3.0,"origen_altura":"osm_altura"},"geometry":{"type":"Polygon","coordinates":[[[-73.246063,10.482952],[-73.246081,10.482976],[-73.246093,10.482968],[-73.246139,10.483027],[-73.246152,10.483017],[-73.246165,10.483034],[-73.246213,10.482999],[-73.246205,10.482989],[-73.246248,10.482957],[-73.246177,10.482866],[-73.246063,10.482952]]]}},{"type":"Feature","properties":{"altura_m":3.0,"origen_altura":"osm_altura"},"geometry":{"type":"Polygon","coordinates":[[[-73.246483,10.482492],[-73.246578,10.482633],[-73.246474,10.482701],[-73.246379,10.48256],[-73.246483,10.482492]]]}},{"type":"Feature","properties":{"altura_m":3.0,"origen_altura":"osm_altura"},"geometry":{"type":"Polygon","coordinates":[[[-73.246494,10.482502],[-73.246571,10.482611],[-73.246619,10.482578],[-73.246635,10.482601],[-73.246669,10.482578],[-73.246571,10.482438],[-73.24654,10.482459],[-73.246542,10.482469],[-73.246494,10.482502]]]}},{"type":"Feature","properties":{"altura_m":3.0,"origen_altura":"osm_altura"},"geometry":{"type":"Polygon","coordinates":[[[-73.246568,10.482437],[-73.246667,10.482573],[-73.246716,10.482539],[-73.246689,10.482502],[-73.246728,10.482475],[-73.246746,10.4825],[-73.246768,10.482484],[-73.246678,10.48236],[-73.246568,10.482437]]]}},{"type":"Feature","properties":{"altura_m":3.0,"origen_altura":"osm_altura"},"geometry":{"type":"Polygon","coordinates":[[[-73.246677,10.482349],[-73.246742,10.482445],[-73.24677,10.482427],[-73.246777,10.482438],[-73.246804,10.48242],[-73.246732,10.482313],[-73.246677,10.482349]]]}},{"type":"Feature","properties":{"altura_m":3.0,"origen_altura":"osm_altura"},"geometry":{"type":"Polygon","coordinates":[[[-73.246738,10.482309],[-73.246766,10.482345],[-73.24678,10.482334],[-73.246804,10.482366],[-73.246915,10.482283],[-73.246864,10.482216],[-73.246738,10.482309]]]}},{"type":"Feature","properties":{"altura_m":3.0,"origen_altura":"osm_altura"},"geometry":{"type":"Polygon","coordinates":[[[-73.246944,10.482284],[-73.247007,10.482387],[-73.246887,10.482458],[-73.246836,10.482374],[-73.24685,10.482366],[-73.246838,10.482346],[-73.246944,10.482284]]]}},{"type":"Feature","properties":{"altura_m":3.0,"origen_altura":"osm_altura"},"geometry":{"type":"Polygon","coordinates":[[[-73.24687,10.482478],[-73.246893,10.48251],[-73.246912,10.482497],[-73.246978,10.482592],[-73.247048,10.482545],[-73.24706,10.482562],[-73.247098,10.482537],[-73.246997,10.482392],[-73.24687,10.482478]]]}},{"type":"Feature","properties":{"altura_m":3.0,"origen_altura":"osm_altura"},"geometry":{"type":"Polygon","coordinates":[[[-73.247099,10.482542],[-73.247126,10.482579],[-73.247119,10.482584],[-73.247137,10.482609],[-73.247101,10.482634],[-73.247108,10.482643],[-73.24708,10.482663],[-73.247078,10.482657],[-73.246969,10.482713],[-73.246923,10.482635],[-73.247099,10.482542]]]}},{"type":"Feature","properties":{"altura_m":6.0,"origen_altura":"osm_altura"},"geometry":{"type":"Polygon","coordinates":[[[-73.246802,10.482789],[-73.246829,10.482772],[-73.246849,10.482801],[-73.246948,10.482734],[-73.246938,10.48272],[-73.246969,10.482713],[-73.246929,10.482646],[-73.246774,10.482748],[-73.246802,10.482789]]]}},{"type":"Feature","properties":{"altura_m":12.0,"origen_altura":"osm_altura"},"geometry":{"type":"Polygon","coordinates":[[[-73.246732,10.482902],[-73.246745,10.482893],[-73.24675,10.482901],[-73.2468,10.482868],[-73.246795,10.482861],[-73.24681,10.482857],[-73.246781,10.482814],[-73.246796,10.482805],[-73.246658,10.482601],[-73.246619,10.482627],[-73.246643,10.482663],[-73.246592,10.482696],[-73.246732,10.482902]]]}},{"type":"Feature","properties":{"altura_m":3.0,"origen_altura":"osm_altura"},"geometry":{"type":"Polygon","coordinates":[[[-73.246622,10.482915],[-73.246656,10.482892],[-73.246669,10.48291],[-73.246717,10.482877],[-73.246588,10.482696],[-73.246506,10.482752],[-73.246622,10.482915]]]}},{"type":"Feature","properties":{"altura_m":3.0,"origen_altura":"osm_altura"},"geometry":{"type":"Polygon","coordinates":[[[-73.24709,10.482166],[-73.247194,10.482098],[-73.247167,10.48205],[-73.247276,10.481986],[-73.247257,10.481954],[-73.24705,10.482089],[-73.24709,10.482166]]]}},{"type":"Feature","properties":{"altura_m":3.0,"origen_altura":"osm_altura"},"geometry":{"type":"Polygon","coordinates":[[[-73.247267,10.48198],[-73.247376,10.481894],[-73.247397,10.481921],[-73.24742,10.481903],[-73.247462,10.481954],[-73.247403,10.482],[-73.247418,10.482018],[-73.247345,10.482076],[-73.247267,10.48198]]]}},{"type":"Feature","properties":{"altura_m":3.0,"origen_altura":"osm_altura"},"geometry":{"type":"Polygon","coordinates":[[[-73.247682,10.481653],[-73.247728,10.481708],[-73.247548,10.481825],[-73.247506,10.481777],[-73.247682,10.481653]]]}},{"type":"Feature","properties":{"altura_m":3.0,"origen_altura":"osm_altura"},"geometry":{"type":"Polygon","coordinates":[[[-73.247728,10.481708],[-73.247784,10.481806],[-73.247581,10.481943],[-73.24752,10.481847],[-73.247728,10.481708]]]}},{"type":"Feature","properties":{"altura_m":3.0,"origen_altura":"osm_altura"},"geometry":{"type":"Polygon","coordinates":[[[-73.247788,10.481821],[-73.247801,10.481841],[-73.247816,10.481833],[-73.247842,10.481873],[-73.247724,10.481948],[-73.247684,10.481886],[-73.247788,10.481821]]]}},{"type":"Feature","properties":{"altura_m":3.0,"origen_altura":"osm_altura"},"geometry":{"type":"Polygon","coordinates":[[[-73.247834,10.48188],[-73.247682,10.481974],[-73.247739,10.482056],[-73.247886,10.48196],[-73.247834,10.48188]]]}},{"type":"Feature","properties":{"altura_m":6.0,"origen_altura":"osm_altura"},"geometry":{"type":"Polygon","coordinates":[[[-73.247732,10.48218],[-73.247806,10.482131],[-73.247812,10.482139],[-73.247846,10.482116],[-73.247836,10.482101],[-73.247954,10.482022],[-73.247927,10.481982],[-73.247914,10.481991],[-73.247892,10.48196],[-73.247679,10.482103],[-73.247732,10.48218]]]}},{"type":"Feature","properties":{"altura_m":3.0,"origen_altura":"osm_altura"},"geometry":{"type":"Polygon","coordinates":[[[-73.24775,10.482207],[-73.247708,10.482234],[-73.247723,10.482257],[-73.247689,10.48228],[-73.247569,10.482105],[-73.247646,10.482055],[-73.24775,10.482207]]]}},{"type":"Feature","properties":{"altura_m":3.0,"origen_altura":"osm_altura"},"geometry":{"type":"Polygon","coordinates":[[[-73.247618,10.482325],[-73.247687,10.482277],[-73.247548,10.482083],[-73.247494,10.48212],[-73.247536,10.482178],[-73.24752,10.482189],[-73.247618,10.482325]]]}},{"type":"Feature","properties":{"altura_m":3.0,"origen_altura":"osm_altura"},"geometry":{"type":"Polygon","coordinates":[[[-73.247543,10.482375],[-73.247612,10.482322],[-73.247514,10.482197],[-73.247445,10.482249],[-73.247543,10.482375]]]}},{"type":"Feature","properties":{"altura_m":3.0,"origen_altura":"osm_altura"},"geometry":{"type":"Polygon","coordinates":[[[-73.2473,10.482512],[-73.247371,10.48246],[-73.247376,10.482467],[-73.247449,10.482414],[-73.247394,10.48234],[-73.247234,10.482429],[-73.2473,10.482512]]]}},{"type":"Feature","properties":{"altura_m":3.0,"origen_altura":"osm_altura"},"geometry":{"type":"Polygon","coordinates":[[[-73.247234,10.482429],[-73.247404,10.482319],[-73.247359,10.482253],[-73.24719,10.482363],[-73.247234,10.482429]]]}},{"type":"Feature","properties":{"altura_m":3.0,"origen_altura":"osm_altura"},"geometry":{"type":"Polygon","coordinates":[[[-73.247139,10.48225],[-73.247187,10.48236],[-73.247307,10.482282],[-73.247239,10.482185],[-73.247139,10.48225]]]}},{"type":"Feature","properties":{"altura_m":3.0,"origen_altura":"osm_altura"},"geometry":{"type":"Polygon","coordinates":[[[-73.247139,10.48225],[-73.24709,10.482166],[-73.247256,10.482057],[-73.24731,10.482138],[-73.247139,10.48225]]]}},{"type":"Feature","properties":{"altura_m":3.0,"origen_altura":"osm_altura"},"geometry":{"type":"Polygon","coordinates":[[[-73.248313,10.481205],[-73.248365,10.481272],[-73.248412,10.481237],[-73.248434,10.481252],[-73.248527,10.481183],[-73.24846,10.481095],[-73.248313,10.481205]]]}},{"type":"Feature","properties":{"altura_m":3.0,"origen_altura":"osm_altura"},"geometry":{"type":"Polygon","coordinates":[[[-73.248624,10.480986],[-73.248689,10.481076],[-73.248761,10.481027],[-73.248696,10.480936],[-73.248624,10.480986]]]}},{"type":"Feature","properties":{"altura_m":3.5,"origen_altura":"provisional"},"geometry":{"type":"Polygon","coordinates":[[[-73.248765,10.480889],[-73.248818,10.480931],[-73.248755,10.480978],[-73.248718,10.480924],[-73.248765,10.480889]]]}},{"type":"Feature","properties":{"altura_m":3.5,"origen_altura":"provisional"},"geometry":{"type":"Polygon","coordinates":[[[-73.248765,10.480889],[-73.248818,10.480931],[-73.248853,10.480973],[-73.248914,10.480917],[-73.248833,10.480827],[-73.248765,10.480889]]]}},{"type":"Feature","properties":{"altura_m":3.0,"origen_altura":"osm_altura"},"geometry":{"type":"Polygon","coordinates":[[[-73.248853,10.480973],[-73.24889,10.481028],[-73.248959,10.480977],[-73.248914,10.480917],[-73.248853,10.480973]]]}},{"type":"Feature","properties":{"altura_m":3.0,"origen_altura":"osm_altura"},"geometry":{"type":"Polygon","coordinates":[[[-73.248889,10.481028],[-73.248962,10.480976],[-73.249067,10.481118],[-73.248932,10.481216],[-73.248898,10.48117],[-73.248944,10.481137],[-73.248932,10.481122],[-73.24895,10.48111],[-73.248889,10.481028]]]}},{"type":"Feature","properties":{"altura_m":3.0,"origen_altura":"osm_altura"},"geometry":{"type":"Polygon","coordinates":[[[-73.249071,10.481117],[-73.249101,10.481173],[-73.249003,10.481252],[-73.248959,10.481196],[-73.249071,10.481117]]]}},{"type":"Feature","properties":{"altura_m":3.5,"origen_altura":"provisional"},"geometry":{"type":"Polygon","coordinates":[[[-73.249076,10.481205],[-73.249137,10.481296],[-73.249049,10.481353],[-73.249023,10.481315],[-73.248998,10.48133],[-73.248963,10.481278],[-73.249076,10.481205]]]}},{"type":"Feature","properties":{"altura_m":3.5,"origen_altura":"provisional"},"geometry":{"type":"Polygon","coordinates":[[[-73.248963,10.481282],[-73.249006,10.481345],[-73.24903,10.48133],[-73.249048,10.481357],[-73.248958,10.481416],[-73.248897,10.481325],[-73.248963,10.481282]]]}},{"type":"Feature","properties":{"altura_m":12.0,"origen_altura":"osm_altura"},"geometry":{"type":"Polygon","coordinates":[[[-73.248844,10.481261],[-73.248914,10.481361],[-73.248891,10.481376],[-73.248885,10.481367],[-73.24886,10.481385],[-73.248856,10.481379],[-73.248838,10.481391],[-73.248846,10.481403],[-73.248829,10.481414],[-73.248821,10.481403],[-73.248795,10.48142],[-73.248802,10.481431],[-73.248785,10.481443],[-73.248773,10.481434],[-73.248747,10.481451],[-73.248757,10.481466],[-73.248742,10.481476],[-73.248729,10.481457],[-73.248712,10.481468],[-73.248722,10.481483],[-73.248707,10.481493],[-73.248695,10.481476],[-73.248677,10.481488],[-73.248689,10.481505],[-73.248661,10.481523],[-73.248653,10.481511],[-73.248652,10.481525],[-73.248612,10.481552],[-73.248604,10.481541],[-73.248579,10.481558],[-73.248551,10.481518],[-73.248563,10.48151],[-73.248517,10.481445],[-73.248683,10.481332],[-73.248665,10.481306],[-73.248771,10.481235],[-73.248806,10.481286],[-73.248844,10.481261]]]}},{"type":"Feature","properties":{"altura_m":3.0,"origen_altura":"osm_altura"},"geometry":{"type":"Polygon","coordinates":[[[-73.248494,10.481435],[-73.248565,10.48139],[-73.248517,10.481316],[-73.248446,10.481361],[-73.248494,10.481435]]]}},{"type":"Feature","properties":{"altura_m":3.0,"origen_altura":"osm_altura"},"geometry":{"type":"Polygon","coordinates":[[[-73.248391,10.481296],[-73.248442,10.481362],[-73.248525,10.481301],[-73.248474,10.481235],[-73.248391,10.481296]]]}},{"type":"Feature","properties":{"altura_m":3.0,"origen_altura":"osm_altura"},"geometry":{"type":"Polygon","coordinates":[[[-73.248921,10.480751],[-73.249009,10.480868],[-73.249071,10.480822],[-73.248982,10.480706],[-73.248921,10.480751]]]}},{"type":"Feature","properties":{"altura_m":3.0,"origen_altura":"osm_altura"},"geometry":{"type":"Polygon","coordinates":[[[-73.249147,10.48061],[-73.24924,10.480745],[-73.249313,10.480696],[-73.24922,10.480562],[-73.249147,10.48061]]]}},{"type":"Feature","properties":{"altura_m":3.0,"origen_altura":"osm_altura"},"geometry":{"type":"Polygon","coordinates":[[[-73.249219,10.480554],[-73.249328,10.480711],[-73.249394,10.480667],[-73.249285,10.48051],[-73.249219,10.480554]]]}},{"type":"Feature","properties":{"altura_m":3.0,"origen_altura":"osm_altura"},"geometry":{"type":"Polygon","coordinates":[[[-73.249291,10.480512],[-73.249312,10.480498],[-73.249304,10.480486],[-73.249335,10.480466],[-73.249341,10.480476],[-73.249364,10.48046],[-73.249478,10.480628],[-73.249403,10.480677],[-73.249291,10.480512]]]}},{"type":"Feature","properties":{"altura_m":3.0,"origen_altura":"osm_altura"},"geometry":{"type":"Polygon","coordinates":[[[-73.24937,10.480457],[-73.249433,10.480551],[-73.249517,10.480483],[-73.249458,10.480402],[-73.24937,10.480457]]]}},{"type":"Feature","properties":{"altura_m":3.0,"origen_altura":"osm_altura"},"geometry":{"type":"Polygon","coordinates":[[[-73.249669,10.480233],[-73.249732,10.480323],[-73.249565,10.480435],[-73.249502,10.480345],[-73.249669,10.480233]]]}},{"type":"Feature","properties":{"altura_m":3.0,"origen_altura":"osm_altura"},"geometry":{"type":"Polygon","coordinates":[[[-73.249739,10.480409],[-73.249814,10.480507],[-73.249753,10.480544],[-73.249722,10.480496],[-73.249687,10.480501],[-73.249656,10.480456],[-73.249739,10.480409]]]}},{"type":"Feature","properties":{"altura_m":3.0,"origen_altura":"osm_altura"},"geometry":{"type":"Polygon","coordinates":[[[-73.249857,10.480481],[-73.249908,10.48056],[-73.249756,10.480654],[-73.24972,10.480599],[-73.249791,10.480555],[-73.249776,10.480531],[-73.249857,10.480481]]]}},{"type":"Feature","properties":{"altura_m":6.0,"origen_altura":"osm_altura"},"geometry":{"type":"Polygon","coordinates":[[[-73.249889,10.480578],[-73.249983,10.480707],[-73.249911,10.480751],[-73.249916,10.480758],[-73.249901,10.480768],[-73.249896,10.480761],[-73.249858,10.480787],[-73.249864,10.480795],[-73.249844,10.480809],[-73.249747,10.480678],[-73.249889,10.480578]]]}},{"type":"Feature","properties":{"altura_m":3.0,"origen_altura":"osm_altura"},"geometry":{"type":"Polygon","coordinates":[[[-73.249776,10.480835],[-73.24983,10.480798],[-73.249736,10.480666],[-73.249682,10.480703],[-73.249776,10.480835]]]}},{"type":"Feature","properties":{"altura_m":6.0,"origen_altura":"osm_altura"},"geometry":{"type":"Polygon","coordinates":[[[-73.249642,10.480877],[-73.249657,10.480866],[-73.249664,10.480876],[-73.249752,10.480808],[-73.24967,10.480691],[-73.249563,10.480742],[-73.249642,10.480877]]]}},{"type":"Feature","properties":{"altura_m":6.0,"origen_altura":"osm_altura"},"geometry":{"type":"Polygon","coordinates":[[[-73.24953,10.480926],[-73.24962,10.48086],[-73.249563,10.480742],[-73.249454,10.480827],[-73.24953,10.480926]]]}},{"type":"Feature","properties":{"altura_m":3.0,"origen_altura":"osm_altura"},"geometry":{"type":"Polygon","coordinates":[[[-73.249484,10.481064],[-73.249525,10.481035],[-73.249513,10.481019],[-73.249565,10.480983],[-73.24945,10.480822],[-73.249357,10.480886],[-73.249364,10.480918],[-73.249484,10.481064]]]}},{"type":"Feature","properties":{"altura_m":3.0,"origen_altura":"osm_altura"},"geometry":{"type":"Polygon","coordinates":[[[-73.249355,10.481173],[-73.24948,10.481087],[-73.249364,10.480918],[-73.249247,10.481004],[-73.249355,10.481173]]]}},{"type":"Feature","properties":{"altura_m":3.5,"origen_altura":"provisional"},"geometry":{"type":"Polygon","coordinates":[[[-73.249291,10.481232],[-73.249355,10.481173],[-73.249247,10.481004],[-73.249142,10.481064],[-73.249291,10.481232]]]}},{"type":"Feature","properties":{"altura_m":3.0,"origen_altura":"osm_altura"},"geometry":{"type":"Polygon","coordinates":[[[-73.249061,10.480961],[-73.249142,10.481064],[-73.249247,10.481004],[-73.249336,10.480939],[-73.24924,10.480823],[-73.249061,10.480961]]]}},{"type":"Feature","properties":{"altura_m":3.0,"origen_altura":"osm_altura"},"geometry":{"type":"Polygon","coordinates":[[[-73.249056,10.480934],[-73.249197,10.480831],[-73.249149,10.480767],[-73.249007,10.480869],[-73.249056,10.480934]]]}},{"type":"Feature","properties":{"altura_m":3.0,"origen_altura":"osm_altura"},"geometry":{"type":"Polygon","coordinates":[[[-73.249837,10.480118],[-73.249927,10.480239],[-73.249891,10.480265],[-73.249865,10.480231],[-73.249824,10.480248],[-73.249793,10.480207],[-73.249804,10.480199],[-73.249776,10.480162],[-73.249837,10.480118]]]}},{"type":"Feature","properties":{"altura_m":3.0,"origen_altura":"osm_altura"},"geometry":{"type":"Polygon","coordinates":[[[-73.249854,10.48013],[-73.249888,10.480105],[-73.249894,10.480114],[-73.249928,10.48009],[-73.249922,10.480081],[-73.249995,10.480029],[-73.250088,10.480156],[-73.249946,10.480256],[-73.249854,10.48013]]]}},{"type":"Feature","properties":{"altura_m":3.0,"origen_altura":"osm_altura"},"geometry":{"type":"Polygon","coordinates":[[[-73.249999,10.480013],[-73.250106,10.479933],[-73.250272,10.480154],[-73.250224,10.480188],[-73.250236,10.480193],[-73.250206,10.480216],[-73.250198,10.480204],[-73.25016,10.480232],[-73.249999,10.480013]]]}},{"type":"Feature","properties":{"altura_m":3.0,"origen_altura":"osm_altura"},"geometry":{"type":"Polygon","coordinates":[[[-73.250106,10.479933],[-73.2502,10.479887],[-73.250347,10.480107],[-73.250272,10.480154],[-73.250106,10.479933]]]}},{"type":"Feature","properties":{"altura_m":3.0,"origen_altura":"osm_altura"},"geometry":{"type":"Polygon","coordinates":[[[-73.2502,10.479887],[-73.250271,10.479833],[-73.250444,10.480067],[-73.250374,10.480115],[-73.2502,10.479887]]]}},{"type":"Feature","properties":{"altura_m":3.0,"origen_altura":"osm_altura"},"geometry":{"type":"Polygon","coordinates":[[[-73.2503,10.479797],[-73.25034,10.479851],[-73.250456,10.479774],[-73.250412,10.479713],[-73.2503,10.479797]]]}},{"type":"Feature","properties":{"altura_m":3.5,"origen_altura":"provisional"},"geometry":{"type":"Polygon","coordinates":[[[-73.250494,10.479649],[-73.250555,10.479729],[-73.250478,10.479787],[-73.250416,10.479707],[-73.250494,10.479649]]]}},{"type":"Feature","properties":{"altura_m":3.0,"origen_altura":"osm_altura"},"geometry":{"type":"Polygon","coordinates":[[[-73.250539,10.47975],[-73.250669,10.479921],[-73.250524,10.480028],[-73.250405,10.479873],[-73.250439,10.479848],[-73.250427,10.479832],[-73.250539,10.47975]]]}},{"type":"Feature","properties":{"altura_m":3.0,"origen_altura":"osm_altura"},"geometry":{"type":"Polygon","coordinates":[[[-73.250676,10.479919],[-73.250731,10.479989],[-73.250524,10.480141],[-73.250471,10.480072],[-73.250676,10.479919]]]}},{"type":"Feature","properties":{"altura_m":3.0,"origen_altura":"osm_altura"},"geometry":{"type":"Polygon","coordinates":[[[-73.250708,10.480009],[-73.250752,10.480064],[-73.2507,10.480104],[-73.25068,10.480105],[-73.250653,10.480132],[-73.250612,10.480078],[-73.250708,10.480009]]]}},{"type":"Feature","properties":{"altura_m":3.5,"origen_altura":"provisional"},"geometry":{"type":"Polygon","coordinates":[[[-73.250668,10.480134],[-73.250797,10.480041],[-73.250849,10.480111],[-73.25072,10.480204],[-73.250668,10.480134]]]}},{"type":"Feature","properties":{"altura_m":3.5,"origen_altura":"provisional"},"geometry":{"type":"Polygon","coordinates":[[[-73.250628,10.480279],[-73.25071,10.480221],[-73.250611,10.480086],[-73.250529,10.480144],[-73.250628,10.480279]]]}},{"type":"Feature","properties":{"altura_m":3.0,"origen_altura":"osm_altura"},"geometry":{"type":"Polygon","coordinates":[[[-73.250441,10.480332],[-73.250582,10.480235],[-73.250516,10.480143],[-73.250375,10.48024],[-73.250441,10.480332]]]}},{"type":"Feature","properties":{"altura_m":3.0,"origen_altura":"osm_altura"},"geometry":{"type":"Polygon","coordinates":[[[-73.250363,10.480504],[-73.250499,10.480408],[-73.250414,10.480298],[-73.250286,10.48039],[-73.250363,10.480504]]]}},{"type":"Feature","properties":{"altura_m":3.0,"origen_altura":"osm_altura"},"geometry":{"type":"Polygon","coordinates":[[[-73.250116,10.480616],[-73.250328,10.480453],[-73.250286,10.48039],[-73.25007,10.480559],[-73.250116,10.480616]]]}},{"type":"Feature","properties":{"altura_m":6.0,"origen_altura":"osm_altura"},"geometry":{"type":"Polygon","coordinates":[[[-73.250081,10.480538],[-73.25021,10.480444],[-73.250156,10.480366],[-73.250024,10.480463],[-73.250081,10.480538]]]}},{"type":"Feature","properties":{"altura_m":3.0,"origen_altura":"osm_altura"},"geometry":{"type":"Polygon","coordinates":[[[-73.250007,10.480424],[-73.250143,10.480346],[-73.250078,10.48026],[-73.250019,10.480305],[-73.250004,10.480285],[-73.249932,10.48034],[-73.250007,10.480424]]]}},{"type":"Feature","properties":{"altura_m":3.0,"origen_altura":"osm_altura"},"geometry":{"type":"Polygon","coordinates":[[[-73.23822,10.476379],[-73.238136,10.476437],[-73.238089,10.476373],[-73.238174,10.476313],[-73.23822,10.476379]]]}},{"type":"Feature","properties":{"altura_m":3.0,"origen_altura":"osm_altura"},"geometry":{"type":"Polygon","coordinates":[[[-73.238136,10.476437],[-73.238101,10.476465],[-73.238042,10.476389],[-73.23808,10.476364],[-73.238136,10.476437]]]}},{"type":"Feature","properties":{"altura_m":3.0,"origen_altura":"osm_altura"},"geometry":{"type":"Polygon","coordinates":[[[-73.238101,10.476465],[-73.238069,10.476488],[-73.237999,10.476396],[-73.238031,10.476375],[-73.238101,10.476465]]]}},{"type":"Feature","properties":{"altura_m":3.0,"origen_altura":"osm_altura"},"geometry":{"type":"Polygon","coordinates":[[[-73.238069,10.476488],[-73.238017,10.476526],[-73.237962,10.47646],[-73.238017,10.47642],[-73.238069,10.476488]]]}},{"type":"Feature","properties":{"altura_m":3.0,"origen_altura":"osm_altura"},"geometry":{"type":"Polygon","coordinates":[[[-73.23787,10.4759],[-73.237903,10.475955],[-73.237979,10.475919],[-73.237946,10.47586],[-73.23787,10.4759]]]}},{"type":"Feature","properties":{"altura_m":3.0,"origen_altura":"osm_altura"},"geometry":{"type":"Polygon","coordinates":[[[-73.237979,10.475919],[-73.237996,10.475949],[-73.23792,10.475986],[-73.237903,10.475955],[-73.237979,10.475919]]]}},{"type":"Feature","properties":{"altura_m":3.0,"origen_altura":"osm_altura"},"geometry":{"type":"Polygon","coordinates":[[[-73.237996,10.475949],[-73.23801,10.475982],[-73.237932,10.476027],[-73.237921,10.475994],[-73.237966,10.475974],[-73.237962,10.475965],[-73.237996,10.475949]]]}},{"type":"Feature","properties":{"altura_m":3.0,"origen_altura":"osm_altura"},"geometry":{"type":"Polygon","coordinates":[[[-73.238011,10.475994],[-73.237958,10.476019],[-73.237939,10.476037],[-73.23796,10.476068],[-73.238032,10.47603],[-73.238011,10.475994]]]}},{"type":"Feature","properties":{"altura_m":3.0,"origen_altura":"osm_altura"},"geometry":{"type":"Polygon","coordinates":[[[-73.238032,10.47603],[-73.238072,10.476095],[-73.237965,10.47615],[-73.237935,10.476081],[-73.238032,10.47603]]]}},{"type":"Feature","properties":{"altura_m":3.0,"origen_altura":"osm_altura"},"geometry":{"type":"Polygon","coordinates":[[[-73.238114,10.476174],[-73.238037,10.476212],[-73.238011,10.476162],[-73.238051,10.476133],[-73.23804,10.476111],[-73.238072,10.476095],[-73.238114,10.476174]]]}},{"type":"Feature","properties":{"altura_m":3.0,"origen_altura":"osm_altura"},"geometry":{"type":"Polygon","coordinates":[[[-73.238096,10.476183],[-73.238114,10.47621],[-73.238037,10.47625],[-73.238007,10.476201],[-73.238027,10.476194],[-73.238037,10.476212],[-73.238096,10.476183]]]}},{"type":"Feature","properties":{"altura_m":3.0,"origen_altura":"osm_altura"},"geometry":{"type":"Polygon","coordinates":[[[-73.237766,10.476148],[-73.237878,10.476097],[-73.23789,10.476123],[-73.23778,10.476173],[-73.237766,10.476148]]]}},{"type":"Feature","properties":{"altura_m":3.0,"origen_altura":"osm_altura"},"geometry":{"type":"Polygon","coordinates":[[[-73.237799,10.476202],[-73.237888,10.476158],[-73.237903,10.476183],[-73.237812,10.476232],[-73.237799,10.476202]]]}},{"type":"Feature","properties":{"altura_m":3.0,"origen_altura":"osm_altura"},"geometry":{"type":"Polygon","coordinates":[[[-73.23783,10.476222],[-73.23786,10.476275],[-73.237937,10.47623],[-73.23791,10.47618],[-73.23783,10.476222]]]}},{"type":"Feature","properties":{"altura_m":3.0,"origen_altura":"osm_altura"},"geometry":{"type":"Polygon","coordinates":[[[-73.237946,10.476361],[-73.23789,10.476273],[-73.237936,10.476246],[-73.237972,10.476245],[-73.237995,10.476253],[-73.23802,10.476316],[-73.237946,10.476361]]]}},{"type":"Feature","properties":{"altura_m":3.0,"origen_altura":"osm_altura"},"geometry":{"type":"Polygon","coordinates":[[[-73.237817,10.476318],[-73.237765,10.476344],[-73.23774,10.476364],[-73.237749,10.476379],[-73.237768,10.47637],[-73.23778,10.476393],[-73.237842,10.47636],[-73.237817,10.476318]]]}},{"type":"Feature","properties":{"altura_m":3.0,"origen_altura":"osm_altura"},"geometry":{"type":"Polygon","coordinates":[[[-73.23784,10.476364],[-73.23779,10.476395],[-73.237763,10.476396],[-73.237755,10.476403],[-73.237785,10.476451],[-73.23787,10.476403],[-73.23784,10.476364]]]}},{"type":"Feature","properties":{"altura_m":3.0,"origen_altura":"osm_altura"},"geometry":{"type":"Polygon","coordinates":[[[-73.237867,10.476405],[-73.237897,10.476461],[-73.23782,10.476503],[-73.237785,10.476451],[-73.237867,10.476405]]]}},{"type":"Feature","properties":{"altura_m":3.0,"origen_altura":"osm_altura"},"geometry":{"type":"Polygon","coordinates":[[[-73.237903,10.476466],[-73.237827,10.47651],[-73.237854,10.476553],[-73.2379,10.476531],[-73.237912,10.476481],[-73.237903,10.476466]]]}},{"type":"Feature","properties":{"altura_m":3.0,"origen_altura":"osm_altura"},"geometry":{"type":"Polygon","coordinates":[[[-73.237897,10.476533],[-73.237911,10.476566],[-73.237825,10.476608],[-73.237807,10.476576],[-73.237897,10.476533]]]}},{"type":"Feature","properties":{"altura_m":3.0,"origen_altura":"osm_altura"},"geometry":{"type":"Polygon","coordinates":[[[-73.245594,10.48006],[-73.245501,10.480104],[-73.245448,10.479983],[-73.245541,10.47991],[-73.245594,10.48006]]]}},{"type":"Feature","properties":{"altura_m":3.0,"origen_altura":"osm_altura"},"geometry":{"type":"Polygon","coordinates":[[[-73.245501,10.480104],[-73.245387,10.480165],[-73.245336,10.480033],[-73.245448,10.479983],[-73.245501,10.480104]]]}},{"type":"Feature","properties":{"altura_m":3.0,"origen_altura":"osm_altura"},"geometry":{"type":"Polygon","coordinates":[[[-73.245387,10.480165],[-73.245284,10.480219],[-73.245213,10.480072],[-73.245318,10.48001],[-73.245336,10.480033],[-73.245387,10.480165]]]}},{"type":"Feature","properties":{"altura_m":6.0,"origen_altura":"osm_altura"},"geometry":{"type":"Polygon","coordinates":[[[-73.245278,10.480205],[-73.245165,10.480276],[-73.245058,10.480124],[-73.245173,10.480002],[-73.245278,10.480205]]]}},{"type":"Feature","properties":{"altura_m":6.0,"origen_altura":"osm_altura"},"geometry":{"type":"Polygon","coordinates":[[[-73.245165,10.480276],[-73.245094,10.480315],[-73.245003,10.48014],[-73.245058,10.480124],[-73.245165,10.480276]]]}},{"type":"Feature","properties":{"altura_m":6.0,"origen_altura":"osm_altura"},"geometry":{"type":"Polygon","coordinates":[[[-73.245094,10.480315],[-73.245019,10.480354],[-73.244931,10.480179],[-73.245003,10.48014],[-73.245094,10.480315]]]}},{"type":"Feature","properties":{"altura_m":3.0,"origen_altura":"osm_altura"},"geometry":{"type":"Polygon","coordinates":[[[-73.245019,10.480354],[-73.244937,10.480399],[-73.244858,10.480183],[-73.244931,10.480179],[-73.245019,10.480354]]]}},{"type":"Feature","properties":{"altura_m":3.0,"origen_altura":"osm_altura"},"geometry":{"type":"Polygon","coordinates":[[[-73.244814,10.480422],[-73.24478,10.480291],[-73.244702,10.480329],[-73.244741,10.480462],[-73.244814,10.480422]]]}},{"type":"Feature","properties":{"altura_m":3.0,"origen_altura":"osm_altura"},"geometry":{"type":"Polygon","coordinates":[[[-73.244739,10.480463],[-73.24468,10.480491],[-73.24462,10.480366],[-73.244701,10.48033],[-73.244739,10.480463]]]}},{"type":"Feature","properties":{"altura_m":3.0,"origen_altura":"osm_altura"},"geometry":{"type":"Polygon","coordinates":[[[-73.24468,10.480491],[-73.244606,10.480528],[-73.244524,10.480366],[-73.244593,10.480328],[-73.24462,10.480366],[-73.24468,10.480491]]]}},{"type":"Feature","properties":{"altura_m":3.0,"origen_altura":"osm_altura"},"geometry":{"type":"Polygon","coordinates":[[[-73.244606,10.480528],[-73.244546,10.480559],[-73.244463,10.480402],[-73.244524,10.480366],[-73.244606,10.480528]]]}},{"type":"Feature","properties":{"altura_m":3.0,"origen_altura":"osm_altura"},"geometry":{"type":"Polygon","coordinates":[[[-73.244616,10.480196],[-73.24476,10.480147],[-73.244747,10.480108],[-73.244598,10.480161],[-73.244616,10.480196]]]}},{"type":"Feature","properties":{"altura_m":3.0,"origen_altura":"osm_altura"},"geometry":{"type":"Polygon","coordinates":[[[-73.244598,10.480161],[-73.244747,10.480108],[-73.244725,10.480022],[-73.244559,10.480094],[-73.244598,10.480161]]]}},{"type":"Feature","properties":{"altura_m":4.0,"origen_altura":"osm_altura"},"geometry":{"type":"Polygon","coordinates":[[[-73.244802,10.480026],[-73.244858,10.480183],[-73.245003,10.48014],[-73.244915,10.47999],[-73.244802,10.480026]]]}},{"type":"Feature","properties":{"altura_m":6.0,"origen_altura":"osm_altura"},"geometry":{"type":"Polygon","coordinates":[[[-73.244915,10.47999],[-73.244975,10.479968],[-73.245063,10.480101],[-73.245003,10.48014],[-73.244915,10.47999]]]}},{"type":"Feature","properties":{"altura_m":3.0,"origen_altura":"osm_altura"},"geometry":{"type":"Polygon","coordinates":[[[-73.244975,10.479968],[-73.245042,10.479922],[-73.245115,10.480051],[-73.245063,10.480101],[-73.244975,10.479968]]]}},{"type":"Feature","properties":{"altura_m":3.0,"origen_altura":"osm_altura"},"geometry":{"type":"Polygon","coordinates":[[[-73.245042,10.479922],[-73.24541,10.479705],[-73.245501,10.479848],[-73.245195,10.48002],[-73.245176,10.479993],[-73.245115,10.480051],[-73.245042,10.479922]]]}},{"type":"Feature","properties":{"altura_m":3.0,"origen_altura":"osm_altura"},"geometry":{"type":"Polygon","coordinates":[[[-73.245501,10.479848],[-73.245541,10.47991],[-73.245448,10.479983],[-73.245422,10.479907],[-73.245501,10.479848]]]}},{"type":"Feature","properties":{"altura_m":9.0,"origen_altura":"osm_altura"},"geometry":{"type":"Polygon","coordinates":[[[-73.245369,10.479661],[-73.245249,10.479427],[-73.24489,10.479636],[-73.245028,10.479845],[-73.245369,10.479661]]]}},{"type":"Feature","properties":{"altura_m":6.0,"origen_altura":"osm_altura"},"geometry":{"type":"Polygon","coordinates":[[[-73.245227,10.47944],[-73.245186,10.47936],[-73.244931,10.479503],[-73.244982,10.479583],[-73.245227,10.47944]]]}},{"type":"Feature","properties":{"altura_m":3.0,"origen_altura":"osm_altura"},"geometry":{"type":"Polygon","coordinates":[[[-73.245186,10.47936],[-73.245155,10.479289],[-73.244939,10.479415],[-73.24498,10.479476],[-73.245186,10.47936]]]}},{"type":"Feature","properties":{"altura_m":6.0,"origen_altura":"osm_altura"},"geometry":{"type":"Polygon","coordinates":[[[-73.245155,10.479289],[-73.245097,10.479221],[-73.244985,10.479283],[-73.245029,10.479362],[-73.245155,10.479289]]]}},{"type":"Feature","properties":{"altura_m":3.0,"origen_altura":"osm_altura"},"geometry":{"type":"Polygon","coordinates":[[[-73.244916,10.479416],[-73.244853,10.479326],[-73.2448,10.479364],[-73.244853,10.479454],[-73.244916,10.479416]]]}},{"type":"Feature","properties":{"altura_m":3.0,"origen_altura":"osm_altura"},"geometry":{"type":"Polygon","coordinates":[[[-73.244784,10.479349],[-73.244692,10.479411],[-73.244746,10.479515],[-73.244853,10.479454],[-73.244784,10.479349]]]}},{"type":"Feature","properties":{"altura_m":3.0,"origen_altura":"osm_altura"},"geometry":{"type":"Polygon","coordinates":[[[-73.244692,10.479411],[-73.244535,10.479507],[-73.244595,10.479599],[-73.244746,10.479515],[-73.244692,10.479411]]]}},{"type":"Feature","properties":{"altura_m":3.0,"origen_altura":"osm_altura"},"geometry":{"type":"Polygon","coordinates":[[[-73.244595,10.479599],[-73.244643,10.479673],[-73.244805,10.479604],[-73.244746,10.479515],[-73.244595,10.479599]]]}},{"type":"Feature","properties":{"altura_m":3.0,"origen_altura":"osm_altura"},"geometry":{"type":"Polygon","coordinates":[[[-73.244643,10.479673],[-73.24469,10.479746],[-73.244835,10.479674],[-73.244805,10.479604],[-73.244643,10.479673]]]}},{"type":"Feature","properties":{"altura_m":3.0,"origen_altura":"osm_altura"},"geometry":{"type":"Polygon","coordinates":[[[-73.244835,10.479674],[-73.244885,10.47977],[-73.244737,10.479846],[-73.24469,10.479746],[-73.244835,10.479674]]]}},{"type":"Feature","properties":{"altura_m":3.0,"origen_altura":"osm_altura"},"geometry":{"type":"Polygon","coordinates":[[[-73.244737,10.479846],[-73.244808,10.479979],[-73.244874,10.479929],[-73.244801,10.479815],[-73.244737,10.479846]]]}},{"type":"Feature","properties":{"altura_m":3.0,"origen_altura":"osm_altura"},"geometry":{"type":"Polygon","coordinates":[[[-73.24494,10.47989],[-73.245028,10.479845],[-73.244963,10.479746],[-73.244872,10.479786],[-73.24494,10.47989]]]}},{"type":"Feature","properties":{"altura_m":6.0,"origen_altura":"osm_altura"},"geometry":{"type":"Polygon","coordinates":[[[-73.244522,10.479631],[-73.244471,10.479536],[-73.244391,10.479584],[-73.244448,10.479669],[-73.244522,10.479631]]]}},{"type":"Feature","properties":{"altura_m":3.0,"origen_altura":"osm_altura"},"geometry":{"type":"Polygon","coordinates":[[[-73.244448,10.479669],[-73.244477,10.479762],[-73.244564,10.479711],[-73.244522,10.479631],[-73.244448,10.479669]]]}},{"type":"Feature","properties":{"altura_m":3.0,"origen_altura":"osm_altura"},"geometry":{"type":"Polygon","coordinates":[[[-73.244564,10.479711],[-73.244618,10.479811],[-73.244421,10.479893],[-73.244392,10.479817],[-73.244564,10.479711]]]}},{"type":"Feature","properties":{"altura_m":4.0,"origen_altura":"osm_altura"},"geometry":{"type":"Polygon","coordinates":[[[-73.244618,10.479811],[-73.244653,10.479877],[-73.244445,10.479961],[-73.244421,10.479893],[-73.244618,10.479811]]]}},{"type":"Feature","properties":{"altura_m":3.0,"origen_altura":"osm_altura"},"geometry":{"type":"Polygon","coordinates":[[[-73.244653,10.479877],[-73.244688,10.479943],[-73.244475,10.480031],[-73.244445,10.479961],[-73.244653,10.479877]]]}},{"type":"Feature","properties":{"altura_m":5.0,"origen_altura":"osm_altura"},"geometry":{"type":"Polygon","coordinates":[[[-73.244688,10.479943],[-73.244725,10.480022],[-73.244498,10.48012],[-73.244475,10.480031],[-73.244688,10.479943]]]}},{"type":"Feature","properties":{"altura_m":3.0,"origen_altura":"osm_altura"},"geometry":{"type":"Polygon","coordinates":[[[-73.244414,10.479803],[-73.244308,10.479644],[-73.244391,10.479584],[-73.244448,10.479669],[-73.244477,10.479762],[-73.244414,10.479803]]]}},{"type":"Feature","properties":{"altura_m":3.0,"origen_altura":"osm_altura"},"geometry":{"type":"Polygon","coordinates":[[[-73.244498,10.48012],[-73.244301,10.480233],[-73.244251,10.480144],[-73.244475,10.480031],[-73.244498,10.48012]]]}},{"type":"Feature","properties":{"altura_m":6.0,"origen_altura":"osm_altura"},"geometry":{"type":"Polygon","coordinates":[[[-73.244232,10.480046],[-73.244445,10.479961],[-73.244475,10.480031],[-73.244251,10.480144],[-73.244221,10.480135],[-73.244196,10.480103],[-73.244247,10.480072],[-73.244232,10.480046]]]}},{"type":"Feature","properties":{"altura_m":3.0,"origen_altura":"osm_altura"},"geometry":{"type":"Polygon","coordinates":[[[-73.244247,10.480072],[-73.244196,10.480103],[-73.24414,10.480011],[-73.244421,10.479893],[-73.244445,10.479961],[-73.244232,10.480046],[-73.244247,10.480072]]]}},{"type":"Feature","properties":{"altura_m":6.0,"origen_altura":"osm_altura"},"geometry":{"type":"Polygon","coordinates":[[[-73.24414,10.480011],[-73.244106,10.479965],[-73.24435,10.479848],[-73.244376,10.479912],[-73.24414,10.480011]]]}},{"type":"Feature","properties":{"altura_m":3.0,"origen_altura":"osm_altura"},"geometry":{"type":"Polygon","coordinates":[[[-73.244106,10.479965],[-73.244027,10.479826],[-73.244176,10.479743],[-73.244251,10.479892],[-73.244106,10.479965]]]}},{"type":"Feature","properties":{"altura_m":3.0,"origen_altura":"osm_altura"},"geometry":{"type":"Polygon","coordinates":[[[-73.244253,10.479892],[-73.244338,10.479854],[-73.244235,10.479702],[-73.244176,10.479743],[-73.244253,10.479892]]]}},{"type":"Feature","properties":{"altura_m":3.0,"origen_altura":"osm_altura"},"geometry":{"type":"Polygon","coordinates":[[[-73.244308,10.479644],[-73.244235,10.479702],[-73.244328,10.479839],[-73.244414,10.479803],[-73.244308,10.479644]]]}},{"type":"Feature","properties":{"altura_m":6.0,"origen_altura":"osm_altura"},"geometry":{"type":"Polygon","coordinates":[[[-73.242837,10.477909],[-73.242716,10.477967],[-73.242589,10.4778],[-73.242695,10.477744],[-73.242837,10.477909]]]}},{"type":"Feature","properties":{"altura_m":3.0,"origen_altura":"osm_altura"},"geometry":{"type":"Polygon","coordinates":[[[-73.242716,10.477967],[-73.24263,10.478025],[-73.242508,10.477832],[-73.242589,10.4778],[-73.242716,10.477967]]]}},{"type":"Feature","properties":{"altura_m":3.0,"origen_altura":"osm_altura"},"geometry":{"type":"Polygon","coordinates":[[[-73.24263,10.478025],[-73.242507,10.478127],[-73.242357,10.477888],[-73.242491,10.477808],[-73.24263,10.478025]]]}},{"type":"Feature","properties":{"altura_m":3.0,"origen_altura":"osm_altura"},"geometry":{"type":"Polygon","coordinates":[[[-73.242507,10.478127],[-73.242339,10.478237],[-73.242214,10.478007],[-73.242357,10.477888],[-73.242507,10.478127]]]}},{"type":"Feature","properties":{"altura_m":3.0,"origen_altura":"osm_altura"},"geometry":{"type":"Polygon","coordinates":[[[-73.242214,10.478007],[-73.242122,10.477869],[-73.242193,10.477803],[-73.242283,10.477949],[-73.242214,10.478007]]]}},{"type":"Feature","properties":{"altura_m":6.0,"origen_altura":"osm_altura"},"geometry":{"type":"Polygon","coordinates":[[[-73.242334,10.477907],[-73.242242,10.477768],[-73.242193,10.477803],[-73.242283,10.477949],[-73.242334,10.477907]]]}},{"type":"Feature","properties":{"altura_m":6.0,"origen_altura":"osm_altura"},"geometry":{"type":"Polygon","coordinates":[[[-73.242695,10.477744],[-73.242636,10.477679],[-73.242476,10.477786],[-73.242508,10.477832],[-73.242589,10.4778],[-73.242695,10.477744]]]}},{"type":"Feature","properties":{"altura_m":6.0,"origen_altura":"osm_altura"},"geometry":{"type":"Polygon","coordinates":[[[-73.24238,10.477643],[-73.242507,10.477565],[-73.242541,10.477592],[-73.24242,10.477702],[-73.24238,10.477643]]]}},{"type":"Feature","properties":{"altura_m":3.0,"origen_altura":"osm_altura"},"geometry":{"type":"Polygon","coordinates":[[[-73.242551,10.4776],[-73.242615,10.477693],[-73.242476,10.477786],[-73.24242,10.477702],[-73.242551,10.4776]]]}},{"type":"Feature","properties":{"altura_m":3.0,"origen_altura":"osm_altura"},"geometry":{"type":"Polygon","coordinates":[[[-73.24399,10.476258],[-73.243877,10.476356],[-73.243734,10.47614],[-73.243846,10.476068],[-73.24399,10.476258]]]}},{"type":"Feature","properties":{"altura_m":3.0,"origen_altura":"osm_altura"},"geometry":{"type":"Polygon","coordinates":[[[-73.243877,10.476356],[-73.243785,10.476413],[-73.243647,10.476215],[-73.24374,10.476149],[-73.243877,10.476356]]]}},{"type":"Feature","properties":{"altura_m":3.0,"origen_altura":"osm_altura"},"geometry":{"type":"Polygon","coordinates":[[[-73.243785,10.476413],[-73.243736,10.476459],[-73.2436,10.476268],[-73.243657,10.47623],[-73.243785,10.476413]]]}},{"type":"Feature","properties":{"altura_m":4.0,"origen_altura":"osm_altura"},"geometry":{"type":"Polygon","coordinates":[[[-73.243736,10.476459],[-73.243662,10.476517],[-73.243545,10.476342],[-73.243618,10.476293],[-73.243736,10.476459]]]}},{"type":"Feature","properties":{"altura_m":3.0,"origen_altura":"osm_altura"},"geometry":{"type":"Polygon","coordinates":[[[-73.243662,10.476517],[-73.243587,10.476571],[-73.243453,10.476384],[-73.243545,10.476342],[-73.243662,10.476517]]]}},{"type":"Feature","properties":{"altura_m":6.0,"origen_altura":"osm_altura"},"geometry":{"type":"Polygon","coordinates":[[[-73.243587,10.476571],[-73.243516,10.476638],[-73.243399,10.476435],[-73.243453,10.476384],[-73.243587,10.476571]]]}},{"type":"Feature","properties":{"altura_m":3.0,"origen_altura":"osm_altura"},"geometry":{"type":"Polygon","coordinates":[[[-73.243392,10.475907],[-73.243328,10.475782],[-73.243285,10.475706],[-73.243217,10.475773],[-73.243334,10.475945],[-73.243392,10.475907]]]}},{"type":"Feature","properties":{"altura_m":6.0,"origen_altura":"osm_altura"},"geometry":{"type":"Polygon","coordinates":[[[-73.243217,10.475773],[-73.243366,10.475997],[-73.243315,10.47604],[-73.243162,10.475834],[-73.243217,10.475773]]]}},{"type":"Feature","properties":{"altura_m":3.0,"origen_altura":"osm_altura"},"geometry":{"type":"Polygon","coordinates":[[[-73.243162,10.475834],[-73.243085,10.475918],[-73.243235,10.47607],[-73.243315,10.47604],[-73.243162,10.475834]]]}},{"type":"Feature","properties":{"altura_m":3.0,"origen_altura":"osm_altura"},"geometry":{"type":"Polygon","coordinates":[[[-73.243235,10.47607],[-73.24313,10.476148],[-73.243017,10.475992],[-73.243085,10.475918],[-73.243235,10.47607]]]}},{"type":"Feature","properties":{"altura_m":3.0,"origen_altura":"osm_altura"},"geometry":{"type":"Polygon","coordinates":[[[-73.24313,10.476148],[-73.243082,10.47619],[-73.242974,10.47604],[-73.243017,10.475992],[-73.24313,10.476148]]]}},{"type":"Feature","properties":{"altura_m":9.0,"origen_altura":"osm_altura"},"geometry":{"type":"Polygon","coordinates":[[[-73.246461,10.47679],[-73.246054,10.477081],[-73.245786,10.476736],[-73.246184,10.476471],[-73.246461,10.47679]]]}},{"type":"Feature","properties":{"altura_m":6.0,"origen_altura":"osm_altura"},"geometry":{"type":"Polygon","coordinates":[[[-73.247376,10.475746],[-73.247255,10.475558],[-73.247138,10.475642],[-73.247254,10.475822],[-73.247376,10.475746]]]}},{"type":"Feature","properties":{"altura_m":6.0,"origen_altura":"osm_altura"},"geometry":{"type":"Polygon","coordinates":[[[-73.247254,10.475822],[-73.247165,10.475892],[-73.247046,10.475695],[-73.247138,10.475642],[-73.247254,10.475822]]]}},{"type":"Feature","properties":{"altura_m":3.0,"origen_altura":"osm_altura"},"geometry":{"type":"Polygon","coordinates":[[[-73.247165,10.475892],[-73.2471,10.475938],[-73.246981,10.475739],[-73.247046,10.475695],[-73.247165,10.475892]]]}},{"type":"Feature","properties":{"altura_m":3.0,"origen_altura":"osm_altura"},"geometry":{"type":"Polygon","coordinates":[[[-73.2471,10.475938],[-73.247,10.476003],[-73.246887,10.475789],[-73.246981,10.475739],[-73.2471,10.475938]]]}},{"type":"Feature","properties":{"altura_m":6.0,"origen_altura":"osm_altura"},"geometry":{"type":"Polygon","coordinates":[[[-73.247,10.476003],[-73.246926,10.476051],[-73.246798,10.475849],[-73.246887,10.475789],[-73.247,10.476003]]]}},{"type":"Feature","properties":{"altura_m":3.5,"origen_altura":"provisional"},"geometry":{"type":"Polygon","coordinates":[[[-73.246926,10.476051],[-73.246767,10.476152],[-73.246596,10.475901],[-73.246722,10.475793],[-73.246767,10.475866],[-73.246798,10.475849],[-73.246926,10.476051]]]}},{"type":"Feature","properties":{"altura_m":3.0,"origen_altura":"osm_altura"},"geometry":{"type":"Polygon","coordinates":[[[-73.24671,10.475804],[-73.24664,10.475692],[-73.246511,10.475782],[-73.246596,10.475901],[-73.24671,10.475804]]]}},{"type":"Feature","properties":{"altura_m":3.0,"origen_altura":"osm_altura"},"geometry":{"type":"Polygon","coordinates":[[[-73.246577,10.475736],[-73.246475,10.475593],[-73.246396,10.475643],[-73.246511,10.475782],[-73.246577,10.475736]]]}},{"type":"Feature","properties":{"altura_m":6.0,"origen_altura":"osm_altura"},"geometry":{"type":"Polygon","coordinates":[[[-73.24666,10.475682],[-73.246547,10.475546],[-73.246475,10.475593],[-73.246577,10.475736],[-73.24666,10.475682]]]}},{"type":"Feature","properties":{"altura_m":3.0,"origen_altura":"osm_altura"},"geometry":{"type":"Polygon","coordinates":[[[-73.24666,10.475682],[-73.246725,10.475643],[-73.246619,10.4755],[-73.246547,10.475546],[-73.24666,10.475682]]]}},{"type":"Feature","properties":{"altura_m":3.0,"origen_altura":"osm_altura"},"geometry":{"type":"Polygon","coordinates":[[[-73.246619,10.4755],[-73.246753,10.475679],[-73.246825,10.475618],[-73.246688,10.475455],[-73.246619,10.4755]]]}},{"type":"Feature","properties":{"altura_m":6.0,"origen_altura":"osm_altura"},"geometry":{"type":"Polygon","coordinates":[[[-73.246825,10.475618],[-73.246962,10.475537],[-73.246848,10.475389],[-73.246712,10.475483],[-73.246825,10.475618]]]}},{"type":"Feature","properties":{"altura_m":6.0,"origen_altura":"osm_altura"},"geometry":{"type":"Polygon","coordinates":[[[-73.246946,10.475516],[-73.247063,10.475441],[-73.246968,10.475308],[-73.246848,10.475389],[-73.246946,10.475516]]]}},{"type":"Feature","properties":{"altura_m":3.0,"origen_altura":"osm_altura"},"geometry":{"type":"Polygon","coordinates":[[[-73.247063,10.475441],[-73.247159,10.475386],[-73.247056,10.475249],[-73.246968,10.475308],[-73.247063,10.475441]]]}},{"type":"Feature","properties":{"altura_m":3.5,"origen_altura":"provisional"},"geometry":{"type":"Polygon","coordinates":[[[-73.247255,10.475558],[-73.247159,10.475386],[-73.246946,10.475516],[-73.247063,10.475685],[-73.247138,10.475642],[-73.247255,10.475558]]]}},{"type":"Feature","properties":{"altura_m":12.0,"origen_altura":"osm_altura"},"geometry":{"type":"Polygon","coordinates":[[[-73.247259,10.476269],[-73.247124,10.476065],[-73.246861,10.476228],[-73.246998,10.476438],[-73.247259,10.476269]]]}},{"type":"Feature","properties":{"altura_m":3.0,"origen_altura":"osm_altura"},"geometry":{"type":"Polygon","coordinates":[[[-73.246352,10.481484],[-73.246452,10.481429],[-73.246364,10.481293],[-73.24626,10.481331],[-73.246352,10.481484]]]}},{"type":"Feature","properties":{"altura_m":3.0,"origen_altura":"osm_altura"},"geometry":{"type":"Polygon","coordinates":[[[-73.246963,10.481],[-73.24691,10.480922],[-73.247105,10.48079],[-73.247158,10.480867],[-73.246963,10.481]]]}},{"type":"Feature","properties":{"altura_m":12.0,"origen_altura":"osm_altura"},"geometry":{"type":"Polygon","coordinates":[[[-73.247156,10.480944],[-73.24721,10.481022],[-73.2471,10.481093],[-73.247046,10.481019],[-73.247156,10.480944]]]}},{"type":"Feature","properties":{"altura_m":3.0,"origen_altura":"osm_altura"},"geometry":{"type":"Polygon","coordinates":[[[-73.24721,10.481022],[-73.247277,10.481123],[-73.247056,10.481266],[-73.247045,10.481249],[-73.247014,10.481268],[-73.246958,10.481184],[-73.24721,10.481022]]]}},{"type":"Feature","properties":{"altura_m":6.0,"origen_altura":"osm_altura"},"geometry":{"type":"Polygon","coordinates":[[[-73.247203,10.481171],[-73.247262,10.481257],[-73.24715,10.481329],[-73.247091,10.481243],[-73.247203,10.481171]]]}},{"type":"Feature","properties":{"altura_m":3.0,"origen_altura":"osm_altura"},"geometry":{"type":"Polygon","coordinates":[[[-73.247105,10.481358],[-73.247356,10.481196],[-73.247407,10.481274],[-73.247157,10.481435],[-73.247105,10.481358]]]}},{"type":"Feature","properties":{"altura_m":6.0,"origen_altura":"osm_altura"},"geometry":{"type":"Polygon","coordinates":[[[-73.24746,10.481347],[-73.247229,10.481501],[-73.247175,10.481424],[-73.247407,10.481274],[-73.24746,10.481347]]]}},{"type":"Feature","properties":{"altura_m":3.0,"origen_altura":"osm_altura"},"geometry":{"type":"Polygon","coordinates":[[[-73.24749,10.48137],[-73.247582,10.481514],[-73.247324,10.481691],[-73.247224,10.481551],[-73.24749,10.48137]]]}},{"type":"Feature","properties":{"altura_m":3.0,"origen_altura":"osm_altura"},"geometry":{"type":"Polygon","coordinates":[[[-73.247302,10.481668],[-73.247219,10.481725],[-73.247125,10.481589],[-73.247207,10.48153],[-73.247302,10.481668]]]}},{"type":"Feature","properties":{"altura_m":3.0,"origen_altura":"osm_altura"},"geometry":{"type":"Polygon","coordinates":[[[-73.247216,10.481725],[-73.247136,10.481779],[-73.247,10.481585],[-73.247079,10.48153],[-73.247216,10.481725]]]}},{"type":"Feature","properties":{"altura_m":3.0,"origen_altura":"osm_altura"},"geometry":{"type":"Polygon","coordinates":[[[-73.247164,10.481819],[-73.24696,10.481949],[-73.246892,10.481846],[-73.247084,10.481706],[-73.247164,10.481819]]]}},{"type":"Feature","properties":{"altura_m":3.0,"origen_altura":"osm_altura"},"geometry":{"type":"Polygon","coordinates":[[[-73.247084,10.481706],[-73.246892,10.481846],[-73.246825,10.481743],[-73.247028,10.481626],[-73.247084,10.481706]]]}},{"type":"Feature","properties":{"altura_m":3.0,"origen_altura":"osm_altura"},"geometry":{"type":"Polygon","coordinates":[[[-73.246825,10.481743],[-73.246735,10.481618],[-73.246894,10.481519],[-73.246985,10.481651],[-73.246825,10.481743]]]}},{"type":"Feature","properties":{"altura_m":3.0,"origen_altura":"osm_altura"},"geometry":{"type":"Polygon","coordinates":[[[-73.246752,10.481608],[-73.246674,10.481486],[-73.24682,10.481423],[-73.246894,10.481519],[-73.246752,10.481608]]]}},{"type":"Feature","properties":{"altura_m":3.0,"origen_altura":"osm_altura"},"geometry":{"type":"Polygon","coordinates":[[[-73.246674,10.481486],[-73.246612,10.481405],[-73.246753,10.481312],[-73.246848,10.481265],[-73.246926,10.481353],[-73.246674,10.481486]]]}},{"type":"Feature","properties":{"altura_m":3.0,"origen_altura":"osm_altura"},"geometry":{"type":"Polygon","coordinates":[[[-73.24663,10.481394],[-73.246585,10.481317],[-73.246723,10.48126],[-73.246753,10.481312],[-73.24663,10.481394]]]}},{"type":"Feature","properties":{"altura_m":6.0,"origen_altura":"osm_altura"},"geometry":{"type":"Polygon","coordinates":[[[-73.246603,10.481308],[-73.246544,10.481233],[-73.246654,10.481162],[-73.246723,10.48126],[-73.246603,10.481308]]]}},{"type":"Feature","properties":{"altura_m":3.0,"origen_altura":"osm_altura"},"geometry":{"type":"Polygon","coordinates":[[[-73.246544,10.481233],[-73.246489,10.481259],[-73.246447,10.481191],[-73.246608,10.481067],[-73.246654,10.481162],[-73.246544,10.481233]]]}},{"type":"Feature","properties":{"altura_m":3.0,"origen_altura":"osm_altura"},"geometry":{"type":"Polygon","coordinates":[[[-73.246608,10.481067],[-73.246679,10.481033],[-73.246789,10.481221],[-73.246723,10.48126],[-73.246608,10.481067]]]}},{"type":"Feature","properties":{"altura_m":3.0,"origen_altura":"osm_altura"},"geometry":{"type":"Polygon","coordinates":[[[-73.246841,10.480921],[-73.246787,10.480958],[-73.246839,10.481038],[-73.246895,10.481002],[-73.246841,10.480921]]]}},{"type":"Feature","properties":{"altura_m":3.0,"origen_altura":"osm_altura"},"geometry":{"type":"Polygon","coordinates":[[[-73.246963,10.481],[-73.246928,10.480948],[-73.246881,10.480979],[-73.246915,10.48103],[-73.246963,10.481]]]}},{"type":"Feature","properties":{"altura_m":3.0,"origen_altura":"osm_altura"},"geometry":{"type":"Polygon","coordinates":[[[-73.248296,10.480129],[-73.248126,10.480237],[-73.248055,10.480113],[-73.248221,10.480009],[-73.248296,10.480129]]]}},{"type":"Feature","properties":{"altura_m":3.0,"origen_altura":"osm_altura"},"geometry":{"type":"Polygon","coordinates":[[[-73.248357,10.480198],[-73.248185,10.480321],[-73.248126,10.480237],[-73.248296,10.480129],[-73.248357,10.480198]]]}},{"type":"Feature","properties":{"altura_m":3.0,"origen_altura":"osm_altura"},"geometry":{"type":"Polygon","coordinates":[[[-73.248419,10.480297],[-73.248226,10.480393],[-73.248185,10.480321],[-73.248357,10.480198],[-73.248419,10.480297]]]}},{"type":"Feature","properties":{"altura_m":6.0,"origen_altura":"osm_altura"},"geometry":{"type":"Polygon","coordinates":[[[-73.248433,10.480288],[-73.248464,10.480326],[-73.248441,10.480349],[-73.248466,10.480386],[-73.248289,10.480498],[-73.248226,10.480393],[-73.248433,10.480288]]]}},{"type":"Feature","properties":{"altura_m":3.0,"origen_altura":"osm_altura"},"geometry":{"type":"Polygon","coordinates":[[[-73.248476,10.480398],[-73.248558,10.480486],[-73.248369,10.480603],[-73.248289,10.480498],[-73.248476,10.480398]]]}},{"type":"Feature","properties":{"altura_m":3.0,"origen_altura":"osm_altura"},"geometry":{"type":"Polygon","coordinates":[[[-73.248558,10.480486],[-73.248627,10.480574],[-73.248439,10.480671],[-73.248396,10.480586],[-73.248558,10.480486]]]}},{"type":"Feature","properties":{"altura_m":3.0,"origen_altura":"osm_altura"},"geometry":{"type":"Polygon","coordinates":[[[-73.248627,10.480574],[-73.248683,10.48063],[-73.248515,10.480724],[-73.24847,10.480655],[-73.248627,10.480574]]]}},{"type":"Feature","properties":{"altura_m":3.0,"origen_altura":"osm_altura"},"geometry":{"type":"Polygon","coordinates":[[[-73.248725,10.480714],[-73.248591,10.480797],[-73.248534,10.480714],[-73.248683,10.48063],[-73.248725,10.480714]]]}},{"type":"Feature","properties":{"altura_m":3.0,"origen_altura":"osm_altura"},"geometry":{"type":"Polygon","coordinates":[[[-73.248591,10.480797],[-73.248435,10.480888],[-73.248345,10.480755],[-73.248428,10.480714],[-73.248459,10.480766],[-73.248501,10.480749],[-73.248473,10.480696],[-73.248491,10.480686],[-73.248515,10.480724],[-73.248534,10.480714],[-73.248591,10.480797]]]}},{"type":"Feature","properties":{"altura_m":6.0,"origen_altura":"osm_altura"},"geometry":{"type":"Polygon","coordinates":[[[-73.248417,10.480862],[-73.248344,10.480909],[-73.248378,10.480949],[-73.248328,10.480973],[-73.248115,10.480656],[-73.248217,10.480584],[-73.248417,10.480862]]]}},{"type":"Feature","properties":{"altura_m":3.0,"origen_altura":"osm_altura"},"geometry":{"type":"Polygon","coordinates":[[[-73.248306,10.480941],[-73.248198,10.481035],[-73.248066,10.480859],[-73.248211,10.480799],[-73.248306,10.480941]]]}},{"type":"Feature","properties":{"altura_m":3.0,"origen_altura":"osm_altura"},"geometry":{"type":"Polygon","coordinates":[[[-73.248189,10.481024],[-73.248077,10.481086],[-73.247963,10.480925],[-73.248066,10.480859],[-73.248189,10.481024]]]}},{"type":"Feature","properties":{"altura_m":3.5,"origen_altura":"provisional"},"geometry":{"type":"Polygon","coordinates":[[[-73.248082,10.481151],[-73.247982,10.481209],[-73.247834,10.480996],[-73.247963,10.480925],[-73.248077,10.481086],[-73.248064,10.4811],[-73.248082,10.481151]]]}},{"type":"Feature","properties":{"altura_m":3.0,"origen_altura":"osm_altura"},"geometry":{"type":"Polygon","coordinates":[[[-73.247971,10.481193],[-73.247879,10.481249],[-73.247755,10.481052],[-73.247834,10.480996],[-73.247971,10.481193]]]}},{"type":"Feature","properties":{"altura_m":3.0,"origen_altura":"osm_altura"},"geometry":{"type":"Polygon","coordinates":[[[-73.247894,10.481284],[-73.247837,10.481317],[-73.247684,10.481108],[-73.247755,10.481052],[-73.247894,10.481284]]]}},{"type":"Feature","properties":{"altura_m":3.5,"origen_altura":"provisional"},"geometry":{"type":"Polygon","coordinates":[[[-73.247827,10.481304],[-73.24769,10.481409],[-73.247619,10.481302],[-73.247759,10.48121],[-73.247827,10.481304]]]}},{"type":"Feature","properties":{"altura_m":3.0,"origen_altura":"osm_altura"},"geometry":{"type":"Polygon","coordinates":[[[-73.247619,10.481302],[-73.247467,10.481083],[-73.247667,10.480944],[-73.247744,10.481032],[-73.247667,10.481089],[-73.247759,10.48121],[-73.247619,10.481302]]]}},{"type":"Feature","properties":{"altura_m":3.0,"origen_altura":"osm_altura"},"geometry":{"type":"Polygon","coordinates":[[[-73.247467,10.481083],[-73.247375,10.480964],[-73.247521,10.480836],[-73.247579,10.480915],[-73.24763,10.4809],[-73.247667,10.480944],[-73.247467,10.481083]]]}},{"type":"Feature","properties":{"altura_m":2.0,"origen_altura":"osm_altura"},"geometry":{"type":"Polygon","coordinates":[[[-73.247377,10.480962],[-73.247327,10.480899],[-73.247401,10.480841],[-73.247381,10.480819],[-73.247451,10.480774],[-73.247521,10.480836],[-73.247377,10.480962]]]}},{"type":"Feature","properties":{"altura_m":3.0,"origen_altura":"osm_altura"},"geometry":{"type":"Polygon","coordinates":[[[-73.247327,10.480899],[-73.247273,10.480813],[-73.247404,10.480716],[-73.247451,10.480774],[-73.247381,10.480819],[-73.247401,10.480841],[-73.247327,10.480899]]]}},{"type":"Feature","properties":{"altura_m":3.5,"origen_altura":"provisional"},"geometry":{"type":"Polygon","coordinates":[[[-73.247273,10.480813],[-73.247178,10.480701],[-73.247332,10.480603],[-73.247404,10.480716],[-73.247273,10.480813]]]}},{"type":"Feature","properties":{"altura_m":3.0,"origen_altura":"osm_altura"},"geometry":{"type":"Polygon","coordinates":[[[-73.247507,10.480738],[-73.247386,10.480554],[-73.247332,10.480603],[-73.247451,10.480774],[-73.247507,10.480738]]]}},{"type":"Feature","properties":{"altura_m":6.0,"origen_altura":"osm_altura"},"geometry":{"type":"Polygon","coordinates":[[[-73.247685,10.480654],[-73.247558,10.480447],[-73.247386,10.480554],[-73.247524,10.480752],[-73.247685,10.480654]]]}},{"type":"Feature","properties":{"altura_m":3.0,"origen_altura":"osm_altura"},"geometry":{"type":"Polygon","coordinates":[[[-73.247774,10.480589],[-73.247685,10.480654],[-73.247558,10.480447],[-73.247656,10.480372],[-73.247725,10.480458],[-73.247697,10.480486],[-73.247774,10.480589]]]}},{"type":"Feature","properties":{"altura_m":6.0,"origen_altura":"osm_altura"},"geometry":{"type":"Polygon","coordinates":[[[-73.248289,10.480498],[-73.247907,10.480751],[-73.247697,10.480486],[-73.247725,10.480458],[-73.247656,10.480372],[-73.248055,10.480113],[-73.248289,10.480498]]]}},{"type":"Feature","properties":{"altura_m":3.0,"origen_altura":"osm_altura"},"geometry":{"type":"Polygon","coordinates":[[[-73.249224,10.4796],[-73.249128,10.479663],[-73.24907,10.47956],[-73.249158,10.479506],[-73.249224,10.4796]]]}},{"type":"Feature","properties":{"altura_m":3.0,"origen_altura":"osm_altura"},"geometry":{"type":"Polygon","coordinates":[[[-73.24907,10.47956],[-73.249011,10.479598],[-73.249093,10.47973],[-73.249156,10.479702],[-73.24907,10.47956]]]}},{"type":"Feature","properties":{"altura_m":3.0,"origen_altura":"osm_altura"},"geometry":{"type":"Polygon","coordinates":[[[-73.249011,10.479598],[-73.248949,10.479638],[-73.249034,10.479787],[-73.249096,10.479752],[-73.249011,10.479598]]]}},{"type":"Feature","properties":{"altura_m":3.0,"origen_altura":"osm_altura"},"geometry":{"type":"Polygon","coordinates":[[[-73.249034,10.479787],[-73.248938,10.479837],[-73.248856,10.479671],[-73.24894,10.479624],[-73.249034,10.479787]]]}},{"type":"Feature","properties":{"altura_m":3.0,"origen_altura":"osm_altura"},"geometry":{"type":"Polygon","coordinates":[[[-73.248512,10.479959],[-73.248362,10.480045],[-73.248315,10.479978],[-73.248467,10.479886],[-73.248512,10.479959]]]}},{"type":"Feature","properties":{"altura_m":6.0,"origen_altura":"osm_altura"},"geometry":{"type":"Polygon","coordinates":[[[-73.248584,10.479913],[-73.248512,10.479959],[-73.248467,10.479886],[-73.248555,10.479835],[-73.248584,10.479913]]]}},{"type":"Feature","properties":{"altura_m":3.0,"origen_altura":"osm_altura"},"geometry":{"type":"Polygon","coordinates":[[[-73.248856,10.479671],[-73.248766,10.479723],[-73.24882,10.479844],[-73.248918,10.479797],[-73.248856,10.479671]]]}},{"type":"Feature","properties":{"altura_m":3.0,"origen_altura":"osm_altura"},"geometry":{"type":"Polygon","coordinates":[[[-73.248794,10.479786],[-73.248699,10.479843],[-73.248657,10.479784],[-73.248766,10.479723],[-73.248794,10.479786]]]}},{"type":"Feature","properties":{"altura_m":3.0,"origen_altura":"osm_altura"},"geometry":{"type":"Polygon","coordinates":[[[-73.24873,10.4799],[-73.248671,10.479935],[-73.24861,10.479808],[-73.248657,10.479784],[-73.24873,10.4799]]]}},{"type":"Feature","properties":{"altura_m":3.0,"origen_altura":"osm_altura"},"geometry":{"type":"Polygon","coordinates":[[[-73.248663,10.479919],[-73.248614,10.479949],[-73.248555,10.479835],[-73.24861,10.479808],[-73.248663,10.479919]]]}},{"type":"Feature","properties":{"altura_m":3.0,"origen_altura":"osm_altura"},"geometry":{"type":"Polygon","coordinates":[[[-73.248362,10.480045],[-73.248411,10.480113],[-73.248629,10.479985],[-73.248584,10.479913],[-73.248362,10.480045]]]}},{"type":"Feature","properties":{"altura_m":3.0,"origen_altura":"osm_altura"},"geometry":{"type":"Polygon","coordinates":[[[-73.248411,10.480113],[-73.248471,10.480188],[-73.248684,10.480067],[-73.248629,10.479985],[-73.248411,10.480113]]]}},{"type":"Feature","properties":{"altura_m":3.0,"origen_altura":"osm_altura"},"geometry":{"type":"Polygon","coordinates":[[[-73.248537,10.480264],[-73.248471,10.480188],[-73.248644,10.48009],[-73.24867,10.48013],[-73.248614,10.48016],[-73.248643,10.480199],[-73.248537,10.480264]]]}},{"type":"Feature","properties":{"altura_m":3.0,"origen_altura":"osm_altura"},"geometry":{"type":"Polygon","coordinates":[[[-73.248537,10.480264],[-73.248597,10.480351],[-73.248781,10.480227],[-73.248721,10.480153],[-73.248537,10.480264]]]}},{"type":"Feature","properties":{"altura_m":6.0,"origen_altura":"osm_altura"},"geometry":{"type":"Polygon","coordinates":[[[-73.248597,10.480351],[-73.248662,10.480441],[-73.248897,10.480298],[-73.248832,10.480199],[-73.248597,10.480351]]]}},{"type":"Feature","properties":{"altura_m":3.5,"origen_altura":"provisional"},"geometry":{"type":"Polygon","coordinates":[[[-73.248662,10.480441],[-73.248741,10.480542],[-73.248959,10.480409],[-73.248897,10.480298],[-73.248662,10.480441]]]}},{"type":"Feature","properties":{"altura_m":3.0,"origen_altura":"osm_altura"},"geometry":{"type":"Polygon","coordinates":[[[-73.248979,10.480536],[-73.248823,10.480648],[-73.248741,10.480542],[-73.248915,10.480436],[-73.248979,10.480536]]]}},{"type":"Feature","properties":{"altura_m":3.0,"origen_altura":"osm_altura"},"geometry":{"type":"Polygon","coordinates":[[[-73.248979,10.480536],[-73.249088,10.480467],[-73.249016,10.480368],[-73.248915,10.480436],[-73.248979,10.480536]]]}},{"type":"Feature","properties":{"altura_m":3.0,"origen_altura":"osm_altura"},"geometry":{"type":"Polygon","coordinates":[[[-73.249288,10.480267],[-73.249179,10.480333],[-73.249059,10.480174],[-73.249106,10.480137],[-73.249042,10.48006],[-73.249097,10.480025],[-73.249288,10.480267]]]}},{"type":"Feature","properties":{"altura_m":2.0,"origen_altura":"osm_altura"},"geometry":{"type":"Polygon","coordinates":[[[-73.249382,10.480219],[-73.249301,10.480277],[-73.249174,10.480123],[-73.249256,10.480068],[-73.249382,10.480219]]]}},{"type":"Feature","properties":{"altura_m":3.0,"origen_altura":"osm_altura"},"geometry":{"type":"Polygon","coordinates":[[[-73.249579,10.480092],[-73.249382,10.480219],[-73.249322,10.480147],[-73.249512,10.48],[-73.249579,10.480092]]]}},{"type":"Feature","properties":{"altura_m":3.0,"origen_altura":"osm_altura"},"geometry":{"type":"Polygon","coordinates":[[[-73.249512,10.48],[-73.249468,10.479939],[-73.24927,10.480085],[-73.249322,10.480147],[-73.249512,10.48]]]}},{"type":"Feature","properties":{"altura_m":3.0,"origen_altura":"osm_altura"},"geometry":{"type":"Polygon","coordinates":[[[-73.249468,10.479939],[-73.249434,10.479882],[-73.249216,10.479997],[-73.24927,10.480085],[-73.249468,10.479939]]]}},{"type":"Feature","properties":{"altura_m":3.0,"origen_altura":"osm_altura"},"geometry":{"type":"Polygon","coordinates":[[[-73.249434,10.479882],[-73.249365,10.47979],[-73.249161,10.479926],[-73.249216,10.479997],[-73.249434,10.479882]]]}},{"type":"Feature","properties":{"altura_m":3.0,"origen_altura":"osm_altura"},"geometry":{"type":"Polygon","coordinates":[[[-73.249365,10.47979],[-73.249329,10.479741],[-73.249159,10.479845],[-73.249201,10.4799],[-73.249365,10.47979]]]}},{"type":"Feature","properties":{"altura_m":3.0,"origen_altura":"osm_altura"},"geometry":{"type":"Polygon","coordinates":[[[-73.249329,10.479741],[-73.249307,10.479711],[-73.249139,10.479808],[-73.249159,10.479845],[-73.249329,10.479741]]]}},{"type":"Feature","properties":{"altura_m":3.0,"origen_altura":"osm_altura"},"geometry":{"type":"Polygon","coordinates":[[[-73.249305,10.479712],[-73.249279,10.479674],[-73.249115,10.479758],[-73.249139,10.479808],[-73.249305,10.479712]]]}},{"type":"Feature","properties":{"altura_m":3.0,"origen_altura":"osm_altura"},"geometry":{"type":"Polygon","coordinates":[[[-73.249279,10.479674],[-73.24917,10.47973],[-73.249156,10.479702],[-73.249257,10.479644],[-73.249279,10.479674]]]}},{"type":"Feature","properties":{"altura_m":3.0,"origen_altura":"osm_altura"},"geometry":{"type":"Polygon","coordinates":[[[-73.249257,10.479644],[-73.249224,10.4796],[-73.24913,10.47966],[-73.249156,10.479702],[-73.249257,10.479644]]]}},{"type":"Feature","properties":{"altura_m":6.0,"origen_altura":"osm_altura"},"geometry":{"type":"Polygon","coordinates":[[[-73.250091,10.479165],[-73.249877,10.479307],[-73.249778,10.479166],[-73.249997,10.479042],[-73.250091,10.479165]]]}},{"type":"Feature","properties":{"altura_m":3.5,"origen_altura":"provisional"},"geometry":{"type":"Polygon","coordinates":[[[-73.250091,10.479165],[-73.250223,10.479321],[-73.249987,10.479475],[-73.249877,10.479307],[-73.250091,10.479165]]]}},{"type":"Feature","properties":{"altura_m":2.0,"origen_altura":"osm_altura"},"geometry":{"type":"Polygon","coordinates":[[[-73.250223,10.479321],[-73.250292,10.479415],[-73.250077,10.479561],[-73.250011,10.47946],[-73.250223,10.479321]]]}},{"type":"Feature","properties":{"altura_m":3.0,"origen_altura":"osm_altura"},"geometry":{"type":"Polygon","coordinates":[[[-73.250275,10.479627],[-73.25018,10.479491],[-73.250292,10.479415],[-73.250397,10.479545],[-73.250275,10.479627]]]}},{"type":"Feature","properties":{"altura_m":3.0,"origen_altura":"osm_altura"},"geometry":{"type":"Polygon","coordinates":[[[-73.250259,10.479603],[-73.250147,10.479671],[-73.250077,10.479561],[-73.25018,10.479491],[-73.250259,10.479603]]]}},{"type":"Feature","properties":{"altura_m":6.0,"origen_altura":"osm_altura"},"geometry":{"type":"Polygon","coordinates":[[[-73.250127,10.479639],[-73.250032,10.4797],[-73.249924,10.479553],[-73.249982,10.479527],[-73.249944,10.479479],[-73.249978,10.479462],[-73.249987,10.479475],[-73.250011,10.47946],[-73.250127,10.479639]]]}},{"type":"Feature","properties":{"altura_m":3.0,"origen_altura":"osm_altura"},"geometry":{"type":"Polygon","coordinates":[[[-73.250062,10.479744],[-73.249972,10.479791],[-73.249763,10.479529],[-73.249861,10.479466],[-73.250062,10.479744]]]}},{"type":"Feature","properties":{"altura_m":6.0,"origen_altura":"osm_altura"},"geometry":{"type":"Polygon","coordinates":[[[-73.249953,10.479767],[-73.249879,10.479815],[-73.249686,10.479583],[-73.249773,10.479542],[-73.249953,10.479767]]]}},{"type":"Feature","properties":{"altura_m":3.0,"origen_altura":"osm_altura"},"geometry":{"type":"Polygon","coordinates":[[[-73.249903,10.47985],[-73.249814,10.479907],[-73.249714,10.479756],[-73.249789,10.479707],[-73.249903,10.47985]]]}},{"type":"Feature","properties":{"altura_m":3.5,"origen_altura":"provisional"},"geometry":{"type":"Polygon","coordinates":[[[-73.249814,10.479907],[-73.249677,10.48],[-73.249623,10.47993],[-73.249763,10.47983],[-73.249814,10.479907]]]}},{"type":"Feature","properties":{"altura_m":3.0,"origen_altura":"osm_altura"},"geometry":{"type":"Polygon","coordinates":[[[-73.249623,10.47993],[-73.24955,10.479844],[-73.249714,10.479756],[-73.249763,10.47983],[-73.249623,10.47993]]]}},{"type":"Feature","properties":{"altura_m":6.0,"origen_altura":"osm_altura"},"geometry":{"type":"Polygon","coordinates":[[[-73.24955,10.479844],[-73.249489,10.479773],[-73.249623,10.479687],[-73.249683,10.479772],[-73.24955,10.479844]]]}},{"type":"Feature","properties":{"altura_m":3.0,"origen_altura":"osm_altura"},"geometry":{"type":"Polygon","coordinates":[[[-73.249489,10.479773],[-73.249441,10.479717],[-73.24956,10.479635],[-73.249613,10.479693],[-73.249489,10.479773]]]}},{"type":"Feature","properties":{"altura_m":3.0,"origen_altura":"osm_altura"},"geometry":{"type":"Polygon","coordinates":[[[-73.249451,10.47971],[-73.24937,10.4796],[-73.249517,10.479493],[-73.249574,10.479588],[-73.249527,10.479606],[-73.249548,10.479643],[-73.249451,10.47971]]]}},{"type":"Feature","properties":{"altura_m":3.0,"origen_altura":"osm_altura"},"geometry":{"type":"Polygon","coordinates":[[[-73.24937,10.4796],[-73.249308,10.479522],[-73.249467,10.479435],[-73.249504,10.479503],[-73.24937,10.4796]]]}},{"type":"Feature","properties":{"altura_m":3.0,"origen_altura":"osm_altura"},"geometry":{"type":"Polygon","coordinates":[[[-73.249439,10.47945],[-73.249387,10.479381],[-73.249257,10.479455],[-73.249308,10.479522],[-73.249439,10.47945]]]}},{"type":"Feature","properties":{"altura_m":3.0,"origen_altura":"osm_altura"},"geometry":{"type":"Polygon","coordinates":[[[-73.249387,10.479381],[-73.249497,10.479321],[-73.249535,10.479391],[-73.249439,10.47945],[-73.249387,10.479381]]]}},{"type":"Feature","properties":{"altura_m":3.0,"origen_altura":"osm_altura"},"geometry":{"type":"Polygon","coordinates":[[[-73.249558,10.479429],[-73.249497,10.479321],[-73.249563,10.479277],[-73.249584,10.47931],[-73.249557,10.479329],[-73.249608,10.479413],[-73.249558,10.479429]]]}},{"type":"Feature","properties":{"altura_m":6.0,"origen_altura":"osm_altura"},"geometry":{"type":"Polygon","coordinates":[[[-73.249773,10.479372],[-73.249662,10.479442],[-73.249563,10.479277],[-73.249664,10.479211],[-73.249773,10.479372]]]}},{"type":"Feature","properties":{"altura_m":3.0,"origen_altura":"osm_altura"},"geometry":{"type":"Polygon","coordinates":[[[-73.249858,10.479279],[-73.249752,10.479341],[-73.24967,10.479219],[-73.249778,10.479166],[-73.249858,10.479279]]]}},{"type":"Feature","properties":{"altura_m":3.5,"origen_altura":"provisional"},"geometry":{"type":"Polygon","coordinates":[[[-73.250692,10.478639],[-73.250606,10.478698],[-73.250552,10.478626],[-73.250639,10.478563],[-73.250692,10.478639]]]}},{"type":"Feature","properties":{"altura_m":3.0,"origen_altura":"osm_altura"},"geometry":{"type":"Polygon","coordinates":[[[-73.250552,10.478754],[-73.25048,10.478806],[-73.250418,10.478712],[-73.250481,10.478672],[-73.250552,10.478754]]]}},{"type":"Feature","properties":{"altura_m":3.5,"origen_altura":"provisional"},"geometry":{"type":"Polygon","coordinates":[[[-73.250778,10.47925],[-73.250708,10.47929],[-73.250608,10.479168],[-73.250681,10.479104],[-73.250721,10.479145],[-73.250759,10.479198],[-73.250744,10.479207],[-73.250778,10.47925]]]}},{"type":"Feature","properties":{"altura_m":3.0,"origen_altura":"osm_altura"},"geometry":{"type":"Polygon","coordinates":[[[-73.250862,10.478911],[-73.250805,10.478827],[-73.250662,10.478923],[-73.250704,10.478994],[-73.250862,10.478911]]]}},{"type":"Feature","properties":{"altura_m":3.5,"origen_altura":"provisional"},"geometry":{"type":"Polygon","coordinates":[[[-73.246902,10.480503],[-73.246835,10.480553],[-73.246713,10.480369],[-73.24678,10.480323],[-73.246902,10.480503]]]}},{"type":"Feature","properties":{"altura_m":9.0,"origen_altura":"osm_altura"},"geometry":{"type":"Polygon","coordinates":[[[-73.246821,10.48053],[-73.246713,10.480369],[-73.246623,10.480444],[-73.246735,10.480591],[-73.246821,10.48053]]]}},{"type":"Feature","properties":{"altura_m":3.0,"origen_altura":"osm_altura"},"geometry":{"type":"Polygon","coordinates":[[[-73.246623,10.480444],[-73.246569,10.480468],[-73.246676,10.480636],[-73.246735,10.480591],[-73.246623,10.480444]]]}},{"type":"Feature","properties":{"altura_m":3.0,"origen_altura":"osm_altura"},"geometry":{"type":"Polygon","coordinates":[[[-73.246569,10.480468],[-73.246487,10.480526],[-73.246588,10.48069],[-73.246676,10.480636],[-73.246569,10.480468]]]}},{"type":"Feature","properties":{"altura_m":3.0,"origen_altura":"osm_altura"},"geometry":{"type":"Polygon","coordinates":[[[-73.246487,10.480526],[-73.246428,10.480578],[-73.246531,10.480724],[-73.246588,10.48069],[-73.246487,10.480526]]]}},{"type":"Feature","properties":{"altura_m":3.0,"origen_altura":"osm_altura"},"geometry":{"type":"Polygon","coordinates":[[[-73.246428,10.480578],[-73.246361,10.480631],[-73.246462,10.480771],[-73.246531,10.480724],[-73.246428,10.480578]]]}},{"type":"Feature","properties":{"altura_m":3.0,"origen_altura":"osm_altura"},"geometry":{"type":"Polygon","coordinates":[[[-73.246361,10.480631],[-73.246248,10.480736],[-73.24633,10.480862],[-73.246462,10.480771],[-73.246361,10.480631]]]}},{"type":"Feature","properties":{"altura_m":3.5,"origen_altura":"provisional"},"geometry":{"type":"Polygon","coordinates":[[[-73.246248,10.480736],[-73.246366,10.480912],[-73.246296,10.480962],[-73.246199,10.480809],[-73.246248,10.480736]]]}},{"type":"Feature","properties":{"altura_m":3.0,"origen_altura":"osm_altura"},"geometry":{"type":"Polygon","coordinates":[[[-73.246366,10.480912],[-73.246466,10.480864],[-73.246533,10.480959],[-73.246362,10.481066],[-73.246296,10.480962],[-73.246366,10.480912]]]}},{"type":"Feature","properties":{"altura_m":3.0,"origen_altura":"osm_altura"},"geometry":{"type":"Polygon","coordinates":[[[-73.246522,10.480944],[-73.246593,10.480887],[-73.246516,10.480771],[-73.24643,10.480825],[-73.246522,10.480944]]]}},{"type":"Feature","properties":{"altura_m":9.0,"origen_altura":"osm_altura"},"geometry":{"type":"Polygon","coordinates":[[[-73.246577,10.480863],[-73.24665,10.480819],[-73.246583,10.480711],[-73.246516,10.480771],[-73.246577,10.480863]]]}},{"type":"Feature","properties":{"altura_m":3.0,"origen_altura":"osm_altura"},"geometry":{"type":"Polygon","coordinates":[[[-73.246664,10.480841],[-73.246741,10.480785],[-73.246658,10.480675],[-73.246583,10.480711],[-73.246664,10.480841]]]}},{"type":"Feature","properties":{"altura_m":3.0,"origen_altura":"osm_altura"},"geometry":{"type":"Polygon","coordinates":[[[-73.246741,10.480785],[-73.246833,10.480734],[-73.246752,10.480614],[-73.246658,10.480675],[-73.246741,10.480785]]]}},{"type":"Feature","properties":{"altura_m":3.0,"origen_altura":"osm_altura"},"geometry":{"type":"Polygon","coordinates":[[[-73.246833,10.480734],[-73.246991,10.480638],[-73.246902,10.480503],[-73.246752,10.480614],[-73.246833,10.480734]]]}},{"type":"Feature","properties":{"altura_m":6.0,"origen_altura":"osm_altura"},"geometry":{"type":"Polygon","coordinates":[[[-73.247526,10.477499],[-73.247455,10.477412],[-73.247534,10.477345],[-73.247605,10.47745],[-73.247526,10.477499]]]}},{"type":"Feature","properties":{"altura_m":6.0,"origen_altura":"osm_altura"},"geometry":{"type":"Polygon","coordinates":[[[-73.247394,10.477548],[-73.247256,10.477321],[-73.247191,10.477377],[-73.247345,10.477588],[-73.247394,10.477548]]]}},{"type":"Feature","properties":{"altura_m":6.0,"origen_altura":"osm_altura"},"geometry":{"type":"Polygon","coordinates":[[[-73.247345,10.477588],[-73.247191,10.477377],[-73.247125,10.477422],[-73.24727,10.477649],[-73.247345,10.477588]]]}},{"type":"Feature","properties":{"altura_m":6.0,"origen_altura":"osm_altura"},"geometry":{"type":"Polygon","coordinates":[[[-73.24727,10.477649],[-73.247125,10.477422],[-73.247022,10.477482],[-73.247189,10.477732],[-73.24727,10.477649]]]}},{"type":"Feature","properties":{"altura_m":3.0,"origen_altura":"osm_altura"},"geometry":{"type":"Polygon","coordinates":[[[-73.247118,10.477793],[-73.246981,10.477583],[-73.247042,10.477515],[-73.247189,10.477732],[-73.247118,10.477793]]]}},{"type":"Feature","properties":{"altura_m":6.0,"origen_altura":"osm_altura"},"geometry":{"type":"Polygon","coordinates":[[[-73.247118,10.477793],[-73.246981,10.477583],[-73.246915,10.477621],[-73.247067,10.477844],[-73.247118,10.477793]]]}},{"type":"Feature","properties":{"altura_m":12.0,"origen_altura":"osm_altura"},"geometry":{"type":"Polygon","coordinates":[[[-73.246611,10.477757],[-73.246876,10.477568],[-73.246735,10.477401],[-73.246488,10.477561],[-73.246611,10.477757]]]}},{"type":"Feature","properties":{"altura_m":3.0,"origen_altura":"osm_altura"},"geometry":{"type":"Polygon","coordinates":[[[-73.247033,10.47706],[-73.247103,10.477018],[-73.247006,10.476839],[-73.247018,10.47683],[-73.246905,10.476676],[-73.246832,10.476724],[-73.247033,10.47706]]]}},{"type":"Feature","properties":{"altura_m":3.0,"origen_altura":"osm_altura"},"geometry":{"type":"Polygon","coordinates":[[[-73.246822,10.477137],[-73.246873,10.477103],[-73.246781,10.476976],[-73.246704,10.476842],[-73.246646,10.476882],[-73.246822,10.477137]]]}},{"type":"Feature","properties":{"altura_m":3.0,"origen_altura":"osm_altura"},"geometry":{"type":"Polygon","coordinates":[[[-73.246752,10.477123],[-73.246601,10.476918],[-73.246545,10.476955],[-73.246687,10.477171],[-73.246752,10.477123]]]}},{"type":"Feature","properties":{"altura_m":6.0,"origen_altura":"osm_altura"},"geometry":{"type":"Polygon","coordinates":[[[-73.247759,10.48012],[-73.247698,10.480154],[-73.247586,10.480007],[-73.247664,10.479963],[-73.247759,10.48012]]]}},{"type":"Feature","properties":{"altura_m":6.0,"origen_altura":"osm_altura"},"geometry":{"type":"Polygon","coordinates":[[[-73.247698,10.480154],[-73.247631,10.48021],[-73.247534,10.480079],[-73.247595,10.480018],[-73.247698,10.480154]]]}},{"type":"Feature","properties":{"altura_m":3.0,"origen_altura":"osm_altura"},"geometry":{"type":"Polygon","coordinates":[[[-73.247075,10.480132],[-73.246984,10.480214],[-73.247051,10.480318],[-73.247156,10.480247],[-73.247075,10.480132]]]}},{"type":"Feature","properties":{"altura_m":6.0,"origen_altura":"osm_altura"},"geometry":{"type":"Polygon","coordinates":[[[-73.247533,10.479847],[-73.247428,10.479913],[-73.247489,10.480042],[-73.247614,10.479967],[-73.247533,10.479847]]]}},{"type":"Feature","properties":{"altura_m":3.0,"origen_altura":"osm_altura"},"geometry":{"type":"Polygon","coordinates":[[[-73.247533,10.479847],[-73.247594,10.479807],[-73.247683,10.47994],[-73.247614,10.479967],[-73.247533,10.479847]]]}},{"type":"Feature","properties":{"altura_m":3.0,"origen_altura":"osm_altura"},"geometry":{"type":"Polygon","coordinates":[[[-73.248048,10.479789],[-73.247872,10.479933],[-73.247833,10.479882],[-73.247837,10.479841],[-73.248006,10.479733],[-73.248048,10.479789]]]}},{"type":"Feature","properties":{"altura_m":3.0,"origen_altura":"osm_altura"},"geometry":{"type":"Polygon","coordinates":[[[-73.248048,10.479789],[-73.248085,10.479842],[-73.247961,10.479937],[-73.247872,10.47998],[-73.24785,10.479952],[-73.248048,10.479789]]]}},{"type":"Feature","properties":{"altura_m":3.0,"origen_altura":"osm_altura"},"geometry":{"type":"Polygon","coordinates":[[[-73.247028,10.479611],[-73.246922,10.479666],[-73.24696,10.479811],[-73.247079,10.479764],[-73.247028,10.479611]]]}},{"type":"Feature","properties":{"altura_m":3.0,"origen_altura":"osm_altura"},"geometry":{"type":"Polygon","coordinates":[[[-73.246845,10.479698],[-73.246758,10.479732],[-73.246812,10.479858],[-73.246888,10.479822],[-73.246845,10.479698]]]}},{"type":"Feature","properties":{"altura_m":3.0,"origen_altura":"osm_altura"},"geometry":{"type":"Polygon","coordinates":[[[-73.246752,10.479734],[-73.246669,10.479769],[-73.246725,10.479904],[-73.246807,10.479861],[-73.246752,10.479734]]]}},{"type":"Feature","properties":{"altura_m":9.0,"origen_altura":"osm_altura"},"geometry":{"type":"Polygon","coordinates":[[[-73.24672,10.479907],[-73.246644,10.479947],[-73.246556,10.479821],[-73.246663,10.47977],[-73.24672,10.479907]]]}},{"type":"Feature","properties":{"altura_m":3.0,"origen_altura":"osm_altura"},"geometry":{"type":"Polygon","coordinates":[[[-73.246646,10.479955],[-73.246684,10.480009],[-73.24685,10.479926],[-73.246825,10.479859],[-73.246646,10.479955]]]}},{"type":"Feature","properties":{"altura_m":3.0,"origen_altura":"osm_altura"},"geometry":{"type":"Polygon","coordinates":[[[-73.249053,10.479407],[-73.248933,10.479475],[-73.248849,10.479299],[-73.248944,10.479242],[-73.249053,10.479407]]]}},{"type":"Feature","properties":{"altura_m":3.0,"origen_altura":"osm_altura"},"geometry":{"type":"Polygon","coordinates":[[[-73.248849,10.479299],[-73.248795,10.479216],[-73.248881,10.479156],[-73.248944,10.479242],[-73.248849,10.479299]]]}},{"type":"Feature","properties":{"altura_m":3.0,"origen_altura":"osm_altura"},"geometry":{"type":"Polygon","coordinates":[[[-73.248795,10.479216],[-73.248739,10.479146],[-73.24883,10.479082],[-73.248881,10.479156],[-73.248795,10.479216]]]}},{"type":"Feature","properties":{"altura_m":3.0,"origen_altura":"osm_altura"},"geometry":{"type":"Polygon","coordinates":[[[-73.24883,10.479082],[-73.24879,10.479031],[-73.248659,10.479124],[-73.248693,10.479181],[-73.24883,10.479082]]]}},{"type":"Feature","properties":{"altura_m":3.0,"origen_altura":"osm_altura"},"geometry":{"type":"Polygon","coordinates":[[[-73.24879,10.479031],[-73.24875,10.478981],[-73.248612,10.479058],[-73.248659,10.479124],[-73.24879,10.479031]]]}},{"type":"Feature","properties":{"altura_m":3.0,"origen_altura":"osm_altura"},"geometry":{"type":"Polygon","coordinates":[[[-73.24875,10.478981],[-73.24872,10.478933],[-73.248584,10.479012],[-73.248612,10.479058],[-73.24875,10.478981]]]}},{"type":"Feature","properties":{"altura_m":6.0,"origen_altura":"osm_altura"},"geometry":{"type":"Polygon","coordinates":[[[-73.248607,10.478998],[-73.248579,10.478938],[-73.248688,10.478882],[-73.24872,10.478933],[-73.248607,10.478998]]]}},{"type":"Feature","properties":{"altura_m":3.0,"origen_altura":"osm_altura"},"geometry":{"type":"Polygon","coordinates":[[[-73.248688,10.478882],[-73.248658,10.478843],[-73.248559,10.478896],[-73.248588,10.478934],[-73.248688,10.478882]]]}},{"type":"Feature","properties":{"altura_m":3.0,"origen_altura":"osm_altura"},"geometry":{"type":"Polygon","coordinates":[[[-73.248555,10.479026],[-73.248505,10.47892],[-73.248559,10.478896],[-73.248607,10.478998],[-73.248555,10.479026]]]}},{"type":"Feature","properties":{"altura_m":3.0,"origen_altura":"osm_altura"},"geometry":{"type":"Polygon","coordinates":[[[-73.248505,10.47892],[-73.248461,10.478943],[-73.248514,10.479057],[-73.248555,10.479026],[-73.248505,10.47892]]]}},{"type":"Feature","properties":{"altura_m":3.0,"origen_altura":"osm_altura"},"geometry":{"type":"Polygon","coordinates":[[[-73.248461,10.478943],[-73.248357,10.478994],[-73.248417,10.47913],[-73.248514,10.479057],[-73.248461,10.478943]]]}},{"type":"Feature","properties":{"altura_m":3.0,"origen_altura":"osm_altura"},"geometry":{"type":"Polygon","coordinates":[[[-73.248357,10.478994],[-73.248296,10.47903],[-73.248364,10.479163],[-73.248417,10.47913],[-73.248357,10.478994]]]}},{"type":"Feature","properties":{"altura_m":3.0,"origen_altura":"osm_altura"},"geometry":{"type":"Polygon","coordinates":[[[-73.248296,10.47903],[-73.248192,10.479078],[-73.248302,10.479291],[-73.248411,10.479233],[-73.248296,10.47903]]]}},{"type":"Feature","properties":{"altura_m":6.0,"origen_altura":"osm_altura"},"geometry":{"type":"Polygon","coordinates":[[[-73.248166,10.479256],[-73.248097,10.479126],[-73.248192,10.479078],[-73.24824,10.479155],[-73.248182,10.479183],[-73.248208,10.479233],[-73.248166,10.479256]]]}},{"type":"Feature","properties":{"altura_m":3.0,"origen_altura":"osm_altura"},"geometry":{"type":"Polygon","coordinates":[[[-73.248097,10.479126],[-73.248031,10.479167],[-73.248165,10.47941],[-73.248229,10.479371],[-73.248097,10.479126]]]}},{"type":"Feature","properties":{"altura_m":6.0,"origen_altura":"osm_altura"},"geometry":{"type":"Polygon","coordinates":[[[-73.248137,10.479359],[-73.248056,10.479401],[-73.247935,10.479198],[-73.248023,10.479159],[-73.248137,10.479359]]]}},{"type":"Feature","properties":{"altura_m":3.0,"origen_altura":"osm_altura"},"geometry":{"type":"Polygon","coordinates":[[[-73.248,10.479308],[-73.247943,10.479337],[-73.247893,10.479232],[-73.247935,10.479198],[-73.248,10.479308]]]}},{"type":"Feature","properties":{"altura_m":3.0,"origen_altura":"osm_altura"},"geometry":{"type":"Polygon","coordinates":[[[-73.247861,10.47938],[-73.247934,10.479488],[-73.248058,10.479411],[-73.248,10.479308],[-73.247861,10.47938]]]}},{"type":"Feature","properties":{"altura_m":3.5,"origen_altura":"provisional"},"geometry":{"type":"Polygon","coordinates":[[[-73.247934,10.479488],[-73.248012,10.479577],[-73.248188,10.47946],[-73.248137,10.479359],[-73.247934,10.479488]]]}},{"type":"Feature","properties":{"altura_m":3.0,"origen_altura":"osm_altura"},"geometry":{"type":"Polygon","coordinates":[[[-73.248075,10.479648],[-73.248012,10.479577],[-73.248188,10.47946],[-73.248246,10.479522],[-73.248075,10.479648]]]}},{"type":"Feature","properties":{"altura_m":6.0,"origen_altura":"osm_altura"},"geometry":{"type":"Polygon","coordinates":[[[-73.248075,10.479648],[-73.248128,10.479742],[-73.248347,10.479598],[-73.248281,10.479492],[-73.248075,10.479648]]]}},{"type":"Feature","properties":{"altura_m":3.0,"origen_altura":"osm_altura"},"geometry":{"type":"Polygon","coordinates":[[[-73.248128,10.479742],[-73.248157,10.479776],[-73.248336,10.479647],[-73.248313,10.47962],[-73.248128,10.479742]]]}},{"type":"Feature","properties":{"altura_m":3.0,"origen_altura":"osm_altura"},"geometry":{"type":"Polygon","coordinates":[[[-73.248157,10.479776],[-73.248185,10.479816],[-73.248335,10.479702],[-73.248307,10.479668],[-73.248157,10.479776]]]}},{"type":"Feature","properties":{"altura_m":3.5,"origen_altura":"provisional"},"geometry":{"type":"Polygon","coordinates":[[[-73.248292,10.479735],[-73.248335,10.479811],[-73.248236,10.479875],[-73.248185,10.479816],[-73.248292,10.479735]]]}},{"type":"Feature","properties":{"altura_m":6.0,"origen_altura":"osm_altura"},"geometry":{"type":"Polygon","coordinates":[[[-73.248335,10.479811],[-73.248397,10.479776],[-73.248344,10.479696],[-73.248292,10.479735],[-73.248335,10.479811]]]}},{"type":"Feature","properties":{"altura_m":6.0,"origen_altura":"osm_altura"},"geometry":{"type":"Polygon","coordinates":[[[-73.248397,10.479776],[-73.248453,10.479741],[-73.248392,10.479652],[-73.248344,10.479696],[-73.248397,10.479776]]]}},{"type":"Feature","properties":{"altura_m":3.0,"origen_altura":"osm_altura"},"geometry":{"type":"Polygon","coordinates":[[[-73.248469,10.479753],[-73.248542,10.479701],[-73.248435,10.479566],[-73.248366,10.479601],[-73.248469,10.479753]]]}},{"type":"Feature","properties":{"altura_m":3.0,"origen_altura":"osm_altura"},"geometry":{"type":"Polygon","coordinates":[[[-73.248542,10.479701],[-73.248628,10.479654],[-73.248532,10.4795],[-73.248444,10.479578],[-73.248542,10.479701]]]}},{"type":"Feature","properties":{"altura_m":3.0,"origen_altura":"osm_altura"},"geometry":{"type":"Polygon","coordinates":[[[-73.248628,10.479654],[-73.248713,10.479602],[-73.248603,10.479423],[-73.248518,10.479484],[-73.248628,10.479654]]]}},{"type":"Feature","properties":{"altura_m":3.0,"origen_altura":"osm_altura"},"geometry":{"type":"Polygon","coordinates":[[[-73.248713,10.479602],[-73.248831,10.479534],[-73.248645,10.479267],[-73.248524,10.479335],[-73.248713,10.479602]]]}},{"type":"Feature","properties":{"altura_m":3.0,"origen_altura":"osm_altura"},"geometry":{"type":"Polygon","coordinates":[[[-73.248831,10.479534],[-73.24888,10.4795],[-73.248788,10.479351],[-73.248727,10.479384],[-73.248831,10.479534]]]}},{"type":"Feature","properties":{"altura_m":3.0,"origen_altura":"osm_altura"},"geometry":{"type":"Polygon","coordinates":[[[-73.24888,10.4795],[-73.248933,10.479475],[-73.248849,10.479299],[-73.248788,10.479351],[-73.24888,10.4795]]]}},{"type":"Feature","properties":{"altura_m":3.0,"origen_altura":"osm_altura"},"geometry":{"type":"Polygon","coordinates":[[[-73.249687,10.479066],[-73.249555,10.478873],[-73.249762,10.478727],[-73.249903,10.47893],[-73.249687,10.479066]]]}},{"type":"Feature","properties":{"altura_m":3.0,"origen_altura":"osm_altura"},"geometry":{"type":"Polygon","coordinates":[[[-73.249762,10.478727],[-73.249678,10.478625],[-73.249579,10.478705],[-73.249606,10.478743],[-73.24956,10.478775],[-73.249606,10.478837],[-73.249762,10.478727]]]}},{"type":"Feature","properties":{"altura_m":6.0,"origen_altura":"osm_altura"},"geometry":{"type":"Polygon","coordinates":[[[-73.249678,10.478625],[-73.249623,10.478562],[-73.249511,10.478626],[-73.249579,10.478705],[-73.249678,10.478625]]]}},{"type":"Feature","properties":{"altura_m":3.0,"origen_altura":"osm_altura"},"geometry":{"type":"Polygon","coordinates":[[[-73.249623,10.478562],[-73.249588,10.478515],[-73.24946,10.478585],[-73.249495,10.478634],[-73.249623,10.478562]]]}},{"type":"Feature","properties":{"altura_m":3.0,"origen_altura":"osm_altura"},"geometry":{"type":"Polygon","coordinates":[[[-73.249588,10.478515],[-73.249521,10.478434],[-73.249425,10.478494],[-73.24946,10.478585],[-73.249588,10.478515]]]}},{"type":"Feature","properties":{"altura_m":9.0,"origen_altura":"osm_altura"},"geometry":{"type":"Polygon","coordinates":[[[-73.249288,10.478541],[-73.249208,10.478574],[-73.249333,10.478755],[-73.2494,10.478727],[-73.249288,10.478541]]]}},{"type":"Feature","properties":{"altura_m":3.0,"origen_altura":"osm_altura"},"geometry":{"type":"Polygon","coordinates":[[[-73.249208,10.478574],[-73.249184,10.478602],[-73.249307,10.478804],[-73.249333,10.478755],[-73.249208,10.478574]]]}},{"type":"Feature","properties":{"altura_m":3.0,"origen_altura":"osm_altura"},"geometry":{"type":"Polygon","coordinates":[[[-73.249078,10.478896],[-73.248897,10.478982],[-73.248771,10.478806],[-73.248957,10.478708],[-73.249078,10.478896]]]}},{"type":"Feature","properties":{"altura_m":3.0,"origen_altura":"osm_altura"},"geometry":{"type":"Polygon","coordinates":[[[-73.249185,10.478828],[-73.249086,10.478655],[-73.248957,10.478708],[-73.249084,10.478903],[-73.249185,10.478828]]]}},{"type":"Feature","properties":{"altura_m":3.0,"origen_altura":"osm_altura"},"geometry":{"type":"Polygon","coordinates":[[[-73.24966,10.479025],[-73.249567,10.479084],[-73.249439,10.478888],[-73.249522,10.478832],[-73.24966,10.479025]]]}},{"type":"Feature","properties":{"altura_m":3.5,"origen_altura":"provisional"},"geometry":{"type":"Polygon","coordinates":[[[-73.249567,10.479084],[-73.249463,10.479142],[-73.249345,10.478917],[-73.249439,10.478888],[-73.249567,10.479084]]]}},{"type":"Feature","properties":{"altura_m":3.0,"origen_altura":"osm_altura"},"geometry":{"type":"Polygon","coordinates":[[[-73.249463,10.479142],[-73.249357,10.47919],[-73.249224,10.478967],[-73.249345,10.478917],[-73.249463,10.479142]]]}},{"type":"Feature","properties":{"altura_m":3.0,"origen_altura":"osm_altura"},"geometry":{"type":"Polygon","coordinates":[[[-73.249357,10.47919],[-73.249165,10.479314],[-73.249053,10.479181],[-73.249273,10.479049],[-73.249357,10.47919]]]}},{"type":"Feature","properties":{"altura_m":3.0,"origen_altura":"osm_altura"},"geometry":{"type":"Polygon","coordinates":[[[-73.249053,10.479181],[-73.248978,10.479091],[-73.249177,10.478964],[-73.249247,10.479065],[-73.249053,10.479181]]]}},{"type":"Feature","properties":{"altura_m":12.0,"origen_altura":"osm_altura"},"geometry":{"type":"Polygon","coordinates":[[[-73.248978,10.479091],[-73.248897,10.478982],[-73.24912,10.478877],[-73.249177,10.478964],[-73.248978,10.479091]]]}},{"type":"Feature","properties":{"altura_m":3.0,"origen_altura":"osm_altura"},"geometry":{"type":"Polygon","coordinates":[[[-73.249086,10.478655],[-73.249184,10.478602],[-73.249293,10.478781],[-73.249202,10.478845],[-73.249086,10.478655]]]}},{"type":"Feature","properties":{"altura_m":3.0,"origen_altura":"osm_altura"},"geometry":{"type":"Polygon","coordinates":[[[-73.2494,10.478727],[-73.249453,10.478687],[-73.249348,10.478518],[-73.249288,10.478541],[-73.2494,10.478727]]]}},{"type":"Feature","properties":{"altura_m":3.0,"origen_altura":"osm_altura"},"geometry":{"type":"Polygon","coordinates":[[[-73.24946,10.478585],[-73.249409,10.478617],[-73.249348,10.478518],[-73.249418,10.478476],[-73.24946,10.478585]]]}},{"type":"Feature","properties":{"altura_m":6.0,"origen_altura":"osm_altura"},"geometry":{"type":"Polygon","coordinates":[[[-73.250564,10.478484],[-73.250424,10.478585],[-73.250366,10.478503],[-73.25042,10.478469],[-73.250364,10.478393],[-73.250467,10.47832],[-73.250564,10.478484]]]}},{"type":"Feature","properties":{"altura_m":3.0,"origen_altura":"osm_altura"},"geometry":{"type":"Polygon","coordinates":[[[-73.250424,10.478258],[-73.250387,10.478191],[-73.250247,10.478291],[-73.250303,10.47833],[-73.250424,10.478258]]]}},{"type":"Feature","properties":{"altura_m":3.0,"origen_altura":"osm_altura"},"geometry":{"type":"Polygon","coordinates":[[[-73.250387,10.478191],[-73.250318,10.478124],[-73.250178,10.478209],[-73.25023,10.478284],[-73.250387,10.478191]]]}},{"type":"Feature","properties":{"altura_m":3.0,"origen_altura":"osm_altura"},"geometry":{"type":"Polygon","coordinates":[[[-73.250198,10.478084],[-73.250131,10.478126],[-73.250188,10.478203],[-73.25025,10.478163],[-73.250198,10.478084]]]}},{"type":"Feature","properties":{"altura_m":6.0,"origen_altura":"osm_altura"},"geometry":{"type":"Polygon","coordinates":[[[-73.250012,10.478191],[-73.249941,10.478226],[-73.250026,10.478345],[-73.250083,10.478319],[-73.250012,10.478191]]]}},{"type":"Feature","properties":{"altura_m":3.0,"origen_altura":"osm_altura"},"geometry":{"type":"Polygon","coordinates":[[[-73.249887,10.478261],[-73.249805,10.478294],[-73.249887,10.478424],[-73.249965,10.478379],[-73.249887,10.478261]]]}},{"type":"Feature","properties":{"altura_m":3.5,"origen_altura":"provisional"},"geometry":{"type":"Polygon","coordinates":[[[-73.249805,10.478294],[-73.249657,10.478367],[-73.249718,10.478443],[-73.24985,10.47837],[-73.249805,10.478294]]]}},{"type":"Feature","properties":{"altura_m":3.0,"origen_altura":"osm_altura"},"geometry":{"type":"Polygon","coordinates":[[[-73.249718,10.478443],[-73.249768,10.478517],[-73.249887,10.478424],[-73.24985,10.47837],[-73.249718,10.478443]]]}},{"type":"Feature","properties":{"altura_m":3.0,"origen_altura":"osm_altura"},"geometry":{"type":"Polygon","coordinates":[[[-73.249768,10.478517],[-73.249814,10.478583],[-73.249947,10.478507],[-73.249887,10.478424],[-73.249768,10.478517]]]}},{"type":"Feature","properties":{"altura_m":3.0,"origen_altura":"osm_altura"},"geometry":{"type":"Polygon","coordinates":[[[-73.249814,10.478583],[-73.249879,10.478661],[-73.250004,10.478566],[-73.249947,10.478507],[-73.249814,10.478583]]]}},{"type":"Feature","properties":{"altura_m":3.0,"origen_altura":"osm_altura"},"geometry":{"type":"Polygon","coordinates":[[[-73.243031,10.475262],[-73.243013,10.475232],[-73.242996,10.475248],[-73.242948,10.475172],[-73.243135,10.47502],[-73.243205,10.475139],[-73.243031,10.475262]]]}},{"type":"Feature","properties":{"altura_m":6.0,"origen_altura":"osm_altura"},"geometry":{"type":"Polygon","coordinates":[[[-73.243127,10.475015],[-73.24309,10.474947],[-73.242891,10.475096],[-73.242944,10.475171],[-73.243127,10.475015]]]}},{"type":"Feature","properties":{"altura_m":3.0,"origen_altura":"osm_altura"},"geometry":{"type":"Polygon","coordinates":[[[-73.243093,10.474937],[-73.243003,10.474793],[-73.242741,10.474966],[-73.24281,10.475067],[-73.242855,10.475032],[-73.24289,10.475089],[-73.243093,10.474937]]]}},{"type":"Feature","properties":{"altura_m":3.0,"origen_altura":"osm_altura"},"geometry":{"type":"Polygon","coordinates":[[[-73.242689,10.475001],[-73.24256,10.47509],[-73.242715,10.47529],[-73.242786,10.475222],[-73.242797,10.475236],[-73.242839,10.475199],[-73.242689,10.475001]]]}},{"type":"Feature","properties":{"altura_m":3.0,"origen_altura":"osm_altura"},"geometry":{"type":"Polygon","coordinates":[[[-73.242527,10.475115],[-73.242382,10.475211],[-73.242465,10.47532],[-73.242482,10.475301],[-73.242517,10.475357],[-73.242652,10.475252],[-73.242607,10.475193],[-73.24254,10.475234],[-73.242496,10.475168],[-73.242546,10.475138],[-73.242527,10.475115]]]}},{"type":"Feature","properties":{"altura_m":6.0,"origen_altura":"osm_altura"},"geometry":{"type":"Polygon","coordinates":[[[-73.242584,10.475368],[-73.242608,10.475347],[-73.242592,10.475328],[-73.242511,10.475389],[-73.242569,10.475468],[-73.242719,10.475341],[-73.24267,10.475269],[-73.242637,10.475293],[-73.24267,10.475336],[-73.2426,10.475389],[-73.242584,10.475368]]]}},{"type":"Feature","properties":{"altura_m":3.0,"origen_altura":"osm_altura"},"geometry":{"type":"Polygon","coordinates":[[[-73.243331,10.4753],[-73.243287,10.475224],[-73.243238,10.475264],[-73.243249,10.475288],[-73.243234,10.4753],[-73.24324,10.475308],[-73.243223,10.475311],[-73.243189,10.475333],[-73.243218,10.475386],[-73.243331,10.4753]]]}},{"type":"Feature","properties":{"altura_m":3.0,"origen_altura":"osm_altura"},"geometry":{"type":"Polygon","coordinates":[[[-73.243271,10.475217],[-73.243244,10.475176],[-73.243117,10.475284],[-73.243154,10.475324],[-73.243271,10.475217]]]}},{"type":"Feature","properties":{"altura_m":6.0,"origen_altura":"osm_altura"},"geometry":{"type":"Polygon","coordinates":[[[-73.243346,10.475321],[-73.24339,10.475389],[-73.243376,10.475401],[-73.243395,10.475427],[-73.243365,10.475452],[-73.243294,10.475354],[-73.243346,10.475321]]]}},{"type":"Feature","properties":{"altura_m":3.0,"origen_altura":"osm_altura"},"geometry":{"type":"Polygon","coordinates":[[[-73.243286,10.475363],[-73.243239,10.475396],[-73.243368,10.475532],[-73.243437,10.475463],[-73.24341,10.475422],[-73.243361,10.475459],[-73.243286,10.475363]]]}},{"type":"Feature","properties":{"altura_m":6.0,"origen_altura":"osm_altura"},"geometry":{"type":"Polygon","coordinates":[[[-73.243354,10.475547],[-73.243314,10.475588],[-73.243248,10.475529],[-73.243268,10.475506],[-73.243225,10.475454],[-73.243246,10.475428],[-73.243354,10.475547]]]}},{"type":"Feature","properties":{"altura_m":6.0,"origen_altura":"osm_altura"},"geometry":{"type":"Polygon","coordinates":[[[-73.2433,10.475596],[-73.243258,10.475642],[-73.243123,10.475509],[-73.243141,10.47549],[-73.243094,10.475438],[-73.243109,10.47543],[-73.243147,10.475469],[-73.243156,10.475462],[-73.2433,10.475596]]]}},{"type":"Feature","properties":{"altura_m":6.0,"origen_altura":"osm_altura"},"geometry":{"type":"Polygon","coordinates":[[[-73.243235,10.475655],[-73.243107,10.475777],[-73.243009,10.475675],[-73.243035,10.47565],[-73.243105,10.475725],[-73.243176,10.475663],[-73.243063,10.475546],[-73.243101,10.475505],[-73.243235,10.475655]]]}},{"type":"Feature","properties":{"altura_m":6.0,"origen_altura":"osm_altura"},"geometry":{"type":"Polygon","coordinates":[[[-73.243086,10.475802],[-73.243017,10.475727],[-73.242937,10.475798],[-73.24296,10.475834],[-73.242941,10.475861],[-73.242906,10.475828],[-73.242853,10.475859],[-73.242937,10.475964],[-73.243086,10.475802]]]}},{"type":"Feature","properties":{"altura_m":6.0,"origen_altura":"osm_altura"},"geometry":{"type":"Polygon","coordinates":[[[-73.242838,10.475837],[-73.242774,10.475751],[-73.24282,10.475713],[-73.242852,10.475755],[-73.242863,10.47575],[-73.242898,10.475793],[-73.242838,10.475837]]]}},{"type":"Feature","properties":{"altura_m":6.0,"origen_altura":"osm_altura"},"geometry":{"type":"Polygon","coordinates":[[[-73.242818,10.475684],[-73.242755,10.475735],[-73.242707,10.475672],[-73.242845,10.475573],[-73.242861,10.475605],[-73.242798,10.475649],[-73.242818,10.475684]]]}},{"type":"Feature","properties":{"altura_m":6.0,"origen_altura":"osm_altura"},"geometry":{"type":"Polygon","coordinates":[[[-73.242912,10.475505],[-73.24286,10.475428],[-73.24264,10.475579],[-73.2427,10.475655],[-73.242912,10.475505]]]}},{"type":"Feature","properties":{"altura_m":3.0,"origen_altura":"osm_altura"},"geometry":{"type":"Polygon","coordinates":[[[-73.242654,10.475421],[-73.242577,10.475477],[-73.24264,10.475559],[-73.242764,10.475459],[-73.242727,10.475418],[-73.242681,10.475451],[-73.242654,10.475421]]]}},{"type":"Feature","properties":{"altura_m":3.0,"origen_altura":"osm_altura"},"geometry":{"type":"Polygon","coordinates":[[[-73.247911,10.47791],[-73.247851,10.47782],[-73.247641,10.477981],[-73.247677,10.478035],[-73.247691,10.478077],[-73.247911,10.47791]]]}},{"type":"Feature","properties":{"altura_m":3.5,"origen_altura":"provisional"},"geometry":{"type":"Polygon","coordinates":[[[-73.247851,10.47782],[-73.247705,10.477619],[-73.247491,10.477758],[-73.247641,10.477981],[-73.247851,10.47782]]]}},{"type":"Feature","properties":{"altura_m":6.0,"origen_altura":"osm_altura"},"geometry":{"type":"Polygon","coordinates":[[[-73.247491,10.477758],[-73.247339,10.477852],[-73.247523,10.478129],[-73.247677,10.478035],[-73.247491,10.477758]]]}},{"type":"Feature","properties":{"altura_m":3.0,"origen_altura":"osm_altura"},"geometry":{"type":"Polygon","coordinates":[[[-73.247339,10.477852],[-73.247266,10.477885],[-73.247403,10.478084],[-73.247471,10.478044],[-73.247339,10.477852]]]}},{"type":"Feature","properties":{"altura_m":3.0,"origen_altura":"osm_altura"},"geometry":{"type":"Polygon","coordinates":[[[-73.247266,10.477885],[-73.247208,10.47794],[-73.247327,10.478116],[-73.247403,10.478084],[-73.247266,10.477885]]]}},{"type":"Feature","properties":{"altura_m":3.0,"origen_altura":"osm_altura"},"geometry":{"type":"Polygon","coordinates":[[[-73.247208,10.47794],[-73.247151,10.477985],[-73.247256,10.478162],[-73.247327,10.478116],[-73.247208,10.47794]]]}},{"type":"Feature","properties":{"altura_m":3.0,"origen_altura":"osm_altura"},"geometry":{"type":"Polygon","coordinates":[[[-73.247151,10.477985],[-73.247073,10.478037],[-73.247185,10.478209],[-73.247256,10.478162],[-73.247151,10.477985]]]}},{"type":"Feature","properties":{"altura_m":3.0,"origen_altura":"osm_altura"},"geometry":{"type":"Polygon","coordinates":[[[-73.247073,10.478037],[-73.246997,10.478088],[-73.247114,10.478238],[-73.247185,10.478209],[-73.247073,10.478037]]]}},{"type":"Feature","properties":{"altura_m":3.0,"origen_altura":"osm_altura"},"geometry":{"type":"Polygon","coordinates":[[[-73.247094,10.478213],[-73.247004,10.47827],[-73.246901,10.478138],[-73.246997,10.478088],[-73.247094,10.478213]]]}},{"type":"Feature","properties":{"altura_m":2.0,"origen_altura":"osm_altura"},"geometry":{"type":"Polygon","coordinates":[[[-73.247004,10.47827],[-73.247099,10.478387],[-73.247394,10.478187],[-73.247327,10.478116],[-73.247185,10.478209],[-73.247114,10.478238],[-73.247094,10.478213],[-73.247004,10.47827]]]}},{"type":"Feature","properties":{"altura_m":3.0,"origen_altura":"osm_altura"},"geometry":{"type":"Polygon","coordinates":[[[-73.247099,10.478387],[-73.247168,10.478466],[-73.247439,10.478271],[-73.247394,10.478187],[-73.247099,10.478387]]]}},{"type":"Feature","properties":{"altura_m":3.5,"origen_altura":"provisional"},"geometry":{"type":"Polygon","coordinates":[[[-73.247168,10.478466],[-73.247227,10.478539],[-73.247511,10.478357],[-73.247439,10.478271],[-73.247168,10.478466]]]}},{"type":"Feature","properties":{"altura_m":3.5,"origen_altura":"provisional"},"geometry":{"type":"Polygon","coordinates":[[[-73.247227,10.478539],[-73.247315,10.478638],[-73.247734,10.478352],[-73.247666,10.478275],[-73.247511,10.478357],[-73.247227,10.478539]]]}},{"type":"Feature","properties":{"altura_m":3.0,"origen_altura":"osm_altura"},"geometry":{"type":"Polygon","coordinates":[[[-73.247315,10.478638],[-73.247379,10.478732],[-73.247549,10.478622],[-73.247523,10.478591],[-73.247433,10.478639],[-73.247395,10.478584],[-73.247315,10.478638]]]}},{"type":"Feature","properties":{"altura_m":3.0,"origen_altura":"osm_altura"},"geometry":{"type":"Polygon","coordinates":[[[-73.247549,10.478622],[-73.247809,10.478471],[-73.247888,10.478601],[-73.247663,10.478739],[-73.247745,10.478834],[-73.247725,10.478852],[-73.24754,10.478954],[-73.247379,10.478732],[-73.247549,10.478622]]]}},{"type":"Feature","properties":{"altura_m":3.0,"origen_altura":"osm_altura"},"geometry":{"type":"Polygon","coordinates":[[[-73.24754,10.478954],[-73.247596,10.47904],[-73.247773,10.478934],[-73.247725,10.478852],[-73.24754,10.478954]]]}},{"type":"Feature","properties":{"altura_m":3.0,"origen_altura":"osm_altura"},"geometry":{"type":"Polygon","coordinates":[[[-73.247596,10.47904],[-73.247628,10.479082],[-73.247802,10.47898],[-73.247773,10.478934],[-73.247596,10.47904]]]}},{"type":"Feature","properties":{"altura_m":3.0,"origen_altura":"osm_altura"},"geometry":{"type":"Polygon","coordinates":[[[-73.24779,10.479139],[-73.247717,10.479032],[-73.247628,10.479082],[-73.247704,10.479182],[-73.24779,10.479139]]]}},{"type":"Feature","properties":{"altura_m":3.0,"origen_altura":"osm_altura"},"geometry":{"type":"Polygon","coordinates":[[[-73.24779,10.479139],[-73.247873,10.479092],[-73.247802,10.47898],[-73.247717,10.479032],[-73.24779,10.479139]]]}},{"type":"Feature","properties":{"altura_m":3.0,"origen_altura":"osm_altura"},"geometry":{"type":"Polygon","coordinates":[[[-73.247873,10.479092],[-73.247971,10.479042],[-73.247807,10.478788],[-73.247725,10.478852],[-73.247873,10.479092]]]}},{"type":"Feature","properties":{"altura_m":3.0,"origen_altura":"osm_altura"},"geometry":{"type":"Polygon","coordinates":[[[-73.248298,10.478872],[-73.248427,10.47882],[-73.248344,10.478665],[-73.24833,10.478672],[-73.2483,10.478629],[-73.248188,10.478676],[-73.248298,10.478872]]]}},{"type":"Feature","properties":{"altura_m":3.5,"origen_altura":"provisional"},"geometry":{"type":"Polygon","coordinates":[[[-73.248467,10.477069],[-73.248499,10.477144],[-73.248413,10.477194],[-73.248391,10.477112],[-73.248467,10.477069]]]}},{"type":"Feature","properties":{"altura_m":3.0,"origen_altura":"osm_altura"},"geometry":{"type":"Polygon","coordinates":[[[-73.248413,10.477194],[-73.248307,10.477273],[-73.248263,10.47722],[-73.248391,10.477112],[-73.248413,10.477194]]]}},{"type":"Feature","properties":{"altura_m":15.0,"origen_altura":"osm_altura"},"geometry":{"type":"Polygon","coordinates":[[[-73.24843,10.47746],[-73.248307,10.477273],[-73.248263,10.47722],[-73.248143,10.477294],[-73.248287,10.477548],[-73.24843,10.47746]]]}},{"type":"Feature","properties":{"altura_m":3.5,"origen_altura":"provisional"},"geometry":{"type":"Polygon","coordinates":[[[-73.248165,10.477571],[-73.247935,10.477729],[-73.247794,10.477525],[-73.248027,10.477365],[-73.248165,10.477571]]]}},{"type":"Feature","properties":{"altura_m":3.0,"origen_altura":"osm_altura"},"geometry":{"type":"Polygon","coordinates":[[[-73.247935,10.477729],[-73.248018,10.477826],[-73.248287,10.477646],[-73.248214,10.47754],[-73.247935,10.477729]]]}},{"type":"Feature","properties":{"altura_m":3.0,"origen_altura":"osm_altura"},"geometry":{"type":"Polygon","coordinates":[[[-73.248018,10.477826],[-73.248109,10.477943],[-73.248366,10.477769],[-73.248287,10.477646],[-73.248018,10.477826]]]}},{"type":"Feature","properties":{"altura_m":3.0,"origen_altura":"osm_altura"},"geometry":{"type":"Polygon","coordinates":[[[-73.24885,10.47863],[-73.248735,10.478421],[-73.248544,10.478529],[-73.248689,10.478716],[-73.24885,10.47863]]]}},{"type":"Feature","properties":{"altura_m":3.0,"origen_altura":"osm_altura"},"geometry":{"type":"Polygon","coordinates":[[[-73.248109,10.477943],[-73.248181,10.478036],[-73.24839,10.477873],[-73.248339,10.477787],[-73.248109,10.477943]]]}},{"type":"Feature","properties":{"altura_m":3.0,"origen_altura":"osm_altura"},"geometry":{"type":"Polygon","coordinates":[[[-73.248181,10.478036],[-73.24825,10.478108],[-73.248466,10.477977],[-73.24839,10.477873],[-73.248181,10.478036]]]}},{"type":"Feature","properties":{"altura_m":3.0,"origen_altura":"osm_altura"},"geometry":{"type":"Polygon","coordinates":[[[-73.24825,10.478108],[-73.248339,10.478203],[-73.24856,10.478022],[-73.248492,10.47796],[-73.24825,10.478108]]]}},{"type":"Feature","properties":{"altura_m":3.0,"origen_altura":"osm_altura"},"geometry":{"type":"Polygon","coordinates":[[[-73.248339,10.478203],[-73.248412,10.478291],[-73.24863,10.478129],[-73.24856,10.478022],[-73.248339,10.478203]]]}},{"type":"Feature","properties":{"altura_m":3.0,"origen_altura":"osm_altura"},"geometry":{"type":"Polygon","coordinates":[[[-73.248412,10.478291],[-73.248483,10.478394],[-73.248693,10.478246],[-73.24863,10.478129],[-73.248412,10.478291]]]}},{"type":"Feature","properties":{"altura_m":3.0,"origen_altura":"osm_altura"},"geometry":{"type":"Polygon","coordinates":[[[-73.248483,10.478394],[-73.248544,10.478529],[-73.248735,10.478421],[-73.248644,10.478281],[-73.248483,10.478394]]]}},{"type":"Feature","properties":{"altura_m":3.5,"origen_altura":"provisional"},"geometry":{"type":"Polygon","coordinates":[[[-73.249429,10.478327],[-73.249366,10.478361],[-73.249308,10.478283],[-73.249371,10.478242],[-73.249429,10.478327]]]}},{"type":"Feature","properties":{"altura_m":3.0,"origen_altura":"osm_altura"},"geometry":{"type":"Polygon","coordinates":[[[-73.249366,10.478361],[-73.249304,10.478395],[-73.249248,10.478318],[-73.249308,10.478283],[-73.249366,10.478361]]]}},{"type":"Feature","properties":{"altura_m":6.0,"origen_altura":"osm_altura"},"geometry":{"type":"Polygon","coordinates":[[[-73.249259,10.478334],[-73.249145,10.478405],[-73.249015,10.478214],[-73.249123,10.478137],[-73.249259,10.478334]]]}},{"type":"Feature","properties":{"altura_m":3.0,"origen_altura":"osm_altura"},"geometry":{"type":"Polygon","coordinates":[[[-73.24903,10.478488],[-73.248945,10.478528],[-73.248879,10.478422],[-73.24896,10.47838],[-73.24903,10.478488]]]}},{"type":"Feature","properties":{"altura_m":3.0,"origen_altura":"osm_altura"},"geometry":{"type":"Polygon","coordinates":[[[-73.248959,10.478563],[-73.248843,10.478617],[-73.248744,10.478437],[-73.248836,10.478372],[-73.248959,10.478563]]]}},{"type":"Feature","properties":{"altura_m":3.5,"origen_altura":"provisional"},"geometry":{"type":"Polygon","coordinates":[[[-73.248499,10.477144],[-73.248555,10.477217],[-73.248358,10.47735],[-73.248307,10.477273],[-73.248413,10.477194],[-73.248499,10.477144]]]}},{"type":"Feature","properties":{"altura_m":3.5,"origen_altura":"provisional"},"geometry":{"type":"Polygon","coordinates":[[[-73.248555,10.477217],[-73.248624,10.477304],[-73.248416,10.477422],[-73.248369,10.477343],[-73.248555,10.477217]]]}},{"type":"Feature","properties":{"altura_m":9.0,"origen_altura":"osm_altura"},"geometry":{"type":"Polygon","coordinates":[[[-73.248622,10.477305],[-73.248724,10.477439],[-73.248436,10.477636],[-73.24836,10.477503],[-73.24843,10.47746],[-73.248416,10.477422],[-73.248622,10.477305]]]}},{"type":"Feature","properties":{"altura_m":3.0,"origen_altura":"osm_altura"},"geometry":{"type":"Polygon","coordinates":[[[-73.248724,10.477439],[-73.248797,10.477538],[-73.248504,10.477733],[-73.248436,10.477636],[-73.248724,10.477439]]]}},{"type":"Feature","properties":{"altura_m":3.0,"origen_altura":"osm_altura"},"geometry":{"type":"Polygon","coordinates":[[[-73.248797,10.477538],[-73.248879,10.477627],[-73.248563,10.477829],[-73.248504,10.477733],[-73.248797,10.477538]]]}},{"type":"Feature","properties":{"altura_m":3.0,"origen_altura":"osm_altura"},"geometry":{"type":"Polygon","coordinates":[[[-73.248831,10.477667],[-73.248891,10.477745],[-73.248821,10.477779],[-73.248845,10.477816],[-73.248632,10.477936],[-73.248563,10.477829],[-73.248831,10.477667]]]}},{"type":"Feature","properties":{"altura_m":3.0,"origen_altura":"osm_altura"},"geometry":{"type":"Polygon","coordinates":[[[-73.248821,10.477779],[-73.248938,10.477714],[-73.249006,10.477789],[-73.248839,10.47793],[-73.248777,10.477855],[-73.248845,10.477816],[-73.248821,10.477779]]]}},{"type":"Feature","properties":{"altura_m":3.0,"origen_altura":"osm_altura"},"geometry":{"type":"Polygon","coordinates":[[[-73.249006,10.477789],[-73.24906,10.477879],[-73.248876,10.478011],[-73.248839,10.47793],[-73.249006,10.477789]]]}},{"type":"Feature","properties":{"altura_m":3.0,"origen_altura":"osm_altura"},"geometry":{"type":"Polygon","coordinates":[[[-73.24906,10.477879],[-73.249135,10.477968],[-73.248825,10.478176],[-73.248762,10.47808],[-73.24906,10.477879]]]}},{"type":"Feature","properties":{"altura_m":3.0,"origen_altura":"osm_altura"},"geometry":{"type":"Polygon","coordinates":[[[-73.249135,10.477968],[-73.249204,10.478065],[-73.24897,10.47821],[-73.24891,10.478119],[-73.249135,10.477968]]]}},{"type":"Feature","properties":{"altura_m":3.0,"origen_altura":"osm_altura"},"geometry":{"type":"Polygon","coordinates":[[[-73.249204,10.478065],[-73.249252,10.478121],[-73.249158,10.478186],[-73.249114,10.478124],[-73.249204,10.478065]]]}},{"type":"Feature","properties":{"altura_m":3.0,"origen_altura":"osm_altura"},"geometry":{"type":"Polygon","coordinates":[[[-73.249252,10.478121],[-73.2493,10.478185],[-73.2492,10.478248],[-73.249158,10.478186],[-73.249252,10.478121]]]}},{"type":"Feature","properties":{"altura_m":3.0,"origen_altura":"osm_altura"},"geometry":{"type":"Polygon","coordinates":[[[-73.2493,10.478185],[-73.249353,10.478253],[-73.249248,10.478318],[-73.2492,10.478248],[-73.2493,10.478185]]]}},{"type":"Feature","properties":{"altura_m":6.0,"origen_altura":"osm_altura"},"geometry":{"type":"Polygon","coordinates":[[[-73.247053,10.477823],[-73.246952,10.477885],[-73.24678,10.477668],[-73.246896,10.477591],[-73.247053,10.477823]]]}},{"type":"Feature","properties":{"altura_m":3.0,"origen_altura":"osm_altura"},"geometry":{"type":"Polygon","coordinates":[[[-73.246952,10.477885],[-73.246812,10.477989],[-73.246742,10.477906],[-73.246897,10.477815],[-73.246952,10.477885]]]}},{"type":"Feature","properties":{"altura_m":3.0,"origen_altura":"osm_altura"},"geometry":{"type":"Polygon","coordinates":[[[-73.246742,10.477906],[-73.246669,10.477829],[-73.246832,10.477734],[-73.246897,10.477815],[-73.246742,10.477906]]]}},{"type":"Feature","properties":{"altura_m":6.0,"origen_altura":"osm_altura"},"geometry":{"type":"Polygon","coordinates":[[[-73.247534,10.477345],[-73.247474,10.47724],[-73.247367,10.477296],[-73.247455,10.477412],[-73.247534,10.477345]]]}},{"type":"Feature","properties":{"altura_m":3.0,"origen_altura":"osm_altura"},"geometry":{"type":"Polygon","coordinates":[[[-73.246646,10.476882],[-73.246601,10.476918],[-73.246752,10.477123],[-73.246796,10.4771],[-73.246646,10.476882]]]}},{"type":"Feature","properties":{"altura_m":3.0,"origen_altura":"osm_altura"},"geometry":{"type":"Polygon","coordinates":[[[-73.247474,10.47724],[-73.247377,10.47713],[-73.247244,10.477209],[-73.247327,10.477331],[-73.247367,10.477296],[-73.247474,10.47724]]]}},{"type":"Feature","properties":{"altura_m":3.0,"origen_altura":"osm_altura"},"geometry":{"type":"Polygon","coordinates":[[[-73.247377,10.47713],[-73.24731,10.477043],[-73.247156,10.477149],[-73.247224,10.477227],[-73.247244,10.477209],[-73.247377,10.47713]]]}},{"type":"Feature","properties":{"altura_m":6.0,"origen_altura":"osm_altura"},"geometry":{"type":"Polygon","coordinates":[[[-73.24731,10.477043],[-73.247252,10.476935],[-73.247116,10.477069],[-73.247156,10.477149],[-73.24731,10.477043]]]}},{"type":"Feature","properties":{"altura_m":6.0,"origen_altura":"osm_altura"},"geometry":{"type":"Polygon","coordinates":[[[-73.246298,10.476009],[-73.246182,10.475826],[-73.246136,10.475857],[-73.246254,10.476032],[-73.246298,10.476009]]]}},{"type":"Feature","properties":{"altura_m":3.0,"origen_altura":"osm_altura"},"geometry":{"type":"Polygon","coordinates":[[[-73.246254,10.476032],[-73.246167,10.476087],[-73.246043,10.475919],[-73.246136,10.475857],[-73.246254,10.476032]]]}},{"type":"Feature","properties":{"altura_m":3.0,"origen_altura":"osm_altura"},"geometry":{"type":"Polygon","coordinates":[[[-73.246167,10.476087],[-73.2461,10.476149],[-73.245978,10.475961],[-73.246043,10.475919],[-73.246167,10.476087]]]}},{"type":"Feature","properties":{"altura_m":5.0,"origen_altura":"osm_altura"},"geometry":{"type":"Polygon","coordinates":[[[-73.246077,10.476114],[-73.246047,10.47614],[-73.246004,10.476094],[-73.245949,10.476134],[-73.245879,10.476027],[-73.245978,10.475961],[-73.246077,10.476114]]]}},{"type":"Feature","properties":{"altura_m":3.0,"origen_altura":"osm_altura"},"geometry":{"type":"Polygon","coordinates":[[[-73.245926,10.4763],[-73.245782,10.476091],[-73.245697,10.476147],[-73.24586,10.476387],[-73.245905,10.476381],[-73.24588,10.476326],[-73.245926,10.4763]]]}},{"type":"Feature","properties":{"altura_m":3.0,"origen_altura":"osm_altura"},"geometry":{"type":"Polygon","coordinates":[[[-73.24584,10.476358],[-73.245792,10.476393],[-73.245655,10.47619],[-73.245697,10.476147],[-73.24584,10.476358]]]}},{"type":"Feature","properties":{"altura_m":6.0,"origen_altura":"osm_altura"},"geometry":{"type":"Polygon","coordinates":[[[-73.245737,10.476415],[-73.245598,10.476236],[-73.245446,10.476335],[-73.245588,10.476523],[-73.245737,10.476415]]]}},{"type":"Feature","properties":{"altura_m":3.5,"origen_altura":"provisional"},"geometry":{"type":"Polygon","coordinates":[[[-73.245745,10.476878],[-73.245453,10.4771],[-73.245277,10.476857],[-73.245589,10.476669],[-73.245745,10.476878]]]}},{"type":"Feature","properties":{"altura_m":3.5,"origen_altura":"provisional"},"geometry":{"type":"Polygon","coordinates":[[[-73.245589,10.476669],[-73.245459,10.476482],[-73.245145,10.476677],[-73.245277,10.476857],[-73.245589,10.476669]]]}},{"type":"Feature","properties":{"altura_m":3.5,"origen_altura":"provisional"},"geometry":{"type":"Polygon","coordinates":[[[-73.24515,10.477361],[-73.245071,10.477412],[-73.245098,10.477456],[-73.244993,10.477522],[-73.244929,10.477429],[-73.245109,10.477307],[-73.24515,10.477361]]]}},{"type":"Feature","properties":{"altura_m":3.0,"origen_altura":"osm_altura"},"geometry":{"type":"Polygon","coordinates":[[[-73.245144,10.477284],[-73.245082,10.47719],[-73.244867,10.477334],[-73.244929,10.477429],[-73.245144,10.477284]]]}},{"type":"Feature","properties":{"altura_m":3.0,"origen_altura":"osm_altura"},"geometry":{"type":"Polygon","coordinates":[[[-73.244902,10.476939],[-73.244887,10.476918],[-73.244777,10.47698],[-73.24469,10.476857],[-73.244944,10.476696],[-73.244906,10.476643],[-73.244539,10.476888],[-73.244677,10.47709],[-73.244902,10.476939]]]}},{"type":"Feature","properties":{"altura_m":6.0,"origen_altura":"osm_altura"},"geometry":{"type":"Polygon","coordinates":[[[-73.24398,10.477151],[-73.243851,10.47725],[-73.243686,10.477025],[-73.243813,10.476912],[-73.24398,10.477151]]]}},{"type":"Feature","properties":{"altura_m":6.0,"origen_altura":"osm_altura"},"geometry":{"type":"Polygon","coordinates":[[[-73.244141,10.476472],[-73.244058,10.476349],[-73.243888,10.476458],[-73.243958,10.476579],[-73.244141,10.476472]]]}},{"type":"Feature","properties":{"altura_m":3.0,"origen_altura":"osm_altura"},"geometry":{"type":"Polygon","coordinates":[[[-73.243958,10.476579],[-73.24386,10.476657],[-73.24377,10.47653],[-73.243888,10.476458],[-73.243958,10.476579]]]}},{"type":"Feature","properties":{"altura_m":6.0,"origen_altura":"osm_altura"},"geometry":{"type":"Polygon","coordinates":[[[-73.24386,10.476657],[-73.243728,10.476763],[-73.243658,10.476649],[-73.24377,10.47653],[-73.24386,10.476657]]]}},{"type":"Feature","properties":{"altura_m":3.0,"origen_altura":"osm_altura"},"geometry":{"type":"Polygon","coordinates":[[[-73.243713,10.476739],[-73.243633,10.476801],[-73.243575,10.47671],[-73.243658,10.476649],[-73.243713,10.476739]]]}},{"type":"Feature","properties":{"altura_m":3.0,"origen_altura":"osm_altura"},"geometry":{"type":"Polygon","coordinates":[[[-73.24359,10.476733],[-73.24367,10.47685],[-73.243597,10.476906],[-73.243514,10.476782],[-73.24359,10.476733]]]}},{"type":"Feature","properties":{"altura_m":3.0,"origen_altura":"osm_altura"},"geometry":{"type":"Polygon","coordinates":[[[-73.242234,10.474732],[-73.242214,10.474752],[-73.242109,10.474635],[-73.242143,10.474608],[-73.242234,10.474732]]]}},{"type":"Feature","properties":{"altura_m":3.0,"origen_altura":"osm_altura"},"geometry":{"type":"Polygon","coordinates":[[[-73.242184,10.47478],[-73.24214,10.474822],[-73.242025,10.474698],[-73.242084,10.474653],[-73.242184,10.47478]]]}},{"type":"Feature","properties":{"altura_m":3.0,"origen_altura":"osm_altura"},"geometry":{"type":"Polygon","coordinates":[[[-73.242103,10.474836],[-73.242058,10.47487],[-73.24195,10.47476],[-73.241997,10.474726],[-73.242103,10.474836]]]}},{"type":"Feature","properties":{"altura_m":3.0,"origen_altura":"osm_altura"},"geometry":{"type":"Polygon","coordinates":[[[-73.243528,10.477432],[-73.243408,10.477515],[-73.243259,10.477294],[-73.24338,10.47721],[-73.243528,10.477432]]]}},{"type":"Feature","properties":{"altura_m":3.0,"origen_altura":"osm_altura"},"geometry":{"type":"Polygon","coordinates":[[[-73.243408,10.477515],[-73.243315,10.477617],[-73.24317,10.477396],[-73.243277,10.47732],[-73.243408,10.477515]]]}},{"type":"Feature","properties":{"altura_m":3.0,"origen_altura":"osm_altura"},"geometry":{"type":"Polygon","coordinates":[[[-73.245465,10.476112],[-73.245529,10.476066],[-73.245358,10.475804],[-73.245312,10.475835],[-73.245341,10.475886],[-73.245332,10.475908],[-73.245465,10.476112]]]}},{"type":"Feature","properties":{"altura_m":3.0,"origen_altura":"osm_altura"},"geometry":{"type":"Polygon","coordinates":[[[-73.242544,10.475675],[-73.242268,10.475886],[-73.242318,10.475948],[-73.242411,10.475867],[-73.242464,10.475927],[-73.242444,10.475937],[-73.242471,10.47598],[-73.242404,10.476045],[-73.242431,10.476078],[-73.242674,10.475827],[-73.242544,10.475675]]]}},{"type":"Feature","properties":{"altura_m":3.0,"origen_altura":"osm_altura"},"geometry":{"type":"Polygon","coordinates":[[[-73.242526,10.475653],[-73.242443,10.475554],[-73.242323,10.475656],[-73.242351,10.475688],[-73.242326,10.475711],[-73.242296,10.475679],[-73.24225,10.475721],[-73.242334,10.475813],[-73.242526,10.475653]]]}},{"type":"Feature","properties":{"altura_m":3.0,"origen_altura":"osm_altura"},"geometry":{"type":"Polygon","coordinates":[[[-73.242433,10.47554],[-73.24239,10.475491],[-73.242222,10.475641],[-73.242271,10.475688],[-73.242433,10.47554]]]}},{"type":"Feature","properties":{"altura_m":6.0,"origen_altura":"osm_altura"},"geometry":{"type":"Polygon","coordinates":[[[-73.242359,10.475462],[-73.24227,10.475356],[-73.242163,10.475423],[-73.242176,10.475441],[-73.242148,10.475459],[-73.242238,10.475568],[-73.242284,10.475524],[-73.242292,10.475538],[-73.242309,10.475523],[-73.242304,10.475514],[-73.242359,10.475462]]]}},{"type":"Feature","properties":{"altura_m":3.0,"origen_altura":"osm_altura"},"geometry":{"type":"Polygon","coordinates":[[[-73.242261,10.475341],[-73.24223,10.475306],[-73.242156,10.475358],[-73.242164,10.475374],[-73.242137,10.475393],[-73.242129,10.475376],[-73.242006,10.47546],[-73.242053,10.47552],[-73.242153,10.47544],[-73.242142,10.475422],[-73.242261,10.475341]]]}},{"type":"Feature","properties":{"altura_m":3.0,"origen_altura":"osm_altura"},"geometry":{"type":"Polygon","coordinates":[[[-73.242002,10.475479],[-73.24195,10.475511],[-73.242002,10.475587],[-73.242042,10.475554],[-73.242031,10.47554],[-73.242045,10.475529],[-73.242002,10.475479]]]}},{"type":"Feature","properties":{"altura_m":3.0,"origen_altura":"osm_altura"},"geometry":{"type":"Polygon","coordinates":[[[-73.241907,10.475532],[-73.241848,10.475575],[-73.24193,10.47566],[-73.241956,10.475638],[-73.241944,10.475624],[-73.24197,10.475603],[-73.241907,10.475532]]]}},{"type":"Feature","properties":{"altura_m":3.0,"origen_altura":"osm_altura"},"geometry":{"type":"Polygon","coordinates":[[[-73.242166,10.475684],[-73.24213,10.47564],[-73.242035,10.475759],[-73.242083,10.475796],[-73.242166,10.475684]]]}},{"type":"Feature","properties":{"altura_m":3.0,"origen_altura":"osm_altura"},"geometry":{"type":"Polygon","coordinates":[[[-73.241837,10.475584],[-73.241776,10.475628],[-73.241941,10.475815],[-73.241983,10.475766],[-73.241997,10.475778],[-73.242012,10.475762],[-73.241837,10.475584]]]}},{"type":"Feature","properties":{"altura_m":3.0,"origen_altura":"osm_altura"},"geometry":{"type":"Polygon","coordinates":[[[-73.242903,10.476051],[-73.242871,10.47601],[-73.242757,10.476122],[-73.2427,10.476073],[-73.242636,10.476136],[-73.242729,10.476232],[-73.242903,10.476051]]]}},{"type":"Feature","properties":{"altura_m":3.0,"origen_altura":"osm_altura"},"geometry":{"type":"Polygon","coordinates":[[[-73.242714,10.476238],[-73.242659,10.476298],[-73.242465,10.476114],[-73.24252,10.476042],[-73.242714,10.476238]]]}},{"type":"Feature","properties":{"altura_m":3.0,"origen_altura":"osm_altura"},"geometry":{"type":"Polygon","coordinates":[[[-73.242606,10.476278],[-73.24252,10.47636],[-73.242349,10.476205],[-73.242389,10.476159],[-73.242446,10.476212],[-73.242491,10.476161],[-73.242606,10.476278]]]}},{"type":"Feature","properties":{"altura_m":3.0,"origen_altura":"osm_altura"},"geometry":{"type":"Polygon","coordinates":[[[-73.242514,10.476403],[-73.242396,10.476287],[-73.242301,10.476375],[-73.242433,10.476486],[-73.242514,10.476403]]]}},{"type":"Feature","properties":{"altura_m":3.5,"origen_altura":"provisional"},"geometry":{"type":"Polygon","coordinates":[[[-73.242356,10.476256],[-73.242262,10.476356],[-73.242081,10.476217],[-73.242136,10.476155],[-73.242216,10.476219],[-73.242264,10.476169],[-73.242356,10.476256]]]}},{"type":"Feature","properties":{"altura_m":2.0,"origen_altura":"osm_altura"},"geometry":{"type":"Polygon","coordinates":[[[-73.242347,10.476011],[-73.242248,10.476112],[-73.242147,10.476021],[-73.242257,10.475907],[-73.242347,10.476011]]]}},{"type":"Feature","properties":{"altura_m":3.0,"origen_altura":"osm_altura"},"geometry":{"type":"Polygon","coordinates":[[[-73.242334,10.476637],[-73.242113,10.476451],[-73.241881,10.4767],[-73.242005,10.476806],[-73.24207,10.476734],[-73.242036,10.476702],[-73.242085,10.476637],[-73.242219,10.476762],[-73.242334,10.476637]]]}},{"type":"Feature","properties":{"altura_m":3.0,"origen_altura":"osm_altura"},"geometry":{"type":"Polygon","coordinates":[[[-73.241759,10.475644],[-73.241632,10.47573],[-73.241662,10.475777],[-73.241708,10.475735],[-73.241763,10.475838],[-73.24178,10.475822],[-73.241799,10.475854],[-73.241821,10.475823],[-73.242031,10.476061],[-73.242088,10.476001],[-73.241759,10.475644]]]}},{"type":"Feature","properties":{"altura_m":3.0,"origen_altura":"osm_altura"},"geometry":{"type":"Polygon","coordinates":[[[-73.24161,10.475736],[-73.241534,10.475787],[-73.241596,10.475859],[-73.24165,10.475821],[-73.241661,10.475839],[-73.241612,10.475873],[-73.241638,10.475905],[-73.241706,10.475862],[-73.24161,10.475736]]]}},{"type":"Feature","properties":{"altura_m":3.0,"origen_altura":"osm_altura"},"geometry":{"type":"Polygon","coordinates":[[[-73.241995,10.476541],[-73.241961,10.476516],[-73.241952,10.47653],[-73.241941,10.476518],[-73.241954,10.476497],[-73.241888,10.476452],[-73.241762,10.476592],[-73.241863,10.476691],[-73.241995,10.476541]]]}},{"type":"Feature","properties":{"altura_m":3.0,"origen_altura":"osm_altura"},"geometry":{"type":"Polygon","coordinates":[[[-73.241975,10.476321],[-73.241957,10.476302],[-73.241815,10.476492],[-73.241787,10.476473],[-73.24194,10.476293],[-73.241923,10.476274],[-73.241708,10.476534],[-73.241754,10.476585],[-73.241975,10.476321]]]}},{"type":"Feature","properties":{"altura_m":3.0,"origen_altura":"osm_altura"},"geometry":{"type":"Polygon","coordinates":[[[-73.241692,10.476524],[-73.241637,10.476469],[-73.241811,10.476275],[-73.241864,10.476327],[-73.241692,10.476524]]]}},{"type":"Feature","properties":{"altura_m":3.0,"origen_altura":"osm_altura"},"geometry":{"type":"Polygon","coordinates":[[[-73.241579,10.476401],[-73.241629,10.476456],[-73.241792,10.476269],[-73.241744,10.476219],[-73.241579,10.476401]]]}},{"type":"Feature","properties":{"altura_m":3.0,"origen_altura":"osm_altura"},"geometry":{"type":"Polygon","coordinates":[[[-73.241633,10.476142],[-73.241535,10.476216],[-73.241552,10.476238],[-73.241483,10.476298],[-73.241565,10.476388],[-73.241583,10.47637],[-73.241551,10.476333],[-73.24169,10.4762],[-73.241633,10.476142]]]}},{"type":"Feature","properties":{"altura_m":3.0,"origen_altura":"osm_altura"},"geometry":{"type":"Polygon","coordinates":[[[-73.241608,10.475891],[-73.241536,10.475941],[-73.241465,10.475846],[-73.241527,10.475801],[-73.241608,10.475891]]]}},{"type":"Feature","properties":{"altura_m":3.0,"origen_altura":"osm_altura"},"geometry":{"type":"Polygon","coordinates":[[[-73.241452,10.475854],[-73.24139,10.475897],[-73.241441,10.475958],[-73.241482,10.475931],[-73.241525,10.475997],[-73.241553,10.475972],[-73.241621,10.476077],[-73.24164,10.476064],[-73.241559,10.475938],[-73.241533,10.475956],[-73.241452,10.475854]]]}},{"type":"Feature","properties":{"altura_m":3.0,"origen_altura":"osm_altura"},"geometry":{"type":"Polygon","coordinates":[[[-73.241385,10.475913],[-73.241221,10.476024],[-73.241319,10.476136],[-73.241364,10.476097],[-73.241335,10.476055],[-73.241365,10.476025],[-73.241386,10.476054],[-73.241415,10.476025],[-73.241494,10.476121],[-73.241535,10.476094],[-73.241385,10.475913]]]}},{"type":"Feature","properties":{"altura_m":3.0,"origen_altura":"osm_altura"},"geometry":{"type":"Polygon","coordinates":[[[-73.241519,10.476244],[-73.24147,10.476285],[-73.241346,10.47617],[-73.241397,10.476131],[-73.24146,10.476196],[-73.24148,10.476177],[-73.241457,10.476153],[-73.241485,10.476132],[-73.241535,10.476199],[-73.2415,10.476226],[-73.241519,10.476244]]]}},{"type":"Feature","properties":{"altura_m":3.0,"origen_altura":"osm_altura"},"geometry":{"type":"Polygon","coordinates":[[[-73.24476,10.480147],[-73.244769,10.480215],[-73.244577,10.480283],[-73.244571,10.480213],[-73.24476,10.480147]]]}},{"type":"Feature","properties":{"altura_m":3.0,"origen_altura":"osm_altura"},"geometry":{"type":"Polygon","coordinates":[[[-73.244769,10.480215],[-73.24478,10.480291],[-73.24462,10.480366],[-73.244577,10.480283],[-73.244769,10.480215]]]}},{"type":"Feature","properties":{"altura_m":3.5,"origen_altura":"provisional"},"geometry":{"type":"Polygon","coordinates":[[[-73.244546,10.480559],[-73.244488,10.480593],[-73.24443,10.480508],[-73.244495,10.480463],[-73.244546,10.480559]]]}},{"type":"Feature","properties":{"altura_m":3.0,"origen_altura":"osm_altura"},"geometry":{"type":"Polygon","coordinates":[[[-73.24443,10.480508],[-73.244393,10.480437],[-73.244463,10.480402],[-73.244495,10.480463],[-73.24443,10.480508]]]}},{"type":"Feature","properties":{"altura_m":3.0,"origen_altura":"osm_altura"},"geometry":{"type":"Polygon","coordinates":[[[-73.244393,10.480437],[-73.244343,10.48033],[-73.244491,10.480257],[-73.244533,10.480362],[-73.244393,10.480437]]]}},{"type":"Feature","properties":{"altura_m":3.0,"origen_altura":"osm_altura"},"geometry":{"type":"Polygon","coordinates":[[[-73.244343,10.48033],[-73.244301,10.480233],[-73.244457,10.480144],[-73.244491,10.480257],[-73.244343,10.48033]]]}},{"type":"Feature","properties":{"altura_m":3.0,"origen_altura":"osm_altura"},"geometry":{"type":"Polygon","coordinates":[[[-73.24494,10.47989],[-73.244874,10.479929],[-73.244801,10.479815],[-73.244872,10.479786],[-73.24494,10.47989]]]}},{"type":"Feature","properties":{"altura_m":3.0,"origen_altura":"osm_altura"},"geometry":{"type":"Polygon","coordinates":[[[-73.242912,10.474673],[-73.242773,10.474779],[-73.24267,10.474665],[-73.24271,10.474639],[-73.24268,10.474597],[-73.242802,10.474523],[-73.242912,10.474673]]]}},{"type":"Feature","properties":{"altura_m":3.0,"origen_altura":"osm_altura"},"geometry":{"type":"Polygon","coordinates":[[[-73.242787,10.474503],[-73.242738,10.474446],[-73.24262,10.474546],[-73.242666,10.474592],[-73.242787,10.474503]]]}},{"type":"Feature","properties":{"altura_m":3.0,"origen_altura":"osm_altura"},"geometry":{"type":"Polygon","coordinates":[[[-73.242725,10.474421],[-73.242583,10.474254],[-73.24245,10.474357],[-73.242598,10.474535],[-73.242725,10.474421]]]}},{"type":"Feature","properties":{"altura_m":6.0,"origen_altura":"osm_altura"},"geometry":{"type":"Polygon","coordinates":[[[-73.242577,10.474543],[-73.242433,10.474366],[-73.242344,10.474437],[-73.242486,10.474624],[-73.242577,10.474543]]]}},{"type":"Feature","properties":{"altura_m":3.0,"origen_altura":"osm_altura"},"geometry":{"type":"Polygon","coordinates":[[[-73.242758,10.474808],[-73.242624,10.474661],[-73.242589,10.474674],[-73.24254,10.47464],[-73.242484,10.474678],[-73.242554,10.47474],[-73.242526,10.474761],[-73.242454,10.474701],[-73.242424,10.474725],[-73.242624,10.47491],[-73.242758,10.474808]]]}},{"type":"Feature","properties":{"altura_m":3.0,"origen_altura":"osm_altura"},"geometry":{"type":"Polygon","coordinates":[[[-73.242327,10.474452],[-73.242251,10.474517],[-73.242307,10.474574],[-73.242329,10.474548],[-73.242424,10.474656],[-73.242464,10.474625],[-73.242327,10.474452]]]}},{"type":"Feature","properties":{"altura_m":6.0,"origen_altura":"osm_altura"},"geometry":{"type":"Polygon","coordinates":[[[-73.242233,10.474522],[-73.242158,10.474587],[-73.242304,10.47474],[-73.242327,10.474715],[-73.242228,10.474624],[-73.242264,10.474598],[-73.242335,10.474664],[-73.242356,10.474645],[-73.242233,10.474522]]]}},{"type":"Feature","properties":{"altura_m":3.0,"origen_altura":"osm_altura"},"geometry":{"type":"Polygon","coordinates":[[[-73.242607,10.474924],[-73.242524,10.474844],[-73.242495,10.47487],[-73.242422,10.474811],[-73.242393,10.474837],[-73.242543,10.474983],[-73.242607,10.474924]]]}},{"type":"Feature","properties":{"altura_m":3.0,"origen_altura":"osm_altura"},"geometry":{"type":"Polygon","coordinates":[[[-73.242528,10.474989],[-73.242426,10.474889],[-73.242386,10.474941],[-73.242354,10.47491],[-73.242335,10.474935],[-73.242446,10.47506],[-73.242528,10.474989]]]}},{"type":"Feature","properties":{"altura_m":6.0,"origen_altura":"osm_altura"},"geometry":{"type":"Polygon","coordinates":[[[-73.242426,10.475068],[-73.242306,10.474926],[-73.242194,10.475022],[-73.242303,10.475156],[-73.242426,10.475068]]]}},{"type":"Feature","properties":{"altura_m":3.0,"origen_altura":"osm_altura"},"geometry":{"type":"Polygon","coordinates":[[[-73.242172,10.475016],[-73.24213,10.474976],[-73.24215,10.474962],[-73.242113,10.47492],[-73.242293,10.474765],[-73.242367,10.474836],[-73.242172,10.475016]]]}},{"type":"Feature","properties":{"altura_m":3.0,"origen_altura":"osm_altura"},"geometry":{"type":"Polygon","coordinates":[[[-73.242383,10.474],[-73.242343,10.473923],[-73.242234,10.473999],[-73.24228,10.474065],[-73.242383,10.474]]]}},{"type":"Feature","properties":{"altura_m":6.0,"origen_altura":"osm_altura"},"geometry":{"type":"Polygon","coordinates":[[[-73.24226,10.474339],[-73.242118,10.474145],[-73.242062,10.47417],[-73.242212,10.474375],[-73.24226,10.474339]]]}},{"type":"Feature","properties":{"altura_m":6.0,"origen_altura":"osm_altura"},"geometry":{"type":"Polygon","coordinates":[[[-73.242153,10.474429],[-73.242115,10.474381],[-73.242086,10.474402],[-73.241974,10.474261],[-73.241915,10.4743],[-73.242074,10.474486],[-73.242153,10.474429]]]}},{"type":"Feature","properties":{"altura_m":6.0,"origen_altura":"osm_altura"},"geometry":{"type":"Polygon","coordinates":[[[-73.242062,10.474498],[-73.241966,10.474381],[-73.241926,10.474404],[-73.241941,10.474426],[-73.241904,10.474445],[-73.241986,10.474555],[-73.242062,10.474498]]]}},{"type":"Feature","properties":{"altura_m":6.0,"origen_altura":"osm_altura"},"geometry":{"type":"Polygon","coordinates":[[[-73.241875,10.474499],[-73.241848,10.474516],[-73.241823,10.474486],[-73.241802,10.474498],[-73.241902,10.474626],[-73.241949,10.474589],[-73.241875,10.474499]]]}},{"type":"Feature","properties":{"altura_m":3.0,"origen_altura":"osm_altura"},"geometry":{"type":"Polygon","coordinates":[[[-73.241831,10.4744],[-73.241784,10.474341],[-73.241718,10.474386],[-73.241764,10.474447],[-73.241831,10.4744]]]}},{"type":"Feature","properties":{"altura_m":3.0,"origen_altura":"osm_altura"},"geometry":{"type":"Polygon","coordinates":[[[-73.241792,10.474312],[-73.241759,10.474274],[-73.241682,10.47433],[-73.241711,10.474377],[-73.241792,10.474312]]]}},{"type":"Feature","properties":{"altura_m":3.0,"origen_altura":"osm_altura"},"geometry":{"type":"Polygon","coordinates":[[[-73.242306,10.473928],[-73.242263,10.47387],[-73.242147,10.473942],[-73.242159,10.473958],[-73.241902,10.474107],[-73.241931,10.474156],[-73.242306,10.473928]]]}},{"type":"Feature","properties":{"altura_m":3.0,"origen_altura":"osm_altura"},"geometry":{"type":"Polygon","coordinates":[[[-73.241795,10.474236],[-73.241764,10.474204],[-73.241741,10.474227],[-73.241723,10.474207],[-73.241793,10.474153],[-73.241774,10.474125],[-73.241613,10.474233],[-73.241677,10.474312],[-73.241795,10.474236]]]}},{"type":"Feature","properties":{"altura_m":3.0,"origen_altura":"osm_altura"},"geometry":{"type":"Polygon","coordinates":[[[-73.242261,10.473845],[-73.242204,10.473743],[-73.242024,10.473835],[-73.242071,10.473907],[-73.242178,10.473846],[-73.242199,10.473878],[-73.242261,10.473845]]]}},{"type":"Feature","properties":{"altura_m":3.0,"origen_altura":"osm_altura"},"geometry":{"type":"Polygon","coordinates":[[[-73.241773,10.474107],[-73.241735,10.474054],[-73.241562,10.474172],[-73.241605,10.474224],[-73.241773,10.474107]]]}},{"type":"Feature","properties":{"altura_m":6.0,"origen_altura":"osm_altura"},"geometry":{"type":"Polygon","coordinates":[[[-73.242187,10.473714],[-73.24214,10.473637],[-73.241903,10.473775],[-73.241927,10.473807],[-73.241874,10.473837],[-73.241898,10.473878],[-73.242187,10.473714]]]}},{"type":"Feature","properties":{"altura_m":3.5,"origen_altura":"provisional"},"geometry":{"type":"Polygon","coordinates":[[[-73.24213,10.473617],[-73.242092,10.473549],[-73.241914,10.473638],[-73.24193,10.473664],[-73.241872,10.473697],[-73.241908,10.47375],[-73.24213,10.473617]]]}},{"type":"Feature","properties":{"altura_m":3.0,"origen_altura":"osm_altura"},"geometry":{"type":"Polygon","coordinates":[[[-73.24156,10.474153],[-73.24161,10.474116],[-73.241557,10.474051],[-73.241502,10.474084],[-73.24156,10.474153]]]}},{"type":"Feature","properties":{"altura_m":3.0,"origen_altura":"osm_altura"},"geometry":{"type":"Polygon","coordinates":[[[-73.247714,10.477383],[-73.247958,10.477219],[-73.247797,10.476995],[-73.247537,10.477176],[-73.247714,10.477383]]]}},{"type":"Feature","properties":{"altura_m":3.0,"origen_altura":"osm_altura"},"geometry":{"type":"Polygon","coordinates":[[[-73.247797,10.476995],[-73.247537,10.477176],[-73.247447,10.477065],[-73.247707,10.476853],[-73.247797,10.476995]]]}},{"type":"Feature","properties":{"altura_m":3.0,"origen_altura":"osm_altura"},"geometry":{"type":"Polygon","coordinates":[[[-73.247707,10.476853],[-73.247633,10.476768],[-73.247531,10.476856],[-73.2475,10.476797],[-73.247348,10.476921],[-73.247447,10.477065],[-73.247707,10.476853]]]}},{"type":"Feature","properties":{"altura_m":6.0,"origen_altura":"osm_altura"},"geometry":{"type":"Polygon","coordinates":[[[-73.2475,10.476797],[-73.247348,10.476921],[-73.247223,10.476759],[-73.247371,10.476628],[-73.2475,10.476797]]]}},{"type":"Feature","properties":{"altura_m":6.0,"origen_altura":"osm_altura"},"geometry":{"type":"Polygon","coordinates":[[[-73.247344,10.476649],[-73.247223,10.476759],[-73.247073,10.47654],[-73.247209,10.476464],[-73.247344,10.476649]]]}},{"type":"Feature","properties":{"altura_m":3.5,"origen_altura":"provisional"},"geometry":{"type":"Polygon","coordinates":[[[-73.247888,10.476337],[-73.24764,10.476509],[-73.247727,10.476626],[-73.247979,10.476433],[-73.247888,10.476337]]]}},{"type":"Feature","properties":{"altura_m":6.0,"origen_altura":"osm_altura"},"geometry":{"type":"Polygon","coordinates":[[[-73.246468,10.476327],[-73.246341,10.476401],[-73.246576,10.476717],[-73.246734,10.476659],[-73.246468,10.476327]]]}},{"type":"Feature","properties":{"altura_m":6.0,"origen_altura":"osm_altura"},"geometry":{"type":"Polygon","coordinates":[[[-73.246686,10.476174],[-73.246592,10.476059],[-73.246377,10.476208],[-73.246468,10.476327],[-73.246686,10.476174]]]}},{"type":"Feature","properties":{"altura_m":6.0,"origen_altura":"osm_altura"},"geometry":{"type":"Polygon","coordinates":[[[-73.246482,10.475936],[-73.246303,10.476025],[-73.246182,10.475826],[-73.246329,10.475731],[-73.246337,10.475733],[-73.246482,10.475936]]]}},{"type":"Feature","properties":{"altura_m":6.0,"origen_altura":"osm_altura"},"geometry":{"type":"Polygon","coordinates":[[[-73.249276,10.48305],[-73.249171,10.482904],[-73.248923,10.483072],[-73.249021,10.483225],[-73.249276,10.48305]]]}},{"type":"Feature","properties":{"altura_m":3.0,"origen_altura":"osm_altura"},"geometry":{"type":"Polygon","coordinates":[[[-73.248923,10.483072],[-73.24884,10.482916],[-73.248893,10.482869],[-73.248909,10.482894],[-73.248935,10.48288],[-73.248984,10.482949],[-73.249028,10.482937],[-73.249053,10.482984],[-73.248923,10.483072]]]}},{"type":"Feature","properties":{"altura_m":6.0,"origen_altura":"osm_altura"},"geometry":{"type":"Polygon","coordinates":[[[-73.249171,10.482904],[-73.249053,10.48275],[-73.248967,10.482813],[-73.249012,10.482871],[-73.249036,10.482852],[-73.249096,10.482955],[-73.249171,10.482904]]]}},{"type":"Feature","properties":{"altura_m":6.0,"origen_altura":"osm_altura"},"geometry":{"type":"Polygon","coordinates":[[[-73.249096,10.482955],[-73.249053,10.482984],[-73.249028,10.482937],[-73.248984,10.482949],[-73.248935,10.48288],[-73.248909,10.482894],[-73.248893,10.482869],[-73.248967,10.482813],[-73.249012,10.482871],[-73.249036,10.482852],[-73.249096,10.482955]]]}},{"type":"Feature","properties":{"altura_m":4.0,"origen_altura":"osm_altura"},"geometry":{"type":"Polygon","coordinates":[[[-73.247298,10.483499],[-73.247249,10.483403],[-73.247063,10.483522],[-73.247131,10.483601],[-73.247298,10.483499]]]}},{"type":"Feature","properties":{"altura_m":6.0,"origen_altura":"osm_altura"},"geometry":{"type":"Polygon","coordinates":[[[-73.245569,10.478961],[-73.245481,10.479014],[-73.245578,10.479196],[-73.24571,10.479128],[-73.245569,10.478961]]]}},{"type":"Feature","properties":{"altura_m":3.0,"origen_altura":"osm_altura"},"geometry":{"type":"Polygon","coordinates":[[[-73.245481,10.479014],[-73.245348,10.479079],[-73.245467,10.479231],[-73.245563,10.479168],[-73.245481,10.479014]]]}},{"type":"Feature","properties":{"altura_m":3.0,"origen_altura":"osm_altura"},"geometry":{"type":"Polygon","coordinates":[[[-73.246447,10.479339],[-73.24637,10.479379],[-73.246302,10.479298],[-73.246378,10.479229],[-73.246447,10.479339]]]}},{"type":"Feature","properties":{"altura_m":3.0,"origen_altura":"osm_altura"},"geometry":{"type":"Polygon","coordinates":[[[-73.24637,10.479379],[-73.246278,10.479424],[-73.246221,10.47936],[-73.246302,10.479298],[-73.24637,10.479379]]]}},{"type":"Feature","properties":{"altura_m":3.0,"origen_altura":"osm_altura"},"geometry":{"type":"Polygon","coordinates":[[[-73.246672,10.479662],[-73.246732,10.479624],[-73.24667,10.479512],[-73.246601,10.479556],[-73.246672,10.479662]]]}},{"type":"Feature","properties":{"altura_m":3.0,"origen_altura":"osm_altura"},"geometry":{"type":"Polygon","coordinates":[[[-73.246697,10.478858],[-73.246647,10.478797],[-73.246438,10.478936],[-73.246489,10.47901],[-73.246697,10.478858]]]}},{"type":"Feature","properties":{"altura_m":3.0,"origen_altura":"osm_altura"},"geometry":{"type":"Polygon","coordinates":[[[-73.246624,10.478814],[-73.246559,10.478712],[-73.246378,10.478848],[-73.246438,10.478936],[-73.246624,10.478814]]]}},{"type":"Feature","properties":{"altura_m":3.0,"origen_altura":"osm_altura"},"geometry":{"type":"Polygon","coordinates":[[[-73.246559,10.478712],[-73.246378,10.478848],[-73.246406,10.478798],[-73.246365,10.478729],[-73.246424,10.478674],[-73.246504,10.478621],[-73.246559,10.478712]]]}},{"type":"Feature","properties":{"altura_m":3.0,"origen_altura":"osm_altura"},"geometry":{"type":"Polygon","coordinates":[[[-73.246504,10.478621],[-73.24638,10.478446],[-73.246304,10.478498],[-73.246424,10.478674],[-73.246504,10.478621]]]}},{"type":"Feature","properties":{"altura_m":3.0,"origen_altura":"osm_altura"},"geometry":{"type":"Polygon","coordinates":[[[-73.246304,10.478498],[-73.246244,10.478543],[-73.246335,10.478706],[-73.246412,10.478658],[-73.246304,10.478498]]]}},{"type":"Feature","properties":{"altura_m":3.0,"origen_altura":"osm_altura"},"geometry":{"type":"Polygon","coordinates":[[[-73.246244,10.478543],[-73.246185,10.478582],[-73.246273,10.478729],[-73.246335,10.478706],[-73.246244,10.478543]]]}},{"type":"Feature","properties":{"altura_m":9.0,"origen_altura":"osm_altura"},"geometry":{"type":"Polygon","coordinates":[[[-73.246185,10.478582],[-73.246047,10.478665],[-73.246158,10.478807],[-73.246273,10.478729],[-73.246185,10.478582]]]}},{"type":"Feature","properties":{"altura_m":3.5,"origen_altura":"provisional"},"geometry":{"type":"Polygon","coordinates":[[[-73.245944,10.478851],[-73.245872,10.478756],[-73.246047,10.478665],[-73.246108,10.478744],[-73.245944,10.478851]]]}},{"type":"Feature","properties":{"altura_m":3.0,"origen_altura":"osm_altura"},"geometry":{"type":"Polygon","coordinates":[[[-73.245985,10.478952],[-73.246041,10.479009],[-73.24623,10.478875],[-73.246188,10.478819],[-73.245985,10.478952]]]}},{"type":"Feature","properties":{"altura_m":3.0,"origen_altura":"osm_altura"},"geometry":{"type":"Polygon","coordinates":[[[-73.246041,10.479009],[-73.24609,10.479074],[-73.246278,10.478953],[-73.24623,10.478875],[-73.246041,10.479009]]]}},{"type":"Feature","properties":{"altura_m":9.0,"origen_altura":"osm_altura"},"geometry":{"type":"Polygon","coordinates":[[[-73.24609,10.479074],[-73.246137,10.479157],[-73.246326,10.479037],[-73.246278,10.478953],[-73.24609,10.479074]]]}},{"type":"Feature","properties":{"altura_m":6.0,"origen_altura":"osm_altura"},"geometry":{"type":"Polygon","coordinates":[[[-73.246137,10.479157],[-73.246202,10.479256],[-73.246377,10.479126],[-73.246326,10.479037],[-73.246137,10.479157]]]}},{"type":"Feature","properties":{"altura_m":3.0,"origen_altura":"osm_altura"},"geometry":{"type":"Polygon","coordinates":[[[-73.247108,10.478834],[-73.246941,10.478962],[-73.24689,10.478892],[-73.247043,10.478771],[-73.247108,10.478834]]]}},{"type":"Feature","properties":{"altura_m":3.0,"origen_altura":"osm_altura"},"geometry":{"type":"Polygon","coordinates":[[[-73.246941,10.478962],[-73.246966,10.479012],[-73.247116,10.478928],[-73.247068,10.478865],[-73.246941,10.478962]]]}},{"type":"Feature","properties":{"altura_m":3.0,"origen_altura":"osm_altura"},"geometry":{"type":"Polygon","coordinates":[[[-73.246966,10.479012],[-73.246996,10.479054],[-73.247141,10.478962],[-73.247116,10.478928],[-73.246966,10.479012]]]}},{"type":"Feature","properties":{"altura_m":3.0,"origen_altura":"osm_altura"},"geometry":{"type":"Polygon","coordinates":[[[-73.246996,10.479054],[-73.247033,10.479107],[-73.247193,10.479017],[-73.247141,10.478962],[-73.246996,10.479054]]]}},{"type":"Feature","properties":{"altura_m":3.0,"origen_altura":"osm_altura"},"geometry":{"type":"Polygon","coordinates":[[[-73.247033,10.479107],[-73.247071,10.479172],[-73.247222,10.479067],[-73.247193,10.479017],[-73.247033,10.479107]]]}},{"type":"Feature","properties":{"altura_m":3.0,"origen_altura":"osm_altura"},"geometry":{"type":"Polygon","coordinates":[[[-73.247108,10.479226],[-73.247071,10.479172],[-73.247222,10.479067],[-73.247249,10.479125],[-73.247108,10.479226]]]}},{"type":"Feature","properties":{"altura_m":3.0,"origen_altura":"osm_altura"},"geometry":{"type":"Polygon","coordinates":[[[-73.241663,10.47395],[-73.241636,10.473916],[-73.241545,10.473988],[-73.241513,10.473954],[-73.241456,10.473998],[-73.241511,10.474063],[-73.241663,10.47395]]]}},{"type":"Feature","properties":{"altura_m":3.0,"origen_altura":"osm_altura"},"geometry":{"type":"Polygon","coordinates":[[[-73.241385,10.473934],[-73.241435,10.473997],[-73.241502,10.473948],[-73.241469,10.473906],[-73.241562,10.473834],[-73.241595,10.47388],[-73.241655,10.473833],[-73.241596,10.473771],[-73.241385,10.473934]]]}},{"type":"Feature","properties":{"altura_m":6.0,"origen_altura":"osm_altura"},"geometry":{"type":"Polygon","coordinates":[[[-73.24207,10.473541],[-73.242048,10.473507],[-73.242058,10.4735],[-73.242041,10.473475],[-73.24187,10.473548],[-73.241907,10.473625],[-73.24207,10.473541]]]}},{"type":"Feature","properties":{"altura_m":3.0,"origen_altura":"osm_altura"},"geometry":{"type":"Polygon","coordinates":[[[-73.242038,10.473452],[-73.242008,10.473402],[-73.24176,10.473409],[-73.241784,10.473514],[-73.241811,10.473505],[-73.241835,10.473541],[-73.242038,10.473452]]]}},{"type":"Feature","properties":{"altura_m":6.0,"origen_altura":"osm_altura"},"geometry":{"type":"Polygon","coordinates":[[[-73.241762,10.473512],[-73.241742,10.473396],[-73.241709,10.473398],[-73.241731,10.473517],[-73.241762,10.473512]]]}},{"type":"Feature","properties":{"altura_m":6.0,"origen_altura":"osm_altura"},"geometry":{"type":"Polygon","coordinates":[[[-73.241692,10.473401],[-73.241609,10.473405],[-73.241633,10.473529],[-73.241678,10.473533],[-73.241691,10.473625],[-73.241655,10.473631],[-73.241672,10.473693],[-73.241748,10.473677],[-73.241724,10.473582],[-73.241766,10.473568],[-73.241759,10.473529],[-73.241717,10.473539],[-73.241692,10.473401]]]}},{"type":"Feature","properties":{"altura_m":3.0,"origen_altura":"osm_altura"},"geometry":{"type":"Polygon","coordinates":[[[-73.241589,10.473754],[-73.241567,10.473726],[-73.241549,10.47374],[-73.241504,10.473672],[-73.241299,10.473823],[-73.241374,10.473915],[-73.241589,10.473754]]]}},{"type":"Feature","properties":{"altura_m":6.0,"origen_altura":"osm_altura"},"geometry":{"type":"Polygon","coordinates":[[[-73.2412,10.473541],[-73.241122,10.473584],[-73.240999,10.473429],[-73.241191,10.473422],[-73.241193,10.473444],[-73.241169,10.473446],[-73.2412,10.473541]]]}},{"type":"Feature","properties":{"altura_m":3.0,"origen_altura":"osm_altura"},"geometry":{"type":"Polygon","coordinates":[[[-73.241495,10.47366],[-73.241481,10.473643],[-73.241391,10.473705],[-73.24133,10.473638],[-73.241218,10.473717],[-73.241292,10.473811],[-73.241495,10.47366]]]}},{"type":"Feature","properties":{"altura_m":6.0,"origen_altura":"osm_altura"},"geometry":{"type":"Polygon","coordinates":[[[-73.241548,10.473413],[-73.2414,10.473417],[-73.24141,10.473531],[-73.241555,10.473525],[-73.241548,10.473413]]]}},{"type":"Feature","properties":{"altura_m":6.0,"origen_altura":"osm_altura"},"geometry":{"type":"Polygon","coordinates":[[[-73.241346,10.473606],[-73.241316,10.4735],[-73.241155,10.473599],[-73.241216,10.47368],[-73.241318,10.473628],[-73.241346,10.473606]]]}},{"type":"Feature","properties":{"altura_m":6.0,"origen_altura":"osm_altura"},"geometry":{"type":"Polygon","coordinates":[[[-73.241395,10.473559],[-73.241358,10.473558],[-73.241354,10.473509],[-73.24133,10.473509],[-73.241319,10.473484],[-73.241288,10.473495],[-73.241267,10.47342],[-73.241385,10.473415],[-73.241395,10.473559]]]}},{"type":"Feature","properties":{"altura_m":3.0,"origen_altura":"osm_altura"},"geometry":{"type":"Polygon","coordinates":[[[-73.246721,10.478223],[-73.246666,10.478257],[-73.246734,10.478356],[-73.2468,10.47831],[-73.246721,10.478223]]]}},{"type":"Feature","properties":{"altura_m":6.0,"origen_altura":"osm_altura"},"geometry":{"type":"Polygon","coordinates":[[[-73.246704,10.478312],[-73.246664,10.478344],[-73.246628,10.478284],[-73.246666,10.478257],[-73.246704,10.478312]]]}},{"type":"Feature","properties":{"altura_m":3.0,"origen_altura":"osm_altura"},"geometry":{"type":"Polygon","coordinates":[[[-73.246628,10.478284],[-73.246574,10.478326],[-73.24665,10.47842],[-73.246693,10.478388],[-73.246628,10.478284]]]}},{"type":"Feature","properties":{"altura_m":3.0,"origen_altura":"osm_altura"},"geometry":{"type":"Polygon","coordinates":[[[-73.246574,10.478326],[-73.246501,10.478384],[-73.246539,10.478423],[-73.246614,10.478378],[-73.246574,10.478326]]]}},{"type":"Feature","properties":{"altura_m":6.0,"origen_altura":"osm_altura"},"geometry":{"type":"Polygon","coordinates":[[[-73.246626,10.478534],[-73.246711,10.478657],[-73.246806,10.47859],[-73.246729,10.478469],[-73.246626,10.478534]]]}},{"type":"Feature","properties":{"altura_m":3.0,"origen_altura":"osm_altura"},"geometry":{"type":"Polygon","coordinates":[[[-73.247037,10.478657],[-73.246902,10.47876],[-73.246874,10.478682],[-73.246993,10.47859],[-73.247037,10.478657]]]}},{"type":"Feature","properties":{"altura_m":3.0,"origen_altura":"osm_altura"},"geometry":{"type":"Polygon","coordinates":[[[-73.243164,10.479321],[-73.243067,10.479378],[-73.242951,10.479234],[-73.243057,10.479173],[-73.243164,10.479321]]]}},{"type":"Feature","properties":{"altura_m":3.0,"origen_altura":"osm_altura"},"geometry":{"type":"Polygon","coordinates":[[[-73.245638,10.477349],[-73.245533,10.477413],[-73.245376,10.477171],[-73.245467,10.477119],[-73.245638,10.477349]]]}},{"type":"Feature","properties":{"altura_m":6.0,"origen_altura":"osm_altura"},"geometry":{"type":"Polygon","coordinates":[[[-73.2455,10.4775],[-73.245126,10.477728],[-73.244993,10.477522],[-73.245218,10.477379],[-73.245256,10.477428],[-73.245114,10.477522],[-73.245175,10.477606],[-73.245442,10.477426],[-73.2455,10.4775]]]}},{"type":"Feature","properties":{"altura_m":3.0,"origen_altura":"osm_altura"},"geometry":{"type":"Polygon","coordinates":[[[-73.242169,10.475236],[-73.242094,10.475146],[-73.241922,10.475273],[-73.242002,10.475365],[-73.242169,10.475236]]]}},{"type":"Feature","properties":{"altura_m":3.0,"origen_altura":"osm_altura"},"geometry":{"type":"Polygon","coordinates":[[[-73.242026,10.475064],[-73.241904,10.475156],[-73.241923,10.475184],[-73.241873,10.475216],[-73.241904,10.475261],[-73.24208,10.475121],[-73.242026,10.475064]]]}},{"type":"Feature","properties":{"altura_m":3.0,"origen_altura":"osm_altura"},"geometry":{"type":"Polygon","coordinates":[[[-73.242019,10.475054],[-73.24195,10.47498],[-73.24182,10.475102],[-73.241848,10.475142],[-73.241838,10.475151],[-73.24186,10.475179],[-73.242019,10.475054]]]}},{"type":"Feature","properties":{"altura_m":3.0,"origen_altura":"osm_altura"},"geometry":{"type":"Polygon","coordinates":[[[-73.241843,10.475063],[-73.241825,10.475043],[-73.241889,10.47499],[-73.241821,10.474905],[-73.241749,10.474967],[-73.241714,10.474927],[-73.24183,10.474838],[-73.241946,10.474974],[-73.241843,10.475063]]]}},{"type":"Feature","properties":{"altura_m":3.0,"origen_altura":"osm_altura"},"geometry":{"type":"Polygon","coordinates":[[[-73.241736,10.47499],[-73.241706,10.474952],[-73.241625,10.475013],[-73.241688,10.475087],[-73.241715,10.475065],[-73.241683,10.475029],[-73.241736,10.47499]]]}},{"type":"Feature","properties":{"altura_m":3.0,"origen_altura":"osm_altura"},"geometry":{"type":"Polygon","coordinates":[[[-73.241617,10.475032],[-73.241558,10.475074],[-73.241724,10.475276],[-73.241791,10.475229],[-73.241617,10.475032]]]}},{"type":"Feature","properties":{"altura_m":3.0,"origen_altura":"osm_altura"},"geometry":{"type":"Polygon","coordinates":[[[-73.241978,10.475378],[-73.241908,10.475432],[-73.241854,10.475357],[-73.241833,10.475372],[-73.241799,10.475328],[-73.241769,10.475346],[-73.24173,10.475295],[-73.241845,10.475211],[-73.241978,10.475378]]]}},{"type":"Feature","properties":{"altura_m":3.0,"origen_altura":"osm_altura"},"geometry":{"type":"Polygon","coordinates":[[[-73.241905,10.475433],[-73.241855,10.475362],[-73.241834,10.475377],[-73.241799,10.475333],[-73.241769,10.475351],[-73.241858,10.475468],[-73.241905,10.475433]]]}},{"type":"Feature","properties":{"altura_m":3.0,"origen_altura":"osm_altura"},"geometry":{"type":"Polygon","coordinates":[[[-73.241802,10.475507],[-73.241844,10.475478],[-73.241742,10.475346],[-73.241698,10.475372],[-73.241802,10.475507]]]}},{"type":"Feature","properties":{"altura_m":3.0,"origen_altura":"osm_altura"},"geometry":{"type":"Polygon","coordinates":[[[-73.241786,10.475514],[-73.241766,10.475486],[-73.241739,10.475502],[-73.24162,10.475361],[-73.241541,10.475408],[-73.241668,10.475568],[-73.24176,10.475508],[-73.241773,10.475525],[-73.241786,10.475514]]]}},{"type":"Feature","properties":{"altura_m":3.0,"origen_altura":"osm_altura"},"geometry":{"type":"Polygon","coordinates":[[[-73.241664,10.475592],[-73.241646,10.475606],[-73.241525,10.475445],[-73.241486,10.475473],[-73.241565,10.475579],[-73.241593,10.475556],[-73.241641,10.475609],[-73.241587,10.475649],[-73.241459,10.475472],[-73.241532,10.475418],[-73.241664,10.475592]]]}},{"type":"Feature","properties":{"altura_m":3.0,"origen_altura":"osm_altura"},"geometry":{"type":"Polygon","coordinates":[[[-73.241563,10.475226],[-73.241621,10.475174],[-73.241541,10.475078],[-73.241478,10.475128],[-73.241563,10.475226]]]}},{"type":"Feature","properties":{"altura_m":3.0,"origen_altura":"osm_altura"},"geometry":{"type":"Polygon","coordinates":[[[-73.241471,10.475142],[-73.24141,10.47519],[-73.241562,10.475381],[-73.241634,10.475333],[-73.241471,10.475142]]]}},{"type":"Feature","properties":{"altura_m":6.0,"origen_altura":"osm_altura"},"geometry":{"type":"Polygon","coordinates":[[[-73.241548,10.47539],[-73.241394,10.475202],[-73.241319,10.475259],[-73.241381,10.475331],[-73.241437,10.475293],[-73.241473,10.475332],[-73.241438,10.475356],[-73.241409,10.475316],[-73.241384,10.475333],[-73.241475,10.475443],[-73.241548,10.47539]]]}},{"type":"Feature","properties":{"altura_m":3.0,"origen_altura":"osm_altura"},"geometry":{"type":"Polygon","coordinates":[[[-73.241584,10.475671],[-73.241507,10.47572],[-73.241461,10.475649],[-73.241501,10.47562],[-73.241443,10.475534],[-73.241396,10.475559],[-73.241377,10.475528],[-73.241449,10.475486],[-73.241584,10.475671]]]}},{"type":"Feature","properties":{"altura_m":3.0,"origen_altura":"osm_altura"},"geometry":{"type":"Polygon","coordinates":[[[-73.241495,10.475727],[-73.241397,10.475797],[-73.241349,10.475732],[-73.241408,10.475689],[-73.241348,10.475594],[-73.241286,10.475632],[-73.241269,10.475609],[-73.241361,10.47554],[-73.241495,10.475727]]]}},{"type":"Feature","properties":{"altura_m":3.0,"origen_altura":"osm_altura"},"geometry":{"type":"Polygon","coordinates":[[[-73.241305,10.475765],[-73.241256,10.475698],[-73.241285,10.475676],[-73.241247,10.475624],[-73.241142,10.475693],[-73.241231,10.475817],[-73.241305,10.475765]]]}},{"type":"Feature","properties":{"altura_m":6.0,"origen_altura":"osm_altura"},"geometry":{"type":"Polygon","coordinates":[[[-73.241308,10.475272],[-73.241249,10.475321],[-73.241308,10.475387],[-73.241341,10.475357],[-73.241359,10.475376],[-73.241321,10.475402],[-73.24136,10.475442],[-73.241319,10.475469],[-73.241355,10.475524],[-73.241407,10.475491],[-73.241383,10.475455],[-73.241398,10.47544],[-73.241367,10.4754],[-73.241399,10.475381],[-73.241308,10.475272]]]}},{"type":"Feature","properties":{"altura_m":6.0,"origen_altura":"osm_altura"},"geometry":{"type":"Polygon","coordinates":[[[-73.241233,10.475331],[-73.241162,10.475386],[-73.241301,10.475559],[-73.241339,10.475532],[-73.241321,10.475501],[-73.241306,10.475512],[-73.241295,10.475496],[-73.241309,10.475484],[-73.241297,10.475468],[-73.241332,10.475437],[-73.241233,10.475331]]]}},{"type":"Feature","properties":{"altura_m":6.0,"origen_altura":"osm_altura"},"geometry":{"type":"Polygon","coordinates":[[[-73.241168,10.475536],[-73.241196,10.475513],[-73.241176,10.475491],[-73.241195,10.475466],[-73.241129,10.475382],[-73.241049,10.475439],[-73.241173,10.475593],[-73.241202,10.475575],[-73.241168,10.475536]]]}},{"type":"Feature","properties":{"altura_m":6.0,"origen_altura":"osm_altura"},"geometry":{"type":"Polygon","coordinates":[[[-73.241064,10.475483],[-73.241014,10.475521],[-73.24109,10.475621],[-73.241122,10.475599],[-73.241161,10.475659],[-73.24119,10.475641],[-73.241064,10.475483]]]}},{"type":"Feature","properties":{"altura_m":3.0,"origen_altura":"osm_altura"},"geometry":{"type":"Polygon","coordinates":[[[-73.241296,10.475882],[-73.241275,10.475847],[-73.241181,10.475908],[-73.241164,10.475888],[-73.241101,10.475929],[-73.241149,10.475988],[-73.241296,10.475882]]]}},{"type":"Feature","properties":{"altura_m":6.0,"origen_altura":"osm_altura"},"geometry":{"type":"Polygon","coordinates":[[[-73.241063,10.475609],[-73.241039,10.475625],[-73.241053,10.475648],[-73.241026,10.475666],[-73.240923,10.475538],[-73.240977,10.475492],[-73.241063,10.475609]]]}},{"type":"Feature","properties":{"altura_m":6.0,"origen_altura":"osm_altura"},"geometry":{"type":"Polygon","coordinates":[[[-73.24101,10.475673],[-73.240926,10.475568],[-73.240838,10.47563],[-73.240924,10.475733],[-73.24101,10.475673]]]}},{"type":"Feature","properties":{"altura_m":6.0,"origen_altura":"osm_altura"},"geometry":{"type":"Polygon","coordinates":[[[-73.241012,10.475769],[-73.240973,10.475723],[-73.241023,10.475687],[-73.24106,10.475736],[-73.241012,10.475769]]]}},{"type":"Feature","properties":{"altura_m":3.0,"origen_altura":"osm_altura"},"geometry":{"type":"Polygon","coordinates":[[[-73.241177,10.475768],[-73.241137,10.475718],[-73.241084,10.475755],[-73.241102,10.475782],[-73.241066,10.475805],[-73.241041,10.475774],[-73.241011,10.475793],[-73.241053,10.475848],[-73.241177,10.475768]]]}},{"type":"Feature","properties":{"altura_m":6.0,"origen_altura":"osm_altura"},"geometry":{"type":"Polygon","coordinates":[[[-73.241731,10.474746],[-73.241659,10.474797],[-73.241613,10.474728],[-73.241587,10.474743],[-73.241561,10.474709],[-73.241584,10.474695],[-73.24154,10.474639],[-73.241566,10.47462],[-73.241546,10.474595],[-73.241587,10.474561],[-73.241731,10.474746]]]}},{"type":"Feature","properties":{"altura_m":6.0,"origen_altura":"osm_altura"},"geometry":{"type":"Polygon","coordinates":[[[-73.241658,10.474799],[-73.241613,10.474733],[-73.241584,10.474749],[-73.24154,10.47469],[-73.241563,10.474675],[-73.24154,10.474645],[-73.241498,10.474673],[-73.241614,10.474834],[-73.241658,10.474799]]]}},{"type":"Feature","properties":{"altura_m":6.0,"origen_altura":"osm_altura"},"geometry":{"type":"Polygon","coordinates":[[[-73.241574,10.474545],[-73.241495,10.474446],[-73.241408,10.474511],[-73.241455,10.474557],[-73.241355,10.474625],[-73.241404,10.474685],[-73.241574,10.474545]]]}},{"type":"Feature","properties":{"altura_m":6.0,"origen_altura":"osm_altura"},"geometry":{"type":"Polygon","coordinates":[[[-73.241473,10.474436],[-73.241388,10.474341],[-73.241278,10.474421],[-73.241317,10.474467],[-73.241263,10.474523],[-73.241302,10.474567],[-73.241473,10.474436]]]}},{"type":"Feature","properties":{"altura_m":3.0,"origen_altura":"osm_altura"},"geometry":{"type":"Polygon","coordinates":[[[-73.24137,10.474311],[-73.241287,10.474377],[-73.241226,10.474296],[-73.241306,10.474231],[-73.24137,10.474311]]]}},{"type":"Feature","properties":{"altura_m":6.0,"origen_altura":"osm_altura"},"geometry":{"type":"Polygon","coordinates":[[[-73.241206,10.474462],[-73.241139,10.474378],[-73.241214,10.474313],[-73.241287,10.474402],[-73.241206,10.474462]]]}},{"type":"Feature","properties":{"altura_m":3.0,"origen_altura":"osm_altura"},"geometry":{"type":"Polygon","coordinates":[[[-73.241595,10.474839],[-73.241517,10.474895],[-73.241403,10.47475],[-73.241463,10.4747],[-73.24145,10.474678],[-73.241468,10.474665],[-73.241595,10.474839]]]}},{"type":"Feature","properties":{"altura_m":3.0,"origen_altura":"osm_altura"},"geometry":{"type":"Polygon","coordinates":[[[-73.241124,10.474506],[-73.241067,10.474434],[-73.24095,10.474525],[-73.24103,10.474631],[-73.241097,10.474583],[-73.241068,10.474543],[-73.241124,10.474506]]]}},{"type":"Feature","properties":{"altura_m":6.0,"origen_altura":"osm_altura"},"geometry":{"type":"Polygon","coordinates":[[[-73.241506,10.474905],[-73.241422,10.474964],[-73.241319,10.474831],[-73.241378,10.474793],[-73.241351,10.474757],[-73.241378,10.474735],[-73.241506,10.474905]]]}},{"type":"Feature","properties":{"altura_m":6.0,"origen_altura":"osm_altura"},"geometry":{"type":"Polygon","coordinates":[[[-73.240992,10.474611],[-73.240978,10.474619],[-73.24099,10.474639],[-73.240978,10.474645],[-73.240965,10.47463],[-73.240904,10.474678],[-73.240835,10.474594],[-73.240924,10.47452],[-73.240992,10.474611]]]}},{"type":"Feature","properties":{"altura_m":6.0,"origen_altura":"osm_altura"},"geometry":{"type":"Polygon","coordinates":[[[-73.241197,10.47471],[-73.241159,10.474737],[-73.241176,10.474762],[-73.241149,10.474784],[-73.241231,10.474887],[-73.241261,10.474861],[-73.241345,10.474965],[-73.241309,10.47499],[-73.24134,10.475031],[-73.241412,10.474978],[-73.241197,10.47471]]]}},{"type":"Feature","properties":{"altura_m":6.0,"origen_altura":"osm_altura"},"geometry":{"type":"Polygon","coordinates":[[[-73.241323,10.475041],[-73.241135,10.474789],[-73.241036,10.474858],[-73.241237,10.475104],[-73.241323,10.475041]]]}},{"type":"Feature","properties":{"altura_m":6.0,"origen_altura":"osm_altura"},"geometry":{"type":"Polygon","coordinates":[[[-73.247214,10.476935],[-73.247103,10.477018],[-73.247006,10.476839],[-73.247097,10.476766],[-73.247214,10.476935]]]}},{"type":"Feature","properties":{"altura_m":3.5,"origen_altura":"provisional"},"geometry":{"type":"Polygon","coordinates":[[[-73.247033,10.47706],[-73.246976,10.477085],[-73.246779,10.476789],[-73.246832,10.476724],[-73.247033,10.47706]]]}},{"type":"Feature","properties":{"altura_m":3.5,"origen_altura":"provisional"},"geometry":{"type":"Polygon","coordinates":[[[-73.246779,10.476789],[-73.246704,10.476842],[-73.246901,10.477142],[-73.246976,10.477085],[-73.246779,10.476789]]]}},{"type":"Feature","properties":{"altura_m":3.0,"origen_altura":"osm_altura"},"geometry":{"type":"Polygon","coordinates":[[[-73.246545,10.476955],[-73.246487,10.477001],[-73.246604,10.477199],[-73.246687,10.477171],[-73.246545,10.476955]]]}},{"type":"Feature","properties":{"altura_m":3.0,"origen_altura":"osm_altura"},"geometry":{"type":"Polygon","coordinates":[[[-73.246581,10.47716],[-73.246535,10.477187],[-73.246428,10.477042],[-73.246487,10.477001],[-73.246581,10.47716]]]}},{"type":"Feature","properties":{"altura_m":3.0,"origen_altura":"osm_altura"},"geometry":{"type":"Polygon","coordinates":[[[-73.246535,10.477187],[-73.246499,10.477241],[-73.246377,10.477084],[-73.246428,10.477042],[-73.246535,10.477187]]]}},{"type":"Feature","properties":{"altura_m":3.0,"origen_altura":"osm_altura"},"geometry":{"type":"Polygon","coordinates":[[[-73.246377,10.477084],[-73.246187,10.477232],[-73.246422,10.47748],[-73.246593,10.477363],[-73.246377,10.477084]]]}},{"type":"Feature","properties":{"altura_m":3.5,"origen_altura":"provisional"},"geometry":{"type":"Polygon","coordinates":[[[-73.246422,10.47748],[-73.246488,10.477561],[-73.246664,10.477447],[-73.246593,10.477363],[-73.246422,10.47748]]]}},{"type":"Feature","properties":{"altura_m":3.0,"origen_altura":"osm_altura"},"geometry":{"type":"Polygon","coordinates":[[[-73.246669,10.477829],[-73.246611,10.477757],[-73.246765,10.477648],[-73.246832,10.477734],[-73.246669,10.477829]]]}},{"type":"Feature","properties":{"altura_m":9.0,"origen_altura":"osm_altura"},"geometry":{"type":"Polygon","coordinates":[[[-73.247488,10.477478],[-73.247394,10.477548],[-73.247256,10.477321],[-73.2473,10.47729],[-73.247327,10.477331],[-73.247367,10.477296],[-73.247488,10.477478]]]}},{"type":"Feature","properties":{"altura_m":6.0,"origen_altura":"osm_altura"},"geometry":{"type":"Polygon","coordinates":[[[-73.246323,10.477572],[-73.246394,10.477661],[-73.246064,10.477899],[-73.245999,10.477779],[-73.246323,10.477572]]]}},{"type":"Feature","properties":{"altura_m":18.0,"origen_altura":"osm_altura"},"geometry":{"type":"Polygon","coordinates":[[[-73.247888,10.476337],[-73.247686,10.476103],[-73.247418,10.476292],[-73.247608,10.476527],[-73.247888,10.476337]]]}},{"type":"Feature","properties":{"altura_m":3.5,"origen_altura":"provisional"},"geometry":{"type":"Polygon","coordinates":[[[-73.246671,10.474744],[-73.246548,10.474822],[-73.246518,10.474763],[-73.246465,10.474801],[-73.246425,10.474742],[-73.246582,10.474629],[-73.246671,10.474744]]]}},{"type":"Feature","properties":{"altura_m":3.5,"origen_altura":"provisional"},"geometry":{"type":"Polygon","coordinates":[[[-73.246671,10.474744],[-73.246753,10.474869],[-73.246774,10.474862],[-73.246846,10.474984],[-73.246792,10.47502],[-73.246837,10.475089],[-73.246783,10.475128],[-73.246827,10.47519],[-73.246692,10.47527],[-73.246437,10.474895],[-73.246671,10.474744]]]}},{"type":"Feature","properties":{"altura_m":3.5,"origen_altura":"provisional"},"geometry":{"type":"Polygon","coordinates":[[[-73.246692,10.47527],[-73.24655,10.475372],[-73.246498,10.47529],[-73.246534,10.47527],[-73.246458,10.475135],[-73.246414,10.475165],[-73.246366,10.47509],[-73.246504,10.474994],[-73.246692,10.47527]]]}},{"type":"Feature","properties":{"altura_m":3.5,"origen_altura":"provisional"},"geometry":{"type":"Polygon","coordinates":[[[-73.246263,10.475455],[-73.246168,10.475303],[-73.246321,10.475205],[-73.246401,10.475319],[-73.246344,10.475352],[-73.246365,10.475386],[-73.246263,10.475455]]]}},{"type":"Feature","properties":{"altura_m":3.5,"origen_altura":"provisional"},"geometry":{"type":"Polygon","coordinates":[[[-73.246168,10.475303],[-73.246124,10.475238],[-73.246282,10.475136],[-73.246321,10.475205],[-73.246168,10.475303]]]}},{"type":"Feature","properties":{"altura_m":3.5,"origen_altura":"provisional"},"geometry":{"type":"Polygon","coordinates":[[[-73.246105,10.475165],[-73.246021,10.475051],[-73.246157,10.47495],[-73.246242,10.475078],[-73.246105,10.475165]]]}},{"type":"Feature","properties":{"altura_m":3.5,"origen_altura":"provisional"},"geometry":{"type":"Polygon","coordinates":[[[-73.245498,10.474548],[-73.245557,10.474634],[-73.245379,10.474762],[-73.245314,10.474664],[-73.245498,10.474548]]]}},{"type":"Feature","properties":{"altura_m":3.5,"origen_altura":"provisional"},"geometry":{"type":"Polygon","coordinates":[[[-73.245664,10.474779],[-73.245766,10.474915],[-73.245599,10.474992],[-73.245521,10.474873],[-73.245664,10.474779]]]}},{"type":"Feature","properties":{"altura_m":3.5,"origen_altura":"provisional"},"geometry":{"type":"Polygon","coordinates":[[[-73.245766,10.474915],[-73.245849,10.475045],[-73.245673,10.475149],[-73.245599,10.474992],[-73.245766,10.474915]]]}},{"type":"Feature","properties":{"altura_m":3.5,"origen_altura":"provisional"},"geometry":{"type":"Polygon","coordinates":[[[-73.245537,10.475237],[-73.245136,10.475485],[-73.245022,10.475327],[-73.244938,10.475389],[-73.244984,10.475478],[-73.24482,10.475568],[-73.244769,10.475496],[-73.244737,10.475377],[-73.245038,10.475177],[-73.245002,10.475101],[-73.245297,10.474915],[-73.245537,10.475237]]]}},{"type":"Feature","properties":{"altura_m":3.5,"origen_altura":"provisional"},"geometry":{"type":"Polygon","coordinates":[[[-73.244971,10.475634],[-73.244901,10.475674],[-73.24482,10.475568],[-73.244885,10.475524],[-73.244971,10.475634]]]}},{"type":"Feature","properties":{"altura_m":12.0,"origen_altura":"osm_altura"},"geometry":{"type":"Polygon","coordinates":[[[-73.246435,10.47464],[-73.246248,10.474399],[-73.246124,10.474487],[-73.246033,10.474338],[-73.246216,10.474201],[-73.246515,10.474586],[-73.246435,10.47464]]]}},{"type":"Feature","properties":{"altura_m":9.0,"origen_altura":"osm_altura"},"geometry":{"type":"Polygon","coordinates":[[[-73.246175,10.474158],[-73.246115,10.474084],[-73.245965,10.474202],[-73.245999,10.474258],[-73.246175,10.474158]]]}},{"type":"Feature","properties":{"altura_m":3.5,"origen_altura":"provisional"},"geometry":{"type":"Polygon","coordinates":[[[-73.245657,10.474467],[-73.245725,10.474564],[-73.246008,10.474409],[-73.245934,10.474309],[-73.245657,10.474467]]]}},{"type":"Feature","properties":{"altura_m":6.0,"origen_altura":"osm_altura"},"geometry":{"type":"Polygon","coordinates":[[[-73.246048,10.474887],[-73.245866,10.474608],[-73.245783,10.474649],[-73.245953,10.474944],[-73.246048,10.474887]]]}},{"type":"Feature","properties":{"altura_m":6.0,"origen_altura":"osm_altura"},"geometry":{"type":"Polygon","coordinates":[[[-73.240494,10.473294],[-73.240383,10.473302],[-73.240361,10.47313],[-73.240402,10.47312],[-73.240494,10.473294]]]}},{"type":"Feature","properties":{"altura_m":3.0,"origen_altura":"osm_altura"},"geometry":{"type":"Polygon","coordinates":[[[-73.240335,10.473296],[-73.24023,10.473298],[-73.240215,10.473077],[-73.240319,10.473073],[-73.240335,10.473296]]]}},{"type":"Feature","properties":{"altura_m":3.0,"origen_altura":"osm_altura"},"geometry":{"type":"Polygon","coordinates":[[[-73.240185,10.473295],[-73.240128,10.473302],[-73.240136,10.473204],[-73.240199,10.47321],[-73.240185,10.473295]]]}},{"type":"Feature","properties":{"altura_m":3.0,"origen_altura":"osm_altura"},"geometry":{"type":"Polygon","coordinates":[[[-73.240096,10.473313],[-73.240026,10.47332],[-73.240003,10.473128],[-73.240103,10.473122],[-73.240096,10.473313]]]}},{"type":"Feature","properties":{"altura_m":3.0,"origen_altura":"osm_altura"},"geometry":{"type":"Polygon","coordinates":[[[-73.239992,10.473323],[-73.239909,10.473331],[-73.239883,10.473121],[-73.239975,10.473141],[-73.239992,10.473323]]]}},{"type":"Feature","properties":{"altura_m":3.0,"origen_altura":"osm_altura"},"geometry":{"type":"Polygon","coordinates":[[[-73.239873,10.473329],[-73.239796,10.473335],[-73.239791,10.473172],[-73.239864,10.473193],[-73.239873,10.473329]]]}},{"type":"Feature","properties":{"altura_m":3.0,"origen_altura":"osm_altura"},"geometry":{"type":"Polygon","coordinates":[[[-73.239764,10.473337],[-73.239696,10.473339],[-73.239688,10.473069],[-73.239762,10.473076],[-73.239764,10.473337]]]}},{"type":"Feature","properties":{"altura_m":3.0,"origen_altura":"osm_altura"},"geometry":{"type":"Polygon","coordinates":[[[-73.239667,10.473344],[-73.239587,10.47335],[-73.239578,10.473233],[-73.239662,10.473222],[-73.239667,10.473344]]]}},{"type":"Feature","properties":{"altura_m":3.0,"origen_altura":"osm_altura"},"geometry":{"type":"Polygon","coordinates":[[[-73.239548,10.473337],[-73.23951,10.473339],[-73.239505,10.473096],[-73.239554,10.473096],[-73.239548,10.473337]]]}},{"type":"Feature","properties":{"altura_m":3.5,"origen_altura":"provisional"},"geometry":{"type":"Polygon","coordinates":[[[-73.23948,10.473341],[-73.239431,10.473343],[-73.239431,10.47322],[-73.239481,10.473217],[-73.23948,10.473341]]]}},{"type":"Feature","properties":{"altura_m":6.0,"origen_altura":"osm_altura"},"geometry":{"type":"Polygon","coordinates":[[[-73.239406,10.473345],[-73.239356,10.473348],[-73.23935,10.473187],[-73.239406,10.473178],[-73.239406,10.473345]]]}},{"type":"Feature","properties":{"altura_m":3.0,"origen_altura":"osm_altura"},"geometry":{"type":"Polygon","coordinates":[[[-73.23933,10.473356],[-73.239204,10.473362],[-73.239191,10.473227],[-73.239321,10.473211],[-73.23933,10.473356]]]}},{"type":"Feature","properties":{"altura_m":3.0,"origen_altura":"osm_altura"},"geometry":{"type":"Polygon","coordinates":[[[-73.239683,10.472995],[-73.239627,10.473002],[-73.23962,10.472712],[-73.239677,10.472718],[-73.239683,10.472995]]]}},{"type":"Feature","properties":{"altura_m":3.0,"origen_altura":"osm_altura"},"geometry":{"type":"Polygon","coordinates":[[[-73.239886,10.472728],[-73.23988,10.472768],[-73.239826,10.472785],[-73.239826,10.472849],[-73.239725,10.472712],[-73.239886,10.472728]]]}},{"type":"Feature","properties":{"altura_m":3.0,"origen_altura":"osm_altura"},"geometry":{"type":"Polygon","coordinates":[[[-73.240046,10.472812],[-73.239951,10.47286],[-73.239936,10.472685],[-73.240054,10.472684],[-73.240046,10.472812]]]}},{"type":"Feature","properties":{"altura_m":3.0,"origen_altura":"osm_altura"},"geometry":{"type":"Polygon","coordinates":[[[-73.240165,10.472734],[-73.240096,10.472745],[-73.240089,10.472685],[-73.240154,10.472677],[-73.240165,10.472734]]]}},{"type":"Feature","properties":{"altura_m":3.0,"origen_altura":"osm_altura"},"geometry":{"type":"Polygon","coordinates":[[[-73.240195,10.472793],[-73.240087,10.472831],[-73.240093,10.47278],[-73.24019,10.472762],[-73.240195,10.472793]]]}},{"type":"Feature","properties":{"altura_m":3.0,"origen_altura":"osm_altura"},"geometry":{"type":"Polygon","coordinates":[[[-73.240259,10.472851],[-73.240153,10.472917],[-73.240109,10.472858],[-73.240224,10.47281],[-73.240259,10.472851]]]}},{"type":"Feature","properties":{"altura_m":6.0,"origen_altura":"osm_altura"},"geometry":{"type":"Polygon","coordinates":[[[-73.240295,10.47293],[-73.240219,10.472984],[-73.240175,10.472942],[-73.240266,10.472886],[-73.240295,10.47293]]]}},{"type":"Feature","properties":{"altura_m":3.0,"origen_altura":"osm_altura"},"geometry":{"type":"Polygon","coordinates":[[[-73.240362,10.473023],[-73.240308,10.473028],[-73.240254,10.472997],[-73.240323,10.472958],[-73.240362,10.473023]]]}},{"type":"Feature","properties":{"altura_m":3.0,"origen_altura":"osm_altura"},"geometry":{"type":"Polygon","coordinates":[[[-73.241884,10.47326],[-73.241811,10.473277],[-73.241643,10.473169],[-73.24179,10.473088],[-73.241884,10.47326]]]}},{"type":"Feature","properties":{"altura_m":3.0,"origen_altura":"osm_altura"},"geometry":{"type":"Polygon","coordinates":[[[-73.241661,10.473265],[-73.241548,10.47327],[-73.241495,10.47314],[-73.241593,10.473152],[-73.241661,10.473265]]]}},{"type":"Feature","properties":{"altura_m":3.0,"origen_altura":"osm_altura"},"geometry":{"type":"Polygon","coordinates":[[[-73.241448,10.473259],[-73.241372,10.473259],[-73.241378,10.473123],[-73.241459,10.473138],[-73.241448,10.473259]]]}},{"type":"Feature","properties":{"altura_m":6.0,"origen_altura":"osm_altura"},"geometry":{"type":"Polygon","coordinates":[[[-73.241336,10.473256],[-73.241255,10.473257],[-73.241248,10.47305],[-73.241283,10.47305],[-73.241293,10.473204],[-73.241342,10.473196],[-73.241336,10.473256]]]}},{"type":"Feature","properties":{"altura_m":3.0,"origen_altura":"osm_altura"},"geometry":{"type":"Polygon","coordinates":[[[-73.241234,10.473255],[-73.241186,10.473255],[-73.241176,10.473109],[-73.24123,10.473102],[-73.241234,10.473255]]]}},{"type":"Feature","properties":{"altura_m":3.0,"origen_altura":"osm_altura"},"geometry":{"type":"Polygon","coordinates":[[[-73.241151,10.473266],[-73.241026,10.473285],[-73.241018,10.473156],[-73.241145,10.473112],[-73.241151,10.473266]]]}},{"type":"Feature","properties":{"altura_m":3.0,"origen_altura":"osm_altura"},"geometry":{"type":"Polygon","coordinates":[[[-73.240995,10.473286],[-73.240883,10.473304],[-73.240812,10.473212],[-73.240985,10.473156],[-73.240995,10.473286]]]}},{"type":"Feature","properties":{"altura_m":3.0,"origen_altura":"osm_altura"},"geometry":{"type":"Polygon","coordinates":[[[-73.240925,10.47304],[-73.24079,10.473159],[-73.240733,10.473098],[-73.240884,10.472981],[-73.240925,10.47304]]]}},{"type":"Feature","properties":{"altura_m":6.0,"origen_altura":"osm_altura"},"geometry":{"type":"Polygon","coordinates":[[[-73.240826,10.472972],[-73.240707,10.473069],[-73.240632,10.472961],[-73.24074,10.472879],[-73.240826,10.472972]]]}},{"type":"Feature","properties":{"altura_m":3.0,"origen_altura":"osm_altura"},"geometry":{"type":"Polygon","coordinates":[[[-73.240718,10.472848],[-73.240613,10.472927],[-73.240557,10.472873],[-73.240673,10.472798],[-73.240718,10.472848]]]}},{"type":"Feature","properties":{"altura_m":3.0,"origen_altura":"osm_altura"},"geometry":{"type":"Polygon","coordinates":[[[-73.240654,10.472769],[-73.240533,10.472843],[-73.240426,10.472696],[-73.240659,10.472709],[-73.240654,10.472769]]]}},{"type":"Feature","properties":{"altura_m":3.0,"origen_altura":"osm_altura"},"geometry":{"type":"Polygon","coordinates":[[[-73.240406,10.472648],[-73.240406,10.472672],[-73.240719,10.472691],[-73.240701,10.472636],[-73.240406,10.472648]]]}},{"type":"Feature","properties":{"altura_m":6.0,"origen_altura":"osm_altura"},"geometry":{"type":"Polygon","coordinates":[[[-73.240838,10.472873],[-73.240761,10.472844],[-73.240761,10.472646],[-73.24083,10.472642],[-73.240838,10.472873]]]}},{"type":"Feature","properties":{"altura_m":6.0,"origen_altura":"osm_altura"},"geometry":{"type":"Polygon","coordinates":[[[-73.241208,10.475117],[-73.241149,10.475155],[-73.241045,10.475012],[-73.241102,10.474972],[-73.241208,10.475117]]]}},{"type":"Feature","properties":{"altura_m":3.0,"origen_altura":"osm_altura"},"geometry":{"type":"Polygon","coordinates":[[[-73.241068,10.472996],[-73.240971,10.473014],[-73.240878,10.472655],[-73.240996,10.472627],[-73.241068,10.472996]]]}},{"type":"Feature","properties":{"altura_m":3.0,"origen_altura":"osm_altura"},"geometry":{"type":"Polygon","coordinates":[[[-73.241223,10.472992],[-73.241114,10.472988],[-73.241082,10.472629],[-73.241226,10.472618],[-73.241223,10.472992]]]}},{"type":"Feature","properties":{"altura_m":6.0,"origen_altura":"osm_altura"},"geometry":{"type":"Polygon","coordinates":[[[-73.241544,10.472684],[-73.241288,10.472768],[-73.241283,10.472643],[-73.241526,10.472615],[-73.241544,10.472684]]]}},{"type":"Feature","properties":{"altura_m":3.0,"origen_altura":"osm_altura"},"geometry":{"type":"Polygon","coordinates":[[[-73.241591,10.472789],[-73.241354,10.472913],[-73.241293,10.472819],[-73.241555,10.472731],[-73.241591,10.472789]]]}},{"type":"Feature","properties":{"altura_m":3.0,"origen_altura":"osm_altura"},"geometry":{"type":"Polygon","coordinates":[[[-73.241629,10.472895],[-73.241401,10.473003],[-73.241366,10.47295],[-73.241602,10.472839],[-73.241629,10.472895]]]}},{"type":"Feature","properties":{"altura_m":3.0,"origen_altura":"osm_altura"},"geometry":{"type":"Polygon","coordinates":[[[-73.241718,10.473058],[-73.241588,10.473094],[-73.241423,10.473062],[-73.241652,10.472955],[-73.241718,10.473058]]]}},{"type":"Feature","properties":{"altura_m":6.0,"origen_altura":"osm_altura"},"geometry":{"type":"Polygon","coordinates":[[[-73.242265,10.474314],[-73.242378,10.474224],[-73.242254,10.474073],[-73.242148,10.474149],[-73.242265,10.474314]]]}},{"type":"Feature","properties":{"altura_m":6.0,"origen_altura":"osm_altura"},"geometry":{"type":"Polygon","coordinates":[[[-73.242204,10.474382],[-73.24216,10.474414],[-73.242114,10.474352],[-73.242085,10.474375],[-73.241952,10.4742],[-73.24203,10.474141],[-73.242204,10.474382]]]}},{"type":"Feature","properties":{"altura_m":6.0,"origen_altura":"osm_altura"},"geometry":{"type":"Polygon","coordinates":[[[-73.241377,10.472473],[-73.241117,10.472501],[-73.241075,10.472398],[-73.241347,10.472414],[-73.241377,10.472473]]]}},{"type":"Feature","properties":{"altura_m":3.0,"origen_altura":"osm_altura"},"geometry":{"type":"Polygon","coordinates":[[[-73.241297,10.472345],[-73.241154,10.472336],[-73.241083,10.472242],[-73.241223,10.472174],[-73.241297,10.472345]]]}},{"type":"Feature","properties":{"altura_m":6.0,"origen_altura":"osm_altura"},"geometry":{"type":"Polygon","coordinates":[[[-73.241179,10.472115],[-73.241113,10.472003],[-73.240986,10.472083],[-73.241057,10.472201],[-73.241179,10.472115]]]}},{"type":"Feature","properties":{"altura_m":3.0,"origen_altura":"osm_altura"},"geometry":{"type":"Polygon","coordinates":[[[-73.24108,10.471939],[-73.240967,10.472011],[-73.240909,10.471942],[-73.24104,10.471868],[-73.24108,10.471939]]]}},{"type":"Feature","properties":{"altura_m":3.0,"origen_altura":"osm_altura"},"geometry":{"type":"Polygon","coordinates":[[[-73.240334,10.472373],[-73.240258,10.47241],[-73.240181,10.472287],[-73.240264,10.472248],[-73.240334,10.472373]]]}},{"type":"Feature","properties":{"altura_m":3.0,"origen_altura":"osm_altura"},"geometry":{"type":"Polygon","coordinates":[[[-73.240378,10.472544],[-73.240346,10.47255],[-73.240301,10.472459],[-73.24036,10.472424],[-73.240378,10.472544]]]}},{"type":"Feature","properties":{"altura_m":3.0,"origen_altura":"osm_altura"},"geometry":{"type":"Polygon","coordinates":[[[-73.240517,10.472543],[-73.240428,10.472543],[-73.24041,10.472382],[-73.240474,10.472366],[-73.240517,10.472543]]]}},{"type":"Feature","properties":{"altura_m":3.0,"origen_altura":"osm_altura"},"geometry":{"type":"Polygon","coordinates":[[[-73.240655,10.472534],[-73.24056,10.47254],[-73.240514,10.472355],[-73.240626,10.472321],[-73.240655,10.472534]]]}},{"type":"Feature","properties":{"altura_m":3.0,"origen_altura":"osm_altura"},"geometry":{"type":"Polygon","coordinates":[[[-73.240743,10.472508],[-73.240686,10.472514],[-73.240666,10.472405],[-73.240751,10.472419],[-73.240743,10.472508]]]}},{"type":"Feature","properties":{"altura_m":3.0,"origen_altura":"osm_altura"},"geometry":{"type":"Polygon","coordinates":[[[-73.240911,10.472501],[-73.240814,10.4725],[-73.240735,10.472269],[-73.24081,10.472221],[-73.240911,10.472501]]]}},{"type":"Feature","properties":{"altura_m":3.0,"origen_altura":"osm_altura"},"geometry":{"type":"Polygon","coordinates":[[[-73.241031,10.472477],[-73.240964,10.472478],[-73.240902,10.472292],[-73.240995,10.472263],[-73.241031,10.472477]]]}},{"type":"Feature","properties":{"altura_m":6.0,"origen_altura":"osm_altura"},"geometry":{"type":"Polygon","coordinates":[[[-73.241102,10.475172],[-73.241002,10.475248],[-73.240786,10.474989],[-73.240901,10.474909],[-73.241102,10.475172]]]}},{"type":"Feature","properties":{"altura_m":6.0,"origen_altura":"osm_altura"},"geometry":{"type":"Polygon","coordinates":[[[-73.240959,10.475276],[-73.240939,10.475289],[-73.240959,10.475313],[-73.240858,10.47537],[-73.2407,10.475176],[-73.240809,10.475093],[-73.240959,10.475276]]]}},{"type":"Feature","properties":{"altura_m":6.0,"origen_altura":"osm_altura"},"geometry":{"type":"Polygon","coordinates":[[[-73.24082,10.475381],[-73.240709,10.475463],[-73.240561,10.47528],[-73.240671,10.475188],[-73.24082,10.475381]]]}},{"type":"Feature","properties":{"altura_m":6.0,"origen_altura":"osm_altura"},"geometry":{"type":"Polygon","coordinates":[[[-73.240684,10.475059],[-73.240561,10.475152],[-73.240587,10.475151],[-73.24059,10.475165],[-73.240511,10.475228],[-73.240362,10.475034],[-73.240424,10.474986],[-73.240413,10.474977],[-73.240558,10.474854],[-73.240569,10.474866],[-73.240543,10.474889],[-73.240684,10.475059]]]}},{"type":"Feature","properties":{"altura_m":6.0,"origen_altura":"osm_altura"},"geometry":{"type":"Polygon","coordinates":[[[-73.240956,10.474797],[-73.24082,10.474625],[-73.240749,10.474673],[-73.240828,10.474762],[-73.240872,10.47473],[-73.240934,10.474814],[-73.240956,10.474797]]]}},{"type":"Feature","properties":{"altura_m":6.0,"origen_altura":"osm_altura"},"geometry":{"type":"Polygon","coordinates":[[[-73.240808,10.474858],[-73.240781,10.474879],[-73.240799,10.474906],[-73.240764,10.474925],[-73.240733,10.474882],[-73.240725,10.474891],[-73.240758,10.474932],[-73.240719,10.474961],[-73.24063,10.474857],[-73.240652,10.474836],[-73.240614,10.474788],[-73.240707,10.474722],[-73.240808,10.474858]]]}},{"type":"Feature","properties":{"altura_m":3.0,"origen_altura":"osm_altura"},"geometry":{"type":"Polygon","coordinates":[[[-73.241185,10.474182],[-73.241019,10.474323],[-73.240885,10.47419],[-73.241062,10.474041],[-73.241185,10.474182]]]}},{"type":"Feature","properties":{"altura_m":3.0,"origen_altura":"osm_altura"},"geometry":{"type":"Polygon","coordinates":[[[-73.240977,10.474348],[-73.240892,10.474427],[-73.240742,10.474241],[-73.24084,10.474203],[-73.240977,10.474348]]]}},{"type":"Feature","properties":{"altura_m":3.0,"origen_altura":"osm_altura"},"geometry":{"type":"Polygon","coordinates":[[[-73.240861,10.47445],[-73.24078,10.474513],[-73.240669,10.474394],[-73.240793,10.474359],[-73.240861,10.47445]]]}},{"type":"Feature","properties":{"altura_m":3.0,"origen_altura":"osm_altura"},"geometry":{"type":"Polygon","coordinates":[[[-73.24075,10.474522],[-73.240694,10.474597],[-73.240595,10.474469],[-73.240637,10.474397],[-73.24075,10.474522]]]}},{"type":"Feature","properties":{"altura_m":3.0,"origen_altura":"osm_altura"},"geometry":{"type":"Polygon","coordinates":[[[-73.240656,10.474607],[-73.240555,10.474695],[-73.240365,10.474453],[-73.240493,10.474365],[-73.240656,10.474607]]]}},{"type":"Feature","properties":{"altura_m":3.0,"origen_altura":"osm_altura"},"geometry":{"type":"Polygon","coordinates":[[[-73.240524,10.47472],[-73.240448,10.474775],[-73.240235,10.474534],[-73.240351,10.47447],[-73.240524,10.47472]]]}},{"type":"Feature","properties":{"altura_m":3.0,"origen_altura":"osm_altura"},"geometry":{"type":"Polygon","coordinates":[[[-73.240406,10.474799],[-73.240267,10.474904],[-73.240053,10.474653],[-73.240194,10.474558],[-73.240406,10.474799]]]}},{"type":"Feature","properties":{"altura_m":3.0,"origen_altura":"osm_altura"},"geometry":{"type":"Polygon","coordinates":[[[-73.240413,10.474342],[-73.240061,10.474571],[-73.239947,10.474449],[-73.240292,10.474186],[-73.240413,10.474342]]]}},{"type":"Feature","properties":{"altura_m":6.0,"origen_altura":"osm_altura"},"geometry":{"type":"Polygon","coordinates":[[[-73.24015,10.474183],[-73.23991,10.474384],[-73.2398,10.474273],[-73.240061,10.474087],[-73.24015,10.474183]]]}},{"type":"Feature","properties":{"altura_m":3.0,"origen_altura":"osm_altura"},"geometry":{"type":"Polygon","coordinates":[[[-73.239953,10.47404],[-73.239907,10.473979],[-73.239693,10.474126],[-73.239743,10.474224],[-73.239953,10.47404]]]}},{"type":"Feature","properties":{"altura_m":3.0,"origen_altura":"osm_altura"},"geometry":{"type":"Polygon","coordinates":[[[-73.239791,10.473883],[-73.239631,10.474022],[-73.239494,10.473875],[-73.239704,10.473714],[-73.239791,10.473883]]]}},{"type":"Feature","properties":{"altura_m":3.0,"origen_altura":"osm_altura"},"geometry":{"type":"Polygon","coordinates":[[[-73.239626,10.473624],[-73.239448,10.473754],[-73.239283,10.473577],[-73.239578,10.47354],[-73.239626,10.473624]]]}},{"type":"Feature","properties":{"altura_m":6.0,"origen_altura":"osm_altura"},"geometry":{"type":"Polygon","coordinates":[[[-73.239846,10.473722],[-73.239798,10.473729],[-73.239665,10.47352],[-73.239831,10.47349],[-73.239846,10.473722]]]}},{"type":"Feature","properties":{"altura_m":3.0,"origen_altura":"osm_altura"},"geometry":{"type":"Polygon","coordinates":[[[-73.240133,10.473823],[-73.24007,10.473829],[-73.24003,10.473581],[-73.239923,10.473601],[-73.23991,10.473496],[-73.240134,10.473486],[-73.240133,10.473823]]]}},{"type":"Feature","properties":{"altura_m":6.0,"origen_altura":"osm_altura"},"geometry":{"type":"Polygon","coordinates":[[[-73.240448,10.473684],[-73.24022,10.473704],[-73.240219,10.473483],[-73.240429,10.47345],[-73.240448,10.473684]]]}},{"type":"Feature","properties":{"altura_m":3.0,"origen_altura":"osm_altura"},"geometry":{"type":"Polygon","coordinates":[[[-73.240657,10.473622],[-73.240566,10.473661],[-73.240522,10.473459],[-73.240584,10.473443],[-73.240657,10.473622]]]}},{"type":"Feature","properties":{"altura_m":3.0,"origen_altura":"osm_altura"},"geometry":{"type":"Polygon","coordinates":[[[-73.240829,10.473775],[-73.240727,10.473686],[-73.240498,10.473879],[-73.24061,10.473991],[-73.240829,10.473775]]]}},{"type":"Feature","properties":{"altura_m":3.0,"origen_altura":"osm_altura"},"geometry":{"type":"Polygon","coordinates":[[[-73.240947,10.473924],[-73.240879,10.473856],[-73.240653,10.474033],[-73.240705,10.474089],[-73.240947,10.473924]]]}},{"type":"Feature","properties":{"altura_m":3.0,"origen_altura":"osm_altura"},"geometry":{"type":"Polygon","coordinates":[[[-73.241017,10.474013],[-73.240988,10.47397],[-73.240737,10.47413],[-73.240796,10.474171],[-73.241017,10.474013]]]}},{"type":"Feature","properties":{"altura_m":3.5,"origen_altura":"provisional"},"geometry":{"type":"Polygon","coordinates":[[[-73.245896,10.476053],[-73.245798,10.476115],[-73.245926,10.4763],[-73.246032,10.476252],[-73.245896,10.476053]]]}},{"type":"Feature","properties":{"altura_m":3.5,"origen_altura":"provisional"},"geometry":{"type":"Polygon","coordinates":[[[-73.246576,10.476717],[-73.246461,10.47679],[-73.246258,10.476556],[-73.246389,10.476466],[-73.246576,10.476717]]]}},{"type":"Feature","properties":{"altura_m":3.5,"origen_altura":"provisional"},"geometry":{"type":"Polygon","coordinates":[[[-73.244772,10.477199],[-73.244827,10.477278],[-73.245188,10.47704],[-73.245131,10.476954],[-73.244772,10.477199]]]}},{"type":"Feature","properties":{"altura_m":3.5,"origen_altura":"provisional"},"geometry":{"type":"Polygon","coordinates":[[[-73.244867,10.477334],[-73.244827,10.477278],[-73.24509,10.477106],[-73.245116,10.477167],[-73.244867,10.477334]]]}},{"type":"Feature","properties":{"altura_m":3.0,"origen_altura":"osm_altura"},"geometry":{"type":"Polygon","coordinates":[[[-73.245638,10.477349],[-73.245723,10.477276],[-73.24558,10.477086],[-73.245491,10.477151],[-73.245638,10.477349]]]}},{"type":"Feature","properties":{"altura_m":3.0,"origen_altura":"osm_altura"},"geometry":{"type":"Polygon","coordinates":[[[-73.245723,10.477276],[-73.245842,10.477201],[-73.245671,10.47695],[-73.245546,10.477029],[-73.245723,10.477276]]]}},{"type":"Feature","properties":{"altura_m":3.0,"origen_altura":"osm_altura"},"geometry":{"type":"Polygon","coordinates":[[[-73.245932,10.477143],[-73.245842,10.477201],[-73.245671,10.47695],[-73.245745,10.476878],[-73.245932,10.477143]]]}},{"type":"Feature","properties":{"altura_m":3.0,"origen_altura":"osm_altura"},"geometry":{"type":"Polygon","coordinates":[[[-73.243335,10.476506],[-73.243274,10.476428],[-73.243349,10.47636],[-73.243415,10.476463],[-73.243335,10.476506]]]}},{"type":"Feature","properties":{"altura_m":3.5,"origen_altura":"provisional"},"geometry":{"type":"Polygon","coordinates":[[[-73.244954,10.475879],[-73.244806,10.475987],[-73.244764,10.475894],[-73.244899,10.475812],[-73.244954,10.475879]]]}},{"type":"Feature","properties":{"altura_m":3.0,"origen_altura":"osm_altura"},"geometry":{"type":"Polygon","coordinates":[[[-73.245006,10.475943],[-73.245195,10.476174],[-73.245101,10.476251],[-73.244907,10.476002],[-73.245006,10.475943]]]}},{"type":"Feature","properties":{"altura_m":3.5,"origen_altura":"provisional"},"geometry":{"type":"Polygon","coordinates":[[[-73.245195,10.476174],[-73.245289,10.476289],[-73.245228,10.476322],[-73.245146,10.476214],[-73.245195,10.476174]]]}},{"type":"Feature","properties":{"altura_m":3.0,"origen_altura":"osm_altura"},"geometry":{"type":"Polygon","coordinates":[[[-73.245228,10.476322],[-73.245137,10.476383],[-73.245063,10.476266],[-73.245146,10.476214],[-73.245228,10.476322]]]}},{"type":"Feature","properties":{"altura_m":3.0,"origen_altura":"osm_altura"},"geometry":{"type":"Polygon","coordinates":[[[-73.245137,10.476383],[-73.244989,10.476478],[-73.244884,10.476297],[-73.245015,10.476204],[-73.245137,10.476383]]]}},{"type":"Feature","properties":{"altura_m":3.0,"origen_altura":"osm_altura"},"geometry":{"type":"Polygon","coordinates":[[[-73.244911,10.4765],[-73.24485,10.476545],[-73.244769,10.476418],[-73.244833,10.476383],[-73.244911,10.4765]]]}},{"type":"Feature","properties":{"altura_m":3.5,"origen_altura":"provisional"},"geometry":{"type":"Polygon","coordinates":[[[-73.24485,10.476545],[-73.244759,10.476607],[-73.244585,10.476372],[-73.244694,10.4763],[-73.24485,10.476545]]]}},{"type":"Feature","properties":{"altura_m":3.5,"origen_altura":"provisional"},"geometry":{"type":"Polygon","coordinates":[[[-73.24467,10.47666],[-73.244593,10.476711],[-73.244454,10.476494],[-73.244526,10.476441],[-73.24467,10.47666]]]}},{"type":"Feature","properties":{"altura_m":9.0,"origen_altura":"osm_altura"},"geometry":{"type":"Polygon","coordinates":[[[-73.244593,10.476711],[-73.244532,10.476754],[-73.244363,10.476539],[-73.244454,10.476494],[-73.244593,10.476711]]]}},{"type":"Feature","properties":{"altura_m":3.0,"origen_altura":"osm_altura"},"geometry":{"type":"Polygon","coordinates":[[[-73.244363,10.476539],[-73.24431,10.476441],[-73.244434,10.476363],[-73.24451,10.476452],[-73.244454,10.476494],[-73.244363,10.476539]]]}},{"type":"Feature","properties":{"altura_m":3.0,"origen_altura":"osm_altura"},"geometry":{"type":"Polygon","coordinates":[[[-73.24431,10.476441],[-73.244252,10.476351],[-73.244362,10.47626],[-73.244444,10.476374],[-73.24431,10.476441]]]}},{"type":"Feature","properties":{"altura_m":3.0,"origen_altura":"osm_altura"},"geometry":{"type":"Polygon","coordinates":[[[-73.244252,10.476351],[-73.244195,10.476248],[-73.2443,10.476166],[-73.244362,10.47626],[-73.244252,10.476351]]]}},{"type":"Feature","properties":{"altura_m":9.0,"origen_altura":"osm_altura"},"geometry":{"type":"Polygon","coordinates":[[[-73.244439,10.476077],[-73.24457,10.476003],[-73.24466,10.476169],[-73.244538,10.476236],[-73.244439,10.476077]]]}},{"type":"Feature","properties":{"altura_m":3.5,"origen_altura":"provisional"},"geometry":{"type":"Polygon","coordinates":[[[-73.248373,10.482243],[-73.248299,10.482132],[-73.248491,10.482011],[-73.248566,10.482109],[-73.248528,10.482141],[-73.248373,10.482243]]]}},{"type":"Feature","properties":{"altura_m":3.5,"origen_altura":"provisional"},"geometry":{"type":"Polygon","coordinates":[[[-73.25053,10.481481],[-73.249897,10.48196],[-73.249427,10.481369],[-73.250152,10.480878],[-73.25053,10.481481]]]}},{"type":"Feature","properties":{"altura_m":3.0,"origen_altura":"osm_altura"},"geometry":{"type":"Polygon","coordinates":[[[-73.238587,10.474962],[-73.238496,10.475007],[-73.238532,10.475065],[-73.238616,10.475016],[-73.238587,10.474962]]]}},{"type":"Feature","properties":{"altura_m":3.0,"origen_altura":"osm_altura"},"geometry":{"type":"Polygon","coordinates":[[[-73.238532,10.475065],[-73.238484,10.474983],[-73.238446,10.475009],[-73.238491,10.475095],[-73.238532,10.475065]]]}},{"type":"Feature","properties":{"altura_m":6.0,"origen_altura":"osm_altura"},"geometry":{"type":"Polygon","coordinates":[[[-73.238403,10.475032],[-73.238447,10.475098],[-73.23836,10.475145],[-73.238316,10.475079],[-73.238403,10.475032]]]}},{"type":"Feature","properties":{"altura_m":3.0,"origen_altura":"osm_altura"},"geometry":{"type":"Polygon","coordinates":[[[-73.23845,10.474941],[-73.238473,10.474991],[-73.238484,10.474983],[-73.238496,10.475007],[-73.238587,10.474962],[-73.238567,10.47493],[-73.238551,10.474938],[-73.238544,10.474925],[-73.238531,10.474932],[-73.238523,10.474911],[-73.23845,10.474941]]]}},{"type":"Feature","properties":{"altura_m":3.0,"origen_altura":"osm_altura"},"geometry":{"type":"Polygon","coordinates":[[[-73.238542,10.474903],[-73.238523,10.474867],[-73.238392,10.474928],[-73.238409,10.47496],[-73.238542,10.474903]]]}},{"type":"Feature","properties":{"altura_m":3.0,"origen_altura":"osm_altura"},"geometry":{"type":"Polygon","coordinates":[[[-73.23843,10.47491],[-73.238413,10.474887],[-73.238459,10.474851],[-73.238502,10.474836],[-73.238523,10.474867],[-73.23843,10.47491]]]}},{"type":"Feature","properties":{"altura_m":3.0,"origen_altura":"osm_altura"},"geometry":{"type":"Polygon","coordinates":[[[-73.238449,10.474855],[-73.238435,10.474828],[-73.238494,10.474807],[-73.238509,10.474834],[-73.238449,10.474855]]]}},{"type":"Feature","properties":{"altura_m":3.0,"origen_altura":"osm_altura"},"geometry":{"type":"Polygon","coordinates":[[[-73.238428,10.474831],[-73.238415,10.474802],[-73.238478,10.474778],[-73.238494,10.474807],[-73.238428,10.474831]]]}},{"type":"Feature","properties":{"altura_m":3.0,"origen_altura":"osm_altura"},"geometry":{"type":"Polygon","coordinates":[[[-73.238431,10.474796],[-73.23841,10.474761],[-73.238457,10.474738],[-73.23848,10.474773],[-73.238431,10.474796]]]}},{"type":"Feature","properties":{"altura_m":3.0,"origen_altura":"osm_altura"},"geometry":{"type":"Polygon","coordinates":[[[-73.238457,10.474738],[-73.238381,10.474774],[-73.238349,10.474723],[-73.23842,10.474681],[-73.238457,10.474738]]]}},{"type":"Feature","properties":{"altura_m":3.0,"origen_altura":"osm_altura"},"geometry":{"type":"Polygon","coordinates":[[[-73.238403,10.475032],[-73.238369,10.474985],[-73.238289,10.475031],[-73.238316,10.475079],[-73.238403,10.475032]]]}},{"type":"Feature","properties":{"altura_m":3.0,"origen_altura":"osm_altura"},"geometry":{"type":"Polygon","coordinates":[[[-73.238394,10.474963],[-73.238359,10.474908],[-73.238261,10.474975],[-73.238298,10.475026],[-73.238394,10.474963]]]}},{"type":"Feature","properties":{"altura_m":3.0,"origen_altura":"osm_altura"},"geometry":{"type":"Polygon","coordinates":[[[-73.238328,10.474929],[-73.238286,10.474859],[-73.238273,10.474866],[-73.238265,10.47485],[-73.2382,10.474875],[-73.238256,10.474974],[-73.238328,10.474929]]]}},{"type":"Feature","properties":{"altura_m":3.0,"origen_altura":"osm_altura"},"geometry":{"type":"Polygon","coordinates":[[[-73.238328,10.475188],[-73.238254,10.47523],[-73.238231,10.47519],[-73.238305,10.475147],[-73.238328,10.475188]]]}},{"type":"Feature","properties":{"altura_m":3.0,"origen_altura":"osm_altura"},"geometry":{"type":"Polygon","coordinates":[[[-73.244943,10.482563],[-73.244866,10.482649],[-73.244823,10.482614],[-73.244899,10.482532],[-73.244943,10.482563]]]}},{"type":"Feature","properties":{"altura_m":3.0,"origen_altura":"osm_altura"},"geometry":{"type":"Polygon","coordinates":[[[-73.244811,10.482474],[-73.244734,10.48256],[-73.244691,10.482525],[-73.244767,10.482443],[-73.244811,10.482474]]]}},{"type":"Feature","properties":{"altura_m":3.0,"origen_altura":"osm_altura"},"geometry":{"type":"Polygon","coordinates":[[[-73.244988,10.482606],[-73.24491,10.482693],[-73.244867,10.482657],[-73.244943,10.482575],[-73.244988,10.482606]]]}},{"type":"Feature","properties":{"altura_m":3.0,"origen_altura":"osm_altura"},"geometry":{"type":"Polygon","coordinates":[[[-73.245108,10.482742],[-73.245031,10.482829],[-73.244988,10.482793],[-73.245064,10.482711],[-73.245108,10.482742]]]}},{"type":"Feature","properties":{"altura_m":3.0,"origen_altura":"osm_altura"},"geometry":{"type":"Polygon","coordinates":[[[-73.24504,10.482673],[-73.244962,10.48276],[-73.244919,10.482724],[-73.244995,10.482642],[-73.24504,10.482673]]]}},{"type":"Feature","properties":{"altura_m":3.0,"origen_altura":"osm_altura"},"geometry":{"type":"Polygon","coordinates":[[[-73.245254,10.482133],[-73.245176,10.482219],[-73.245133,10.482184],[-73.245209,10.482102],[-73.245254,10.482133]]]}},{"type":"Feature","properties":{"altura_m":3.0,"origen_altura":"osm_altura"},"geometry":{"type":"Polygon","coordinates":[[[-73.245304,10.482185],[-73.245227,10.482272],[-73.245184,10.482236],[-73.24526,10.482155],[-73.245304,10.482185]]]}},{"type":"Feature","properties":{"altura_m":3.0,"origen_altura":"osm_altura"},"geometry":{"type":"Polygon","coordinates":[[[-73.245345,10.482256],[-73.245267,10.482343],[-73.245224,10.482307],[-73.2453,10.482225],[-73.245345,10.482256]]]}},{"type":"Feature","properties":{"altura_m":3.0,"origen_altura":"osm_altura"},"geometry":{"type":"Polygon","coordinates":[[[-73.245398,10.482337],[-73.245321,10.482424],[-73.245278,10.482388],[-73.245353,10.482306],[-73.245398,10.482337]]]}},{"type":"Feature","properties":{"altura_m":3.0,"origen_altura":"osm_altura"},"geometry":{"type":"Polygon","coordinates":[[[-73.245452,10.482416],[-73.245375,10.482503],[-73.245332,10.482467],[-73.245408,10.482385],[-73.245452,10.482416]]]}},{"type":"Feature","properties":{"altura_m":3.0,"origen_altura":"osm_altura"},"geometry":{"type":"Polygon","coordinates":[[[-73.245523,10.482525],[-73.245445,10.482611],[-73.245402,10.482576],[-73.245478,10.482494],[-73.245523,10.482525]]]}},{"type":"Feature","properties":{"altura_m":3.0,"origen_altura":"osm_altura"},"geometry":{"type":"Polygon","coordinates":[[[-73.245081,10.482309],[-73.245004,10.482395],[-73.244961,10.48236],[-73.245037,10.482278],[-73.245081,10.482309]]]}},{"type":"Feature","properties":{"altura_m":3.0,"origen_altura":"osm_altura"},"geometry":{"type":"Polygon","coordinates":[[[-73.245137,10.482408],[-73.245059,10.482494],[-73.245016,10.482459],[-73.245092,10.482377],[-73.245137,10.482408]]]}},{"type":"Feature","properties":{"altura_m":3.0,"origen_altura":"osm_altura"},"geometry":{"type":"Polygon","coordinates":[[[-73.245193,10.482502],[-73.245115,10.482588],[-73.245072,10.482553],[-73.245148,10.482471],[-73.245193,10.482502]]]}},{"type":"Feature","properties":{"altura_m":3.0,"origen_altura":"osm_altura"},"geometry":{"type":"Polygon","coordinates":[[[-73.244905,10.481559],[-73.244799,10.48162],[-73.244751,10.481539],[-73.24485,10.481471],[-73.244905,10.481559]]]}},{"type":"Feature","properties":{"altura_m":3.0,"origen_altura":"osm_altura"},"geometry":{"type":"Polygon","coordinates":[[[-73.244845,10.481455],[-73.24474,10.481516],[-73.244692,10.481435],[-73.244791,10.481367],[-73.244845,10.481455]]]}},{"type":"Feature","properties":{"altura_m":3.0,"origen_altura":"osm_altura"},"geometry":{"type":"Polygon","coordinates":[[[-73.244779,10.48135],[-73.244673,10.481412],[-73.244625,10.481331],[-73.244724,10.481263],[-73.244779,10.48135]]]}},{"type":"Feature","properties":{"altura_m":3.0,"origen_altura":"osm_altura"},"geometry":{"type":"Polygon","coordinates":[[[-73.244752,10.481626],[-73.244647,10.481688],[-73.244599,10.481606],[-73.244698,10.481538],[-73.244752,10.481626]]]}},{"type":"Feature","properties":{"altura_m":3.0,"origen_altura":"osm_altura"},"geometry":{"type":"Polygon","coordinates":[[[-73.24469,10.481525],[-73.244584,10.481587],[-73.244536,10.481506],[-73.244635,10.481438],[-73.24469,10.481525]]]}},{"type":"Feature","properties":{"altura_m":3.0,"origen_altura":"osm_altura"},"geometry":{"type":"Polygon","coordinates":[[[-73.244713,10.481254],[-73.244607,10.481316],[-73.244559,10.481235],[-73.244658,10.481167],[-73.244713,10.481254]]]}},{"type":"Feature","properties":{"altura_m":3.0,"origen_altura":"osm_altura"},"geometry":{"type":"Polygon","coordinates":[[[-73.244661,10.481148],[-73.244555,10.48121],[-73.244507,10.481129],[-73.244606,10.481061],[-73.244661,10.481148]]]}},{"type":"Feature","properties":{"altura_m":3.0,"origen_altura":"osm_altura"},"geometry":{"type":"Polygon","coordinates":[[[-73.244596,10.481057],[-73.24449,10.481118],[-73.244442,10.481037],[-73.244541,10.480969],[-73.244596,10.481057]]]}},{"type":"Feature","properties":{"altura_m":3.0,"origen_altura":"osm_altura"},"geometry":{"type":"Polygon","coordinates":[[[-73.244504,10.480923],[-73.244358,10.481006],[-73.24435,10.480903],[-73.24445,10.480835],[-73.244504,10.480923]]]}},{"type":"Feature","properties":{"altura_m":3.0,"origen_altura":"osm_altura"},"geometry":{"type":"Polygon","coordinates":[[[-73.24459,10.481342],[-73.244484,10.481403],[-73.244436,10.481322],[-73.244535,10.481254],[-73.24459,10.481342]]]}},{"type":"Feature","properties":{"altura_m":3.0,"origen_altura":"osm_altura"},"geometry":{"type":"Polygon","coordinates":[[[-73.244015,10.481246],[-73.243909,10.481307],[-73.243864,10.481244],[-73.243982,10.481174],[-73.244015,10.481246]]]}},{"type":"Feature","properties":{"altura_m":3.0,"origen_altura":"osm_altura"},"geometry":{"type":"Polygon","coordinates":[[[-73.243971,10.481164],[-73.243837,10.481242],[-73.243812,10.481206],[-73.243956,10.481129],[-73.243971,10.481164]]]}},{"type":"Feature","properties":{"altura_m":3.0,"origen_altura":"osm_altura"},"geometry":{"type":"Polygon","coordinates":[[[-73.243933,10.481115],[-73.243799,10.481193],[-73.243774,10.481156],[-73.243918,10.481079],[-73.243933,10.481115]]]}},{"type":"Feature","properties":{"altura_m":3.0,"origen_altura":"osm_altura"},"geometry":{"type":"Polygon","coordinates":[[[-73.244048,10.481298],[-73.243913,10.481375],[-73.243888,10.481339],[-73.244033,10.481262],[-73.244048,10.481298]]]}},{"type":"Feature","properties":{"altura_m":3.0,"origen_altura":"osm_altura"},"geometry":{"type":"Polygon","coordinates":[[[-73.243345,10.481207],[-73.243211,10.481285],[-73.243186,10.481249],[-73.24333,10.481171],[-73.243345,10.481207]]]}},{"type":"Feature","properties":{"altura_m":3.0,"origen_altura":"osm_altura"},"geometry":{"type":"Polygon","coordinates":[[[-73.243294,10.481134],[-73.243159,10.481212],[-73.243135,10.481175],[-73.243279,10.481098],[-73.243294,10.481134]]]}},{"type":"Feature","properties":{"altura_m":3.0,"origen_altura":"osm_altura"},"geometry":{"type":"Polygon","coordinates":[[[-73.243252,10.481062],[-73.243117,10.48114],[-73.243093,10.481104],[-73.243237,10.481027],[-73.243252,10.481062]]]}},{"type":"Feature","properties":{"altura_m":3.0,"origen_altura":"osm_altura"},"geometry":{"type":"Polygon","coordinates":[[[-73.243219,10.481016],[-73.243084,10.481094],[-73.24306,10.481058],[-73.243204,10.48098],[-73.243219,10.481016]]]}},{"type":"Feature","properties":{"altura_m":3.0,"origen_altura":"osm_altura"},"geometry":{"type":"Polygon","coordinates":[[[-73.243199,10.480963],[-73.243065,10.481041],[-73.24304,10.481005],[-73.243184,10.480928],[-73.243199,10.480963]]]}},{"type":"Feature","properties":{"altura_m":3.0,"origen_altura":"osm_altura"},"geometry":{"type":"Polygon","coordinates":[[[-73.243159,10.480908],[-73.243024,10.480986],[-73.242999,10.48095],[-73.243144,10.480873],[-73.243159,10.480908]]]}},{"type":"Feature","properties":{"altura_m":3.0,"origen_altura":"osm_altura"},"geometry":{"type":"Polygon","coordinates":[[[-73.243123,10.480851],[-73.242989,10.480929],[-73.242964,10.480893],[-73.243108,10.480816],[-73.243123,10.480851]]]}},{"type":"Feature","properties":{"altura_m":3.0,"origen_altura":"osm_altura"},"geometry":{"type":"Polygon","coordinates":[[[-73.243091,10.480771],[-73.242956,10.480849],[-73.242932,10.480813],[-73.243076,10.480735],[-73.243091,10.480771]]]}},{"type":"Feature","properties":{"altura_m":3.0,"origen_altura":"osm_altura"},"geometry":{"type":"Polygon","coordinates":[[[-73.243078,10.480705],[-73.242994,10.480757],[-73.242948,10.48064],[-73.243037,10.480615],[-73.243078,10.480705]]]}},{"type":"Feature","properties":{"altura_m":3.0,"origen_altura":"osm_altura"},"geometry":{"type":"Polygon","coordinates":[[[-73.243021,10.480578],[-73.242942,10.480621],[-73.242899,10.480535],[-73.24298,10.480489],[-73.243021,10.480578]]]}},{"type":"Feature","properties":{"altura_m":3.0,"origen_altura":"osm_altura"},"geometry":{"type":"Polygon","coordinates":[[[-73.244327,10.481115],[-73.244292,10.48119],[-73.244231,10.48115],[-73.244287,10.481047],[-73.244327,10.481115]]]}},{"type":"Feature","properties":{"altura_m":3.0,"origen_altura":"osm_altura"},"geometry":{"type":"Polygon","coordinates":[[[-73.244281,10.481225],[-73.244253,10.481291],[-73.244183,10.481259],[-73.244214,10.48118],[-73.244281,10.481225]]]}},{"type":"Feature","properties":{"altura_m":3.0,"origen_altura":"osm_altura"},"geometry":{"type":"Polygon","coordinates":[[[-73.244211,10.481505],[-73.244163,10.481592],[-73.244062,10.481524],[-73.244088,10.481427],[-73.244211,10.481505]]]}},{"type":"Feature","properties":{"altura_m":3.0,"origen_altura":"osm_altura"},"geometry":{"type":"Polygon","coordinates":[[[-73.244403,10.481444],[-73.244426,10.481537],[-73.24435,10.481554],[-73.244325,10.481461],[-73.244403,10.481444]]]}},{"type":"Feature","properties":{"altura_m":3.0,"origen_altura":"osm_altura"},"geometry":{"type":"Polygon","coordinates":[[[-73.244081,10.481667],[-73.244041,10.481724],[-73.243938,10.481678],[-73.243981,10.481607],[-73.244081,10.481667]]]}},{"type":"Feature","properties":{"altura_m":3.0,"origen_altura":"osm_altura"},"geometry":{"type":"Polygon","coordinates":[[[-73.244042,10.481742],[-73.244002,10.481799],[-73.243899,10.481753],[-73.243942,10.481682],[-73.244042,10.481742]]]}},{"type":"Feature","properties":{"altura_m":3.0,"origen_altura":"osm_altura"},"geometry":{"type":"Polygon","coordinates":[[[-73.244006,10.481822],[-73.243966,10.481879],[-73.243863,10.481833],[-73.243906,10.481762],[-73.244006,10.481822]]]}},{"type":"Feature","properties":{"altura_m":3.0,"origen_altura":"osm_altura"},"geometry":{"type":"Polygon","coordinates":[[[-73.243981,10.481995],[-73.243903,10.482078],[-73.243861,10.482006],[-73.243927,10.481959],[-73.243981,10.481995]]]}},{"type":"Feature","properties":{"altura_m":3.0,"origen_altura":"osm_altura"},"geometry":{"type":"Polygon","coordinates":[[[-73.244533,10.481809],[-73.244493,10.481866],[-73.244391,10.48182],[-73.244433,10.481749],[-73.244533,10.481809]]]}},{"type":"Feature","properties":{"altura_m":3.0,"origen_altura":"osm_altura"},"geometry":{"type":"Polygon","coordinates":[[[-73.244496,10.481895],[-73.244456,10.481953],[-73.244354,10.481907],[-73.244396,10.481836],[-73.244496,10.481895]]]}},{"type":"Feature","properties":{"altura_m":3.0,"origen_altura":"osm_altura"},"geometry":{"type":"Polygon","coordinates":[[[-73.244453,10.481977],[-73.244413,10.482035],[-73.244311,10.481989],[-73.244353,10.481918],[-73.244453,10.481977]]]}},{"type":"Feature","properties":{"altura_m":3.0,"origen_altura":"osm_altura"},"geometry":{"type":"Polygon","coordinates":[[[-73.244252,10.480882],[-73.244173,10.481019],[-73.244111,10.480929],[-73.244241,10.480831],[-73.244252,10.480882]]]}},{"type":"Feature","properties":{"altura_m":3.0,"origen_altura":"osm_altura"},"geometry":{"type":"Polygon","coordinates":[[[-73.244279,10.481346],[-73.244231,10.481433],[-73.244129,10.481365],[-73.244155,10.481269],[-73.244279,10.481346]]]}},{"type":"Feature","properties":{"altura_m":3.0,"origen_altura":"osm_altura"},"geometry":{"type":"Polygon","coordinates":[[[-73.24392,10.48192],[-73.243869,10.481991],[-73.243832,10.481983],[-73.243865,10.481884],[-73.24392,10.48192]]]}},{"type":"Feature","properties":{"altura_m":3.0,"origen_altura":"osm_altura"},"geometry":{"type":"Polygon","coordinates":[[[-73.243913,10.482278],[-73.243866,10.482344],[-73.243716,10.48217],[-73.243764,10.48214],[-73.243913,10.482278]]]}},{"type":"Feature","properties":{"altura_m":3.0,"origen_altura":"osm_altura"},"geometry":{"type":"Polygon","coordinates":[[[-73.243983,10.482165],[-73.243936,10.482231],[-73.243793,10.482065],[-73.243833,10.482027],[-73.243983,10.482165]]]}},{"type":"Feature","properties":{"altura_m":3.0,"origen_altura":"osm_altura"},"geometry":{"type":"Polygon","coordinates":[[[-73.2438,10.482476],[-73.243753,10.482543],[-73.243602,10.482369],[-73.24365,10.482338],[-73.2438,10.482476]]]}},{"type":"Feature","properties":{"altura_m":3.0,"origen_altura":"osm_altura"},"geometry":{"type":"Polygon","coordinates":[[[-73.243511,10.482651],[-73.243464,10.482718],[-73.243314,10.482544],[-73.243361,10.482513],[-73.243511,10.482651]]]}},{"type":"Feature","properties":{"altura_m":3.0,"origen_altura":"osm_altura"},"geometry":{"type":"Polygon","coordinates":[[[-73.243606,10.482597],[-73.243559,10.482663],[-73.243409,10.482489],[-73.243456,10.482459],[-73.243606,10.482597]]]}},{"type":"Feature","properties":{"altura_m":3.0,"origen_altura":"osm_altura"},"geometry":{"type":"Polygon","coordinates":[[[-73.242911,10.480896],[-73.242832,10.480939],[-73.242789,10.480853],[-73.24287,10.480807],[-73.242911,10.480896]]]}},{"type":"Feature","properties":{"altura_m":3.0,"origen_altura":"osm_altura"},"geometry":{"type":"Polygon","coordinates":[[[-73.242955,10.481018],[-73.242876,10.481061],[-73.242833,10.480975],[-73.242914,10.480929],[-73.242955,10.481018]]]}},{"type":"Feature","properties":{"altura_m":3.0,"origen_altura":"osm_altura"},"geometry":{"type":"Polygon","coordinates":[[[-73.243,10.481118],[-73.242921,10.481161],[-73.242878,10.481075],[-73.242959,10.481029],[-73.243,10.481118]]]}},{"type":"Feature","properties":{"altura_m":3.0,"origen_altura":"osm_altura"},"geometry":{"type":"Polygon","coordinates":[[[-73.243048,10.481213],[-73.242969,10.481256],[-73.242926,10.48117],[-73.243007,10.481123],[-73.243048,10.481213]]]}},{"type":"Feature","properties":{"altura_m":3.0,"origen_altura":"osm_altura"},"geometry":{"type":"Polygon","coordinates":[[[-73.243089,10.481322],[-73.24301,10.481365],[-73.242967,10.481279],[-73.243048,10.481233],[-73.243089,10.481322]]]}},{"type":"Feature","properties":{"altura_m":3.0,"origen_altura":"osm_altura"},"geometry":{"type":"Polygon","coordinates":[[[-73.243186,10.481299],[-73.243106,10.481342],[-73.243064,10.481257],[-73.243144,10.48121],[-73.243186,10.481299]]]}},{"type":"Feature","properties":{"altura_m":3.0,"origen_altura":"osm_altura"},"geometry":{"type":"Polygon","coordinates":[[[-73.243775,10.481236],[-73.243695,10.481279],[-73.243652,10.481193],[-73.243733,10.481147],[-73.243775,10.481236]]]}},{"type":"Feature","properties":{"altura_m":3.0,"origen_altura":"osm_altura"},"geometry":{"type":"Polygon","coordinates":[[[-73.24364,10.481307],[-73.243561,10.48135],[-73.243518,10.481264],[-73.243599,10.481218],[-73.24364,10.481307]]]}},{"type":"Feature","properties":{"altura_m":3.0,"origen_altura":"osm_altura"},"geometry":{"type":"Polygon","coordinates":[[[-73.243719,10.481455],[-73.24364,10.481498],[-73.243597,10.481412],[-73.243678,10.481366],[-73.243719,10.481455]]]}},{"type":"Feature","properties":{"altura_m":3.0,"origen_altura":"osm_altura"},"geometry":{"type":"Polygon","coordinates":[[[-73.243441,10.48143],[-73.243362,10.481473],[-73.243319,10.481387],[-73.2434,10.481341],[-73.243441,10.48143]]]}},{"type":"Feature","properties":{"altura_m":3.0,"origen_altura":"osm_altura"},"geometry":{"type":"Polygon","coordinates":[[[-73.243465,10.481491],[-73.24333,10.481569],[-73.243306,10.481532],[-73.24345,10.481455],[-73.243465,10.481491]]]}},{"type":"Feature","properties":{"altura_m":3.0,"origen_altura":"osm_altura"},"geometry":{"type":"Polygon","coordinates":[[[-73.243501,10.481566],[-73.243367,10.481643],[-73.243342,10.481607],[-73.243486,10.48153],[-73.243501,10.481566]]]}},{"type":"Feature","properties":{"altura_m":3.0,"origen_altura":"osm_altura"},"geometry":{"type":"Polygon","coordinates":[[[-73.243524,10.481639],[-73.243389,10.481717],[-73.243364,10.48168],[-73.243509,10.481603],[-73.243524,10.481639]]]}},{"type":"Feature","properties":{"altura_m":3.0,"origen_altura":"osm_altura"},"geometry":{"type":"Polygon","coordinates":[[[-73.243555,10.481712],[-73.24342,10.48179],[-73.243396,10.481753],[-73.24354,10.481676],[-73.243555,10.481712]]]}},{"type":"Feature","properties":{"altura_m":3.0,"origen_altura":"osm_altura"},"geometry":{"type":"Polygon","coordinates":[[[-73.243588,10.481771],[-73.243453,10.481849],[-73.243428,10.481813],[-73.243573,10.481736],[-73.243588,10.481771]]]}},{"type":"Feature","properties":{"altura_m":3.0,"origen_altura":"osm_altura"},"geometry":{"type":"Polygon","coordinates":[[[-73.24361,10.481831],[-73.243476,10.481909],[-73.243451,10.481872],[-73.243595,10.481795],[-73.24361,10.481831]]]}},{"type":"Feature","properties":{"altura_m":3.0,"origen_altura":"osm_altura"},"geometry":{"type":"Polygon","coordinates":[[[-73.243638,10.481902],[-73.243503,10.48198],[-73.243478,10.481943],[-73.243623,10.481866],[-73.243638,10.481902]]]}},{"type":"Feature","properties":{"altura_m":3.0,"origen_altura":"osm_altura"},"geometry":{"type":"Polygon","coordinates":[[[-73.243669,10.481962],[-73.243534,10.482039],[-73.24351,10.482003],[-73.243654,10.481926],[-73.243669,10.481962]]]}},{"type":"Feature","properties":{"altura_m":3.0,"origen_altura":"osm_altura"},"geometry":{"type":"Polygon","coordinates":[[[-73.243703,10.482023],[-73.243569,10.482101],[-73.243544,10.482064],[-73.243689,10.481987],[-73.243703,10.482023]]]}},{"type":"Feature","properties":{"altura_m":3.0,"origen_altura":"osm_altura"},"geometry":{"type":"Polygon","coordinates":[[[-73.243313,10.481571],[-73.243178,10.481649],[-73.243154,10.481612],[-73.243298,10.481535],[-73.243313,10.481571]]]}},{"type":"Feature","properties":{"altura_m":3.0,"origen_altura":"osm_altura"},"geometry":{"type":"Polygon","coordinates":[[[-73.243339,10.481637],[-73.243204,10.481715],[-73.24318,10.481678],[-73.243324,10.481601],[-73.243339,10.481637]]]}},{"type":"Feature","properties":{"altura_m":3.0,"origen_altura":"osm_altura"},"geometry":{"type":"Polygon","coordinates":[[[-73.24337,10.481702],[-73.243235,10.48178],[-73.243211,10.481743],[-73.243355,10.481666],[-73.24337,10.481702]]]}},{"type":"Feature","properties":{"altura_m":3.0,"origen_altura":"osm_altura"},"geometry":{"type":"Polygon","coordinates":[[[-73.243375,10.481828],[-73.243296,10.481871],[-73.243253,10.481785],[-73.243334,10.481739],[-73.243375,10.481828]]]}},{"type":"Feature","properties":{"altura_m":3.0,"origen_altura":"osm_altura"},"geometry":{"type":"Polygon","coordinates":[[[-73.243433,10.481922],[-73.243354,10.481965],[-73.243311,10.481879],[-73.243392,10.481833],[-73.243433,10.481922]]]}},{"type":"Feature","properties":{"altura_m":3.0,"origen_altura":"osm_altura"},"geometry":{"type":"Polygon","coordinates":[[[-73.24348,10.482028],[-73.243401,10.482071],[-73.243358,10.481985],[-73.243439,10.481939],[-73.24348,10.482028]]]}},{"type":"Feature","properties":{"altura_m":3.0,"origen_altura":"osm_altura"},"geometry":{"type":"Polygon","coordinates":[[[-73.243538,10.482129],[-73.243459,10.482172],[-73.243416,10.482086],[-73.243496,10.48204],[-73.243538,10.482129]]]}},{"type":"Feature","properties":{"altura_m":3.0,"origen_altura":"osm_altura"},"geometry":{"type":"Polygon","coordinates":[[[-73.243546,10.481088],[-73.243412,10.481166],[-73.243387,10.48113],[-73.243532,10.481053],[-73.243546,10.481088]]]}},{"type":"Feature","properties":{"altura_m":3.0,"origen_altura":"osm_altura"},"geometry":{"type":"Polygon","coordinates":[[[-73.243524,10.481014],[-73.243389,10.481091],[-73.243365,10.481055],[-73.243509,10.480978],[-73.243524,10.481014]]]}},{"type":"Feature","properties":{"altura_m":3.0,"origen_altura":"osm_altura"},"geometry":{"type":"Polygon","coordinates":[[[-73.243498,10.480939],[-73.243364,10.481017],[-73.243339,10.48098],[-73.243483,10.480903],[-73.243498,10.480939]]]}},{"type":"Feature","properties":{"altura_m":3.0,"origen_altura":"osm_altura"},"geometry":{"type":"Polygon","coordinates":[[[-73.243477,10.480874],[-73.243343,10.480952],[-73.243318,10.480916],[-73.243462,10.480839],[-73.243477,10.480874]]]}},{"type":"Feature","properties":{"altura_m":3.0,"origen_altura":"osm_altura"},"geometry":{"type":"Polygon","coordinates":[[[-73.243415,10.480833],[-73.243336,10.480876],[-73.243293,10.48079],[-73.243374,10.480744],[-73.243415,10.480833]]]}},{"type":"Feature","properties":{"altura_m":3.0,"origen_altura":"osm_altura"},"geometry":{"type":"Polygon","coordinates":[[[-73.243346,10.480737],[-73.243267,10.48078],[-73.243224,10.480694],[-73.243305,10.480647],[-73.243346,10.480737]]]}},{"type":"Feature","properties":{"altura_m":3.0,"origen_altura":"osm_altura"},"geometry":{"type":"Polygon","coordinates":[[[-73.243279,10.480631],[-73.2432,10.480674],[-73.243157,10.480588],[-73.243238,10.480542],[-73.243279,10.480631]]]}},{"type":"Feature","properties":{"altura_m":3.0,"origen_altura":"osm_altura"},"geometry":{"type":"Polygon","coordinates":[[[-73.243218,10.480519],[-73.243139,10.480562],[-73.243096,10.480476],[-73.243177,10.48043],[-73.243218,10.480519]]]}},{"type":"Feature","properties":{"altura_m":3.0,"origen_altura":"osm_altura"},"geometry":{"type":"Polygon","coordinates":[[[-73.243723,10.480757],[-73.243644,10.4808],[-73.243601,10.480714],[-73.243682,10.480668],[-73.243723,10.480757]]]}},{"type":"Feature","properties":{"altura_m":3.0,"origen_altura":"osm_altura"},"geometry":{"type":"Polygon","coordinates":[[[-73.243766,10.480862],[-73.243687,10.480905],[-73.243644,10.480819],[-73.243725,10.480773],[-73.243766,10.480862]]]}},{"type":"Feature","properties":{"altura_m":3.0,"origen_altura":"osm_altura"},"geometry":{"type":"Polygon","coordinates":[[[-73.243821,10.480968],[-73.243742,10.481011],[-73.243699,10.480925],[-73.24378,10.480878],[-73.243821,10.480968]]]}},{"type":"Feature","properties":{"altura_m":3.0,"origen_altura":"osm_altura"},"geometry":{"type":"Polygon","coordinates":[[[-73.24304,10.48161],[-73.242961,10.481653],[-73.242918,10.481567],[-73.242999,10.481521],[-73.24304,10.48161]]]}},{"type":"Feature","properties":{"altura_m":3.0,"origen_altura":"osm_altura"},"geometry":{"type":"Polygon","coordinates":[[[-73.243096,10.481724],[-73.243016,10.481767],[-73.242974,10.481681],[-73.243054,10.481635],[-73.243096,10.481724]]]}},{"type":"Feature","properties":{"altura_m":3.0,"origen_altura":"osm_altura"},"geometry":{"type":"Polygon","coordinates":[[[-73.243144,10.481824],[-73.243065,10.481867],[-73.243022,10.481781],[-73.243103,10.481735],[-73.243144,10.481824]]]}},{"type":"Feature","properties":{"altura_m":3.0,"origen_altura":"osm_altura"},"geometry":{"type":"Polygon","coordinates":[[[-73.243199,10.481938],[-73.24312,10.481981],[-73.243077,10.481895],[-73.243158,10.481849],[-73.243199,10.481938]]]}},{"type":"Feature","properties":{"altura_m":3.0,"origen_altura":"osm_altura"},"geometry":{"type":"Polygon","coordinates":[[[-73.243251,10.482048],[-73.243172,10.482091],[-73.243129,10.482005],[-73.24321,10.481959],[-73.243251,10.482048]]]}},{"type":"Feature","properties":{"altura_m":3.0,"origen_altura":"osm_altura"},"geometry":{"type":"Polygon","coordinates":[[[-73.243307,10.482162],[-73.243227,10.482205],[-73.243184,10.482119],[-73.243265,10.482073],[-73.243307,10.482162]]]}},{"type":"Feature","properties":{"altura_m":3.0,"origen_altura":"osm_altura"},"geometry":{"type":"Polygon","coordinates":[[[-73.243369,10.482274],[-73.24329,10.482317],[-73.243247,10.482231],[-73.243328,10.482185],[-73.243369,10.482274]]]}},{"type":"Feature","properties":{"altura_m":3.0,"origen_altura":"osm_altura"},"geometry":{"type":"Polygon","coordinates":[[[-73.243,10.481885],[-73.242866,10.481963],[-73.242841,10.481927],[-73.242985,10.481849],[-73.243,10.481885]]]}},{"type":"Feature","properties":{"altura_m":3.0,"origen_altura":"osm_altura"},"geometry":{"type":"Polygon","coordinates":[[[-73.243082,10.482089],[-73.242947,10.482167],[-73.242922,10.482131],[-73.243067,10.482053],[-73.243082,10.482089]]]}},{"type":"Feature","properties":{"altura_m":3.0,"origen_altura":"osm_altura"},"geometry":{"type":"Polygon","coordinates":[[[-73.243123,10.482169],[-73.242988,10.482247],[-73.242964,10.48221],[-73.243108,10.482133],[-73.243123,10.482169]]]}},{"type":"Feature","properties":{"altura_m":3.0,"origen_altura":"osm_altura"},"geometry":{"type":"Polygon","coordinates":[[[-73.243168,10.482228],[-73.243033,10.482306],[-73.243009,10.48227],[-73.243153,10.482193],[-73.243168,10.482228]]]}},{"type":"Feature","properties":{"altura_m":3.0,"origen_altura":"osm_altura"},"geometry":{"type":"Polygon","coordinates":[[[-73.243199,10.482296],[-73.243065,10.482374],[-73.24304,10.482338],[-73.243184,10.482261],[-73.243199,10.482296]]]}},{"type":"Feature","properties":{"altura_m":3.0,"origen_altura":"osm_altura"},"geometry":{"type":"Polygon","coordinates":[[[-73.243303,10.482398],[-73.243224,10.482441],[-73.243181,10.482355],[-73.243262,10.482309],[-73.243303,10.482398]]]}},{"type":"Feature","properties":{"altura_m":3.0,"origen_altura":"osm_altura"},"geometry":{"type":"Polygon","coordinates":[[[-73.243206,10.482453],[-73.243127,10.482496],[-73.243084,10.48241],[-73.243165,10.482363],[-73.243206,10.482453]]]}},{"type":"Feature","properties":{"altura_m":3.0,"origen_altura":"osm_altura"},"geometry":{"type":"Polygon","coordinates":[[[-73.242913,10.481851],[-73.242833,10.481894],[-73.24279,10.481808],[-73.242871,10.481762],[-73.242913,10.481851]]]}},{"type":"Feature","properties":{"altura_m":3.0,"origen_altura":"osm_altura"},"geometry":{"type":"Polygon","coordinates":[[[-73.24346,10.480284],[-73.243381,10.480327],[-73.243338,10.480241],[-73.243419,10.480195],[-73.24346,10.480284]]]}},{"type":"Feature","properties":{"altura_m":3.0,"origen_altura":"osm_altura"},"geometry":{"type":"Polygon","coordinates":[[[-73.243316,10.480373],[-73.243237,10.480416],[-73.243194,10.48033],[-73.243275,10.480283],[-73.243316,10.480373]]]}},{"type":"Feature","properties":{"altura_m":3.0,"origen_altura":"osm_altura"},"geometry":{"type":"Polygon","coordinates":[[[-73.242592,10.480798],[-73.242512,10.480841],[-73.242469,10.480755],[-73.24255,10.480709],[-73.242592,10.480798]]]}},{"type":"Feature","properties":{"altura_m":3.0,"origen_altura":"osm_altura"},"geometry":{"type":"Polygon","coordinates":[[[-73.242655,10.480898],[-73.242576,10.480941],[-73.242533,10.480855],[-73.242613,10.480809],[-73.242655,10.480898]]]}},{"type":"Feature","properties":{"altura_m":3.0,"origen_altura":"osm_altura"},"geometry":{"type":"Polygon","coordinates":[[[-73.24271,10.480994],[-73.242631,10.481037],[-73.242588,10.480951],[-73.242669,10.480905],[-73.24271,10.480994]]]}},{"type":"Feature","properties":{"altura_m":3.0,"origen_altura":"osm_altura"},"geometry":{"type":"Polygon","coordinates":[[[-73.24276,10.481102],[-73.242681,10.481145],[-73.242638,10.481059],[-73.242719,10.481013],[-73.24276,10.481102]]]}},{"type":"Feature","properties":{"altura_m":3.0,"origen_altura":"osm_altura"},"geometry":{"type":"Polygon","coordinates":[[[-73.24282,10.481204],[-73.24274,10.481247],[-73.242698,10.481161],[-73.242778,10.481115],[-73.24282,10.481204]]]}},{"type":"Feature","properties":{"altura_m":3.0,"origen_altura":"osm_altura"},"geometry":{"type":"Polygon","coordinates":[[[-73.242886,10.481306],[-73.242806,10.481349],[-73.242763,10.481263],[-73.242844,10.481217],[-73.242886,10.481306]]]}},{"type":"Feature","properties":{"altura_m":3.0,"origen_altura":"osm_altura"},"geometry":{"type":"Polygon","coordinates":[[[-73.242936,10.481421],[-73.242857,10.481464],[-73.242814,10.481378],[-73.242895,10.481332],[-73.242936,10.481421]]]}},{"type":"Feature","properties":{"altura_m":3.0,"origen_altura":"osm_altura"},"geometry":{"type":"Polygon","coordinates":[[[-73.242739,10.481526],[-73.24266,10.481569],[-73.242617,10.481483],[-73.242698,10.481437],[-73.242739,10.481526]]]}},{"type":"Feature","properties":{"altura_m":3.0,"origen_altura":"osm_altura"},"geometry":{"type":"Polygon","coordinates":[[[-73.242687,10.481421],[-73.242608,10.481464],[-73.242565,10.481378],[-73.242646,10.481332],[-73.242687,10.481421]]]}},{"type":"Feature","properties":{"altura_m":3.0,"origen_altura":"osm_altura"},"geometry":{"type":"Polygon","coordinates":[[[-73.242631,10.48132],[-73.242552,10.481363],[-73.242509,10.481277],[-73.242589,10.481231],[-73.242631,10.48132]]]}},{"type":"Feature","properties":{"altura_m":3.0,"origen_altura":"osm_altura"},"geometry":{"type":"Polygon","coordinates":[[[-73.24246,10.480876],[-73.242381,10.480919],[-73.242338,10.480833],[-73.242419,10.480787],[-73.24246,10.480876]]]}},{"type":"Feature","properties":{"altura_m":3.0,"origen_altura":"osm_altura"},"geometry":{"type":"Polygon","coordinates":[[[-73.242323,10.480954],[-73.242244,10.480997],[-73.242201,10.480911],[-73.242282,10.480865],[-73.242323,10.480954]]]}},{"type":"Feature","properties":{"altura_m":3.0,"origen_altura":"osm_altura"},"geometry":{"type":"Polygon","coordinates":[[[-73.242188,10.48101],[-73.242109,10.481053],[-73.242066,10.480967],[-73.242146,10.480921],[-73.242188,10.48101]]]}},{"type":"Feature","properties":{"altura_m":3.0,"origen_altura":"osm_altura"},"geometry":{"type":"Polygon","coordinates":[[[-73.242451,10.481148],[-73.242372,10.481191],[-73.242329,10.481105],[-73.24241,10.481059],[-73.242451,10.481148]]]}},{"type":"Feature","properties":{"altura_m":3.0,"origen_altura":"osm_altura"},"geometry":{"type":"Polygon","coordinates":[[[-73.242313,10.481272],[-73.242234,10.481315],[-73.242191,10.481229],[-73.242272,10.481183],[-73.242313,10.481272]]]}},{"type":"Feature","properties":{"altura_m":3.0,"origen_altura":"osm_altura"},"geometry":{"type":"Polygon","coordinates":[[[-73.242196,10.481334],[-73.242117,10.481377],[-73.242074,10.481291],[-73.242155,10.481245],[-73.242196,10.481334]]]}},{"type":"Feature","properties":{"altura_m":3.0,"origen_altura":"osm_altura"},"geometry":{"type":"Polygon","coordinates":[[[-73.24208,10.481381],[-73.242001,10.481424],[-73.241958,10.481338],[-73.242039,10.481291],[-73.24208,10.481381]]]}},{"type":"Feature","properties":{"altura_m":3.0,"origen_altura":"osm_altura"},"geometry":{"type":"Polygon","coordinates":[[[-73.242025,10.481275],[-73.241946,10.481318],[-73.241903,10.481232],[-73.241984,10.481186],[-73.242025,10.481275]]]}},{"type":"Feature","properties":{"altura_m":3.0,"origen_altura":"osm_altura"},"geometry":{"type":"Polygon","coordinates":[[[-73.241978,10.481157],[-73.241899,10.4812],[-73.241856,10.481114],[-73.241937,10.481068],[-73.241978,10.481157]]]}},{"type":"Feature","properties":{"altura_m":3.0,"origen_altura":"osm_altura"},"geometry":{"type":"Polygon","coordinates":[[[-73.242221,10.481141],[-73.242142,10.481184],[-73.242099,10.481098],[-73.242179,10.481052],[-73.242221,10.481141]]]}},{"type":"Feature","properties":{"altura_m":3.0,"origen_altura":"osm_altura"},"geometry":{"type":"Polygon","coordinates":[[[-73.242565,10.481607],[-73.242486,10.481651],[-73.242443,10.481564],[-73.242524,10.481518],[-73.242565,10.481607]]]}},{"type":"Feature","properties":{"altura_m":3.0,"origen_altura":"osm_altura"},"geometry":{"type":"Polygon","coordinates":[[[-73.242461,10.481645],[-73.242382,10.481688],[-73.242339,10.481602],[-73.24242,10.481556],[-73.242461,10.481645]]]}},{"type":"Feature","properties":{"altura_m":3.0,"origen_altura":"osm_altura"},"geometry":{"type":"Polygon","coordinates":[[[-73.242342,10.481701],[-73.242263,10.481744],[-73.24222,10.481658],[-73.242301,10.481612],[-73.242342,10.481701]]]}},{"type":"Feature","properties":{"altura_m":3.0,"origen_altura":"osm_altura"},"geometry":{"type":"Polygon","coordinates":[[[-73.242225,10.481776],[-73.242146,10.481819],[-73.242103,10.481733],[-73.242183,10.481686],[-73.242225,10.481776]]]}},{"type":"Feature","properties":{"altura_m":3.0,"origen_altura":"osm_altura"},"geometry":{"type":"Polygon","coordinates":[[[-73.242456,10.481426],[-73.242377,10.481469],[-73.242334,10.481383],[-73.242415,10.481336],[-73.242456,10.481426]]]}},{"type":"Feature","properties":{"altura_m":3.0,"origen_altura":"osm_altura"},"geometry":{"type":"Polygon","coordinates":[[[-73.242351,10.481466],[-73.242272,10.481509],[-73.242229,10.481423],[-73.24231,10.481377],[-73.242351,10.481466]]]}},{"type":"Feature","properties":{"altura_m":3.0,"origen_altura":"osm_altura"},"geometry":{"type":"Polygon","coordinates":[[[-73.242247,10.481521],[-73.242168,10.481564],[-73.242125,10.481478],[-73.242206,10.481432],[-73.242247,10.481521]]]}},{"type":"Feature","properties":{"altura_m":3.0,"origen_altura":"osm_altura"},"geometry":{"type":"Polygon","coordinates":[[[-73.242123,10.481575],[-73.242044,10.481618],[-73.242001,10.481532],[-73.242081,10.481486],[-73.242123,10.481575]]]}},{"type":"Feature","properties":{"altura_m":3.0,"origen_altura":"osm_altura"},"geometry":{"type":"Polygon","coordinates":[[[-73.242007,10.481648],[-73.241928,10.481691],[-73.241885,10.481605],[-73.241966,10.481559],[-73.242007,10.481648]]]}},{"type":"Feature","properties":{"altura_m":3.0,"origen_altura":"osm_altura"},"geometry":{"type":"Polygon","coordinates":[[[-73.242118,10.481708],[-73.242038,10.481751],[-73.241996,10.481665],[-73.242076,10.481619],[-73.242118,10.481708]]]}},{"type":"Feature","properties":{"altura_m":3.0,"origen_altura":"osm_altura"},"geometry":{"type":"Polygon","coordinates":[[[-73.242683,10.481811],[-73.242604,10.481854],[-73.242561,10.481768],[-73.242642,10.481722],[-73.242683,10.481811]]]}},{"type":"Feature","properties":{"altura_m":3.0,"origen_altura":"osm_altura"},"geometry":{"type":"Polygon","coordinates":[[[-73.242585,10.481854],[-73.242506,10.481897],[-73.242463,10.481811],[-73.242544,10.481765],[-73.242585,10.481854]]]}},{"type":"Feature","properties":{"altura_m":3.0,"origen_altura":"osm_altura"},"geometry":{"type":"Polygon","coordinates":[[[-73.242494,10.481904],[-73.242415,10.481947],[-73.242372,10.481861],[-73.242453,10.481815],[-73.242494,10.481904]]]}},{"type":"Feature","properties":{"altura_m":3.0,"origen_altura":"osm_altura"},"geometry":{"type":"Polygon","coordinates":[[[-73.242741,10.481956],[-73.242661,10.481999],[-73.242619,10.481913],[-73.2427,10.481867],[-73.242741,10.481956]]]}},{"type":"Feature","properties":{"altura_m":3.0,"origen_altura":"osm_altura"},"geometry":{"type":"Polygon","coordinates":[[[-73.242503,10.482032],[-73.242424,10.482075],[-73.242381,10.481989],[-73.242461,10.481943],[-73.242503,10.482032]]]}},{"type":"Feature","properties":{"altura_m":3.0,"origen_altura":"osm_altura"},"geometry":{"type":"Polygon","coordinates":[[[-73.242584,10.482139],[-73.242505,10.482182],[-73.242462,10.482096],[-73.242543,10.48205],[-73.242584,10.482139]]]}},{"type":"Feature","properties":{"altura_m":3.0,"origen_altura":"osm_altura"},"geometry":{"type":"Polygon","coordinates":[[[-73.242694,10.482097],[-73.242615,10.48214],[-73.242572,10.482054],[-73.242653,10.482007],[-73.242694,10.482097]]]}},{"type":"Feature","properties":{"altura_m":3.0,"origen_altura":"osm_altura"},"geometry":{"type":"Polygon","coordinates":[[[-73.242801,10.480152],[-73.242678,10.48021],[-73.242648,10.480144],[-73.242771,10.480077],[-73.242801,10.480152]]]}},{"type":"Feature","properties":{"altura_m":3.0,"origen_altura":"osm_altura"},"geometry":{"type":"Polygon","coordinates":[[[-73.242594,10.48029],[-73.242471,10.480349],[-73.242441,10.480283],[-73.242564,10.480216],[-73.242594,10.48029]]]}},{"type":"Feature","properties":{"altura_m":3.0,"origen_altura":"osm_altura"},"geometry":{"type":"Polygon","coordinates":[[[-73.242639,10.48037],[-73.242516,10.480429],[-73.242486,10.480363],[-73.242609,10.480296],[-73.242639,10.48037]]]}},{"type":"Feature","properties":{"altura_m":3.0,"origen_altura":"osm_altura"},"geometry":{"type":"Polygon","coordinates":[[[-73.242685,10.48045],[-73.242563,10.480508],[-73.242532,10.480443],[-73.242656,10.480376],[-73.242685,10.48045]]]}},{"type":"Feature","properties":{"altura_m":3.0,"origen_altura":"osm_altura"},"geometry":{"type":"Polygon","coordinates":[[[-73.242829,10.480277],[-73.242706,10.480335],[-73.242676,10.48027],[-73.242799,10.480202],[-73.242829,10.480277]]]}},{"type":"Feature","properties":{"altura_m":3.0,"origen_altura":"osm_altura"},"geometry":{"type":"Polygon","coordinates":[[[-73.242877,10.480365],[-73.242755,10.480424],[-73.242724,10.480358],[-73.242847,10.480291],[-73.242877,10.480365]]]}},{"type":"Feature","properties":{"altura_m":3.0,"origen_altura":"osm_altura"},"geometry":{"type":"Polygon","coordinates":[[[-73.242359,10.480326],[-73.242237,10.480384],[-73.242206,10.480319],[-73.242329,10.480251],[-73.242359,10.480326]]]}},{"type":"Feature","properties":{"altura_m":3.0,"origen_altura":"osm_altura"},"geometry":{"type":"Polygon","coordinates":[[[-73.242411,10.480421],[-73.242288,10.48048],[-73.242258,10.480414],[-73.242381,10.480347],[-73.242411,10.480421]]]}},{"type":"Feature","properties":{"altura_m":3.0,"origen_altura":"osm_altura"},"geometry":{"type":"Polygon","coordinates":[[[-73.242499,10.480579],[-73.242377,10.480638],[-73.242346,10.480572],[-73.242469,10.480505],[-73.242499,10.480579]]]}},{"type":"Feature","properties":{"altura_m":3.0,"origen_altura":"osm_altura"},"geometry":{"type":"Polygon","coordinates":[[[-73.242114,10.480494],[-73.241991,10.480553],[-73.24196,10.480487],[-73.242084,10.48042],[-73.242114,10.480494]]]}},{"type":"Feature","properties":{"altura_m":3.0,"origen_altura":"osm_altura"},"geometry":{"type":"Polygon","coordinates":[[[-73.242174,10.480574],[-73.242052,10.480632],[-73.242021,10.480567],[-73.242144,10.4805],[-73.242174,10.480574]]]}},{"type":"Feature","properties":{"altura_m":3.0,"origen_altura":"osm_altura"},"geometry":{"type":"Polygon","coordinates":[[[-73.242221,10.480657],[-73.242098,10.480716],[-73.242068,10.48065],[-73.242191,10.480583],[-73.242221,10.480657]]]}},{"type":"Feature","properties":{"altura_m":3.0,"origen_altura":"osm_altura"},"geometry":{"type":"Polygon","coordinates":[[[-73.241942,10.480634],[-73.24182,10.480692],[-73.241789,10.480626],[-73.241913,10.480559],[-73.241942,10.480634]]]}},{"type":"Feature","properties":{"altura_m":3.0,"origen_altura":"osm_altura"},"geometry":{"type":"Polygon","coordinates":[[[-73.241785,10.480731],[-73.241663,10.480789],[-73.241632,10.480723],[-73.241755,10.480656],[-73.241785,10.480731]]]}},{"type":"Feature","properties":{"altura_m":3.0,"origen_altura":"osm_altura"},"geometry":{"type":"Polygon","coordinates":[[[-73.24182,10.480814],[-73.241698,10.480872],[-73.241667,10.480806],[-73.24179,10.480739],[-73.24182,10.480814]]]}},{"type":"Feature","properties":{"altura_m":3.0,"origen_altura":"osm_altura"},"geometry":{"type":"Polygon","coordinates":[[[-73.241858,10.480887],[-73.241736,10.480945],[-73.241705,10.48088],[-73.241828,10.480812],[-73.241858,10.480887]]]}},{"type":"Feature","properties":{"altura_m":3.0,"origen_altura":"osm_altura"},"geometry":{"type":"Polygon","coordinates":[[[-73.241896,10.480962],[-73.241773,10.48102],[-73.241743,10.480954],[-73.241866,10.480887],[-73.241896,10.480962]]]}},{"type":"Feature","properties":{"altura_m":3.0,"origen_altura":"osm_altura"},"geometry":{"type":"Polygon","coordinates":[[[-73.242107,10.480855],[-73.241984,10.480913],[-73.241953,10.480847],[-73.242077,10.48078],[-73.242107,10.480855]]]}},{"type":"Feature","properties":{"altura_m":3.0,"origen_altura":"osm_altura"},"geometry":{"type":"Polygon","coordinates":[[[-73.24153,10.480848],[-73.241408,10.480906],[-73.241377,10.480841],[-73.241501,10.480773],[-73.24153,10.480848]]]}},{"type":"Feature","properties":{"altura_m":3.0,"origen_altura":"osm_altura"},"geometry":{"type":"Polygon","coordinates":[[[-73.241625,10.480946],[-73.241503,10.481005],[-73.241472,10.480939],[-73.241596,10.480872],[-73.241625,10.480946]]]}},{"type":"Feature","properties":{"altura_m":3.0,"origen_altura":"osm_altura"},"geometry":{"type":"Polygon","coordinates":[[[-73.241753,10.481213],[-73.241631,10.481272],[-73.2416,10.481206],[-73.241723,10.481139],[-73.241753,10.481213]]]}},{"type":"Feature","properties":{"altura_m":3.0,"origen_altura":"osm_altura"},"geometry":{"type":"Polygon","coordinates":[[[-73.241805,10.4813],[-73.241683,10.481358],[-73.241652,10.481293],[-73.241775,10.481225],[-73.241805,10.4813]]]}},{"type":"Feature","properties":{"altura_m":3.0,"origen_altura":"osm_altura"},"geometry":{"type":"Polygon","coordinates":[[[-73.241859,10.481388],[-73.241736,10.481446],[-73.241706,10.481381],[-73.241829,10.481314],[-73.241859,10.481388]]]}},{"type":"Feature","properties":{"altura_m":3.0,"origen_altura":"osm_altura"},"geometry":{"type":"Polygon","coordinates":[[[-73.241901,10.481463],[-73.241778,10.481522],[-73.241748,10.481456],[-73.241871,10.481389],[-73.241901,10.481463]]]}},{"type":"Feature","properties":{"altura_m":3.0,"origen_altura":"osm_altura"},"geometry":{"type":"Polygon","coordinates":[[[-73.241721,10.480573],[-73.241599,10.480631],[-73.241568,10.480565],[-73.241691,10.480498],[-73.241721,10.480573]]]}},{"type":"Feature","properties":{"altura_m":3.0,"origen_altura":"osm_altura"},"geometry":{"type":"Polygon","coordinates":[[[-73.241645,10.480443],[-73.241523,10.480502],[-73.241492,10.480436],[-73.241615,10.480369],[-73.241645,10.480443]]]}},{"type":"Feature","properties":{"altura_m":3.0,"origen_altura":"osm_altura"},"geometry":{"type":"Polygon","coordinates":[[[-73.241559,10.480284],[-73.241442,10.480405],[-73.241411,10.480339],[-73.241512,10.480223],[-73.241559,10.480284]]]}},{"type":"Feature","properties":{"altura_m":3.0,"origen_altura":"osm_altura"},"geometry":{"type":"Polygon","coordinates":[[[-73.24198,10.480146],[-73.241886,10.480234],[-73.2418,10.480165],[-73.241926,10.480073],[-73.24198,10.480146]]]}},{"type":"Feature","properties":{"altura_m":3.0,"origen_altura":"osm_altura"},"geometry":{"type":"Polygon","coordinates":[[[-73.241901,10.480054],[-73.241808,10.480142],[-73.241722,10.480073],[-73.241847,10.479982],[-73.241901,10.480054]]]}},{"type":"Feature","properties":{"altura_m":3.0,"origen_altura":"osm_altura"},"geometry":{"type":"Polygon","coordinates":[[[-73.241761,10.480157],[-73.241668,10.480245],[-73.241581,10.480176],[-73.241707,10.480085],[-73.241761,10.480157]]]}},{"type":"Feature","properties":{"altura_m":3.0,"origen_altura":"osm_altura"},"geometry":{"type":"Polygon","coordinates":[[[-73.241837,10.480253],[-73.241743,10.480342],[-73.241657,10.480273],[-73.241783,10.480181],[-73.241837,10.480253]]]}},{"type":"Feature","properties":{"altura_m":3.0,"origen_altura":"osm_altura"},"geometry":{"type":"Polygon","coordinates":[[[-73.241931,10.480407],[-73.241837,10.480496],[-73.241751,10.480427],[-73.241877,10.480335],[-73.241931,10.480407]]]}},{"type":"Feature","properties":{"altura_m":3.0,"origen_altura":"osm_altura"},"geometry":{"type":"Polygon","coordinates":[[[-73.242069,10.480303],[-73.241976,10.480391],[-73.24189,10.480322],[-73.242016,10.480231],[-73.242069,10.480303]]]}},{"type":"Feature","properties":{"altura_m":3.0,"origen_altura":"osm_altura"},"geometry":{"type":"Polygon","coordinates":[[[-73.241306,10.480395],[-73.241227,10.480438],[-73.241184,10.480352],[-73.241265,10.480305],[-73.241306,10.480395]]]}},{"type":"Feature","properties":{"altura_m":3.0,"origen_altura":"osm_altura"},"geometry":{"type":"Polygon","coordinates":[[[-73.241311,10.48061],[-73.241232,10.480652],[-73.241189,10.480567],[-73.24127,10.48052],[-73.241311,10.48061]]]}},{"type":"Feature","properties":{"altura_m":3.0,"origen_altura":"osm_altura"},"geometry":{"type":"Polygon","coordinates":[[[-73.241371,10.480719],[-73.241292,10.480762],[-73.241249,10.480676],[-73.24133,10.48063],[-73.241371,10.480719]]]}},{"type":"Feature","properties":{"altura_m":3.0,"origen_altura":"osm_altura"},"geometry":{"type":"Polygon","coordinates":[[[-73.242269,10.480117],[-73.24219,10.48016],[-73.242147,10.480074],[-73.242228,10.480028],[-73.242269,10.480117]]]}},{"type":"Feature","properties":{"altura_m":3.0,"origen_altura":"osm_altura"},"geometry":{"type":"Polygon","coordinates":[[[-73.242374,10.480047],[-73.242295,10.48009],[-73.242252,10.480004],[-73.242333,10.479958],[-73.242374,10.480047]]]}},{"type":"Feature","properties":{"altura_m":3.0,"origen_altura":"osm_altura"},"geometry":{"type":"Polygon","coordinates":[[[-73.242469,10.479983],[-73.24239,10.480026],[-73.242347,10.47994],[-73.242428,10.479893],[-73.242469,10.479983]]]}},{"type":"Feature","properties":{"altura_m":3.0,"origen_altura":"osm_altura"},"geometry":{"type":"Polygon","coordinates":[[[-73.242367,10.479738],[-73.242288,10.479781],[-73.242245,10.479695],[-73.242326,10.479649],[-73.242367,10.479738]]]}},{"type":"Feature","properties":{"altura_m":3.0,"origen_altura":"osm_altura"},"geometry":{"type":"Polygon","coordinates":[[[-73.242276,10.479801],[-73.242197,10.479844],[-73.242154,10.479758],[-73.242235,10.479712],[-73.242276,10.479801]]]}},{"type":"Feature","properties":{"altura_m":3.0,"origen_altura":"osm_altura"},"geometry":{"type":"Polygon","coordinates":[[[-73.242184,10.479857],[-73.242105,10.4799],[-73.242062,10.479814],[-73.242143,10.479768],[-73.242184,10.479857]]]}},{"type":"Feature","properties":{"altura_m":3.0,"origen_altura":"osm_altura"},"geometry":{"type":"Polygon","coordinates":[[[-73.242084,10.479916],[-73.242005,10.47996],[-73.241962,10.479874],[-73.242043,10.479827],[-73.242084,10.479916]]]}},{"type":"Feature","properties":{"altura_m":3.0,"origen_altura":"osm_altura"},"geometry":{"type":"Polygon","coordinates":[[[-73.242157,10.480008],[-73.242077,10.480051],[-73.242035,10.479965],[-73.242115,10.479919],[-73.242157,10.480008]]]}},{"type":"Feature","properties":{"altura_m":3.0,"origen_altura":"osm_altura"},"geometry":{"type":"Polygon","coordinates":[[[-73.241805,10.479575],[-73.241726,10.479618],[-73.241683,10.479532],[-73.241764,10.479486],[-73.241805,10.479575]]]}},{"type":"Feature","properties":{"altura_m":3.0,"origen_altura":"osm_altura"},"geometry":{"type":"Polygon","coordinates":[[[-73.24185,10.479684],[-73.241771,10.479727],[-73.241728,10.479641],[-73.241809,10.479594],[-73.24185,10.479684]]]}},{"type":"Feature","properties":{"altura_m":3.0,"origen_altura":"osm_altura"},"geometry":{"type":"Polygon","coordinates":[[[-73.241907,10.479791],[-73.241828,10.479834],[-73.241785,10.479748],[-73.241866,10.479701],[-73.241907,10.479791]]]}},{"type":"Feature","properties":{"altura_m":3.0,"origen_altura":"osm_altura"},"geometry":{"type":"Polygon","coordinates":[[[-73.242014,10.479772],[-73.241935,10.479815],[-73.241892,10.479729],[-73.241973,10.479683],[-73.242014,10.479772]]]}},{"type":"Feature","properties":{"altura_m":3.0,"origen_altura":"osm_altura"},"geometry":{"type":"Polygon","coordinates":[[[-73.242152,10.479694],[-73.242073,10.479737],[-73.24203,10.479651],[-73.242111,10.479605],[-73.242152,10.479694]]]}},{"type":"Feature","properties":{"altura_m":3.0,"origen_altura":"osm_altura"},"geometry":{"type":"Polygon","coordinates":[[[-73.241619,10.479605],[-73.241539,10.479648],[-73.241496,10.479562],[-73.241577,10.479516],[-73.241619,10.479605]]]}},{"type":"Feature","properties":{"altura_m":3.0,"origen_altura":"osm_altura"},"geometry":{"type":"Polygon","coordinates":[[[-73.241688,10.479714],[-73.241608,10.479757],[-73.241565,10.479671],[-73.241646,10.479625],[-73.241688,10.479714]]]}},{"type":"Feature","properties":{"altura_m":3.0,"origen_altura":"osm_altura"},"geometry":{"type":"Polygon","coordinates":[[[-73.241745,10.479813],[-73.241665,10.479856],[-73.241623,10.47977],[-73.241703,10.479724],[-73.241745,10.479813]]]}},{"type":"Feature","properties":{"altura_m":3.0,"origen_altura":"osm_altura"},"geometry":{"type":"Polygon","coordinates":[[[-73.241793,10.47992],[-73.241714,10.479963],[-73.241671,10.479877],[-73.241752,10.479831],[-73.241793,10.47992]]]}},{"type":"Feature","properties":{"altura_m":3.0,"origen_altura":"osm_altura"},"geometry":{"type":"Polygon","coordinates":[[[-73.241622,10.480052],[-73.241543,10.480095],[-73.2415,10.480009],[-73.241581,10.479963],[-73.241622,10.480052]]]}},{"type":"Feature","properties":{"altura_m":3.0,"origen_altura":"osm_altura"},"geometry":{"type":"Polygon","coordinates":[[[-73.241556,10.479961],[-73.241477,10.480003],[-73.241434,10.479918],[-73.241515,10.479871],[-73.241556,10.479961]]]}},{"type":"Feature","properties":{"altura_m":3.0,"origen_altura":"osm_altura"},"geometry":{"type":"Polygon","coordinates":[[[-73.241496,10.479859],[-73.241417,10.479902],[-73.241374,10.479816],[-73.241455,10.479769],[-73.241496,10.479859]]]}},{"type":"Feature","properties":{"altura_m":3.0,"origen_altura":"osm_altura"},"geometry":{"type":"Polygon","coordinates":[[[-73.241408,10.47975],[-73.241328,10.479793],[-73.241286,10.479707],[-73.241366,10.479661],[-73.241408,10.47975]]]}},{"type":"Feature","properties":{"altura_m":3.0,"origen_altura":"osm_altura"},"geometry":{"type":"Polygon","coordinates":[[[-73.241273,10.479827],[-73.241194,10.47987],[-73.241151,10.479784],[-73.241231,10.479738],[-73.241273,10.479827]]]}},{"type":"Feature","properties":{"altura_m":3.0,"origen_altura":"osm_altura"},"geometry":{"type":"Polygon","coordinates":[[[-73.241325,10.479938],[-73.241245,10.479981],[-73.241202,10.479895],[-73.241283,10.479848],[-73.241325,10.479938]]]}},{"type":"Feature","properties":{"altura_m":3.0,"origen_altura":"osm_altura"},"geometry":{"type":"Polygon","coordinates":[[[-73.241388,10.480033],[-73.241309,10.480076],[-73.241266,10.47999],[-73.241347,10.479944],[-73.241388,10.480033]]]}},{"type":"Feature","properties":{"altura_m":3.0,"origen_altura":"osm_altura"},"geometry":{"type":"Polygon","coordinates":[[[-73.241456,10.48016],[-73.241377,10.480203],[-73.241334,10.480117],[-73.241415,10.480071],[-73.241456,10.48016]]]}},{"type":"Feature","properties":{"altura_m":3.0,"origen_altura":"osm_altura"},"geometry":{"type":"Polygon","coordinates":[[[-73.241164,10.479909],[-73.241085,10.479952],[-73.241042,10.479866],[-73.241123,10.479819],[-73.241164,10.479909]]]}},{"type":"Feature","properties":{"altura_m":3.0,"origen_altura":"osm_altura"},"geometry":{"type":"Polygon","coordinates":[[[-73.241207,10.480057],[-73.241128,10.4801],[-73.241085,10.480014],[-73.241166,10.479967],[-73.241207,10.480057]]]}},{"type":"Feature","properties":{"altura_m":3.0,"origen_altura":"osm_altura"},"geometry":{"type":"Polygon","coordinates":[[[-73.241295,10.480122],[-73.241216,10.480165],[-73.241173,10.480079],[-73.241254,10.480033],[-73.241295,10.480122]]]}},{"type":"Feature","properties":{"altura_m":3.0,"origen_altura":"osm_altura"},"geometry":{"type":"Polygon","coordinates":[[[-73.24101,10.47945],[-73.240931,10.479493],[-73.240888,10.479407],[-73.240968,10.479361],[-73.24101,10.47945]]]}},{"type":"Feature","properties":{"altura_m":3.0,"origen_altura":"osm_altura"},"geometry":{"type":"Polygon","coordinates":[[[-73.240892,10.479498],[-73.240813,10.479541],[-73.24077,10.479455],[-73.24085,10.479409],[-73.240892,10.479498]]]}},{"type":"Feature","properties":{"altura_m":3.0,"origen_altura":"osm_altura"},"geometry":{"type":"Polygon","coordinates":[[[-73.240915,10.479631],[-73.240836,10.479674],[-73.240793,10.479588],[-73.240874,10.479541],[-73.240915,10.479631]]]}},{"type":"Feature","properties":{"altura_m":3.0,"origen_altura":"osm_altura"},"geometry":{"type":"Polygon","coordinates":[[[-73.241162,10.479672],[-73.241082,10.479715],[-73.241039,10.479629],[-73.24112,10.479583],[-73.241162,10.479672]]]}},{"type":"Feature","properties":{"altura_m":3.0,"origen_altura":"osm_altura"},"geometry":{"type":"Polygon","coordinates":[[[-73.241347,10.479538],[-73.241268,10.479581],[-73.241225,10.479495],[-73.241305,10.479449],[-73.241347,10.479538]]]}},{"type":"Feature","properties":{"altura_m":3.0,"origen_altura":"osm_altura"},"geometry":{"type":"Polygon","coordinates":[[[-73.241447,10.479482],[-73.241368,10.479525],[-73.241325,10.479439],[-73.241406,10.479393],[-73.241447,10.479482]]]}},{"type":"Feature","properties":{"altura_m":3.0,"origen_altura":"osm_altura"},"geometry":{"type":"Polygon","coordinates":[[[-73.241551,10.479419],[-73.241471,10.479462],[-73.241429,10.479376],[-73.241509,10.47933],[-73.241551,10.479419]]]}},{"type":"Feature","properties":{"altura_m":3.0,"origen_altura":"osm_altura"},"geometry":{"type":"Polygon","coordinates":[[[-73.241653,10.479351],[-73.241573,10.479394],[-73.24153,10.479308],[-73.241611,10.479262],[-73.241653,10.479351]]]}},{"type":"Feature","properties":{"altura_m":3.0,"origen_altura":"osm_altura"},"geometry":{"type":"Polygon","coordinates":[[[-73.241761,10.479292],[-73.241682,10.479335],[-73.241639,10.479249],[-73.24172,10.479203],[-73.241761,10.479292]]]}},{"type":"Feature","properties":{"altura_m":3.0,"origen_altura":"osm_altura"},"geometry":{"type":"Polygon","coordinates":[[[-73.241869,10.479222],[-73.241789,10.479265],[-73.241747,10.479179],[-73.241827,10.479133],[-73.241869,10.479222]]]}},{"type":"Feature","properties":{"altura_m":3.0,"origen_altura":"osm_altura"},"geometry":{"type":"Polygon","coordinates":[[[-73.242665,10.479224],[-73.242586,10.479267],[-73.242543,10.479181],[-73.242624,10.479135],[-73.242665,10.479224]]]}},{"type":"Feature","properties":{"altura_m":3.0,"origen_altura":"osm_altura"},"geometry":{"type":"Polygon","coordinates":[[[-73.242786,10.479166],[-73.242707,10.479209],[-73.242664,10.479123],[-73.242745,10.479077],[-73.242786,10.479166]]]}},{"type":"Feature","properties":{"altura_m":3.0,"origen_altura":"osm_altura"},"geometry":{"type":"Polygon","coordinates":[[[-73.242722,10.479067],[-73.242643,10.479111],[-73.2426,10.479024],[-73.242681,10.478978],[-73.242722,10.479067]]]}},{"type":"Feature","properties":{"altura_m":3.0,"origen_altura":"osm_altura"},"geometry":{"type":"Polygon","coordinates":[[[-73.24266,10.478962],[-73.242581,10.479005],[-73.242538,10.478919],[-73.242619,10.478873],[-73.24266,10.478962]]]}},{"type":"Feature","properties":{"altura_m":3.0,"origen_altura":"osm_altura"},"geometry":{"type":"Polygon","coordinates":[[[-73.242596,10.478853],[-73.242517,10.478896],[-73.242474,10.47881],[-73.242555,10.478764],[-73.242596,10.478853]]]}},{"type":"Feature","properties":{"altura_m":3.0,"origen_altura":"osm_altura"},"geometry":{"type":"Polygon","coordinates":[[[-73.242527,10.478746],[-73.242448,10.478789],[-73.242405,10.478703],[-73.242486,10.478657],[-73.242527,10.478746]]]}},{"type":"Feature","properties":{"altura_m":3.0,"origen_altura":"osm_altura"},"geometry":{"type":"Polygon","coordinates":[[[-73.242453,10.478641],[-73.242373,10.478684],[-73.24233,10.478598],[-73.242411,10.478552],[-73.242453,10.478641]]]}},{"type":"Feature","properties":{"altura_m":3.0,"origen_altura":"osm_altura"},"geometry":{"type":"Polygon","coordinates":[[[-73.242389,10.478536],[-73.242309,10.478579],[-73.242266,10.478493],[-73.242347,10.478446],[-73.242389,10.478536]]]}},{"type":"Feature","properties":{"altura_m":3.0,"origen_altura":"osm_altura"},"geometry":{"type":"Polygon","coordinates":[[[-73.242273,10.478578],[-73.242194,10.478621],[-73.242151,10.478535],[-73.242232,10.478489],[-73.242273,10.478578]]]}},{"type":"Feature","properties":{"altura_m":3.0,"origen_altura":"osm_altura"},"geometry":{"type":"Polygon","coordinates":[[[-73.242176,10.478624],[-73.242097,10.478667],[-73.242054,10.478581],[-73.242135,10.478535],[-73.242176,10.478624]]]}},{"type":"Feature","properties":{"altura_m":3.0,"origen_altura":"osm_altura"},"geometry":{"type":"Polygon","coordinates":[[[-73.242088,10.478668],[-73.242009,10.478711],[-73.241966,10.478625],[-73.242047,10.478579],[-73.242088,10.478668]]]}},{"type":"Feature","properties":{"altura_m":3.0,"origen_altura":"osm_altura"},"geometry":{"type":"Polygon","coordinates":[[[-73.241988,10.478718],[-73.241909,10.47876],[-73.241866,10.478674],[-73.241946,10.478628],[-73.241988,10.478718]]]}},{"type":"Feature","properties":{"altura_m":3.0,"origen_altura":"osm_altura"},"geometry":{"type":"Polygon","coordinates":[[[-73.242036,10.478831],[-73.241957,10.478874],[-73.241914,10.478788],[-73.241995,10.478742],[-73.242036,10.478831]]]}},{"type":"Feature","properties":{"altura_m":3.0,"origen_altura":"osm_altura"},"geometry":{"type":"Polygon","coordinates":[[[-73.24218,10.478765],[-73.2421,10.478808],[-73.242058,10.478722],[-73.242138,10.478676],[-73.24218,10.478765]]]}},{"type":"Feature","properties":{"altura_m":3.0,"origen_altura":"osm_altura"},"geometry":{"type":"Polygon","coordinates":[[[-73.242268,10.478877],[-73.242188,10.47892],[-73.242146,10.478834],[-73.242226,10.478788],[-73.242268,10.478877]]]}},{"type":"Feature","properties":{"altura_m":3.0,"origen_altura":"osm_altura"},"geometry":{"type":"Polygon","coordinates":[[[-73.242085,10.478942],[-73.242005,10.478985],[-73.241962,10.478899],[-73.242043,10.478853],[-73.242085,10.478942]]]}},{"type":"Feature","properties":{"altura_m":3.0,"origen_altura":"osm_altura"},"geometry":{"type":"Polygon","coordinates":[[[-73.242401,10.478947],[-73.242322,10.47899],[-73.242279,10.478904],[-73.24236,10.478858],[-73.242401,10.478947]]]}},{"type":"Feature","properties":{"altura_m":3.0,"origen_altura":"osm_altura"},"geometry":{"type":"Polygon","coordinates":[[[-73.24173,10.479028],[-73.241535,10.479116],[-73.241453,10.478977],[-73.241632,10.478859],[-73.24173,10.479028]]]}},{"type":"Feature","properties":{"altura_m":3.0,"origen_altura":"osm_altura"},"geometry":{"type":"Polygon","coordinates":[[[-73.241471,10.479093],[-73.241392,10.479136],[-73.241349,10.47905],[-73.24143,10.479004],[-73.241471,10.479093]]]}},{"type":"Feature","properties":{"altura_m":3.0,"origen_altura":"osm_altura"},"geometry":{"type":"Polygon","coordinates":[[[-73.241367,10.479166],[-73.241288,10.479209],[-73.241255,10.479128],[-73.241326,10.479077],[-73.241367,10.479166]]]}},{"type":"Feature","properties":{"altura_m":3.0,"origen_altura":"osm_altura"},"geometry":{"type":"Polygon","coordinates":[[[-73.241279,10.479253],[-73.2412,10.479296],[-73.241157,10.47921],[-73.241238,10.479164],[-73.241279,10.479253]]]}},{"type":"Feature","properties":{"altura_m":3.0,"origen_altura":"osm_altura"},"geometry":{"type":"Polygon","coordinates":[[[-73.240876,10.478779],[-73.240773,10.478838],[-73.24072,10.47873],[-73.2408,10.478649],[-73.240876,10.478779]]]}},{"type":"Feature","properties":{"altura_m":3.0,"origen_altura":"osm_altura"},"geometry":{"type":"Polygon","coordinates":[[[-73.240934,10.478874],[-73.240822,10.478932],[-73.24078,10.47884],[-73.240888,10.478783],[-73.240934,10.478874]]]}},{"type":"Feature","properties":{"altura_m":3.0,"origen_altura":"osm_altura"},"geometry":{"type":"Polygon","coordinates":[[[-73.240977,10.478969],[-73.240873,10.479025],[-73.24083,10.478939],[-73.240939,10.478882],[-73.240977,10.478969]]]}},{"type":"Feature","properties":{"altura_m":3.0,"origen_altura":"osm_altura"},"geometry":{"type":"Polygon","coordinates":[[[-73.241027,10.479074],[-73.240933,10.479123],[-73.240881,10.479036],[-73.240981,10.47898],[-73.241027,10.479074]]]}},{"type":"Feature","properties":{"altura_m":3.0,"origen_altura":"osm_altura"},"geometry":{"type":"Polygon","coordinates":[[[-73.241087,10.479162],[-73.240982,10.479222],[-73.240934,10.479132],[-73.241043,10.479078],[-73.241087,10.479162]]]}},{"type":"Feature","properties":{"altura_m":3.0,"origen_altura":"osm_altura"},"geometry":{"type":"Polygon","coordinates":[[[-73.240974,10.479227],[-73.240896,10.479271],[-73.240843,10.479175],[-73.240924,10.479129],[-73.240974,10.479227]]]}},{"type":"Feature","properties":{"altura_m":3.0,"origen_altura":"osm_altura"},"geometry":{"type":"Polygon","coordinates":[[[-73.240769,10.478854],[-73.240714,10.478902],[-73.24063,10.478804],[-73.240685,10.47875],[-73.240769,10.478854]]]}},{"type":"Feature","properties":{"altura_m":3.0,"origen_altura":"osm_altura"},"geometry":{"type":"Polygon","coordinates":[[[-73.240718,10.478921],[-73.240615,10.478994],[-73.240548,10.478883],[-73.240626,10.478808],[-73.240718,10.478921]]]}},{"type":"Feature","properties":{"altura_m":3.0,"origen_altura":"osm_altura"},"geometry":{"type":"Polygon","coordinates":[[[-73.240393,10.479534],[-73.240314,10.479577],[-73.240271,10.479491],[-73.240352,10.479445],[-73.240393,10.479534]]]}},{"type":"Feature","properties":{"altura_m":3.0,"origen_altura":"osm_altura"},"geometry":{"type":"Polygon","coordinates":[[[-73.240332,10.47943],[-73.240253,10.479473],[-73.240211,10.479387],[-73.240291,10.479341],[-73.240332,10.47943]]]}},{"type":"Feature","properties":{"altura_m":3.0,"origen_altura":"osm_altura"},"geometry":{"type":"Polygon","coordinates":[[[-73.240251,10.479334],[-73.240172,10.479377],[-73.240129,10.479291],[-73.24021,10.479244],[-73.240251,10.479334]]]}},{"type":"Feature","properties":{"altura_m":3.0,"origen_altura":"osm_altura"},"geometry":{"type":"Polygon","coordinates":[[[-73.240032,10.47932],[-73.239947,10.47947],[-73.239742,10.47936],[-73.239832,10.479182],[-73.240032,10.47932]]]}},{"type":"Feature","properties":{"altura_m":3.0,"origen_altura":"osm_altura"},"geometry":{"type":"Polygon","coordinates":[[[-73.240186,10.479208],[-73.240106,10.479251],[-73.240064,10.479165],[-73.240144,10.479119],[-73.240186,10.479208]]]}},{"type":"Feature","properties":{"altura_m":3.0,"origen_altura":"osm_altura"},"geometry":{"type":"Polygon","coordinates":[[[-73.240117,10.479106],[-73.240037,10.479149],[-73.239994,10.479063],[-73.240075,10.479017],[-73.240117,10.479106]]]}},{"type":"Feature","properties":{"altura_m":3.0,"origen_altura":"osm_altura"},"geometry":{"type":"Polygon","coordinates":[[[-73.239747,10.478873],[-73.239668,10.478916],[-73.239625,10.47883],[-73.239706,10.478784],[-73.239747,10.478873]]]}},{"type":"Feature","properties":{"altura_m":3.0,"origen_altura":"osm_altura"},"geometry":{"type":"Polygon","coordinates":[[[-73.239457,10.478795],[-73.239377,10.478838],[-73.239334,10.478752],[-73.239415,10.478706],[-73.239457,10.478795]]]}},{"type":"Feature","properties":{"altura_m":3.0,"origen_altura":"osm_altura"},"geometry":{"type":"Polygon","coordinates":[[[-73.239393,10.478647],[-73.239313,10.47869],[-73.239271,10.478604],[-73.239351,10.478558],[-73.239393,10.478647]]]}},{"type":"Feature","properties":{"altura_m":3.0,"origen_altura":"osm_altura"},"geometry":{"type":"Polygon","coordinates":[[[-73.239498,10.478527],[-73.239419,10.47857],[-73.239376,10.478484],[-73.239457,10.478437],[-73.239498,10.478527]]]}},{"type":"Feature","properties":{"altura_m":3.0,"origen_altura":"osm_altura"},"geometry":{"type":"Polygon","coordinates":[[[-73.239666,10.478754],[-73.239586,10.478797],[-73.239543,10.478711],[-73.239624,10.478665],[-73.239666,10.478754]]]}},{"type":"Feature","properties":{"altura_m":3.0,"origen_altura":"osm_altura"},"geometry":{"type":"Polygon","coordinates":[[[-73.239472,10.478972],[-73.239393,10.479015],[-73.23935,10.478929],[-73.239431,10.478882],[-73.239472,10.478972]]]}},{"type":"Feature","properties":{"altura_m":3.0,"origen_altura":"osm_altura"},"geometry":{"type":"Polygon","coordinates":[[[-73.23955,10.479201],[-73.239471,10.479244],[-73.239428,10.479158],[-73.239509,10.479112],[-73.23955,10.479201]]]}},{"type":"Feature","properties":{"altura_m":3.0,"origen_altura":"osm_altura"},"geometry":{"type":"Polygon","coordinates":[[[-73.239899,10.478804],[-73.23982,10.478846],[-73.239777,10.478761],[-73.239858,10.478714],[-73.239899,10.478804]]]}},{"type":"Feature","properties":{"altura_m":3.0,"origen_altura":"osm_altura"},"geometry":{"type":"Polygon","coordinates":[[[-73.240003,10.478958],[-73.239923,10.479001],[-73.23988,10.478915],[-73.239961,10.478869],[-73.240003,10.478958]]]}},{"type":"Feature","properties":{"altura_m":3.0,"origen_altura":"osm_altura"},"geometry":{"type":"Polygon","coordinates":[[[-73.239495,10.479335],[-73.239458,10.479369],[-73.23942,10.479309],[-73.239363,10.479341],[-73.239321,10.479255],[-73.239401,10.479209],[-73.239495,10.479335]]]}},{"type":"Feature","properties":{"altura_m":3.0,"origen_altura":"osm_altura"},"geometry":{"type":"Polygon","coordinates":[[[-73.240749,10.478598],[-73.24067,10.478641],[-73.240627,10.478555],[-73.240708,10.478509],[-73.240749,10.478598]]]}},{"type":"Feature","properties":{"altura_m":3.0,"origen_altura":"osm_altura"},"geometry":{"type":"Polygon","coordinates":[[[-73.240696,10.478474],[-73.240617,10.478517],[-73.240574,10.478431],[-73.240654,10.478385],[-73.240696,10.478474]]]}},{"type":"Feature","properties":{"altura_m":3.0,"origen_altura":"osm_altura"},"geometry":{"type":"Polygon","coordinates":[[[-73.240635,10.478353],[-73.240556,10.478396],[-73.240513,10.47831],[-73.240594,10.478264],[-73.240635,10.478353]]]}},{"type":"Feature","properties":{"altura_m":3.0,"origen_altura":"osm_altura"},"geometry":{"type":"Polygon","coordinates":[[[-73.240516,10.478214],[-73.240437,10.478257],[-73.240394,10.478171],[-73.240475,10.478125],[-73.240516,10.478214]]]}},{"type":"Feature","properties":{"altura_m":3.0,"origen_altura":"osm_altura"},"geometry":{"type":"Polygon","coordinates":[[[-73.240404,10.47828],[-73.240324,10.478323],[-73.240282,10.478237],[-73.240362,10.478191],[-73.240404,10.47828]]]}},{"type":"Feature","properties":{"altura_m":3.0,"origen_altura":"osm_altura"},"geometry":{"type":"Polygon","coordinates":[[[-73.240093,10.478338],[-73.240014,10.478381],[-73.239971,10.478295],[-73.240051,10.478249],[-73.240093,10.478338]]]}},{"type":"Feature","properties":{"altura_m":3.0,"origen_altura":"osm_altura"},"geometry":{"type":"Polygon","coordinates":[[[-73.240041,10.478219],[-73.239962,10.478262],[-73.239919,10.478176],[-73.24,10.47813],[-73.240041,10.478219]]]}},{"type":"Feature","properties":{"altura_m":3.0,"origen_altura":"osm_altura"},"geometry":{"type":"Polygon","coordinates":[[[-73.239922,10.47828],[-73.239842,10.478323],[-73.2398,10.478237],[-73.23988,10.478191],[-73.239922,10.47828]]]}},{"type":"Feature","properties":{"altura_m":3.0,"origen_altura":"osm_altura"},"geometry":{"type":"Polygon","coordinates":[[[-73.239892,10.478447],[-73.239813,10.47849],[-73.23977,10.478404],[-73.239851,10.478357],[-73.239892,10.478447]]]}},{"type":"Feature","properties":{"altura_m":3.0,"origen_altura":"osm_altura"},"geometry":{"type":"Polygon","coordinates":[[[-73.239951,10.47855],[-73.239872,10.478593],[-73.239829,10.478507],[-73.23991,10.478461],[-73.239951,10.47855]]]}},{"type":"Feature","properties":{"altura_m":3.0,"origen_altura":"osm_altura"},"geometry":{"type":"Polygon","coordinates":[[[-73.240001,10.478667],[-73.239922,10.478711],[-73.239879,10.478624],[-73.23996,10.478578],[-73.240001,10.478667]]]}},{"type":"Feature","properties":{"altura_m":3.0,"origen_altura":"osm_altura"},"geometry":{"type":"Polygon","coordinates":[[[-73.240079,10.478759],[-73.24,10.478802],[-73.239957,10.478716],[-73.240038,10.47867],[-73.240079,10.478759]]]}},{"type":"Feature","properties":{"altura_m":3.0,"origen_altura":"osm_altura"},"geometry":{"type":"Polygon","coordinates":[[[-73.240158,10.478858],[-73.240079,10.478901],[-73.240036,10.478815],[-73.240117,10.478769],[-73.240158,10.478858]]]}},{"type":"Feature","properties":{"altura_m":3.0,"origen_altura":"osm_altura"},"geometry":{"type":"Polygon","coordinates":[[[-73.240234,10.478963],[-73.240155,10.479006],[-73.240112,10.47892],[-73.240193,10.478874],[-73.240234,10.478963]]]}},{"type":"Feature","properties":{"altura_m":3.0,"origen_altura":"osm_altura"},"geometry":{"type":"Polygon","coordinates":[[[-73.24036,10.478912],[-73.240281,10.478955],[-73.240238,10.478869],[-73.240319,10.478823],[-73.24036,10.478912]]]}},{"type":"Feature","properties":{"altura_m":3.0,"origen_altura":"osm_altura"},"geometry":{"type":"Polygon","coordinates":[[[-73.240455,10.478825],[-73.240376,10.478869],[-73.240333,10.478782],[-73.240414,10.478736],[-73.240455,10.478825]]]}},{"type":"Feature","properties":{"altura_m":3.0,"origen_altura":"osm_altura"},"geometry":{"type":"Polygon","coordinates":[[[-73.240564,10.478741],[-73.240485,10.478784],[-73.240442,10.478697],[-73.240523,10.478651],[-73.240564,10.478741]]]}},{"type":"Feature","properties":{"altura_m":3.0,"origen_altura":"osm_altura"},"geometry":{"type":"Polygon","coordinates":[[[-73.240666,10.478676],[-73.240587,10.478719],[-73.240544,10.478633],[-73.240625,10.478587],[-73.240666,10.478676]]]}},{"type":"Feature","properties":{"altura_m":3.0,"origen_altura":"osm_altura"},"geometry":{"type":"Polygon","coordinates":[[[-73.240431,10.478662],[-73.240352,10.478705],[-73.240309,10.478619],[-73.24039,10.478573],[-73.240431,10.478662]]]}},{"type":"Feature","properties":{"altura_m":3.0,"origen_altura":"osm_altura"},"geometry":{"type":"Polygon","coordinates":[[[-73.240205,10.478499],[-73.240126,10.478542],[-73.240083,10.478456],[-73.240164,10.47841],[-73.240205,10.478499]]]}},{"type":"Feature","properties":{"altura_m":3.0,"origen_altura":"osm_altura"},"geometry":{"type":"Polygon","coordinates":[[[-73.240332,10.478376],[-73.240252,10.478419],[-73.24021,10.478333],[-73.24029,10.478287],[-73.240332,10.478376]]]}},{"type":"Feature","properties":{"altura_m":3.0,"origen_altura":"osm_altura"},"geometry":{"type":"Polygon","coordinates":[[[-73.240467,10.478469],[-73.240388,10.478512],[-73.240345,10.478426],[-73.240426,10.47838],[-73.240467,10.478469]]]}},{"type":"Feature","properties":{"altura_m":3.0,"origen_altura":"osm_altura"},"geometry":{"type":"Polygon","coordinates":[[[-73.239802,10.478646],[-73.239722,10.478689],[-73.239679,10.478603],[-73.23976,10.478556],[-73.239802,10.478646]]]}},{"type":"Feature","properties":{"altura_m":3.0,"origen_altura":"osm_altura"},"geometry":{"type":"Polygon","coordinates":[[[-73.240701,10.479668],[-73.240621,10.479711],[-73.240578,10.479625],[-73.240659,10.479579],[-73.240701,10.479668]]]}},{"type":"Feature","properties":{"altura_m":3.0,"origen_altura":"osm_altura"},"geometry":{"type":"Polygon","coordinates":[[[-73.240815,10.479828],[-73.240736,10.479871],[-73.240693,10.479785],[-73.240774,10.479739],[-73.240815,10.479828]]]}},{"type":"Feature","properties":{"altura_m":3.0,"origen_altura":"osm_altura"},"geometry":{"type":"Polygon","coordinates":[[[-73.24059,10.479736],[-73.240511,10.479779],[-73.240468,10.479693],[-73.240549,10.479647],[-73.24059,10.479736]]]}},{"type":"Feature","properties":{"altura_m":3.0,"origen_altura":"osm_altura"},"geometry":{"type":"Polygon","coordinates":[[[-73.240664,10.479835],[-73.240585,10.479878],[-73.240542,10.479792],[-73.240623,10.479745],[-73.240664,10.479835]]]}},{"type":"Feature","properties":{"altura_m":3.0,"origen_altura":"osm_altura"},"geometry":{"type":"Polygon","coordinates":[[[-73.240625,10.480137],[-73.240546,10.48018],[-73.240503,10.480094],[-73.240584,10.480048],[-73.240625,10.480137]]]}},{"type":"Feature","properties":{"altura_m":3.0,"origen_altura":"osm_altura"},"geometry":{"type":"Polygon","coordinates":[[[-73.240422,10.480036],[-73.240343,10.480079],[-73.2403,10.479993],[-73.24038,10.479947],[-73.240422,10.480036]]]}},{"type":"Feature","properties":{"altura_m":3.0,"origen_altura":"osm_altura"},"geometry":{"type":"Polygon","coordinates":[[[-73.240287,10.480063],[-73.240208,10.480105],[-73.240166,10.480019],[-73.240246,10.479973],[-73.240287,10.480063]]]}},{"type":"Feature","properties":{"altura_m":3.0,"origen_altura":"osm_altura"},"geometry":{"type":"Polygon","coordinates":[[[-73.240242,10.479958],[-73.240163,10.480001],[-73.24012,10.479915],[-73.240201,10.479869],[-73.240242,10.479958]]]}},{"type":"Feature","properties":{"altura_m":3.0,"origen_altura":"osm_altura"},"geometry":{"type":"Polygon","coordinates":[[[-73.240435,10.480185],[-73.240355,10.480228],[-73.240313,10.480142],[-73.240393,10.480096],[-73.240435,10.480185]]]}},{"type":"Feature","properties":{"altura_m":3.0,"origen_altura":"osm_altura"},"geometry":{"type":"Polygon","coordinates":[[[-73.239911,10.478011],[-73.239832,10.478054],[-73.239789,10.477968],[-73.23987,10.477922],[-73.239911,10.478011]]]}},{"type":"Feature","properties":{"altura_m":3.0,"origen_altura":"osm_altura"},"geometry":{"type":"Polygon","coordinates":[[[-73.239817,10.477863],[-73.239738,10.477906],[-73.239695,10.47782],[-73.239776,10.477774],[-73.239817,10.477863]]]}},{"type":"Feature","properties":{"altura_m":3.0,"origen_altura":"osm_altura"},"geometry":{"type":"Polygon","coordinates":[[[-73.239743,10.477761],[-73.239664,10.477805],[-73.239621,10.477718],[-73.239701,10.477672],[-73.239743,10.477761]]]}},{"type":"Feature","properties":{"altura_m":3.0,"origen_altura":"osm_altura"},"geometry":{"type":"Polygon","coordinates":[[[-73.23961,10.477565],[-73.239531,10.477608],[-73.239488,10.477522],[-73.239569,10.477476],[-73.23961,10.477565]]]}},{"type":"Feature","properties":{"altura_m":3.0,"origen_altura":"osm_altura"},"geometry":{"type":"Polygon","coordinates":[[[-73.239462,10.477658],[-73.239383,10.477701],[-73.23934,10.477615],[-73.239421,10.477568],[-73.239462,10.477658]]]}},{"type":"Feature","properties":{"altura_m":3.0,"origen_altura":"osm_altura"},"geometry":{"type":"Polygon","coordinates":[[[-73.239511,10.477788],[-73.239432,10.477831],[-73.239389,10.477745],[-73.23947,10.477699],[-73.239511,10.477788]]]}},{"type":"Feature","properties":{"altura_m":3.0,"origen_altura":"osm_altura"},"geometry":{"type":"Polygon","coordinates":[[[-73.239469,10.477339],[-73.23939,10.477382],[-73.239347,10.477296],[-73.239427,10.47725],[-73.239469,10.477339]]]}},{"type":"Feature","properties":{"altura_m":3.0,"origen_altura":"osm_altura"},"geometry":{"type":"Polygon","coordinates":[[[-73.239392,10.477231],[-73.239313,10.477274],[-73.23927,10.477188],[-73.239351,10.477142],[-73.239392,10.477231]]]}},{"type":"Feature","properties":{"altura_m":3.0,"origen_altura":"osm_altura"},"geometry":{"type":"Polygon","coordinates":[[[-73.239318,10.477123],[-73.239239,10.477166],[-73.239196,10.47708],[-73.239277,10.477034],[-73.239318,10.477123]]]}},{"type":"Feature","properties":{"altura_m":3.0,"origen_altura":"osm_altura"},"geometry":{"type":"Polygon","coordinates":[[[-73.239244,10.477012],[-73.239165,10.477055],[-73.239122,10.476969],[-73.239203,10.476923],[-73.239244,10.477012]]]}},{"type":"Feature","properties":{"altura_m":3.0,"origen_altura":"osm_altura"},"geometry":{"type":"Polygon","coordinates":[[[-73.239185,10.476889],[-73.239106,10.476932],[-73.239063,10.476846],[-73.239144,10.4768],[-73.239185,10.476889]]]}},{"type":"Feature","properties":{"altura_m":3.0,"origen_altura":"osm_altura"},"geometry":{"type":"Polygon","coordinates":[[[-73.239332,10.477408],[-73.239252,10.477451],[-73.23921,10.477365],[-73.23929,10.477319],[-73.239332,10.477408]]]}},{"type":"Feature","properties":{"altura_m":3.0,"origen_altura":"osm_altura"},"geometry":{"type":"Polygon","coordinates":[[[-73.239276,10.477303],[-73.239197,10.477346],[-73.239154,10.47726],[-73.239235,10.477213],[-73.239276,10.477303]]]}},{"type":"Feature","properties":{"altura_m":3.0,"origen_altura":"osm_altura"},"geometry":{"type":"Polygon","coordinates":[[[-73.239219,10.477195],[-73.23914,10.477238],[-73.239097,10.477152],[-73.239178,10.477106],[-73.239219,10.477195]]]}},{"type":"Feature","properties":{"altura_m":3.0,"origen_altura":"osm_altura"},"geometry":{"type":"Polygon","coordinates":[[[-73.23916,10.477091],[-73.239081,10.477134],[-73.239038,10.477048],[-73.239119,10.477001],[-73.23916,10.477091]]]}},{"type":"Feature","properties":{"altura_m":3.0,"origen_altura":"osm_altura"},"geometry":{"type":"Polygon","coordinates":[[[-73.239121,10.476985],[-73.239041,10.477028],[-73.238999,10.476942],[-73.239079,10.476896],[-73.239121,10.476985]]]}},{"type":"Feature","properties":{"altura_m":3.0,"origen_altura":"osm_altura"},"geometry":{"type":"Polygon","coordinates":[[[-73.239374,10.477927],[-73.239295,10.47797],[-73.239252,10.477884],[-73.239333,10.477838],[-73.239374,10.477927]]]}},{"type":"Feature","properties":{"altura_m":3.0,"origen_altura":"osm_altura"},"geometry":{"type":"Polygon","coordinates":[[[-73.239298,10.477799],[-73.239219,10.477842],[-73.239176,10.477756],[-73.239257,10.47771],[-73.239298,10.477799]]]}},{"type":"Feature","properties":{"altura_m":3.0,"origen_altura":"osm_altura"},"geometry":{"type":"Polygon","coordinates":[[[-73.239255,10.477686],[-73.239176,10.477729],[-73.239133,10.477643],[-73.239214,10.477597],[-73.239255,10.477686]]]}},{"type":"Feature","properties":{"altura_m":3.0,"origen_altura":"osm_altura"},"geometry":{"type":"Polygon","coordinates":[[[-73.239194,10.477556],[-73.239115,10.477599],[-73.239072,10.477513],[-73.239153,10.477467],[-73.239194,10.477556]]]}},{"type":"Feature","properties":{"altura_m":3.0,"origen_altura":"osm_altura"},"geometry":{"type":"Polygon","coordinates":[[[-73.239071,10.477337],[-73.238992,10.47738],[-73.238949,10.477294],[-73.23903,10.477248],[-73.239071,10.477337]]]}},{"type":"Feature","properties":{"altura_m":3.0,"origen_altura":"osm_altura"},"geometry":{"type":"Polygon","coordinates":[[[-73.239046,10.477213],[-73.238967,10.477256],[-73.238924,10.47717],[-73.239005,10.477124],[-73.239046,10.477213]]]}},{"type":"Feature","properties":{"altura_m":3.0,"origen_altura":"osm_altura"},"geometry":{"type":"Polygon","coordinates":[[[-73.238943,10.477026],[-73.238864,10.477069],[-73.238821,10.476983],[-73.238901,10.476936],[-73.238943,10.477026]]]}},{"type":"Feature","properties":{"altura_m":3.0,"origen_altura":"osm_altura"},"geometry":{"type":"Polygon","coordinates":[[[-73.238871,10.476878],[-73.238792,10.47692],[-73.238749,10.476835],[-73.23883,10.476788],[-73.238871,10.476878]]]}},{"type":"Feature","properties":{"altura_m":3.0,"origen_altura":"osm_altura"},"geometry":{"type":"Polygon","coordinates":[[[-73.238736,10.47695],[-73.238657,10.476994],[-73.238614,10.476908],[-73.238695,10.476861],[-73.238736,10.47695]]]}},{"type":"Feature","properties":{"altura_m":3.0,"origen_altura":"osm_altura"},"geometry":{"type":"Polygon","coordinates":[[[-73.23879,10.47707],[-73.238711,10.477113],[-73.238668,10.477027],[-73.238749,10.476981],[-73.23879,10.47707]]]}},{"type":"Feature","properties":{"altura_m":3.0,"origen_altura":"osm_altura"},"geometry":{"type":"Polygon","coordinates":[[[-73.238862,10.477191],[-73.238783,10.477234],[-73.23874,10.477148],[-73.238821,10.477102],[-73.238862,10.477191]]]}},{"type":"Feature","properties":{"altura_m":3.0,"origen_altura":"osm_altura"},"geometry":{"type":"Polygon","coordinates":[[[-73.238914,10.477295],[-73.238834,10.477338],[-73.238792,10.477252],[-73.238872,10.477206],[-73.238914,10.477295]]]}},{"type":"Feature","properties":{"altura_m":3.0,"origen_altura":"osm_altura"},"geometry":{"type":"Polygon","coordinates":[[[-73.238972,10.477434],[-73.238893,10.477477],[-73.23885,10.477391],[-73.238931,10.477345],[-73.238972,10.477434]]]}},{"type":"Feature","properties":{"altura_m":3.0,"origen_altura":"osm_altura"},"geometry":{"type":"Polygon","coordinates":[[[-73.239015,10.477551],[-73.238935,10.477595],[-73.238893,10.477509],[-73.238973,10.477462],[-73.239015,10.477551]]]}},{"type":"Feature","properties":{"altura_m":3.0,"origen_altura":"osm_altura"},"geometry":{"type":"Polygon","coordinates":[[[-73.239055,10.477675],[-73.238976,10.477718],[-73.238933,10.477632],[-73.239014,10.477586],[-73.239055,10.477675]]]}},{"type":"Feature","properties":{"altura_m":3.0,"origen_altura":"osm_altura"},"geometry":{"type":"Polygon","coordinates":[[[-73.239101,10.477785],[-73.239022,10.477828],[-73.238979,10.477742],[-73.23906,10.477696],[-73.239101,10.477785]]]}},{"type":"Feature","properties":{"altura_m":3.0,"origen_altura":"osm_altura"},"geometry":{"type":"Polygon","coordinates":[[[-73.239152,10.477896],[-73.239073,10.477939],[-73.23903,10.477853],[-73.23911,10.477807],[-73.239152,10.477896]]]}},{"type":"Feature","properties":{"altura_m":3.0,"origen_altura":"osm_altura"},"geometry":{"type":"Polygon","coordinates":[[[-73.239205,10.478013],[-73.239126,10.478056],[-73.239083,10.47797],[-73.239164,10.477924],[-73.239205,10.478013]]]}},{"type":"Feature","properties":{"altura_m":3.0,"origen_altura":"osm_altura"},"geometry":{"type":"Polygon","coordinates":[[[-73.239274,10.47812],[-73.239195,10.478163],[-73.239152,10.478077],[-73.239233,10.47803],[-73.239274,10.47812]]]}},{"type":"Feature","properties":{"altura_m":3.0,"origen_altura":"osm_altura"},"geometry":{"type":"Polygon","coordinates":[[[-73.23934,10.478262],[-73.239261,10.478305],[-73.239218,10.478219],[-73.239299,10.478173],[-73.23934,10.478262]]]}},{"type":"Feature","properties":{"altura_m":3.0,"origen_altura":"osm_altura"},"geometry":{"type":"Polygon","coordinates":[[[-73.238656,10.477243],[-73.238577,10.477286],[-73.238534,10.477201],[-73.238615,10.477154],[-73.238656,10.477243]]]}},{"type":"Feature","properties":{"altura_m":3.0,"origen_altura":"osm_altura"},"geometry":{"type":"Polygon","coordinates":[[[-73.238728,10.477345],[-73.238649,10.477388],[-73.238606,10.477302],[-73.238687,10.477256],[-73.238728,10.477345]]]}},{"type":"Feature","properties":{"altura_m":3.0,"origen_altura":"osm_altura"},"geometry":{"type":"Polygon","coordinates":[[[-73.238778,10.47746],[-73.238699,10.477503],[-73.238656,10.477417],[-73.238736,10.477371],[-73.238778,10.47746]]]}},{"type":"Feature","properties":{"altura_m":3.0,"origen_altura":"osm_altura"},"geometry":{"type":"Polygon","coordinates":[[[-73.23882,10.47759],[-73.238741,10.477633],[-73.238698,10.477548],[-73.238779,10.477501],[-73.23882,10.47759]]]}},{"type":"Feature","properties":{"altura_m":3.0,"origen_altura":"osm_altura"},"geometry":{"type":"Polygon","coordinates":[[[-73.238867,10.47769],[-73.238788,10.477733],[-73.238745,10.477647],[-73.238826,10.477601],[-73.238867,10.47769]]]}},{"type":"Feature","properties":{"altura_m":3.0,"origen_altura":"osm_altura"},"geometry":{"type":"Polygon","coordinates":[[[-73.238915,10.477811],[-73.238836,10.477854],[-73.238793,10.477768],[-73.238873,10.477722],[-73.238915,10.477811]]]}},{"type":"Feature","properties":{"altura_m":3.0,"origen_altura":"osm_altura"},"geometry":{"type":"Polygon","coordinates":[[[-73.238494,10.477345],[-73.238415,10.477388],[-73.238372,10.477302],[-73.238453,10.477256],[-73.238494,10.477345]]]}},{"type":"Feature","properties":{"altura_m":3.0,"origen_altura":"osm_altura"},"geometry":{"type":"Polygon","coordinates":[[[-73.238539,10.477469],[-73.23846,10.477512],[-73.238417,10.477426],[-73.238498,10.47738],[-73.238539,10.477469]]]}},{"type":"Feature","properties":{"altura_m":3.0,"origen_altura":"osm_altura"},"geometry":{"type":"Polygon","coordinates":[[[-73.238566,10.477599],[-73.238487,10.477642],[-73.238444,10.477556],[-73.238525,10.47751],[-73.238566,10.477599]]]}},{"type":"Feature","properties":{"altura_m":3.0,"origen_altura":"osm_altura"},"geometry":{"type":"Polygon","coordinates":[[[-73.238613,10.477716],[-73.238534,10.477759],[-73.238491,10.477673],[-73.238572,10.477627],[-73.238613,10.477716]]]}},{"type":"Feature","properties":{"altura_m":3.0,"origen_altura":"osm_altura"},"geometry":{"type":"Polygon","coordinates":[[[-73.238663,10.477845],[-73.238584,10.477888],[-73.238541,10.477802],[-73.238622,10.477755],[-73.238663,10.477845]]]}},{"type":"Feature","properties":{"altura_m":3.0,"origen_altura":"osm_altura"},"geometry":{"type":"Polygon","coordinates":[[[-73.238557,10.477031],[-73.238478,10.477074],[-73.238435,10.476988],[-73.238516,10.476942],[-73.238557,10.477031]]]}},{"type":"Feature","properties":{"altura_m":3.0,"origen_altura":"osm_altura"},"geometry":{"type":"Polygon","coordinates":[[[-73.239081,10.476632],[-73.239002,10.476675],[-73.238959,10.476589],[-73.23904,10.476543],[-73.239081,10.476632]]]}},{"type":"Feature","properties":{"altura_m":3.0,"origen_altura":"osm_altura"},"geometry":{"type":"Polygon","coordinates":[[[-73.239009,10.476458],[-73.23893,10.476501],[-73.238887,10.476415],[-73.238968,10.476368],[-73.239009,10.476458]]]}},{"type":"Feature","properties":{"altura_m":3.0,"origen_altura":"osm_altura"},"geometry":{"type":"Polygon","coordinates":[[[-73.238923,10.47633],[-73.238844,10.476372],[-73.238801,10.476287],[-73.238882,10.47624],[-73.238923,10.47633]]]}},{"type":"Feature","properties":{"altura_m":3.0,"origen_altura":"osm_altura"},"geometry":{"type":"Polygon","coordinates":[[[-73.238838,10.476192],[-73.238759,10.476235],[-73.238716,10.476149],[-73.238797,10.476103],[-73.238838,10.476192]]]}},{"type":"Feature","properties":{"altura_m":3.0,"origen_altura":"osm_altura"},"geometry":{"type":"Polygon","coordinates":[[[-73.238771,10.476268],[-73.238692,10.476311],[-73.238649,10.476225],[-73.23873,10.476178],[-73.238771,10.476268]]]}},{"type":"Feature","properties":{"altura_m":3.0,"origen_altura":"osm_altura"},"geometry":{"type":"Polygon","coordinates":[[[-73.238825,10.476394],[-73.238746,10.476437],[-73.238703,10.476351],[-73.238783,10.476304],[-73.238825,10.476394]]]}},{"type":"Feature","properties":{"altura_m":3.0,"origen_altura":"osm_altura"},"geometry":{"type":"Polygon","coordinates":[[[-73.238883,10.476517],[-73.238804,10.47656],[-73.238761,10.476474],[-73.238842,10.476428],[-73.238883,10.476517]]]}},{"type":"Feature","properties":{"altura_m":3.0,"origen_altura":"osm_altura"},"geometry":{"type":"Polygon","coordinates":[[[-73.23896,10.476615],[-73.23888,10.476658],[-73.238838,10.476572],[-73.238918,10.476525],[-73.23896,10.476615]]]}},{"type":"Feature","properties":{"altura_m":3.0,"origen_altura":"osm_altura"},"geometry":{"type":"Polygon","coordinates":[[[-73.238584,10.476378],[-73.238505,10.476421],[-73.238462,10.476335],[-73.238543,10.476289],[-73.238584,10.476378]]]}},{"type":"Feature","properties":{"altura_m":3.0,"origen_altura":"osm_altura"},"geometry":{"type":"Polygon","coordinates":[[[-73.238661,10.476469],[-73.238581,10.476512],[-73.238539,10.476426],[-73.238619,10.47638],[-73.238661,10.476469]]]}},{"type":"Feature","properties":{"altura_m":3.0,"origen_altura":"osm_altura"},"geometry":{"type":"Polygon","coordinates":[[[-73.238715,10.476568],[-73.238635,10.476611],[-73.238592,10.476525],[-73.238673,10.476479],[-73.238715,10.476568]]]}},{"type":"Feature","properties":{"altura_m":3.0,"origen_altura":"osm_altura"},"geometry":{"type":"Polygon","coordinates":[[[-73.238777,10.476683],[-73.238698,10.476726],[-73.238656,10.47664],[-73.238736,10.476594],[-73.238777,10.476683]]]}},{"type":"Feature","properties":{"altura_m":3.0,"origen_altura":"osm_altura"},"geometry":{"type":"Polygon","coordinates":[[[-73.238449,10.476469],[-73.23837,10.476512],[-73.238327,10.476426],[-73.238408,10.47638],[-73.238449,10.476469]]]}},{"type":"Feature","properties":{"altura_m":3.0,"origen_altura":"osm_altura"},"geometry":{"type":"Polygon","coordinates":[[[-73.238528,10.476635],[-73.238449,10.476678],[-73.238406,10.476591],[-73.238487,10.476545],[-73.238528,10.476635]]]}},{"type":"Feature","properties":{"altura_m":3.0,"origen_altura":"osm_altura"},"geometry":{"type":"Polygon","coordinates":[[[-73.238591,10.476743],[-73.238512,10.476786],[-73.238469,10.4767],[-73.23855,10.476654],[-73.238591,10.476743]]]}},{"type":"Feature","properties":{"altura_m":3.0,"origen_altura":"osm_altura"},"geometry":{"type":"Polygon","coordinates":[[[-73.23826,10.476585],[-73.238181,10.476628],[-73.238138,10.476542],[-73.238219,10.476496],[-73.23826,10.476585]]]}},{"type":"Feature","properties":{"altura_m":3.0,"origen_altura":"osm_altura"},"geometry":{"type":"Polygon","coordinates":[[[-73.238366,10.476696],[-73.238287,10.476739],[-73.238244,10.476653],[-73.238325,10.476607],[-73.238366,10.476696]]]}},{"type":"Feature","properties":{"altura_m":3.0,"origen_altura":"osm_altura"},"geometry":{"type":"Polygon","coordinates":[[[-73.238451,10.476824],[-73.238372,10.476867],[-73.238329,10.476781],[-73.23841,10.476735],[-73.238451,10.476824]]]}},{"type":"Feature","properties":{"altura_m":3.0,"origen_altura":"osm_altura"},"geometry":{"type":"Polygon","coordinates":[[[-73.238214,10.476711],[-73.238135,10.476754],[-73.238092,10.476668],[-73.238173,10.476622],[-73.238214,10.476711]]]}},{"type":"Feature","properties":{"altura_m":3.5,"origen_altura":"provisional"},"geometry":{"type":"Polygon","coordinates":[[[-73.237241,10.476006],[-73.236955,10.476137],[-73.237847,10.477827],[-73.237594,10.478262],[-73.237745,10.47843],[-73.238313,10.477801],[-73.23821,10.477153],[-73.238006,10.476654],[-73.237711,10.476837],[-73.237241,10.476006]]]}},{"type":"Feature","properties":{"altura_m":3.5,"origen_altura":"provisional"},"geometry":{"type":"Polygon","coordinates":[[[-73.240196,10.479757],[-73.240014,10.479683],[-73.239695,10.479846],[-73.238793,10.4796],[-73.238036,10.478827],[-73.237882,10.478566],[-73.237602,10.478549],[-73.237808,10.479056],[-73.238471,10.479665],[-73.239685,10.480027],[-73.240196,10.479757]]]}},{"type":"Feature","properties":{"altura_m":3.5,"origen_altura":"provisional"},"geometry":{"type":"Polygon","coordinates":[[[-73.239018,10.478043],[-73.23896,10.477899],[-73.238822,10.477959],[-73.238902,10.478107],[-73.239018,10.478043]]]}},{"type":"Feature","properties":{"altura_m":3.5,"origen_altura":"provisional"},"geometry":{"type":"Polygon","coordinates":[[[-73.239143,10.478349],[-73.239059,10.478172],[-73.2389,10.478269],[-73.238971,10.478417],[-73.239143,10.478349]]]}},{"type":"Feature","properties":{"altura_m":3.5,"origen_altura":"provisional"},"geometry":{"type":"Polygon","coordinates":[[[-73.238925,10.478424],[-73.238679,10.478161],[-73.23878,10.478479],[-73.238925,10.478424]]]}},{"type":"Feature","properties":{"altura_m":3.0,"origen_altura":"osm_altura"},"geometry":{"type":"Polygon","coordinates":[[[-73.248475,10.475773],[-73.24834,10.475582],[-73.248287,10.475622],[-73.248419,10.475807],[-73.248475,10.475773]]]}},{"type":"Feature","properties":{"altura_m":3.0,"origen_altura":"osm_altura"},"geometry":{"type":"Polygon","coordinates":[[[-73.248364,10.475733],[-73.248256,10.47581],[-73.248177,10.475699],[-73.248287,10.475622],[-73.248364,10.475733]]]}},{"type":"Feature","properties":{"altura_m":3.0,"origen_altura":"osm_altura"},"geometry":{"type":"Polygon","coordinates":[[[-73.248268,10.475835],[-73.248177,10.475699],[-73.2481,10.475751],[-73.248203,10.475881],[-73.248268,10.475835]]]}},{"type":"Feature","properties":{"altura_m":3.0,"origen_altura":"osm_altura"},"geometry":{"type":"Polygon","coordinates":[[[-73.24818,10.475856],[-73.2481,10.475751],[-73.248027,10.475803],[-73.248107,10.475908],[-73.24818,10.475856]]]}},{"type":"Feature","properties":{"altura_m":6.0,"origen_altura":"osm_altura"},"geometry":{"type":"Polygon","coordinates":[[[-73.248129,10.475938],[-73.248048,10.475993],[-73.247949,10.475862],[-73.248027,10.475803],[-73.248129,10.475938]]]}},{"type":"Feature","properties":{"altura_m":3.0,"origen_altura":"osm_altura"},"geometry":{"type":"Polygon","coordinates":[[[-73.248016,10.475951],[-73.247947,10.476001],[-73.247878,10.475913],[-73.247949,10.475862],[-73.248016,10.475951]]]}},{"type":"Feature","properties":{"altura_m":4.0,"origen_altura":"osm_altura"},"geometry":{"type":"Polygon","coordinates":[[[-73.247902,10.476116],[-73.247794,10.475978],[-73.247878,10.475913],[-73.247946,10.476001],[-73.247972,10.475984],[-73.248002,10.47604],[-73.247902,10.476116]]]}},{"type":"Feature","properties":{"altura_m":3.5,"origen_altura":"osm_pisos"},"geometry":{"type":"Polygon","coordinates":[[[-73.24818,10.479941],[-73.2481,10.479993],[-73.248022,10.479886],[-73.248095,10.479835],[-73.24818,10.479941]]]}},{"type":"Feature","properties":{"altura_m":3.5,"origen_altura":"osm_pisos"},"geometry":{"type":"Polygon","coordinates":[[[-73.2481,10.479993],[-73.248022,10.480043],[-73.247961,10.479937],[-73.248022,10.479886],[-73.2481,10.479993]]]}},{"type":"Feature","properties":{"altura_m":3.5,"origen_altura":"osm_pisos"},"geometry":{"type":"Polygon","coordinates":[[[-73.248022,10.480043],[-73.247932,10.480102],[-73.247872,10.47998],[-73.247961,10.479937],[-73.248022,10.480043]]]}},{"type":"Feature","properties":{"altura_m":3.5,"origen_altura":"provisional"},"geometry":{"type":"Polygon","coordinates":[[[-73.247871,10.480079],[-73.247759,10.48012],[-73.247681,10.479988],[-73.247778,10.47995],[-73.247871,10.480079]]]}},{"type":"Feature","properties":{"altura_m":3.5,"origen_altura":"osm_pisos"},"geometry":{"type":"Polygon","coordinates":[[[-73.247698,10.480154],[-73.247631,10.48021],[-73.247534,10.480079],[-73.247595,10.480018],[-73.247698,10.480154]]]}},{"type":"Feature","properties":{"altura_m":3.5,"origen_altura":"osm_pisos"},"geometry":{"type":"Polygon","coordinates":[[[-73.247631,10.48021],[-73.247552,10.480264],[-73.24747,10.480141],[-73.247517,10.480112],[-73.247534,10.480079],[-73.247631,10.48021]]]}},{"type":"Feature","properties":{"altura_m":7.0,"origen_altura":"osm_pisos"},"geometry":{"type":"Polygon","coordinates":[[[-73.247552,10.480264],[-73.247487,10.480311],[-73.247356,10.480103],[-73.247418,10.480066],[-73.247552,10.480264]]]}},{"type":"Feature","properties":{"altura_m":3.5,"origen_altura":"osm_pisos"},"geometry":{"type":"Polygon","coordinates":[[[-73.247387,10.480152],[-73.247502,10.480337],[-73.247401,10.48039],[-73.247287,10.480263],[-73.247326,10.480206],[-73.247387,10.480152]]]}},{"type":"Feature","properties":{"altura_m":3.5,"origen_altura":"osm_pisos"},"geometry":{"type":"Polygon","coordinates":[[[-73.247401,10.48039],[-73.247298,10.48044],[-73.24721,10.48032],[-73.247287,10.480263],[-73.247401,10.48039]]]}},{"type":"Feature","properties":{"altura_m":3.5,"origen_altura":"osm_pisos"},"geometry":{"type":"Polygon","coordinates":[[[-73.247232,10.480529],[-73.247157,10.480441],[-73.247041,10.480489],[-73.247102,10.480604],[-73.247232,10.480529]]]}},{"type":"Feature","properties":{"altura_m":3.5,"origen_altura":"osm_pisos"},"geometry":{"type":"Polygon","coordinates":[[[-73.247137,10.480439],[-73.247033,10.480484],[-73.246956,10.480358],[-73.247026,10.480328],[-73.247137,10.480439]]]}},{"type":"Feature","properties":{"altura_m":3.5,"origen_altura":"osm_pisos"},"geometry":{"type":"Polygon","coordinates":[[[-73.247027,10.480321],[-73.24692,10.480342],[-73.246882,10.480267],[-73.246984,10.480214],[-73.247027,10.480321]]]}},{"type":"Feature","properties":{"altura_m":3.5,"origen_altura":"osm_pisos"},"geometry":{"type":"Polygon","coordinates":[[[-73.247156,10.480247],[-73.247051,10.480318],[-73.246984,10.480214],[-73.247075,10.480132],[-73.247156,10.480247]]]}},{"type":"Feature","properties":{"altura_m":3.5,"origen_altura":"provisional"},"geometry":{"type":"Polygon","coordinates":[[[-73.247245,10.480153],[-73.24715,10.480229],[-73.247075,10.480132],[-73.2472,10.480073],[-73.247245,10.480153]]]}},{"type":"Feature","properties":{"altura_m":7.0,"origen_altura":"osm_pisos"},"geometry":{"type":"Polygon","coordinates":[[[-73.24743,10.480057],[-73.247356,10.480103],[-73.247332,10.480062],[-73.247319,10.480018],[-73.247384,10.479963],[-73.24743,10.480057]]]}},{"type":"Feature","properties":{"altura_m":3.5,"origen_altura":"osm_pisos"},"geometry":{"type":"Polygon","coordinates":[[[-73.247489,10.480042],[-73.24743,10.480057],[-73.247384,10.479963],[-73.247428,10.479913],[-73.247489,10.480042]]]}},{"type":"Feature","properties":{"altura_m":7.0,"origen_altura":"osm_pisos"},"geometry":{"type":"Polygon","coordinates":[[[-73.247489,10.480042],[-73.247428,10.479913],[-73.247533,10.479847],[-73.247614,10.479967],[-73.247489,10.480042]]]}},{"type":"Feature","properties":{"altura_m":3.0,"origen_altura":"osm_altura"},"geometry":{"type":"Polygon","coordinates":[[[-73.249809,10.478126],[-73.249742,10.478166],[-73.249652,10.478047],[-73.249671,10.478035],[-73.249689,10.478065],[-73.249707,10.478052],[-73.249687,10.47802],[-73.24971,10.47801],[-73.249721,10.478028],[-73.249746,10.478013],[-73.249809,10.478126]]]}},{"type":"Feature","properties":{"altura_m":2.0,"origen_altura":"osm_altura"},"geometry":{"type":"Polygon","coordinates":[[[-73.249824,10.478115],[-73.249763,10.478016],[-73.249808,10.477987],[-73.249868,10.478094],[-73.249824,10.478115]]]}},{"type":"Feature","properties":{"altura_m":2.0,"origen_altura":"osm_altura"},"geometry":{"type":"Polygon","coordinates":[[[-73.249921,10.478063],[-73.249882,10.478086],[-73.249817,10.477975],[-73.249867,10.477947],[-73.249921,10.478063]]]}},{"type":"Feature","properties":{"altura_m":3.5,"origen_altura":"provisional"},"geometry":{"type":"Polygon","coordinates":[[[-73.250157,10.478037],[-73.249563,10.478326],[-73.249104,10.477732],[-73.249743,10.477284],[-73.250258,10.477978],[-73.250157,10.478037]]]}},{"type":"Feature","properties":{"altura_m":2.5,"origen_altura":"osm_altura"},"geometry":{"type":"Polygon","coordinates":[[[-73.249994,10.478027],[-73.249932,10.478058],[-73.249877,10.477947],[-73.249905,10.477937],[-73.249921,10.477973],[-73.249959,10.47795],[-73.249994,10.478027]]]}},{"type":"Feature","properties":{"altura_m":2.0,"origen_altura":"osm_altura"},"geometry":{"type":"Polygon","coordinates":[[[-73.250092,10.477979],[-73.250035,10.47788],[-73.249988,10.477901],[-73.249975,10.477856],[-73.249926,10.47788],[-73.250003,10.478022],[-73.250092,10.477979]]]}},{"type":"Feature","properties":{"altura_m":9.0,"origen_altura":"osm_altura"},"geometry":{"type":"Polygon","coordinates":[[[-73.249111,10.477596],[-73.249155,10.477573],[-73.249125,10.477538],[-73.249098,10.477545],[-73.249082,10.477577],[-73.249111,10.477596]]]}},{"type":"Feature","properties":{"altura_m":9.0,"origen_altura":"osm_altura"},"geometry":{"type":"Polygon","coordinates":[[[-73.249128,10.477521],[-73.249182,10.477481],[-73.249168,10.477462],[-73.249198,10.477441],[-73.24919,10.47743],[-73.249232,10.477399],[-73.249288,10.477473],[-73.249161,10.477565],[-73.249128,10.477521]]]}},{"type":"Feature","properties":{"altura_m":9.0,"origen_altura":"osm_altura"},"geometry":{"type":"Polygon","coordinates":[[[-73.249296,10.477467],[-73.24942,10.477379],[-73.24935,10.477285],[-73.249255,10.477353],[-73.249273,10.477376],[-73.249244,10.477397],[-73.249296,10.477467]]]}},{"type":"Feature","properties":{"altura_m":9.0,"origen_altura":"osm_altura"},"geometry":{"type":"Polygon","coordinates":[[[-73.249436,10.477378],[-73.249578,10.477269],[-73.249563,10.477247],[-73.249526,10.477278],[-73.24947,10.477213],[-73.249362,10.477277],[-73.249436,10.477378]]]}},{"type":"Feature","properties":{"altura_m":9.0,"origen_altura":"osm_altura"},"geometry":{"type":"Polygon","coordinates":[[[-73.249593,10.477257],[-73.249649,10.477217],[-73.249575,10.477121],[-73.24947,10.477213],[-73.249526,10.477278],[-73.24958,10.477232],[-73.249593,10.477257]]]}},{"type":"Feature","properties":{"altura_m":3.0,"origen_altura":"osm_altura"},"geometry":{"type":"Polygon","coordinates":[[[-73.251156,10.47585],[-73.251098,10.475765],[-73.250977,10.475845],[-73.251035,10.47593],[-73.251156,10.47585]]]}},{"type":"Feature","properties":{"altura_m":6.0,"origen_altura":"osm_altura"},"geometry":{"type":"Polygon","coordinates":[[[-73.250815,10.475672],[-73.250738,10.475551],[-73.250636,10.475614],[-73.250713,10.475735],[-73.250815,10.475672]]]}},{"type":"Feature","properties":{"altura_m":3.0,"origen_altura":"osm_altura"},"geometry":{"type":"Polygon","coordinates":[[[-73.250828,10.475666],[-73.250895,10.475627],[-73.250818,10.475504],[-73.250752,10.475544],[-73.250828,10.475666]]]}},{"type":"Feature","properties":{"altura_m":6.0,"origen_altura":"osm_altura"},"geometry":{"type":"Polygon","coordinates":[[[-73.250894,10.475779],[-73.250832,10.475684],[-73.250753,10.475733],[-73.250776,10.475768],[-73.250752,10.475783],[-73.250791,10.475844],[-73.250894,10.475779]]]}},{"type":"Feature","properties":{"altura_m":9.0,"origen_altura":"osm_altura"},"geometry":{"type":"Polygon","coordinates":[[[-73.250948,10.475592],[-73.250876,10.475481],[-73.250831,10.475509],[-73.250903,10.47562],[-73.250948,10.475592]]]}},{"type":"Feature","properties":{"altura_m":3.0,"origen_altura":"osm_altura"},"geometry":{"type":"Polygon","coordinates":[[[-73.250956,10.475592],[-73.251015,10.475553],[-73.250929,10.475427],[-73.25087,10.475466],[-73.250956,10.475592]]]}},{"type":"Feature","properties":{"altura_m":3.0,"origen_altura":"osm_altura"},"geometry":{"type":"Polygon","coordinates":[[[-73.250659,10.475665],[-73.250643,10.475675],[-73.250659,10.475701],[-73.250602,10.475737],[-73.250563,10.475679],[-73.250637,10.475631],[-73.250659,10.475665]]]}},{"type":"Feature","properties":{"altura_m":6.0,"origen_altura":"osm_altura"},"geometry":{"type":"Polygon","coordinates":[[[-73.250535,10.475711],[-73.25067,10.475896],[-73.250625,10.475928],[-73.25049,10.475743],[-73.250535,10.475711]]]}},{"type":"Feature","properties":{"altura_m":1.0,"origen_altura":"osm_altura"},"geometry":{"type":"Polygon","coordinates":[[[-73.250563,10.475682],[-73.250538,10.475698],[-73.250625,10.475831],[-73.25073,10.475764],[-73.250667,10.475669],[-73.250653,10.475678],[-73.250669,10.475703],[-73.250604,10.475744],[-73.250563,10.475682]]]}},{"type":"Feature","properties":{"altura_m":6.0,"origen_altura":"osm_altura"},"geometry":{"type":"Polygon","coordinates":[[[-73.245707,10.480023],[-73.24581,10.479989],[-73.245713,10.479816],[-73.245628,10.479862],[-73.245707,10.480023]]]}},{"type":"Feature","properties":{"altura_m":3.0,"origen_altura":"osm_altura"},"geometry":{"type":"Polygon","coordinates":[[[-73.245626,10.479858],[-73.24559,10.479802],[-73.24572,10.479729],[-73.245776,10.47982],[-73.245735,10.479841],[-73.245717,10.479802],[-73.245626,10.479858]]]}},{"type":"Feature","properties":{"altura_m":3.2,"origen_altura":"osm_altura"},"geometry":{"type":"Polygon","coordinates":[[[-73.24559,10.479802],[-73.245719,10.479725],[-73.245684,10.479658],[-73.24555,10.479728],[-73.24559,10.479802]]]}},{"type":"Feature","properties":{"altura_m":3.0,"origen_altura":"osm_altura"},"geometry":{"type":"Polygon","coordinates":[[[-73.245816,10.47999],[-73.245876,10.479965],[-73.245813,10.47984],[-73.245743,10.47987],[-73.245816,10.47999]]]}},{"type":"Feature","properties":{"altura_m":3.5,"origen_altura":"osm_pisos"},"geometry":{"type":"Polygon","coordinates":[[[-73.247377,10.48015],[-73.247287,10.480193],[-73.247211,10.480073],[-73.247302,10.480015],[-73.247377,10.48015]]]}},{"type":"Feature","properties":{"altura_m":3.0,"origen_altura":"osm_altura"},"geometry":{"type":"Polygon","coordinates":[[[-73.241641,10.472116],[-73.241548,10.472147],[-73.241619,10.472439],[-73.241699,10.472441],[-73.241641,10.472116]]]}},{"type":"Feature","properties":{"altura_m":3.0,"origen_altura":"osm_altura"},"geometry":{"type":"Polygon","coordinates":[[[-73.241948,10.471729],[-73.241898,10.47174],[-73.241915,10.472035],[-73.24195,10.472031],[-73.241963,10.472044],[-73.242008,10.472042],[-73.241986,10.471696],[-73.241942,10.471699],[-73.241948,10.471729]]]}},{"type":"Feature","properties":{"altura_m":3.0,"origen_altura":"osm_altura"},"geometry":{"type":"Polygon","coordinates":[[[-73.242178,10.471769],[-73.242205,10.472031],[-73.242108,10.472036],[-73.242093,10.471871],[-73.242124,10.471864],[-73.242122,10.471782],[-73.242178,10.471769]]]}},{"type":"Feature","properties":{"altura_m":3.0,"origen_altura":"osm_altura"},"geometry":{"type":"Polygon","coordinates":[[[-73.247759,10.48121],[-73.247674,10.481098],[-73.247744,10.481032],[-73.247667,10.480944],[-73.247467,10.481083],[-73.247619,10.481302],[-73.247759,10.48121]]]}},{"type":"Feature","properties":{"altura_m":3.5,"origen_altura":"provisional"},"geometry":{"type":"Polygon","coordinates":[[[-73.25073,10.479703],[-73.250924,10.479558],[-73.250863,10.479487],[-73.250669,10.479618],[-73.25073,10.479703]]]}},{"type":"Feature","properties":{"altura_m":3.5,"origen_altura":"provisional"},"geometry":{"type":"Polygon","coordinates":[[[-73.251319,10.479567],[-73.251229,10.479629],[-73.251183,10.479574],[-73.251274,10.479498],[-73.251319,10.479567]]]}},{"type":"Feature","properties":{"altura_m":3.5,"origen_altura":"provisional"},"geometry":{"type":"Polygon","coordinates":[[[-73.251089,10.479567],[-73.25112,10.479614],[-73.251032,10.479672],[-73.250987,10.479627],[-73.251089,10.479567]]]}},{"type":"Feature","properties":{"altura_m":2.5,"origen_altura":"osm_altura"},"geometry":{"type":"Polygon","coordinates":[[[-73.243103,10.47972],[-73.243047,10.479623],[-73.242914,10.479691],[-73.242969,10.479793],[-73.243022,10.479769],[-73.243103,10.47972]]]}},{"type":"Feature","properties":{"altura_m":2.3,"origen_altura":"osm_altura"},"geometry":{"type":"Polygon","coordinates":[[[-73.242917,10.479811],[-73.24286,10.479711],[-73.242758,10.479779],[-73.242816,10.479868],[-73.242917,10.479811]]]}},{"type":"Feature","properties":{"altura_m":2.3,"origen_altura":"osm_altura"},"geometry":{"type":"Polygon","coordinates":[[[-73.242839,10.479662],[-73.242784,10.47957],[-73.242677,10.47963],[-73.242736,10.479721],[-73.242839,10.479662]]]}},{"type":"Feature","properties":{"altura_m":3.5,"origen_altura":"provisional"},"geometry":{"type":"Polygon","coordinates":[[[-73.244072,10.478263],[-73.244172,10.478194],[-73.244114,10.478111],[-73.244008,10.478176],[-73.244072,10.478263]]]}},{"type":"Feature","properties":{"altura_m":3.5,"origen_altura":"provisional"},"geometry":{"type":"Polygon","coordinates":[[[-73.244453,10.47812],[-73.244414,10.478068],[-73.244364,10.478105],[-73.244402,10.478156],[-73.244453,10.47812]]]}},{"type":"Feature","properties":{"altura_m":3.5,"origen_altura":"provisional"},"geometry":{"type":"Polygon","coordinates":[[[-73.243852,10.477388],[-73.243815,10.477335],[-73.243263,10.477703],[-73.243306,10.477763],[-73.243496,10.47764],[-73.243641,10.477849],[-73.243687,10.477816],[-73.243542,10.477595],[-73.243852,10.477388]]]}},{"type":"Feature","properties":{"altura_m":3.5,"origen_altura":"provisional"},"geometry":{"type":"Polygon","coordinates":[[[-73.244138,10.477896],[-73.244002,10.477985],[-73.243918,10.477863],[-73.24405,10.477774],[-73.244138,10.477896]]]}},{"type":"Feature","properties":{"altura_m":3.5,"origen_altura":"provisional"},"geometry":{"type":"Polygon","coordinates":[[[-73.243702,10.477664],[-73.243837,10.477847],[-73.243781,10.477885],[-73.243656,10.477697],[-73.243702,10.477664]]]}},{"type":"Feature","properties":{"altura_m":3.5,"origen_altura":"provisional"},"geometry":{"type":"Polygon","coordinates":[[[-73.243333,10.477805],[-73.243525,10.477682],[-73.243496,10.47764],[-73.243306,10.477763],[-73.243333,10.477805]]]}},{"type":"Feature","properties":{"altura_m":3.5,"origen_altura":"provisional"},"geometry":{"type":"Polygon","coordinates":[[[-73.243464,10.477722],[-73.243524,10.477809],[-73.243389,10.477898],[-73.243459,10.477998],[-73.243546,10.47794],[-73.243514,10.477892],[-73.243583,10.477848],[-73.243618,10.477894],[-73.243654,10.477867],[-73.243525,10.477682],[-73.243464,10.477722]]]}},{"type":"Feature","properties":{"altura_m":3.5,"origen_altura":"provisional"},"geometry":{"type":"Polygon","coordinates":[[[-73.243827,10.478134],[-73.243788,10.47808],[-73.243695,10.478141],[-73.243735,10.478195],[-73.243827,10.478134]]]}},{"type":"Feature","properties":{"altura_m":3.5,"origen_altura":"provisional"},"geometry":{"type":"Polygon","coordinates":[[[-73.243932,10.478116],[-73.243835,10.477982],[-73.243577,10.478155],[-73.243676,10.478288],[-73.243932,10.478116]]]}},{"type":"Feature","properties":{"altura_m":3.5,"origen_altura":"provisional"},"geometry":{"type":"Polygon","coordinates":[[[-73.243781,10.477885],[-73.243759,10.477902],[-73.243746,10.477884],[-73.243732,10.477894],[-73.243754,10.477923],[-73.243691,10.477971],[-73.24363,10.477885],[-73.243654,10.477867],[-73.243666,10.477884],[-73.243745,10.477832],[-73.243781,10.477885]]]}},{"type":"Feature","properties":{"altura_m":3.5,"origen_altura":"provisional"},"geometry":{"type":"Polygon","coordinates":[[[-73.243823,10.477347],[-73.243877,10.477314],[-73.243907,10.477354],[-73.243852,10.477388],[-73.243823,10.477347]]]}},{"type":"Feature","properties":{"altura_m":3.5,"origen_altura":"provisional"},"geometry":{"type":"Polygon","coordinates":[[[-73.244902,10.476939],[-73.244861,10.476877],[-73.24494,10.476825],[-73.244982,10.476892],[-73.244902,10.476939]]]}},{"type":"Feature","properties":{"altura_m":3.5,"origen_altura":"provisional"},"geometry":{"type":"Polygon","coordinates":[[[-73.244866,10.477136],[-73.244788,10.477015],[-73.244693,10.477078],[-73.244772,10.477199],[-73.244866,10.477136]]]}},{"type":"Feature","properties":{"altura_m":3.5,"origen_altura":"provisional"},"geometry":{"type":"Polygon","coordinates":[[[-73.244837,10.476946],[-73.24477,10.476846],[-73.244709,10.476883],[-73.244777,10.47698],[-73.244837,10.476946]]]}},{"type":"Feature","properties":{"altura_m":3.5,"origen_altura":"provisional"},"geometry":{"type":"Polygon","coordinates":[[[-73.245021,10.476946],[-73.244968,10.47698],[-73.244928,10.476923],[-73.244788,10.477015],[-73.244866,10.477136],[-73.245061,10.476997],[-73.245021,10.476946]]]}},{"type":"Feature","properties":{"altura_m":3.5,"origen_altura":"provisional"},"geometry":{"type":"Polygon","coordinates":[[[-73.243706,10.478334],[-73.243681,10.478293],[-73.243792,10.478207],[-73.243822,10.47825],[-73.243706,10.478334]]]}},{"type":"Feature","properties":{"altura_m":3.5,"origen_altura":"provisional"},"geometry":{"type":"Polygon","coordinates":[[[-73.243852,10.478253],[-73.243812,10.478279],[-73.243901,10.478423],[-73.243774,10.47851],[-73.243801,10.478549],[-73.24397,10.478438],[-73.243852,10.478253]]]}},{"type":"Feature","properties":{"altura_m":3.5,"origen_altura":"provisional"},"geometry":{"type":"Polygon","coordinates":[[[-73.243778,10.47845],[-73.243732,10.47837],[-73.243812,10.478327],[-73.243856,10.478402],[-73.243778,10.47845]]]}},{"type":"Feature","properties":{"altura_m":4.0,"origen_altura":"osm_altura"},"geometry":{"type":"Polygon","coordinates":[[[-73.24834,10.475582],[-73.24842,10.475527],[-73.248557,10.475721],[-73.248475,10.475773],[-73.24834,10.475582]]]}},{"type":"Feature","properties":{"altura_m":8.0,"origen_altura":"osm_altura"},"geometry":{"type":"Polygon","coordinates":[[[-73.248673,10.476648],[-73.24856,10.476728],[-73.248481,10.476616],[-73.248547,10.476572],[-73.248495,10.476512],[-73.248519,10.476496],[-73.248505,10.476478],[-73.24853,10.476457],[-73.248673,10.476648]]]}},{"type":"Feature","properties":{"altura_m":6.0,"origen_altura":"osm_altura"},"geometry":{"type":"Polygon","coordinates":[[[-73.248763,10.476576],[-73.248743,10.47659],[-73.248725,10.476585],[-73.248696,10.476602],[-73.248684,10.476581],[-73.24867,10.476589],[-73.24866,10.476577],[-73.248635,10.476597],[-73.248501,10.476416],[-73.248606,10.476356],[-73.248763,10.476576]]]}},{"type":"Feature","properties":{"altura_m":3.0,"origen_altura":"osm_altura"},"geometry":{"type":"Polygon","coordinates":[[[-73.24881,10.47656],[-73.248732,10.476444],[-73.248689,10.476472],[-73.248771,10.476586],[-73.24881,10.47656]]]}},{"type":"Feature","properties":{"altura_m":3.0,"origen_altura":"osm_altura"},"geometry":{"type":"Polygon","coordinates":[[[-73.24881,10.47656],[-73.248855,10.476529],[-73.248772,10.476415],[-73.248732,10.476444],[-73.24881,10.47656]]]}},{"type":"Feature","properties":{"altura_m":3.0,"origen_altura":"osm_altura"},"geometry":{"type":"Polygon","coordinates":[[[-73.248737,10.476367],[-73.248653,10.476421],[-73.248606,10.476356],[-73.248691,10.476303],[-73.248737,10.476367]]]}},{"type":"Feature","properties":{"altura_m":8.0,"origen_altura":"osm_altura"},"geometry":{"type":"Polygon","coordinates":[[[-73.248929,10.476421],[-73.248826,10.476489],[-73.248691,10.476303],[-73.248802,10.476227],[-73.248929,10.476421]]]}},{"type":"Feature","properties":{"altura_m":9.0,"origen_altura":"osm_altura"},"geometry":{"type":"Polygon","coordinates":[[[-73.248746,10.476379],[-73.248855,10.476308],[-73.248802,10.476227],[-73.248691,10.476303],[-73.248746,10.476379]]]}},{"type":"Feature","properties":{"altura_m":3.0,"origen_altura":"osm_altura"},"geometry":{"type":"Polygon","coordinates":[[[-73.248957,10.476462],[-73.248998,10.476433],[-73.248923,10.476323],[-73.248881,10.476347],[-73.248957,10.476462]]]}},{"type":"Feature","properties":{"altura_m":5.0,"origen_altura":"osm_altura"},"geometry":{"type":"Polygon","coordinates":[[[-73.248998,10.476433],[-73.249051,10.4764],[-73.248981,10.476306],[-73.248935,10.47634],[-73.248998,10.476433]]]}},{"type":"Feature","properties":{"altura_m":4.0,"origen_altura":"osm_altura"},"geometry":{"type":"Polygon","coordinates":[[[-73.248866,10.476147],[-73.248789,10.476202],[-73.248747,10.476145],[-73.248824,10.476092],[-73.248866,10.476147]]]}},{"type":"Feature","properties":{"altura_m":4.0,"origen_altura":"osm_altura"},"geometry":{"type":"Polygon","coordinates":[[[-73.248796,10.476055],[-73.248667,10.476139],[-73.24865,10.47612],[-73.248558,10.476188],[-73.248577,10.47622],[-73.248441,10.476313],[-73.24836,10.476206],[-73.248712,10.475946],[-73.248796,10.476055]]]}},{"type":"Feature","properties":{"altura_m":5.0,"origen_altura":"osm_altura"},"geometry":{"type":"Polygon","coordinates":[[[-73.248586,10.476959],[-73.24876,10.476828],[-73.248831,10.476924],[-73.248665,10.477052],[-73.248586,10.476959]]]}},{"type":"Feature","properties":{"altura_m":3.0,"origen_altura":"osm_altura"},"geometry":{"type":"Polygon","coordinates":[[[-73.24927,10.476711],[-73.249177,10.476766],[-73.24908,10.476624],[-73.249163,10.476564],[-73.24927,10.476711]]]}},{"type":"Feature","properties":{"altura_m":6.0,"origen_altura":"osm_altura"},"geometry":{"type":"Polygon","coordinates":[[[-73.249177,10.476766],[-73.249097,10.476817],[-73.248997,10.476674],[-73.24908,10.476624],[-73.249177,10.476766]]]}},{"type":"Feature","properties":{"altura_m":4.0,"origen_altura":"osm_altura"},"geometry":{"type":"Polygon","coordinates":[[[-73.249132,10.476887],[-73.248997,10.476674],[-73.24889,10.47674],[-73.249045,10.476947],[-73.249132,10.476887]]]}},{"type":"Feature","properties":{"altura_m":5.0,"origen_altura":"osm_altura"},"geometry":{"type":"Polygon","coordinates":[[[-73.24889,10.47674],[-73.24876,10.476828],[-73.248924,10.47704],[-73.249045,10.476947],[-73.24889,10.47674]]]}},{"type":"Feature","properties":{"altura_m":4.0,"origen_altura":"osm_altura"},"geometry":{"type":"Polygon","coordinates":[[[-73.248998,10.476145],[-73.248937,10.476058],[-73.249078,10.475974],[-73.249134,10.476063],[-73.248998,10.476145]]]}},{"type":"Feature","properties":{"altura_m":5.0,"origen_altura":"osm_altura"},"geometry":{"type":"Polygon","coordinates":[[[-73.248937,10.476058],[-73.248872,10.475973],[-73.249058,10.475858],[-73.249119,10.475938],[-73.248937,10.476058]]]}},{"type":"Feature","properties":{"altura_m":3.0,"origen_altura":"osm_altura"},"geometry":{"type":"Polygon","coordinates":[[[-73.248872,10.475973],[-73.248817,10.475889],[-73.249003,10.47577],[-73.249058,10.475858],[-73.248872,10.475973]]]}},{"type":"Feature","properties":{"altura_m":5.0,"origen_altura":"osm_altura"},"geometry":{"type":"Polygon","coordinates":[[[-73.248817,10.475889],[-73.24875,10.475798],[-73.248931,10.475674],[-73.249003,10.47577],[-73.248817,10.475889]]]}},{"type":"Feature","properties":{"altura_m":4.0,"origen_altura":"osm_altura"},"geometry":{"type":"Polygon","coordinates":[[[-73.24875,10.475798],[-73.248687,10.475696],[-73.248848,10.475578],[-73.248931,10.475674],[-73.24875,10.475798]]]}},{"type":"Feature","properties":{"altura_m":3.0,"origen_altura":"osm_altura"},"geometry":{"type":"Polygon","coordinates":[[[-73.248687,10.475696],[-73.248609,10.475598],[-73.24878,10.475479],[-73.248848,10.475578],[-73.248687,10.475696]]]}},{"type":"Feature","properties":{"altura_m":4.0,"origen_altura":"osm_altura"},"geometry":{"type":"Polygon","coordinates":[[[-73.248609,10.475598],[-73.248538,10.475498],[-73.248613,10.475443],[-73.248682,10.475548],[-73.248609,10.475598]]]}},{"type":"Feature","properties":{"altura_m":3.0,"origen_altura":"osm_altura"},"geometry":{"type":"Polygon","coordinates":[[[-73.249276,10.476285],[-73.24916,10.476354],[-73.249055,10.47622],[-73.249182,10.476142],[-73.249276,10.476285]]]}},{"type":"Feature","properties":{"altura_m":6.0,"origen_altura":"osm_altura"},"geometry":{"type":"Polygon","coordinates":[[[-73.24856,10.476728],[-73.248455,10.476806],[-73.248374,10.476698],[-73.248481,10.476616],[-73.24856,10.476728]]]}},{"type":"Feature","properties":{"altura_m":3.0,"origen_altura":"osm_altura"},"geometry":{"type":"Polygon","coordinates":[[[-73.246153,10.479387],[-73.246231,10.479491],[-73.246042,10.479609],[-73.246028,10.479591],[-73.246009,10.479598],[-73.245974,10.479519],[-73.246152,10.479396],[-73.246153,10.479387]]]}},{"type":"Feature","properties":{"altura_m":3.0,"origen_altura":"osm_altura"},"geometry":{"type":"Polygon","coordinates":[[[-73.245975,10.479522],[-73.245926,10.479543],[-73.246024,10.479735],[-73.246094,10.479699],[-73.246028,10.479591],[-73.246008,10.4796],[-73.245975,10.479522]]]}},{"type":"Feature","properties":{"altura_m":3.0,"origen_altura":"osm_altura"},"geometry":{"type":"Polygon","coordinates":[[[-73.245924,10.479545],[-73.245864,10.479573],[-73.245971,10.479761],[-73.246022,10.479735],[-73.245924,10.479545]]]}},{"type":"Feature","properties":{"altura_m":3.5,"origen_altura":"osm_altura"},"geometry":{"type":"Polygon","coordinates":[[[-73.245969,10.479768],[-73.24584,10.479831],[-73.245729,10.479641],[-73.245861,10.479578],[-73.245969,10.479768]]]}},{"type":"Feature","properties":{"altura_m":3.0,"origen_altura":"osm_altura"},"geometry":{"type":"Polygon","coordinates":[[[-73.245836,10.479831],[-73.24579,10.479846],[-73.24569,10.479657],[-73.245727,10.479642],[-73.245836,10.479831]]]}},{"type":"Feature","properties":{"altura_m":15.0,"origen_altura":"osm_altura"},"geometry":{"type":"Polygon","coordinates":[[[-73.246233,10.479494],[-73.246371,10.479678],[-73.246186,10.479793],[-73.246128,10.479699],[-73.246104,10.47971],[-73.246045,10.479611],[-73.246233,10.479494]]]}},{"type":"Feature","properties":{"altura_m":3.0,"origen_altura":"osm_altura"},"geometry":{"type":"Polygon","coordinates":[[[-73.246435,10.479763],[-73.246342,10.479818],[-73.246225,10.479858],[-73.246197,10.479786],[-73.246371,10.479678],[-73.246435,10.479763]]]}},{"type":"Feature","properties":{"altura_m":6.0,"origen_altura":"osm_altura"},"geometry":{"type":"Polygon","coordinates":[[[-73.246221,10.47986],[-73.246192,10.47979],[-73.246181,10.479798],[-73.246131,10.479703],[-73.2461,10.479713],[-73.246094,10.479699],[-73.246043,10.479725],[-73.246124,10.479899],[-73.246221,10.47986]]]}},{"type":"Feature","properties":{"altura_m":10.5,"origen_altura":"osm_pisos"},"geometry":{"type":"Polygon","coordinates":[[[-73.245922,10.479951],[-73.245964,10.479936],[-73.245904,10.479803],[-73.245859,10.479826],[-73.245922,10.479951]]]}},{"type":"Feature","properties":{"altura_m":6.0,"origen_altura":"osm_altura"},"geometry":{"type":"Polygon","coordinates":[[[-73.246111,10.479879],[-73.246013,10.479916],[-73.245954,10.479778],[-73.246045,10.47973],[-73.246111,10.479879]]]}},{"type":"Feature","properties":{"altura_m":6.0,"origen_altura":"osm_altura"},"geometry":{"type":"Polygon","coordinates":[[[-73.246011,10.479916],[-73.245966,10.479935],[-73.245906,10.479802],[-73.245953,10.479779],[-73.246011,10.479916]]]}},{"type":"Feature","properties":{"altura_m":3.0,"origen_altura":"osm_altura"},"geometry":{"type":"Polygon","coordinates":[[[-73.245919,10.479951],[-73.24588,10.479964],[-73.245819,10.479842],[-73.245856,10.479828],[-73.245919,10.479951]]]}},{"type":"Feature","properties":{"altura_m":6.0,"origen_altura":"osm_altura"},"geometry":{"type":"Polygon","coordinates":[[[-73.249402,10.47617],[-73.249289,10.475988],[-73.249144,10.476076],[-73.249264,10.476268],[-73.249402,10.47617]]]}},{"type":"Feature","properties":{"altura_m":6.0,"origen_altura":"osm_altura"},"geometry":{"type":"Polygon","coordinates":[[[-73.249402,10.47617],[-73.249289,10.475988],[-73.249411,10.475913],[-73.249527,10.476092],[-73.249402,10.47617]]]}},{"type":"Feature","properties":{"altura_m":3.0,"origen_altura":"osm_altura"},"geometry":{"type":"Polygon","coordinates":[[[-73.249411,10.475913],[-73.249317,10.47577],[-73.249107,10.475922],[-73.249185,10.476051],[-73.249411,10.475913]]]}},{"type":"Feature","properties":{"altura_m":3.0,"origen_altura":"osm_altura"},"geometry":{"type":"Polygon","coordinates":[[[-73.249229,10.475833],[-73.249166,10.475745],[-73.249247,10.475688],[-73.249317,10.47577],[-73.249229,10.475833]]]}},{"type":"Feature","properties":{"altura_m":3.0,"origen_altura":"osm_altura"},"geometry":{"type":"Polygon","coordinates":[[[-73.24884,10.475302],[-73.248641,10.475435],[-73.248717,10.475523],[-73.248788,10.47547],[-73.248832,10.475514],[-73.248939,10.475436],[-73.24884,10.475302]]]}},{"type":"Feature","properties":{"altura_m":3.0,"origen_altura":"osm_altura"},"geometry":{"type":"Polygon","coordinates":[[[-73.249247,10.475688],[-73.249042,10.475831],[-73.249016,10.475789],[-73.249136,10.475702],[-73.249094,10.475622],[-73.24917,10.475572],[-73.249247,10.475688]]]}},{"type":"Feature","properties":{"altura_m":3.0,"origen_altura":"osm_altura"},"geometry":{"type":"Polygon","coordinates":[[[-73.24884,10.475302],[-73.248932,10.475246],[-73.24917,10.475572],[-73.249116,10.475607],[-73.24898,10.475413],[-73.248939,10.475436],[-73.24884,10.475302]]]}},{"type":"Feature","properties":{"altura_m":3.0,"origen_altura":"osm_altura"},"geometry":{"type":"Polygon","coordinates":[[[-73.247956,10.476172],[-73.248088,10.476077],[-73.248053,10.476037],[-73.248147,10.475975],[-73.248115,10.475947],[-73.247902,10.476116],[-73.247956,10.476172]]]}},{"type":"Feature","properties":{"altura_m":3.0,"origen_altura":"osm_altura"},"geometry":{"type":"Polygon","coordinates":[[[-73.248307,10.476655],[-73.248353,10.47671],[-73.248535,10.47657],[-73.248487,10.476509],[-73.248307,10.476655]]]}},{"type":"Feature","properties":{"altura_m":3.0,"origen_altura":"osm_altura"},"geometry":{"type":"Polygon","coordinates":[[[-73.248307,10.476655],[-73.248248,10.476565],[-73.248435,10.476435],[-73.248487,10.476509],[-73.248307,10.476655]]]}},{"type":"Feature","properties":{"altura_m":3.0,"origen_altura":"osm_altura"},"geometry":{"type":"Polygon","coordinates":[[[-73.248248,10.476565],[-73.24817,10.476458],[-73.248334,10.476348],[-73.248408,10.476453],[-73.248248,10.476565]]]}},{"type":"Feature","properties":{"altura_m":4.0,"origen_altura":"osm_altura"},"geometry":{"type":"Polygon","coordinates":[[[-73.24817,10.476458],[-73.248112,10.476386],[-73.24836,10.476206],[-73.248399,10.476258],[-73.248316,10.476309],[-73.248334,10.476348],[-73.24817,10.476458]]]}},{"type":"Feature","properties":{"altura_m":4.0,"origen_altura":"osm_altura"},"geometry":{"type":"Polygon","coordinates":[[[-73.248033,10.476299],[-73.248101,10.476391],[-73.248268,10.476273],[-73.248188,10.476171],[-73.248033,10.476299]]]}},{"type":"Feature","properties":{"altura_m":4.0,"origen_altura":"osm_altura"},"geometry":{"type":"Polygon","coordinates":[[[-73.248017,10.476281],[-73.24795,10.476192],[-73.248088,10.476077],[-73.248137,10.476139],[-73.248083,10.476183],[-73.248114,10.476207],[-73.248017,10.476281]]]}},{"type":"Feature","properties":{"altura_m":4.0,"origen_altura":"osm_altura"},"geometry":{"type":"Polygon","coordinates":[[[-73.248778,10.47518],[-73.248867,10.475123],[-73.248746,10.474935],[-73.248666,10.474981],[-73.24876,10.475102],[-73.248729,10.475123],[-73.248778,10.47518]]]}},{"type":"Feature","properties":{"altura_m":8.0,"origen_altura":"osm_altura"},"geometry":{"type":"Polygon","coordinates":[[[-73.24865,10.475272],[-73.248512,10.475367],[-73.248454,10.47536],[-73.248335,10.475178],[-73.248508,10.47507],[-73.24865,10.475272]]]}},{"type":"Feature","properties":{"altura_m":6.0,"origen_altura":"osm_altura"},"geometry":{"type":"Polygon","coordinates":[[[-73.248335,10.475178],[-73.248205,10.474995],[-73.248345,10.474885],[-73.248481,10.475087],[-73.248335,10.475178]]]}},{"type":"Feature","properties":{"altura_m":6.0,"origen_altura":"osm_altura"},"geometry":{"type":"Polygon","coordinates":[[[-73.248554,10.474977],[-73.248685,10.474895],[-73.248632,10.474811],[-73.248649,10.474792],[-73.248598,10.47472],[-73.248443,10.474824],[-73.248554,10.474977]]]}},{"type":"Feature","properties":{"altura_m":4.0,"origen_altura":"osm_altura"},"geometry":{"type":"Polygon","coordinates":[[[-73.248215,10.474574],[-73.247993,10.474717],[-73.24803,10.474765],[-73.248134,10.474697],[-73.24819,10.474771],[-73.248138,10.474802],[-73.248188,10.474868],[-73.248342,10.474774],[-73.248215,10.474574]]]}},{"type":"Feature","properties":{"altura_m":9.0,"origen_altura":"osm_altura"},"geometry":{"type":"Polygon","coordinates":[[[-73.241434,10.471768],[-73.241205,10.471802],[-73.241306,10.472009],[-73.241491,10.471956],[-73.241434,10.471768]]]}},{"type":"Feature","properties":{"altura_m":6.0,"origen_altura":"osm_altura"},"geometry":{"type":"Polygon","coordinates":[[[-73.241762,10.472026],[-73.241646,10.472078],[-73.24162,10.471757],[-73.241736,10.471755],[-73.241762,10.472026]]]}},{"type":"Feature","properties":{"altura_m":2.5,"origen_altura":"osm_altura"},"geometry":{"type":"Polygon","coordinates":[[[-73.241864,10.471754],[-73.241758,10.471758],[-73.241786,10.472035],[-73.241882,10.472033],[-73.241864,10.471754]]]}},{"type":"Feature","properties":{"altura_m":2.0,"origen_altura":"osm_altura"},"geometry":{"type":"Polygon","coordinates":[[[-73.243388,10.473514],[-73.243382,10.473351],[-73.243136,10.473354],[-73.24315,10.473412],[-73.243291,10.473415],[-73.243297,10.473517],[-73.243388,10.473514]]]}},{"type":"Feature","properties":{"altura_m":2.5,"origen_altura":"osm_altura"},"geometry":{"type":"Polygon","coordinates":[[[-73.243369,10.473688],[-73.243483,10.473597],[-73.243428,10.473516],[-73.2433,10.473605],[-73.243369,10.473688]]]}},{"type":"Feature","properties":{"altura_m":10.5,"origen_altura":"osm_pisos"},"geometry":{"type":"Polygon","coordinates":[[[-73.243569,10.473499],[-73.24356,10.473353],[-73.243412,10.473353],[-73.24342,10.473499],[-73.243569,10.473499]]]}},{"type":"Feature","properties":{"altura_m":2.0,"origen_altura":"osm_altura"},"geometry":{"type":"Polygon","coordinates":[[[-73.243586,10.473777],[-73.24357,10.473517],[-73.243488,10.473519],[-73.243509,10.473783],[-73.243586,10.473777]]]}}]}
