{"type":"FeatureCollection","features":[{"type":"Feature","properties":{"id":0,"u":986871164,"v":986878696,"nombre":"Calle 17","tipo":"tertiary","longitud_m":98.4,"lados":[{"lado":"a","orientacion":"sur","muestra_inicio":0,"muestra_cantidad":20},{"lado":"b","orientacion":"norte","muestra_inicio":20,"muestra_cantidad":20}]},"geometry":{"type":"LineString","coordinates":[[-73.242266,10.475249],[-73.242986,10.474717]]}},{"type":"Feature","properties":{"id":1,"u":986871164,"v":986877718,"nombre":"Carrera 5","tipo":"residential","longitud_m":69.1,"lados":[{"lado":"a","orientacion":"occidental","muestra_inicio":40,"muestra_cantidad":14},{"lado":"b","orientacion":"oriental","muestra_inicio":54,"muestra_cantidad":14}]},"geometry":{"type":"LineString","coordinates":[[-73.241866,10.474766],[-73.242266,10.475249]]}},{"type":"Feature","properties":{"id":2,"u":986871164,"v":986877905,"nombre":"Carrera 5","tipo":"residential","longitud_m":114.2,"lados":[{"lado":"a","orientacion":"oriental","muestra_inicio":68,"muestra_cantidad":23},{"lado":"b","orientacion":"occidental","muestra_inicio":91,"muestra_cantidad":23}]},"geometry":{"type":"LineString","coordinates":[[-73.242932,10.476044],[-73.242356,10.475362],[-73.242266,10.475249]]}},{"type":"Feature","properties":{"id":3,"u":986871164,"v":986871829,"nombre":"Calle 17","tipo":"tertiary","longitud_m":149.2,"lados":[{"lado":"a","orientacion":"sur","muestra_inicio":114,"muestra_cantidad":30},{"lado":"b","orientacion":"norte","muestra_inicio":144,"muestra_cantidad":30}]},"geometry":{"type":"LineString","coordinates":[[-73.241163,10.476041],[-73.241658,10.475681],[-73.241965,10.475465],[-73.242266,10.475249]]}},{"type":"Feature","properties":{"id":4,"u":986871251,"v":986879272,"nombre":"Calle 17B","tipo":"residential","longitud_m":72.2,"lados":[{"lado":"a","orientacion":"sur","muestra_inicio":174,"muestra_cantidad":14},{"lado":"b","orientacion":"norte","muestra_inicio":188,"muestra_cantidad":14}]},"geometry":{"type":"LineString","coordinates":[[-73.239678,10.475441],[-73.240203,10.475046]]}},{"type":"Feature","properties":{"id":5,"u":986871251,"v":986879796,"nombre":"Calle 17B","tipo":"residential","longitud_m":7.5,"lados":[{"lado":"a","orientacion":"norte","muestra_inicio":202,"muestra_cantidad":2},{"lado":"b","orientacion":"sur","muestra_inicio":204,"muestra_cantidad":2}]},"geometry":{"type":"LineString","coordinates":[[-73.240256,10.475002],[-73.240203,10.475046]]}},{"type":"Feature","properties":{"id":6,"u":986871251,"v":986879530,"nombre":"Carrera 4","tipo":"secondary","longitud_m":88.1,"lados":[{"lado":"a","orientacion":"occidental","muestra_inicio":206,"muestra_cantidad":18},{"lado":"b","orientacion":"oriental","muestra_inicio":224,"muestra_cantidad":18}]},"geometry":{"type":"LineString","coordinates":[[-73.240203,10.475046],[-73.240584,10.475492],[-73.240726,10.475651]]}},{"type":"Feature","properties":{"id":7,"u":986871251,"v":986877618,"nombre":"Carrera 4","tipo":"secondary","longitud_m":222.5,"lados":[{"lado":"a","orientacion":"occidental","muestra_inicio":242,"muestra_cantidad":44},{"lado":"b","orientacion":"oriental","muestra_inicio":286,"muestra_cantidad":44}]},"geometry":{"type":"LineString","coordinates":[[-73.238968,10.473448],[-73.240203,10.475046]]}},{"type":"Feature","properties":{"id":8,"u":986871285,"v":986880760,"nombre":"","tipo":"residential","longitud_m":25.9,"lados":[{"lado":"a","orientacion":"occidental","muestra_inicio":330,"muestra_cantidad":5},{"lado":"b","orientacion":"oriental","muestra_inicio":335,"muestra_cantidad":5}]},"geometry":{"type":"LineString","coordinates":[[-73.241525,10.480168],[-73.241368,10.480343]]}},{"type":"Feature","properties":{"id":9,"u":986871285,"v":986871650,"nombre":"Carrera 18","tipo":"residential","longitud_m":48.6,"lados":[{"lado":"a","orientacion":"oriental","muestra_inicio":340,"muestra_cantidad":10},{"lado":"b","orientacion":"occidental","muestra_inicio":350,"muestra_cantidad":10}]},"geometry":{"type":"LineString","coordinates":[[-73.241568,10.480735],[-73.241368,10.480343]]}},{"type":"Feature","properties":{"id":10,"u":986871285,"v":7647108771,"nombre":"Carrera 18","tipo":"residential","longitud_m":31.0,"lados":[{"lado":"a","orientacion":"sur","muestra_inicio":360,"muestra_cantidad":6},{"lado":"b","orientacion":"norte","muestra_inicio":366,"muestra_cantidad":6}]},"geometry":{"type":"LineString","coordinates":[[-73.24113,10.480191],[-73.241368,10.480343]]}},{"type":"Feature","properties":{"id":11,"u":986871341,"v":986877489,"nombre":"Carrera 6A","tipo":"residential","longitud_m":77.0,"lados":[{"lado":"a","orientacion":"occidental","muestra_inicio":372,"muestra_cantidad":15},{"lado":"b","orientacion":"oriental","muestra_inicio":387,"muestra_cantidad":15}]},"geometry":{"type":"LineString","coordinates":[[-73.248222,10.48123],[-73.248642,10.481789]]}},{"type":"Feature","properties":{"id":12,"u":986871341,"v":986871910,"nombre":"Calle 12","tipo":"tertiary","longitud_m":65.5,"lados":[{"lado":"a","orientacion":"sur","muestra_inicio":402,"muestra_cantidad":13},{"lado":"b","orientacion":"norte","muestra_inicio":415,"muestra_cantidad":13}]},"geometry":{"type":"LineString","coordinates":[[-73.248148,10.482122],[-73.248642,10.481789]]}},{"type":"Feature","properties":{"id":13,"u":986871341,"v":986871985,"nombre":"Calle 12","tipo":"tertiary","longitud_m":86.7,"lados":[{"lado":"a","orientacion":"norte","muestra_inicio":428,"muestra_cantidad":17},{"lado":"b","orientacion":"sur","muestra_inicio":445,"muestra_cantidad":17}]},"geometry":{"type":"LineString","coordinates":[[-73.249296,10.481347],[-73.249078,10.481494],[-73.248642,10.481789]]}},{"type":"Feature","properties":{"id":14,"u":986871618,"v":986887758,"nombre":"Carrera 8","tipo":"tertiary","longitud_m":104.4,"lados":[{"lado":"a","orientacion":"oriental","muestra_inicio":462,"muestra_cantidad":21},{"lado":"b","orientacion":"occidental","muestra_inicio":483,"muestra_cantidad":21}]},"geometry":{"type":"LineString","coordinates":[[-73.244418,10.472798],[-73.243876,10.472022]]}},{"type":"Feature","properties":{"id":15,"u":986871618,"v":998847375,"nombre":"Calle 18","tipo":"residential","longitud_m":95.4,"lados":[{"lado":"a","orientacion":"norte","muestra_inicio":504,"muestra_cantidad":19},{"lado":"b","orientacion":"sur","muestra_inicio":523,"muestra_cantidad":19}]},"geometry":{"type":"LineString","coordinates":[[-73.244418,10.472798],[-73.243682,10.473261]]}},{"type":"Feature","properties":{"id":16,"u":986871618,"v":986876120,"nombre":"Carrera 8","tipo":"tertiary","longitud_m":88.1,"lados":[{"lado":"a","orientacion":"oriental","muestra_inicio":542,"muestra_cantidad":18},{"lado":"b","orientacion":"occidental","muestra_inicio":560,"muestra_cantidad":18}]},"geometry":{"type":"LineString","coordinates":[[-73.244872,10.473456],[-73.244418,10.472798]]}},{"type":"Feature","properties":{"id":17,"u":986871618,"v":986880644,"nombre":"Calle 18","tipo":"residential","longitud_m":68.5,"lados":[{"lado":"a","orientacion":"norte","muestra_inicio":578,"muestra_cantidad":14},{"lado":"b","orientacion":"sur","muestra_inicio":592,"muestra_cantidad":14}]},"geometry":{"type":"LineString","coordinates":[[-73.244917,10.472426],[-73.244418,10.472798]]}},{"type":"Feature","properties":{"id":18,"u":986871650,"v":986882060,"nombre":"","tipo":"residential","longitud_m":31.9,"lados":[{"lado":"a","orientacion":"norte","muestra_inicio":606,"muestra_cantidad":6},{"lado":"b","orientacion":"sur","muestra_inicio":612,"muestra_cantidad":6}]},"geometry":{"type":"LineString","coordinates":[[-73.241814,10.48058],[-73.241568,10.480735]]}},{"type":"Feature","properties":{"id":19,"u":986871650,"v":986877628,"nombre":"","tipo":"residential","longitud_m":37.0,"lados":[{"lado":"a","orientacion":"sur","muestra_inicio":618,"muestra_cantidad":7},{"lado":"b","orientacion":"norte","muestra_inicio":625,"muestra_cantidad":7}]},"geometry":{"type":"LineString","coordinates":[[-73.241257,10.48084],[-73.241414,10.480769],[-73.241491,10.480727],[-73.241568,10.480735]]}},{"type":"Feature","properties":{"id":20,"u":986871650,"v":9252951405,"nombre":"Carrera 18","tipo":"residential","longitud_m":44.3,"lados":[{"lado":"a","orientacion":"oriental","muestra_inicio":632,"muestra_cantidad":9},{"lado":"b","orientacion":"occidental","muestra_inicio":641,"muestra_cantidad":9}]},"geometry":{"type":"LineString","coordinates":[[-73.241762,10.481086],[-73.241661,10.480926],[-73.241568,10.480735]]}},{"type":"Feature","properties":{"id":21,"u":986871729,"v":986877705,"nombre":"","tipo":"residential","longitud_m":69.2,"lados":[{"lado":"a","orientacion":"occidental","muestra_inicio":650,"muestra_cantidad":14},{"lado":"b","orientacion":"oriental","muestra_inicio":664,"muestra_cantidad":14}]},"geometry":{"type":"LineString","coordinates":[[-73.238544,10.476197],[-73.238869,10.476734]]}},{"type":"Feature","properties":{"id":22,"u":986871729,"v":7647171397,"nombre":"","tipo":"residential","longitud_m":10.5,"lados":[{"lado":"a","orientacion":"oriental","muestra_inicio":678,"muestra_cantidad":2},{"lado":"b","orientacion":"occidental","muestra_inicio":680,"muestra_cantidad":2}]},"geometry":{"type":"LineString","coordinates":[[-73.238921,10.476814],[-73.238869,10.476734]]}},{"type":"Feature","properties":{"id":23,"u":986871729,"v":986882551,"nombre":"Calle 17A","tipo":"path","longitud_m":41.5,"lados":[{"lado":"a","orientacion":"sur","muestra_inicio":682,"muestra_cantidad":8},{"lado":"b","orientacion":"norte","muestra_inicio":690,"muestra_cantidad":8}]},"geometry":{"type":"LineString","coordinates":[[-73.238515,10.476869],[-73.238869,10.476734]]}},{"type":"Feature","properties":{"id":24,"u":986871767,"v":986879796,"nombre":"Carrera 4","tipo":"secondary","longitud_m":88.7,"lados":[{"lado":"a","orientacion":"oriental","muestra_inicio":698,"muestra_cantidad":18},{"lado":"b","orientacion":"occidental","muestra_inicio":716,"muestra_cantidad":18}]},"geometry":{"type":"LineString","coordinates":[[-73.240772,10.47562],[-73.240256,10.475002]]}},{"type":"Feature","properties":{"id":25,"u":986871767,"v":986879530,"nombre":"Calle 17A","tipo":"residential","longitud_m":6.1,"lados":[{"lado":"a","orientacion":"sur","muestra_inicio":734,"muestra_cantidad":1},{"lado":"b","orientacion":"norte","muestra_inicio":735,"muestra_cantidad":1}]},"geometry":{"type":"LineString","coordinates":[[-73.240726,10.475651],[-73.240772,10.47562]]}},{"type":"Feature","properties":{"id":26,"u":986871767,"v":986877718,"nombre":"Calle 17A","tipo":"residential","longitud_m":152.6,"lados":[{"lado":"a","orientacion":"norte","muestra_inicio":736,"muestra_cantidad":31},{"lado":"b","orientacion":"sur","muestra_inicio":767,"muestra_cantidad":31}]},"geometry":{"type":"LineString","coordinates":[[-73.241866,10.474766],[-73.240772,10.47562]]}},{"type":"Feature","properties":{"id":27,"u":986871767,"v":986871829,"nombre":"Carrera 4","tipo":"secondary","longitud_m":63.2,"lados":[{"lado":"a","orientacion":"oriental","muestra_inicio":798,"muestra_cantidad":13},{"lado":"b","orientacion":"occidental","muestra_inicio":811,"muestra_cantidad":13}]},"geometry":{"type":"LineString","coordinates":[[-73.241163,10.476041],[-73.240772,10.47562]]}},{"type":"Feature","properties":{"id":28,"u":986871829,"v":986880753,"nombre":"Calle 17","tipo":"residential","longitud_m":7.0,"lados":[{"lado":"a","orientacion":"sur","muestra_inicio":824,"muestra_cantidad":1},{"lado":"b","orientacion":"norte","muestra_inicio":825,"muestra_cantidad":1}]},"geometry":{"type":"LineString","coordinates":[[-73.241111,10.476079],[-73.241163,10.476041]]}},{"type":"Feature","properties":{"id":29,"u":986871829,"v":986880549,"nombre":"Carrera 4","tipo":"secondary","longitud_m":149.5,"lados":[{"lado":"a","orientacion":"oriental","muestra_inicio":826,"muestra_cantidad":30},{"lado":"b","orientacion":"occidental","muestra_inicio":856,"muestra_cantidad":30}]},"geometry":{"type":"LineString","coordinates":[[-73.242094,10.47703],[-73.241163,10.476041]]}},{"type":"Feature","properties":{"id":30,"u":986871846,"v":986881738,"nombre":"Carrera 8","tipo":"tertiary","longitud_m":82.9,"lados":[{"lado":"a","orientacion":"oriental","muestra_inicio":886,"muestra_cantidad":17},{"lado":"b","orientacion":"occidental","muestra_inicio":903,"muestra_cantidad":17}]},"geometry":{"type":"LineString","coordinates":[[-73.250157,10.480766],[-73.249696,10.48017]]}},{"type":"Feature","properties":{"id":31,"u":986871846,"v":986871985,"nombre":"Calle 12","tipo":"tertiary","longitud_m":114.0,"lados":[{"lado":"a","orientacion":"sur","muestra_inicio":920,"muestra_cantidad":23},{"lado":"b","orientacion":"norte","muestra_inicio":943,"muestra_cantidad":23}]},"geometry":{"type":"LineString","coordinates":[[-73.249296,10.481347],[-73.250157,10.480766]]}},{"type":"Feature","properties":{"id":32,"u":986871846,"v":986880210,"nombre":"Calle 12","tipo":"tertiary","longitud_m":109.5,"lados":[{"lado":"a","orientacion":"norte","muestra_inicio":966,"muestra_cantidad":22},{"lado":"b","orientacion":"sur","muestra_inicio":988,"muestra_cantidad":22}]},"geometry":{"type":"LineString","coordinates":[[-73.250979,10.480203],[-73.250157,10.480766]]}},{"type":"Feature","properties":{"id":33,"u":986871846,"v":9252458922,"nombre":"Carrera 8","tipo":"tertiary","longitud_m":31.9,"lados":[{"lado":"a","orientacion":"oriental","muestra_inicio":1010,"muestra_cantidad":6},{"lado":"b","orientacion":"occidental","muestra_inicio":1016,"muestra_cantidad":6}]},"geometry":{"type":"LineString","coordinates":[[-73.250329,10.480998],[-73.250157,10.480766]]}},{"type":"Feature","properties":{"id":34,"u":986871880,"v":986879003,"nombre":"","tipo":"residential","longitud_m":23.5,"lados":[{"lado":"a","orientacion":"sur","muestra_inicio":1022,"muestra_cantidad":5},{"lado":"b","orientacion":"norte","muestra_inicio":1027,"muestra_cantidad":5}]},"geometry":{"type":"LineString","coordinates":[[-73.24217,10.480301],[-73.242346,10.480181]]}},{"type":"Feature","properties":{"id":35,"u":986871880,"v":986880813,"nombre":"Carrera 2","tipo":"residential","longitud_m":53.9,"lados":[{"lado":"a","orientacion":"oriental","muestra_inicio":1032,"muestra_cantidad":11},{"lado":"b","orientacion":"occidental","muestra_inicio":1043,"muestra_cantidad":11}]},"geometry":{"type":"LineString","coordinates":[[-73.242597,10.4806],[-73.242346,10.480181]]}},{"type":"Feature","properties":{"id":36,"u":986871880,"v":4042750071,"nombre":"Carrera 2A","tipo":"residential","longitud_m":102.0,"lados":[{"lado":"a","orientacion":"norte","muestra_inicio":1054,"muestra_cantidad":20},{"lado":"b","orientacion":"sur","muestra_inicio":1074,"muestra_cantidad":20}]},"geometry":{"type":"LineString","coordinates":[[-73.24298,10.480395],[-73.242772,10.479986],[-73.242346,10.480181]]}},{"type":"Feature","properties":{"id":37,"u":986871910,"v":986885887,"nombre":"Carrera 6","tipo":"residential","longitud_m":110.6,"lados":[{"lado":"a","orientacion":"oriental","muestra_inicio":1094,"muestra_cantidad":22},{"lado":"b","orientacion":"occidental","muestra_inicio":1116,"muestra_cantidad":22}]},"geometry":{"type":"LineString","coordinates":[[-73.248731,10.482939],[-73.248148,10.482122]]}},{"type":"Feature","properties":{"id":38,"u":986871910,"v":986874643,"nombre":"Carrera 6","tipo":"residential","longitud_m":75.8,"lados":[{"lado":"a","orientacion":"occidental","muestra_inicio":1138,"muestra_cantidad":15},{"lado":"b","orientacion":"oriental","muestra_inicio":1153,"muestra_cantidad":15}]},"geometry":{"type":"LineString","coordinates":[[-73.247749,10.481563],[-73.248148,10.482122]]}},{"type":"Feature","properties":{"id":39,"u":986871910,"v":986872423,"nombre":"Calle 12","tipo":"tertiary","longitud_m":109.6,"lados":[{"lado":"a","orientacion":"sur","muestra_inicio":1168,"muestra_cantidad":22},{"lado":"b","orientacion":"norte","muestra_inicio":1190,"muestra_cantidad":22}]},"geometry":{"type":"LineString","coordinates":[[-73.247322,10.482681],[-73.248148,10.482122]]}},{"type":"Feature","properties":{"id":40,"u":986871985,"v":986879522,"nombre":"Carrera 7","tipo":"residential","longitud_m":106.9,"lados":[{"lado":"a","orientacion":"occidental","muestra_inicio":1212,"muestra_cantidad":21},{"lado":"b","orientacion":"oriental","muestra_inicio":1233,"muestra_cantidad":21}]},"geometry":{"type":"LineString","coordinates":[[-73.249296,10.481347],[-73.249892,10.482112]]}},{"type":"Feature","properties":{"id":41,"u":986871985,"v":986877637,"nombre":"Carrera 7","tipo":"residential","longitud_m":81.3,"lados":[{"lado":"a","orientacion":"occidental","muestra_inicio":1254,"muestra_cantidad":16},{"lado":"b","orientacion":"oriental","muestra_inicio":1270,"muestra_cantidad":16}]},"geometry":{"type":"LineString","coordinates":[[-73.248839,10.480768],[-73.249296,10.481347]]}},{"type":"Feature","properties":{"id":42,"u":986872005,"v":986888514,"nombre":"Carrera 2A","tipo":"residential","longitud_m":132.7,"lados":[{"lado":"a","orientacion":"oriental","muestra_inicio":1286,"muestra_cantidad":27},{"lado":"b","orientacion":"occidental","muestra_inicio":1313,"muestra_cantidad":27}]},"geometry":{"type":"LineString","coordinates":[[-73.241675,10.478748],[-73.241135,10.477674]]}},{"type":"Feature","properties":{"id":43,"u":986872005,"v":3999555424,"nombre":"Calle 16C","tipo":"residential","longitud_m":34.6,"lados":[{"lado":"a","orientacion":"sur","muestra_inicio":1340,"muestra_cantidad":7},{"lado":"b","orientacion":"norte","muestra_inicio":1347,"muestra_cantidad":7}]},"geometry":{"type":"LineString","coordinates":[[-73.240864,10.477834],[-73.241135,10.477674]]}},{"type":"Feature","properties":{"id":44,"u":986872005,"v":986882427,"nombre":"Calle 16C","tipo":"residential","longitud_m":81.3,"lados":[{"lado":"a","orientacion":"norte","muestra_inicio":1354,"muestra_cantidad":16},{"lado":"b","orientacion":"sur","muestra_inicio":1370,"muestra_cantidad":16}]},"geometry":{"type":"LineString","coordinates":[[-73.241804,10.477354],[-73.241135,10.477674]]}},{"type":"Feature","properties":{"id":45,"u":986872061,"v":4060090118,"nombre":"Calle 12","tipo":"tertiary","longitud_m":11.8,"lados":[{"lado":"a","orientacion":"occidental","muestra_inicio":1386,"muestra_cantidad":2},{"lado":"b","orientacion":"oriental","muestra_inicio":1388,"muestra_cantidad":2}]},"geometry":{"type":"LineString","coordinates":[[-73.2464,10.483303],[-73.246334,10.483389]]}},{"type":"Feature","properties":{"id":46,"u":986872061,"v":4060090121,"nombre":"Carrera 4","tipo":"secondary","longitud_m":128.4,"lados":[{"lado":"a","orientacion":"sur","muestra_inicio":1390,"muestra_cantidad":26},{"lado":"b","orientacion":"norte","muestra_inicio":1416,"muestra_cantidad":26}]},"geometry":{"type":"LineString","coordinates":[[-73.246334,10.483389],[-73.246893,10.483738],[-73.247341,10.483983]]}},{"type":"Feature","properties":{"id":47,"u":986872061,"v":8817806802,"nombre":"","tipo":"residential","longitud_m":312.6,"lados":[{"lado":"a","orientacion":"oriental","muestra_inicio":1442,"muestra_cantidad":63},{"lado":"b","orientacion":"occidental","muestra_inicio":1505,"muestra_cantidad":63}]},"geometry":{"type":"LineString","coordinates":[[-73.246787,10.485875],[-73.246644,10.485577],[-73.246514,10.485284],[-73.246361,10.485025],[-73.246233,10.484825],[-73.246024,10.484412],[-73.246002,10.484345],[-73.246006,10.484301],[-73.246076,10.484235],[-73.246183,10.48417],[-73.246274,10.484099],[-73.246287,10.48405],[-73.246303,10.483995],[-73.246314,10.483861],[-73.246277,10.483697],[-73.24628,10.483525],[-73.246334,10.483389]]}},{"type":"Feature","properties":{"id":48,"u":986872061,"v":9252893405,"nombre":"Carrera 4","tipo":"secondary","longitud_m":78.2,"lados":[{"lado":"a","orientacion":"occidental","muestra_inicio":1568,"muestra_cantidad":16},{"lado":"b","orientacion":"oriental","muestra_inicio":1584,"muestra_cantidad":16}]},"geometry":{"type":"LineString","coordinates":[[-73.245854,10.482895],[-73.24588,10.483014],[-73.246155,10.483249],[-73.246334,10.483389]]}},{"type":"Feature","properties":{"id":49,"u":986872141,"v":986878935,"nombre":"Carrera 10","tipo":"residential","longitud_m":96.2,"lados":[{"lado":"a","orientacion":"oriental","muestra_inicio":1600,"muestra_cantidad":19},{"lado":"b","orientacion":"occidental","muestra_inicio":1619,"muestra_cantidad":19}]},"geometry":{"type":"LineString","coordinates":[[-73.24644,10.472451],[-73.245955,10.471727]]}},{"type":"Feature","properties":{"id":50,"u":986872141,"v":986874915,"nombre":"Calle 17","tipo":"tertiary","longitud_m":63.7,"lados":[{"lado":"a","orientacion":"sur","muestra_inicio":1638,"muestra_cantidad":13},{"lado":"b","orientacion":"norte","muestra_inicio":1651,"muestra_cantidad":13}]},"geometry":{"type":"LineString","coordinates":[[-73.24644,10.472451],[-73.246916,10.47212]]}},{"type":"Feature","properties":{"id":51,"u":986872141,"v":986877788,"nombre":"Carrera 10","tipo":"residential","longitud_m":103.3,"lados":[{"lado":"a","orientacion":"oriental","muestra_inicio":1664,"muestra_cantidad":21},{"lado":"b","orientacion":"occidental","muestra_inicio":1685,"muestra_cantidad":21}]},"geometry":{"type":"LineString","coordinates":[[-73.246949,10.473237],[-73.24644,10.472451]]}},{"type":"Feature","properties":{"id":52,"u":986872141,"v":9277296868,"nombre":"Calle 17","tipo":"tertiary","longitud_m":66.5,"lados":[{"lado":"a","orientacion":"sur","muestra_inicio":1706,"muestra_cantidad":13},{"lado":"b","orientacion":"norte","muestra_inicio":1719,"muestra_cantidad":13}]},"geometry":{"type":"LineString","coordinates":[[-73.245931,10.472779],[-73.24644,10.472451]]}},{"type":"Feature","properties":{"id":53,"u":986872180,"v":986878161,"nombre":"Carrera 11A","tipo":"residential","longitud_m":142.6,"lados":[{"lado":"a","orientacion":"occidental","muestra_inicio":1732,"muestra_cantidad":29},{"lado":"b","orientacion":"oriental","muestra_inicio":1761,"muestra_cantidad":29}]},"geometry":{"type":"LineString","coordinates":[[-73.249588,10.474703],[-73.250322,10.475767]]}},{"type":"Feature","properties":{"id":54,"u":986872180,"v":986877180,"nombre":"Carrera 11A","tipo":"residential","longitud_m":101.8,"lados":[{"lado":"a","orientacion":"oriental","muestra_inicio":1790,"muestra_cantidad":20},{"lado":"b","orientacion":"occidental","muestra_inicio":1810,"muestra_cantidad":20}]},"geometry":{"type":"LineString","coordinates":[[-73.250854,10.476522],[-73.250322,10.475767]]}},{"type":"Feature","properties":{"id":55,"u":986872180,"v":986879370,"nombre":"Calle 14","tipo":"residential","longitud_m":77.0,"lados":[{"lado":"a","orientacion":"sur","muestra_inicio":1830,"muestra_cantidad":15},{"lado":"b","orientacion":"norte","muestra_inicio":1845,"muestra_cantidad":15}]},"geometry":{"type":"LineString","coordinates":[[-73.249731,10.476144],[-73.250322,10.475767]]}},{"type":"Feature","properties":{"id":56,"u":986872180,"v":986883822,"nombre":"Calle 14","tipo":"residential","longitud_m":80.6,"lados":[{"lado":"a","orientacion":"norte","muestra_inicio":1860,"muestra_cantidad":16},{"lado":"b","orientacion":"sur","muestra_inicio":1876,"muestra_cantidad":16}]},"geometry":{"type":"LineString","coordinates":[[-73.250939,10.475368],[-73.250915,10.475384],[-73.25034,10.475755],[-73.250322,10.475767]]}},{"type":"Feature","properties":{"id":57,"u":986872286,"v":10873565708,"nombre":"Calle 15","tipo":"residential","longitud_m":42.4,"lados":[{"lado":"a","orientacion":"sur","muestra_inicio":1892,"muestra_cantidad":8},{"lado":"b","orientacion":"norte","muestra_inicio":1900,"muestra_cantidad":8}]},"geometry":{"type":"LineString","coordinates":[[-73.244176,10.478373],[-73.244496,10.478157]]}},{"type":"Feature","properties":{"id":58,"u":986872286,"v":13352264984,"nombre":"Carrera 5","tipo":"footway","longitud_m":1.9,"lados":[{"lado":"a","orientacion":"occidental","muestra_inicio":1908,"muestra_cantidad":1},{"lado":"b","orientacion":"oriental","muestra_inicio":1909,"muestra_cantidad":1}]},"geometry":{"type":"LineString","coordinates":[[-73.244486,10.478143],[-73.244496,10.478157]]}},{"type":"Feature","properties":{"id":59,"u":986872286,"v":13352303268,"nombre":"Carrera 5","tipo":"residential","longitud_m":3.7,"lados":[{"lado":"a","orientacion":"occidental","muestra_inicio":1910,"muestra_cantidad":1},{"lado":"b","orientacion":"oriental","muestra_inicio":1911,"muestra_cantidad":1}]},"geometry":{"type":"LineString","coordinates":[[-73.244496,10.478157],[-73.244514,10.478185]]}},{"type":"Feature","properties":{"id":60,"u":986872286,"v":13352336426,"nombre":"Calle 15","tipo":"residential","longitud_m":74.7,"lados":[{"lado":"a","orientacion":"sur","muestra_inicio":1912,"muestra_cantidad":15},{"lado":"b","orientacion":"norte","muestra_inicio":1927,"muestra_cantidad":15}]},"geometry":{"type":"LineString","coordinates":[[-73.244496,10.478157],[-73.244522,10.478134],[-73.245065,10.477785]]}},{"type":"Feature","properties":{"id":61,"u":986872317,"v":986887914,"nombre":"Carrera 12","tipo":"tertiary","longitud_m":69.8,"lados":[{"lado":"a","orientacion":"occidental","muestra_inicio":1942,"muestra_cantidad":14},{"lado":"b","orientacion":"oriental","muestra_inicio":1956,"muestra_cantidad":14}]},"geometry":{"type":"LineString","coordinates":[[-73.248186,10.471311],[-73.248532,10.471841]]}},{"type":"Feature","properties":{"id":62,"u":986872317,"v":986880847,"nombre":"Calle 17","tipo":"residential","longitud_m":157.5,"lados":[{"lado":"a","orientacion":"sur","muestra_inicio":1970,"muestra_cantidad":32},{"lado":"b","orientacion":"norte","muestra_inicio":2002,"muestra_cantidad":32}]},"geometry":{"type":"LineString","coordinates":[[-73.246974,10.472077],[-73.248186,10.471311]]}},{"type":"Feature","properties":{"id":63,"u":986872423,"v":986877353,"nombre":"Carrera 5","tipo":"residential","longitud_m":73.5,"lados":[{"lado":"a","orientacion":"occidental","muestra_inicio":2034,"muestra_cantidad":15},{"lado":"b","orientacion":"oriental","muestra_inicio":2049,"muestra_cantidad":15}]},"geometry":{"type":"LineString","coordinates":[[-73.246968,10.482116],[-73.247322,10.482681]]}},{"type":"Feature","properties":{"id":64,"u":986872423,"v":986887188,"nombre":"Carrera 5","tipo":"residential","longitud_m":128.4,"lados":[{"lado":"a","orientacion":"oriental","muestra_inicio":2064,"muestra_cantidad":26},{"lado":"b","orientacion":"occidental","muestra_inicio":2090,"muestra_cantidad":26}]},"geometry":{"type":"LineString","coordinates":[[-73.247942,10.483666],[-73.247322,10.482681]]}},{"type":"Feature","properties":{"id":65,"u":986872423,"v":986882954,"nombre":"Calle 12","tipo":"tertiary","longitud_m":84.4,"lados":[{"lado":"a","orientacion":"sur","muestra_inicio":2116,"muestra_cantidad":17},{"lado":"b","orientacion":"norte","muestra_inicio":2133,"muestra_cantidad":17}]},"geometry":{"type":"LineString","coordinates":[[-73.246685,10.483111],[-73.247322,10.482681]]}},{"type":"Feature","properties":{"id":66,"u":986872547,"v":986882427,"nombre":"","tipo":"residential","longitud_m":64.8,"lados":[{"lado":"a","orientacion":"occidental","muestra_inicio":2150,"muestra_cantidad":13},{"lado":"b","orientacion":"oriental","muestra_inicio":2163,"muestra_cantidad":13}]},"geometry":{"type":"LineString","coordinates":[[-73.241804,10.477354],[-73.242048,10.477888]]}},{"type":"Feature","properties":{"id":67,"u":986872547,"v":986883280,"nombre":"","tipo":"residential","longitud_m":57.9,"lados":[{"lado":"a","orientacion":"oriental","muestra_inicio":2176,"muestra_cantidad":12},{"lado":"b","orientacion":"occidental","muestra_inicio":2188,"muestra_cantidad":12}]},"geometry":{"type":"LineString","coordinates":[[-73.242313,10.478342],[-73.242048,10.477888]]}},{"type":"Feature","properties":{"id":68,"u":986872547,"v":10873705471,"nombre":"Calle 16A","tipo":"residential","longitud_m":67.6,"lados":[{"lado":"a","orientacion":"norte","muestra_inicio":2200,"muestra_cantidad":14},{"lado":"b","orientacion":"sur","muestra_inicio":2214,"muestra_cantidad":14}]},"geometry":{"type":"LineString","coordinates":[[-73.242532,10.477512],[-73.242419,10.477585],[-73.242273,10.477689],[-73.242048,10.477888]]}},{"type":"Feature","properties":{"id":69,"u":986872591,"v":986876031,"nombre":"Calle 13C","tipo":"residential","longitud_m":85.3,"lados":[{"lado":"a","orientacion":"sur","muestra_inicio":2228,"muestra_cantidad":17},{"lado":"b","orientacion":"norte","muestra_inicio":2245,"muestra_cantidad":17}]},"geometry":{"type":"LineString","coordinates":[[-73.245452,10.47965],[-73.24617,10.479352]]}},{"type":"Feature","properties":{"id":70,"u":986872591,"v":986879818,"nombre":"Calle 13C","tipo":"residential","longitud_m":87.6,"lados":[{"lado":"a","orientacion":"norte","muestra_inicio":2262,"muestra_cantidad":18},{"lado":"b","orientacion":"sur","muestra_inicio":2280,"muestra_cantidad":18}]},"geometry":{"type":"LineString","coordinates":[[-73.246815,10.478884],[-73.24617,10.479352]]}},{"type":"Feature","properties":{"id":71,"u":986872591,"v":986873724,"nombre":"Carrera 6","tipo":"residential","longitud_m":61.0,"lados":[{"lado":"a","orientacion":"oriental","muestra_inicio":2298,"muestra_cantidad":12},{"lado":"b","orientacion":"occidental","muestra_inicio":2310,"muestra_cantidad":12}]},"geometry":{"type":"LineString","coordinates":[[-73.246492,10.479802],[-73.24617,10.479352]]}},{"type":"Feature","properties":{"id":72,"u":986872591,"v":986879657,"nombre":"Carrera 6","tipo":"residential","longitud_m":77.0,"lados":[{"lado":"a","orientacion":"oriental","muestra_inicio":2322,"muestra_cantidad":15},{"lado":"b","orientacion":"occidental","muestra_inicio":2337,"muestra_cantidad":15}]},"geometry":{"type":"LineString","coordinates":[[-73.24617,10.479352],[-73.245782,10.478771]]}},{"type":"Feature","properties":{"id":73,"u":986872678,"v":986887758,"nombre":"Calle 19","tipo":"residential","longitud_m":65.3,"lados":[{"lado":"a","orientacion":"sur","muestra_inicio":2352,"muestra_cantidad":13},{"lado":"b","orientacion":"norte","muestra_inicio":2365,"muestra_cantidad":13}]},"geometry":{"type":"LineString","coordinates":[[-73.243876,10.472022],[-73.244346,10.471659]]}},{"type":"Feature","properties":{"id":74,"u":986872678,"v":986880644,"nombre":"Carrera 9","tipo":"tertiary","longitud_m":105.4,"lados":[{"lado":"a","orientacion":"occidental","muestra_inicio":2378,"muestra_cantidad":21},{"lado":"b","orientacion":"oriental","muestra_inicio":2399,"muestra_cantidad":21}]},"geometry":{"type":"LineString","coordinates":[[-73.244346,10.471659],[-73.244917,10.472426]]}},{"type":"Feature","properties":{"id":75,"u":986872678,"v":9274064694,"nombre":"Calle 19","tipo":"residential","longitud_m":88.3,"lados":[{"lado":"a","orientacion":"norte","muestra_inicio":2420,"muestra_cantidad":18},{"lado":"b","orientacion":"sur","muestra_inicio":2438,"muestra_cantidad":18}]},"geometry":{"type":"LineString","coordinates":[[-73.244977,10.47116],[-73.244709,10.471372],[-73.244346,10.471659]]}},{"type":"Feature","properties":{"id":76,"u":986872678,"v":986885081,"nombre":"Carrera 9","tipo":"tertiary","longitud_m":134.8,"lados":[{"lado":"a","orientacion":"occidental","muestra_inicio":2456,"muestra_cantidad":27},{"lado":"b","orientacion":"oriental","muestra_inicio":2483,"muestra_cantidad":27}]},"geometry":{"type":"LineString","coordinates":[[-73.24358,10.470704],[-73.244346,10.471659]]}},{"type":"Feature","properties":{"id":77,"u":986873080,"v":986876182,"nombre":"Calle 15","tipo":"residential","longitud_m":66.0,"lados":[{"lado":"a","orientacion":"sur","muestra_inicio":2510,"muestra_cantidad":13},{"lado":"b","orientacion":"norte","muestra_inicio":2523,"muestra_cantidad":13}]},"geometry":{"type":"LineString","coordinates":[[-73.248438,10.475473],[-73.24893,10.47513]]}},{"type":"Feature","properties":{"id":78,"u":986873080,"v":986879773,"nombre":"Carrera 10","tipo":"residential","longitud_m":105.7,"lados":[{"lado":"a","orientacion":"oriental","muestra_inicio":2536,"muestra_cantidad":21},{"lado":"b","orientacion":"occidental","muestra_inicio":2557,"muestra_cantidad":21}]},"geometry":{"type":"LineString","coordinates":[[-73.248438,10.475473],[-73.247894,10.474684]]}},{"type":"Feature","properties":{"id":79,"u":986873080,"v":13411373821,"nombre":"Carrera 10","tipo":"residential","longitud_m":130.3,"lados":[{"lado":"a","orientacion":"oriental","muestra_inicio":2578,"muestra_cantidad":26},{"lado":"b","orientacion":"occidental","muestra_inicio":2604,"muestra_cantidad":26}]},"geometry":{"type":"LineString","coordinates":[[-73.249133,10.476429],[-73.248438,10.475473]]}},{"type":"Feature","properties":{"id":80,"u":986873080,"v":14089116925,"nombre":"Calle 15","tipo":"residential","longitud_m":99.5,"lados":[{"lado":"a","orientacion":"sur","muestra_inicio":2630,"muestra_cantidad":20},{"lado":"b","orientacion":"norte","muestra_inicio":2650,"muestra_cantidad":20}]},"geometry":{"type":"LineString","coordinates":[[-73.247713,10.476014],[-73.247759,10.47597],[-73.248438,10.475473]]}},{"type":"Feature","properties":{"id":81,"u":986873130,"v":986886740,"nombre":"","tipo":"residential","longitud_m":61.7,"lados":[{"lado":"a","orientacion":"oriental","muestra_inicio":2670,"muestra_cantidad":12},{"lado":"b","orientacion":"occidental","muestra_inicio":2682,"muestra_cantidad":12}]},"geometry":{"type":"LineString","coordinates":[[-73.240812,10.479383],[-73.240469,10.47894]]}},{"type":"Feature","properties":{"id":82,"u":986873130,"v":3999555428,"nombre":"Calle 16A","tipo":"residential","longitud_m":35.8,"lados":[{"lado":"a","orientacion":"sur","muestra_inicio":2694,"muestra_cantidad":7},{"lado":"b","orientacion":"norte","muestra_inicio":2701,"muestra_cantidad":7}]},"geometry":{"type":"LineString","coordinates":[[-73.240191,10.479111],[-73.240469,10.47894]]}},{"type":"Feature","properties":{"id":83,"u":986873130,"v":3999555427,"nombre":"Calle 16A","tipo":"residential","longitud_m":54.4,"lados":[{"lado":"a","orientacion":"occidental","muestra_inicio":2708,"muestra_cantidad":11},{"lado":"b","orientacion":"oriental","muestra_inicio":2719,"muestra_cantidad":11}]},"geometry":{"type":"LineString","coordinates":[[-73.24081,10.478583],[-73.240469,10.47894]]}},{"type":"Feature","properties":{"id":84,"u":986873327,"v":986877987,"nombre":"Calle 13C","tipo":"residential","longitud_m":91.8,"lados":[{"lado":"a","orientacion":"sur","muestra_inicio":2730,"muestra_cantidad":18},{"lado":"b","orientacion":"norte","muestra_inicio":2748,"muestra_cantidad":18}]},"geometry":{"type":"LineString","coordinates":[[-73.249067,10.477725],[-73.249749,10.477243]]}},{"type":"Feature","properties":{"id":85,"u":986873327,"v":986877347,"nombre":"Calle 13C","tipo":"residential","longitud_m":58.8,"lados":[{"lado":"a","orientacion":"norte","muestra_inicio":2766,"muestra_cantidad":12},{"lado":"b","orientacion":"sur","muestra_inicio":2778,"muestra_cantidad":12}]},"geometry":{"type":"LineString","coordinates":[[-73.250194,10.476945],[-73.249749,10.477243]]}},{"type":"Feature","properties":{"id":86,"u":986873327,"v":986876641,"nombre":"Carrera 10","tipo":"residential","longitud_m":102.9,"lados":[{"lado":"a","orientacion":"oriental","muestra_inicio":2790,"muestra_cantidad":21},{"lado":"b","orientacion":"occidental","muestra_inicio":2811,"muestra_cantidad":21}]},"geometry":{"type":"LineString","coordinates":[[-73.249749,10.477243],[-73.249184,10.4765]]}},{"type":"Feature","properties":{"id":87,"u":986873327,"v":986888728,"nombre":"Carrera 10","tipo":"residential","longitud_m":102.8,"lados":[{"lado":"a","orientacion":"oriental","muestra_inicio":2832,"muestra_cantidad":21},{"lado":"b","orientacion":"occidental","muestra_inicio":2853,"muestra_cantidad":21}]},"geometry":{"type":"LineString","coordinates":[[-73.250311,10.477987],[-73.249749,10.477243]]}},{"type":"Feature","properties":{"id":88,"u":986873416,"v":986875732,"nombre":"Carrera 7","tipo":"residential","longitud_m":123.5,"lados":[{"lado":"a","orientacion":"occidental","muestra_inicio":2874,"muestra_cantidad":25},{"lado":"b","orientacion":"oriental","muestra_inicio":2899,"muestra_cantidad":25}]},"geometry":{"type":"LineString","coordinates":[[-73.245376,10.476293],[-73.246051,10.477188]]}},{"type":"Feature","properties":{"id":89,"u":986873416,"v":986883181,"nombre":"Calle 16","tipo":"residential","longitud_m":120.7,"lados":[{"lado":"a","orientacion":"norte","muestra_inicio":2924,"muestra_cantidad":24},{"lado":"b","orientacion":"sur","muestra_inicio":2948,"muestra_cantidad":24}]},"geometry":{"type":"LineString","coordinates":[[-73.245376,10.476293],[-73.244969,10.476608],[-73.244827,10.476713],[-73.244491,10.476943]]}},{"type":"Feature","properties":{"id":90,"u":986873416,"v":986876913,"nombre":"Calle 16","tipo":"residential","longitud_m":126.5,"lados":[{"lado":"a","orientacion":"norte","muestra_inicio":2972,"muestra_cantidad":25},{"lado":"b","orientacion":"sur","muestra_inicio":2997,"muestra_cantidad":25}]},"geometry":{"type":"LineString","coordinates":[[-73.246328,10.475646],[-73.245376,10.476293]]}},{"type":"Feature","properties":{"id":91,"u":986873416,"v":986878088,"nombre":"Carrera 7","tipo":"residential","longitud_m":76.7,"lados":[{"lado":"a","orientacion":"occidental","muestra_inicio":3022,"muestra_cantidad":15},{"lado":"b","orientacion":"oriental","muestra_inicio":3037,"muestra_cantidad":15}]},"geometry":{"type":"LineString","coordinates":[[-73.244924,10.475764],[-73.245376,10.476293]]}},{"type":"Feature","properties":{"id":92,"u":986873685,"v":14089116925,"nombre":"Carrera 9","tipo":"tertiary","longitud_m":41.3,"lados":[{"lado":"a","orientacion":"occidental","muestra_inicio":3052,"muestra_cantidad":8},{"lado":"b","orientacion":"oriental","muestra_inicio":3060,"muestra_cantidad":8}]},"geometry":{"type":"LineString","coordinates":[[-73.24748,10.47572],[-73.247713,10.476014]]}},{"type":"Feature","properties":{"id":93,"u":986873685,"v":986873921,"nombre":"Carrera 9","tipo":"tertiary","longitud_m":75.1,"lados":[{"lado":"a","orientacion":"occidental","muestra_inicio":3068,"muestra_cantidad":15},{"lado":"b","orientacion":"oriental","muestra_inicio":3083,"muestra_cantidad":15}]},"geometry":{"type":"LineString","coordinates":[[-73.247075,10.475171],[-73.24748,10.47572]]}},{"type":"Feature","properties":{"id":94,"u":986873685,"v":986881274,"nombre":"","tipo":"residential","longitud_m":48.0,"lados":[{"lado":"a","orientacion":"sur","muestra_inicio":3098,"muestra_cantidad":10},{"lado":"b","orientacion":"norte","muestra_inicio":3108,"muestra_cantidad":10}]},"geometry":{"type":"LineString","coordinates":[[-73.247127,10.475977],[-73.24748,10.47572]]}},{"type":"Feature","properties":{"id":95,"u":986873724,"v":986874006,"nombre":"Calle 13B","tipo":"residential","longitud_m":92.0,"lados":[{"lado":"a","orientacion":"sur","muestra_inicio":3118,"muestra_cantidad":18},{"lado":"b","orientacion":"norte","muestra_inicio":3136,"muestra_cantidad":18}]},"geometry":{"type":"LineString","coordinates":[[-73.245696,10.480069],[-73.246492,10.479802]]}},{"type":"Feature","properties":{"id":96,"u":986873724,"v":3999654574,"nombre":"Calle 13B","tipo":"residential","longitud_m":90.8,"lados":[{"lado":"a","orientacion":"norte","muestra_inicio":3154,"muestra_cantidad":18},{"lado":"b","orientacion":"sur","muestra_inicio":3172,"muestra_cantidad":18}]},"geometry":{"type":"LineString","coordinates":[[-73.247255,10.47948],[-73.246492,10.479802]]}},{"type":"Feature","properties":{"id":97,"u":986873724,"v":13798775576,"nombre":"Carrera 6","tipo":"residential","longitud_m":59.3,"lados":[{"lado":"a","orientacion":"oriental","muestra_inicio":3190,"muestra_cantidad":12},{"lado":"b","orientacion":"occidental","muestra_inicio":3202,"muestra_cantidad":12}]},"geometry":{"type":"LineString","coordinates":[[-73.246804,10.48024],[-73.246492,10.479802]]}},{"type":"Feature","properties":{"id":98,"u":986873753,"v":986881520,"nombre":"Carrera 11","tipo":"secondary","longitud_m":64.5,"lados":[{"lado":"a","orientacion":"oriental","muestra_inicio":3214,"muestra_cantidad":13},{"lado":"b","orientacion":"occidental","muestra_inicio":3227,"muestra_cantidad":13}]},"geometry":{"type":"LineString","coordinates":[[-73.251142,10.478193],[-73.250805,10.477714]]}},{"type":"Feature","properties":{"id":99,"u":986873753,"v":986881195,"nombre":"Calle 13A","tipo":"residential","longitud_m":5.8,"lados":[{"lado":"a","orientacion":"sur","muestra_inicio":3240,"muestra_cantidad":1},{"lado":"b","orientacion":"norte","muestra_inicio":3241,"muestra_cantidad":1}]},"geometry":{"type":"LineString","coordinates":[[-73.2511,10.478225],[-73.251142,10.478193]]}},{"type":"Feature","properties":{"id":100,"u":986873754,"v":9282332640,"nombre":"Calle 16B","tipo":"residential","longitud_m":13.2,"lados":[{"lado":"a","orientacion":"occidental","muestra_inicio":3242,"muestra_cantidad":3},{"lado":"b","orientacion":"oriental","muestra_inicio":3245,"muestra_cantidad":3}]},"geometry":{"type":"LineString","coordinates":[[-73.247289,10.472689],[-73.247273,10.472807]]}},{"type":"Feature","properties":{"id":101,"u":986873754,"v":9282332649,"nombre":"Carrera 11","tipo":"secondary","longitud_m":7.1,"lados":[{"lado":"a","orientacion":"occidental","muestra_inicio":3248,"muestra_cantidad":1},{"lado":"b","orientacion":"oriental","muestra_inicio":3249,"muestra_cantidad":1}]},"geometry":{"type":"LineString","coordinates":[[-73.247289,10.472689],[-73.247322,10.472744]]}},{"type":"Feature","properties":{"id":102,"u":986873754,"v":986874915,"nombre":"Carrera 11","tipo":"secondary","longitud_m":75.0,"lados":[{"lado":"a","orientacion":"occidental","muestra_inicio":3250,"muestra_cantidad":15},{"lado":"b","orientacion":"oriental","muestra_inicio":3265,"muestra_cantidad":15}]},"geometry":{"type":"LineString","coordinates":[[-73.246916,10.47212],[-73.247289,10.472689]]}},{"type":"Feature","properties":{"id":103,"u":986873754,"v":986876376,"nombre":"","tipo":"residential","longitud_m":9.2,"lados":[{"lado":"a","orientacion":"occidental","muestra_inicio":3280,"muestra_cantidad":2},{"lado":"b","orientacion":"oriental","muestra_inicio":3282,"muestra_cantidad":2}]},"geometry":{"type":"LineString","coordinates":[[-73.247346,10.472628],[-73.247289,10.472689]]}},{"type":"Feature","properties":{"id":104,"u":986873765,"v":986876641,"nombre":"Calle 14","tipo":"residential","longitud_m":93.7,"lados":[{"lado":"a","orientacion":"norte","muestra_inicio":3284,"muestra_cantidad":19},{"lado":"b","orientacion":"sur","muestra_inicio":3303,"muestra_cantidad":19}]},"geometry":{"type":"LineString","coordinates":[[-73.249184,10.4765],[-73.248484,10.476987]]}},{"type":"Feature","properties":{"id":105,"u":986873765,"v":986877987,"nombre":"Carrera 9","tipo":"tertiary","longitud_m":103.6,"lados":[{"lado":"a","orientacion":"occidental","muestra_inicio":3322,"muestra_cantidad":21},{"lado":"b","orientacion":"oriental","muestra_inicio":3343,"muestra_cantidad":21}]},"geometry":{"type":"LineString","coordinates":[[-73.248484,10.476987],[-73.249067,10.477725]]}},{"type":"Feature","properties":{"id":106,"u":986873765,"v":986878608,"nombre":"Calle 14","tipo":"residential","longitud_m":101.3,"lados":[{"lado":"a","orientacion":"sur","muestra_inicio":3364,"muestra_cantidad":20},{"lado":"b","orientacion":"norte","muestra_inicio":3384,"muestra_cantidad":20}]},"geometry":{"type":"LineString","coordinates":[[-73.247711,10.477491],[-73.248484,10.476987]]}},{"type":"Feature","properties":{"id":107,"u":986873765,"v":13411373822,"nombre":"Carrera 9","tipo":"tertiary","longitud_m":10.6,"lados":[{"lado":"a","orientacion":"occidental","muestra_inicio":3404,"muestra_cantidad":2},{"lado":"b","orientacion":"oriental","muestra_inicio":3406,"muestra_cantidad":2}]},"geometry":{"type":"LineString","coordinates":[[-73.248423,10.476912],[-73.248484,10.476987]]}},{"type":"Feature","properties":{"id":108,"u":986873781,"v":986873921,"nombre":"Carrera 9","tipo":"tertiary","longitud_m":83.0,"lados":[{"lado":"a","orientacion":"occidental","muestra_inicio":3408,"muestra_cantidad":17},{"lado":"b","orientacion":"oriental","muestra_inicio":3425,"muestra_cantidad":17}]},"geometry":{"type":"LineString","coordinates":[[-73.24662,10.474572],[-73.247075,10.475171]]}},{"type":"Feature","properties":{"id":109,"u":986873781,"v":986874330,"nombre":"Calle 16A","tipo":"residential","longitud_m":49.3,"lados":[{"lado":"a","orientacion":"sur","muestra_inicio":3442,"muestra_cantidad":10},{"lado":"b","orientacion":"norte","muestra_inicio":3452,"muestra_cantidad":10}]},"geometry":{"type":"LineString","coordinates":[[-73.24662,10.474572],[-73.246984,10.47431]]}},{"type":"Feature","properties":{"id":110,"u":986873781,"v":986877417,"nombre":"Carrera 9","tipo":"tertiary","longitud_m":93.7,"lados":[{"lado":"a","orientacion":"occidental","muestra_inicio":3462,"muestra_cantidad":19},{"lado":"b","orientacion":"oriental","muestra_inicio":3481,"muestra_cantidad":19}]},"geometry":{"type":"LineString","coordinates":[[-73.246083,10.473912],[-73.24662,10.474572]]}},{"type":"Feature","properties":{"id":111,"u":986873781,"v":986877999,"nombre":"Calle 16A","tipo":"residential","longitud_m":89.4,"lados":[{"lado":"a","orientacion":"sur","muestra_inicio":3500,"muestra_cantidad":18},{"lado":"b","orientacion":"norte","muestra_inicio":3518,"muestra_cantidad":18}]},"geometry":{"type":"LineString","coordinates":[[-73.24596,10.475047],[-73.24662,10.474572]]}},{"type":"Feature","properties":{"id":112,"u":986873820,"v":986880472,"nombre":"Calle 18A","tipo":"residential","longitud_m":132.1,"lados":[{"lado":"a","orientacion":"norte","muestra_inicio":3536,"muestra_cantidad":26},{"lado":"b","orientacion":"sur","muestra_inicio":3562,"muestra_cantidad":26}]},"geometry":{"type":"LineString","coordinates":[[-73.242057,10.473312],[-73.240851,10.473366]]}},{"type":"Feature","properties":{"id":113,"u":986873820,"v":986884340,"nombre":"Carrera 5","tipo":"residential","longitud_m":104.2,"lados":[{"lado":"a","orientacion":"oriental","muestra_inicio":3588,"muestra_cantidad":21},{"lado":"b","orientacion":"occidental","muestra_inicio":3609,"muestra_cantidad":21}]},"geometry":{"type":"LineString","coordinates":[[-73.240851,10.473366],[-73.240276,10.472615]]}},{"type":"Feature","properties":{"id":114,"u":986873820,"v":9252848387,"nombre":"Carrera 5","tipo":"residential","longitud_m":104.1,"lados":[{"lado":"a","orientacion":"oriental","muestra_inicio":3630,"muestra_cantidad":21},{"lado":"b","orientacion":"occidental","muestra_inicio":3651,"muestra_cantidad":21}]},"geometry":{"type":"LineString","coordinates":[[-73.241409,10.474127],[-73.240851,10.473366]]}},{"type":"Feature","properties":{"id":115,"u":986873849,"v":986877178,"nombre":"Calle 16","tipo":"residential","longitud_m":32.8,"lados":[{"lado":"a","orientacion":"norte","muestra_inicio":3672,"muestra_cantidad":7},{"lado":"b","orientacion":"sur","muestra_inicio":3679,"muestra_cantidad":7}]},"geometry":{"type":"LineString","coordinates":[[-73.240529,10.479591],[-73.240279,10.479755]]}},{"type":"Feature","properties":{"id":116,"u":986873849,"v":7647108775,"nombre":"Calle 16","tipo":"residential","longitud_m":35.9,"lados":[{"lado":"a","orientacion":"sur","muestra_inicio":3686,"muestra_cantidad":7},{"lado":"b","orientacion":"norte","muestra_inicio":3693,"muestra_cantidad":7}]},"geometry":{"type":"LineString","coordinates":[[-73.239992,10.479913],[-73.240279,10.479755]]}},{"type":"Feature","properties":{"id":117,"u":986873849,"v":986890329,"nombre":"","tipo":"residential","longitud_m":61.2,"lados":[{"lado":"a","orientacion":"sur","muestra_inicio":3700,"muestra_cantidad":12},{"lado":"b","orientacion":"norte","muestra_inicio":3712,"muestra_cantidad":12}]},"geometry":{"type":"LineString","coordinates":[[-73.239763,10.479544],[-73.240279,10.479755]]}},{"type":"Feature","properties":{"id":118,"u":986873849,"v":9259688240,"nombre":"","tipo":"residential","longitud_m":40.5,"lados":[{"lado":"a","orientacion":"oriental","muestra_inicio":3724,"muestra_cantidad":8},{"lado":"b","orientacion":"occidental","muestra_inicio":3732,"muestra_cantidad":8}]},"geometry":{"type":"LineString","coordinates":[[-73.240522,10.480031],[-73.240279,10.479755]]}},{"type":"Feature","properties":{"id":119,"u":986873895,"v":986879773,"nombre":"Calle 16","tipo":"residential","longitud_m":67.4,"lados":[{"lado":"a","orientacion":"norte","muestra_inicio":3740,"muestra_cantidad":13},{"lado":"b","orientacion":"sur","muestra_inicio":3753,"muestra_cantidad":13}]},"geometry":{"type":"LineString","coordinates":[[-73.248411,10.474353],[-73.247894,10.474684]]}},{"type":"Feature","properties":{"id":120,"u":986873895,"v":986876182,"nombre":"Carrera 11","tipo":"secondary","longitud_m":103.0,"lados":[{"lado":"a","orientacion":"occidental","muestra_inicio":3766,"muestra_cantidad":21},{"lado":"b","orientacion":"oriental","muestra_inicio":3787,"muestra_cantidad":21}]},"geometry":{"type":"LineString","coordinates":[[-73.248411,10.474353],[-73.24893,10.47513]]}},{"type":"Feature","properties":{"id":121,"u":986873895,"v":986877011,"nombre":"Calle 16","tipo":"secondary","longitud_m":9.1,"lados":[{"lado":"a","orientacion":"norte","muestra_inicio":3808,"muestra_cantidad":2},{"lado":"b","orientacion":"sur","muestra_inicio":3810,"muestra_cantidad":2}]},"geometry":{"type":"LineString","coordinates":[[-73.24848,10.474308],[-73.248411,10.474353]]}},{"type":"Feature","properties":{"id":122,"u":986873895,"v":7646982079,"nombre":"Carrera 11","tipo":"secondary","longitud_m":115.9,"lados":[{"lado":"a","orientacion":"occidental","muestra_inicio":3812,"muestra_cantidad":23},{"lado":"b","orientacion":"oriental","muestra_inicio":3835,"muestra_cantidad":23}]},"geometry":{"type":"LineString","coordinates":[[-73.247815,10.473487],[-73.248411,10.474353]]}},{"type":"Feature","properties":{"id":123,"u":986873904,"v":3999654574,"nombre":"Calle 13B","tipo":"residential","longitud_m":54.5,"lados":[{"lado":"a","orientacion":"sur","muestra_inicio":3858,"muestra_cantidad":11},{"lado":"b","orientacion":"norte","muestra_inicio":3869,"muestra_cantidad":11}]},"geometry":{"type":"LineString","coordinates":[[-73.247255,10.47948],[-73.24771,10.479281]]}},{"type":"Feature","properties":{"id":124,"u":986873904,"v":986878171,"nombre":"Calle 13B","tipo":"residential","longitud_m":118.2,"lados":[{"lado":"a","orientacion":"norte","muestra_inicio":3880,"muestra_cantidad":24},{"lado":"b","orientacion":"sur","muestra_inicio":3904,"muestra_cantidad":24}]},"geometry":{"type":"LineString","coordinates":[[-73.248679,10.478809],[-73.24771,10.479281]]}},{"type":"Feature","properties":{"id":125,"u":986873904,"v":986878049,"nombre":"Carrera 7","tipo":"residential","longitud_m":33.7,"lados":[{"lado":"a","orientacion":"occidental","muestra_inicio":3928,"muestra_cantidad":7},{"lado":"b","orientacion":"oriental","muestra_inicio":3935,"muestra_cantidad":7}]},"geometry":{"type":"LineString","coordinates":[[-73.24771,10.479281],[-73.247883,10.479533]]}},{"type":"Feature","properties":{"id":126,"u":986873904,"v":4060090073,"nombre":"Carrera 7","tipo":"residential","longitud_m":93.8,"lados":[{"lado":"a","orientacion":"occidental","muestra_inicio":3942,"muestra_cantidad":19},{"lado":"b","orientacion":"oriental","muestra_inicio":3961,"muestra_cantidad":19}]},"geometry":{"type":"LineString","coordinates":[[-73.247199,10.4786],[-73.24771,10.479281]]}},{"type":"Feature","properties":{"id":127,"u":986873921,"v":986876913,"nombre":"Calle 16","tipo":"residential","longitud_m":97.2,"lados":[{"lado":"a","orientacion":"norte","muestra_inicio":3980,"muestra_cantidad":19},{"lado":"b","orientacion":"sur","muestra_inicio":3999,"muestra_cantidad":19}]},"geometry":{"type":"LineString","coordinates":[[-73.247075,10.475171],[-73.246467,10.475549],[-73.246395,10.4756],[-73.246328,10.475646]]}},{"type":"Feature","properties":{"id":128,"u":986873921,"v":986886405,"nombre":"Calle 16","tipo":"residential","longitud_m":47.3,"lados":[{"lado":"a","orientacion":"norte","muestra_inicio":4018,"muestra_cantidad":9},{"lado":"b","orientacion":"sur","muestra_inicio":4027,"muestra_cantidad":9}]},"geometry":{"type":"LineString","coordinates":[[-73.247453,10.474965],[-73.247075,10.475171]]}},{"type":"Feature","properties":{"id":129,"u":986873966,"v":986880472,"nombre":"Calle 18A","tipo":"residential","longitud_m":89.8,"lados":[{"lado":"a","orientacion":"sur","muestra_inicio":4036,"muestra_cantidad":18},{"lado":"b","orientacion":"norte","muestra_inicio":4054,"muestra_cantidad":18}]},"geometry":{"type":"LineString","coordinates":[[-73.242057,10.473312],[-73.242873,10.47323]]}},{"type":"Feature","properties":{"id":130,"u":986873966,"v":13411373806,"nombre":"Calle 18A","tipo":"residential","longitud_m":11.5,"lados":[{"lado":"a","orientacion":"norte","muestra_inicio":4072,"muestra_cantidad":2},{"lado":"b","orientacion":"sur","muestra_inicio":4074,"muestra_cantidad":2}]},"geometry":{"type":"LineString","coordinates":[[-73.242957,10.473292],[-73.242873,10.47323]]}},{"type":"Feature","properties":{"id":131,"u":986873966,"v":986877125,"nombre":"Carrera 7","tipo":"residential","longitud_m":82.0,"lados":[{"lado":"a","orientacion":"oriental","muestra_inicio":4076,"muestra_cantidad":16},{"lado":"b","orientacion":"occidental","muestra_inicio":4092,"muestra_cantidad":16}]},"geometry":{"type":"LineString","coordinates":[[-73.242873,10.47323],[-73.242803,10.473072],[-73.242779,10.472897],[-73.242757,10.472646],[-73.242745,10.472506]]}},{"type":"Feature","properties":{"id":132,"u":986873988,"v":986878238,"nombre":"Calle 15 #6-12","tipo":"residential","longitud_m":79.5,"lados":[{"lado":"a","orientacion":"sur","muestra_inicio":4108,"muestra_cantidad":16},{"lado":"b","orientacion":"norte","muestra_inicio":4124,"muestra_cantidad":16}]},"geometry":{"type":"LineString","coordinates":[[-73.250528,10.479607],[-73.251108,10.479174]]}},{"type":"Feature","properties":{"id":133,"u":986873988,"v":986880210,"nombre":"Carrera 9","tipo":"tertiary","longitud_m":82.4,"lados":[{"lado":"a","orientacion":"occidental","muestra_inicio":4140,"muestra_cantidad":16},{"lado":"b","orientacion":"oriental","muestra_inicio":4156,"muestra_cantidad":16}]},"geometry":{"type":"LineString","coordinates":[[-73.250528,10.479607],[-73.250979,10.480203]]}},{"type":"Feature","properties":{"id":134,"u":986873988,"v":986881738,"nombre":"Calle 15 #6-12","tipo":"residential","longitud_m":110.4,"lados":[{"lado":"a","orientacion":"sur","muestra_inicio":4172,"muestra_cantidad":22},{"lado":"b","orientacion":"norte","muestra_inicio":4194,"muestra_cantidad":22}]},"geometry":{"type":"LineString","coordinates":[[-73.249696,10.48017],[-73.250528,10.479607]]}},{"type":"Feature","properties":{"id":135,"u":986873988,"v":986886644,"nombre":"Carrera 9","tipo":"tertiary","longitud_m":92.2,"lados":[{"lado":"a","orientacion":"occidental","muestra_inicio":4216,"muestra_cantidad":18},{"lado":"b","orientacion":"oriental","muestra_inicio":4234,"muestra_cantidad":18}]},"geometry":{"type":"LineString","coordinates":[[-73.250011,10.47895],[-73.250528,10.479607]]}},{"type":"Feature","properties":{"id":136,"u":986873997,"v":986885766,"nombre":"","tipo":"residential","longitud_m":49.1,"lados":[{"lado":"a","orientacion":"norte","muestra_inicio":4252,"muestra_cantidad":10},{"lado":"b","orientacion":"sur","muestra_inicio":4262,"muestra_cantidad":10}]},"geometry":{"type":"LineString","coordinates":[[-73.242222,10.479685],[-73.241849,10.479933]]}},{"type":"Feature","properties":{"id":137,"u":986873997,"v":986880760,"nombre":"","tipo":"residential","longitud_m":44.0,"lados":[{"lado":"a","orientacion":"sur","muestra_inicio":4272,"muestra_cantidad":9},{"lado":"b","orientacion":"norte","muestra_inicio":4281,"muestra_cantidad":9}]},"geometry":{"type":"LineString","coordinates":[[-73.241525,10.480168],[-73.241849,10.479933]]}},{"type":"Feature","properties":{"id":138,"u":986873997,"v":3999555438,"nombre":"Carrera 2","tipo":"residential","longitud_m":59.8,"lados":[{"lado":"a","orientacion":"occidental","muestra_inicio":4290,"muestra_cantidad":12},{"lado":"b","orientacion":"oriental","muestra_inicio":4302,"muestra_cantidad":12}]},"geometry":{"type":"LineString","coordinates":[[-73.241603,10.47945],[-73.241849,10.479933]]}},{"type":"Feature","properties":{"id":139,"u":986873997,"v":986879003,"nombre":"Carrera 2","tipo":"residential","longitud_m":53.8,"lados":[{"lado":"a","orientacion":"oriental","muestra_inicio":4314,"muestra_cantidad":11},{"lado":"b","orientacion":"occidental","muestra_inicio":4325,"muestra_cantidad":11}]},"geometry":{"type":"LineString","coordinates":[[-73.24217,10.480301],[-73.241849,10.479933]]}},{"type":"Feature","properties":{"id":140,"u":986874000,"v":986877180,"nombre":"Carrera 11A","tipo":"residential","longitud_m":119.9,"lados":[{"lado":"a","orientacion":"occidental","muestra_inicio":4336,"muestra_cantidad":24},{"lado":"b","orientacion":"oriental","muestra_inicio":4360,"muestra_cantidad":24}]},"geometry":{"type":"LineString","coordinates":[[-73.250854,10.476522],[-73.251507,10.477392]]}},{"type":"Feature","properties":{"id":141,"u":986874000,"v":986881520,"nombre":"Calle 13B","tipo":"residential","longitud_m":84.7,"lados":[{"lado":"a","orientacion":"sur","muestra_inicio":4384,"muestra_cantidad":17},{"lado":"b","orientacion":"norte","muestra_inicio":4401,"muestra_cantidad":17}]},"geometry":{"type":"LineString","coordinates":[[-73.250805,10.477714],[-73.251507,10.477392]]}},{"type":"Feature","properties":{"id":142,"u":986874006,"v":986878141,"nombre":"Calle 13B","tipo":"residential","longitud_m":100.4,"lados":[{"lado":"a","orientacion":"sur","muestra_inicio":4418,"muestra_cantidad":20},{"lado":"b","orientacion":"norte","muestra_inicio":4438,"muestra_cantidad":20}]},"geometry":{"type":"LineString","coordinates":[[-73.244866,10.480455],[-73.245696,10.480069]]}},{"type":"Feature","properties":{"id":143,"u":986874006,"v":986876031,"nombre":"Carrera 5","tipo":"residential","longitud_m":53.6,"lados":[{"lado":"a","orientacion":"occidental","muestra_inicio":4458,"muestra_cantidad":11},{"lado":"b","orientacion":"oriental","muestra_inicio":4469,"muestra_cantidad":11}]},"geometry":{"type":"LineString","coordinates":[[-73.245452,10.47965],[-73.245696,10.480069]]}},{"type":"Feature","properties":{"id":144,"u":986874006,"v":986877202,"nombre":"Carrera 5","tipo":"residential","longitud_m":94.9,"lados":[{"lado":"a","orientacion":"oriental","muestra_inicio":4480,"muestra_cantidad":19},{"lado":"b","orientacion":"occidental","muestra_inicio":4499,"muestra_cantidad":19}]},"geometry":{"type":"LineString","coordinates":[[-73.246146,10.480803],[-73.245696,10.480069]]}},{"type":"Feature","properties":{"id":145,"u":986874128,"v":986884340,"nombre":"Calle 18B","tipo":"residential","longitud_m":141.5,"lados":[{"lado":"a","orientacion":"sur","muestra_inicio":4518,"muestra_cantidad":28},{"lado":"b","orientacion":"norte","muestra_inicio":4546,"muestra_cantidad":28}]},"geometry":{"type":"LineString","coordinates":[[-73.240276,10.472615],[-73.241568,10.472573]]}},{"type":"Feature","properties":{"id":146,"u":986874128,"v":986877125,"nombre":"Calle 18B","tipo":"residential","longitud_m":129.1,"lados":[{"lado":"a","orientacion":"norte","muestra_inicio":4574,"muestra_cantidad":26},{"lado":"b","orientacion":"sur","muestra_inicio":4600,"muestra_cantidad":26}]},"geometry":{"type":"LineString","coordinates":[[-73.242745,10.472506],[-73.241568,10.472573]]}},{"type":"Feature","properties":{"id":147,"u":986874128,"v":986880472,"nombre":"Carrera 6","tipo":"residential","longitud_m":97.7,"lados":[{"lado":"a","orientacion":"oriental","muestra_inicio":4626,"muestra_cantidad":20},{"lado":"b","orientacion":"occidental","muestra_inicio":4646,"muestra_cantidad":20}]},"geometry":{"type":"LineString","coordinates":[[-73.242057,10.473312],[-73.241568,10.472573]]}},{"type":"Feature","properties":{"id":148,"u":986874128,"v":986884999,"nombre":"Carrera 6","tipo":"residential","longitud_m":114.5,"lados":[{"lado":"a","orientacion":"occidental","muestra_inicio":4666,"muestra_cantidad":23},{"lado":"b","orientacion":"oriental","muestra_inicio":4689,"muestra_cantidad":23}]},"geometry":{"type":"LineString","coordinates":[[-73.240996,10.471706],[-73.241568,10.472573]]}},{"type":"Feature","properties":{"id":149,"u":986874147,"v":986877678,"nombre":"Calle 18","tipo":"residential","longitud_m":8.5,"lados":[{"lado":"a","orientacion":"norte","muestra_inicio":4712,"muestra_cantidad":2},{"lado":"b","orientacion":"sur","muestra_inicio":4714,"muestra_cantidad":2}]},"geometry":{"type":"LineString","coordinates":[[-73.246492,10.471326],[-73.246429,10.471371]]}},{"type":"Feature","properties":{"id":150,"u":986874147,"v":986880847,"nombre":"Carrera 11","tipo":"secondary","longitud_m":98.5,"lados":[{"lado":"a","orientacion":"oriental","muestra_inicio":4716,"muestra_cantidad":20},{"lado":"b","orientacion":"occidental","muestra_inicio":4736,"muestra_cantidad":20}]},"geometry":{"type":"LineString","coordinates":[[-73.246974,10.472077],[-73.246492,10.471326]]}},{"type":"Feature","properties":{"id":151,"u":986874175,"v":986886644,"nombre":"Calle 13A","tipo":"residential","longitud_m":106.5,"lados":[{"lado":"a","orientacion":"norte","muestra_inicio":4756,"muestra_cantidad":21},{"lado":"b","orientacion":"sur","muestra_inicio":4777,"muestra_cantidad":21}]},"geometry":{"type":"LineString","coordinates":[[-73.250011,10.47895],[-73.249175,10.479442]]}},{"type":"Feature","properties":{"id":152,"u":986874175,"v":986885732,"nombre":"Calle 13A","tipo":"residential","longitud_m":117.1,"lados":[{"lado":"a","orientacion":"sur","muestra_inicio":4798,"muestra_cantidad":23},{"lado":"b","orientacion":"norte","muestra_inicio":4821,"muestra_cantidad":23}]},"geometry":{"type":"LineString","coordinates":[[-73.248237,10.47995],[-73.249175,10.479442]]}},{"type":"Feature","properties":{"id":153,"u":986874175,"v":986878171,"nombre":"Carrera 8","tipo":"tertiary","longitud_m":88.6,"lados":[{"lado":"a","orientacion":"oriental","muestra_inicio":4844,"muestra_cantidad":18},{"lado":"b","orientacion":"occidental","muestra_inicio":4862,"muestra_cantidad":18}]},"geometry":{"type":"LineString","coordinates":[[-73.249175,10.479442],[-73.248679,10.478809]]}},{"type":"Feature","properties":{"id":154,"u":986874175,"v":986881738,"nombre":"Carrera 8","tipo":"tertiary","longitud_m":98.7,"lados":[{"lado":"a","orientacion":"oriental","muestra_inicio":4880,"muestra_cantidad":20},{"lado":"b","orientacion":"occidental","muestra_inicio":4900,"muestra_cantidad":20}]},"geometry":{"type":"LineString","coordinates":[[-73.249696,10.48017],[-73.249175,10.479442]]}},{"type":"Feature","properties":{"id":155,"u":986874330,"v":986886405,"nombre":"Carrera 9A","tipo":"residential","longitud_m":88.8,"lados":[{"lado":"a","orientacion":"oriental","muestra_inicio":4920,"muestra_cantidad":18},{"lado":"b","orientacion":"occidental","muestra_inicio":4938,"muestra_cantidad":18}]},"geometry":{"type":"LineString","coordinates":[[-73.247453,10.474965],[-73.246984,10.47431]]}},{"type":"Feature","properties":{"id":156,"u":986874330,"v":986877064,"nombre":"Calle 16A","tipo":"residential","longitud_m":62.8,"lados":[{"lado":"a","orientacion":"sur","muestra_inicio":4956,"muestra_cantidad":13},{"lado":"b","orientacion":"norte","muestra_inicio":4969,"muestra_cantidad":13}]},"geometry":{"type":"LineString","coordinates":[[-73.246984,10.47431],[-73.247009,10.474292],[-73.247179,10.474171],[-73.247203,10.474154],[-73.24745,10.473979]]}},{"type":"Feature","properties":{"id":157,"u":986874643,"v":986878793,"nombre":"Carrera 6","tipo":"residential","longitud_m":121.6,"lados":[{"lado":"a","orientacion":"occidental","muestra_inicio":4982,"muestra_cantidad":24},{"lado":"b","orientacion":"oriental","muestra_inicio":5006,"muestra_cantidad":24}]},"geometry":{"type":"LineString","coordinates":[[-73.247107,10.480665],[-73.247749,10.481563]]}},{"type":"Feature","properties":{"id":158,"u":986874643,"v":986877489,"nombre":"Calle 15 #6-12","tipo":"residential","longitud_m":63.6,"lados":[{"lado":"a","orientacion":"sur","muestra_inicio":5030,"muestra_cantidad":13},{"lado":"b","orientacion":"norte","muestra_inicio":5043,"muestra_cantidad":13}]},"geometry":{"type":"LineString","coordinates":[[-73.247749,10.481563],[-73.248222,10.48123]]}},{"type":"Feature","properties":{"id":159,"u":986874643,"v":986877353,"nombre":"Calle 15 #6-12","tipo":"residential","longitud_m":105.1,"lados":[{"lado":"a","orientacion":"sur","muestra_inicio":5056,"muestra_cantidad":21},{"lado":"b","orientacion":"norte","muestra_inicio":5077,"muestra_cantidad":21}]},"geometry":{"type":"LineString","coordinates":[[-73.246968,10.482116],[-73.247749,10.481563]]}},{"type":"Feature","properties":{"id":160,"u":986874837,"v":986883280,"nombre":"Calle 16","tipo":"residential","longitud_m":77.7,"lados":[{"lado":"a","orientacion":"sur","muestra_inicio":5098,"muestra_cantidad":16},{"lado":"b","orientacion":"norte","muestra_inicio":5114,"muestra_cantidad":16}]},"geometry":{"type":"LineString","coordinates":[[-73.242313,10.478342],[-73.242896,10.477942]]}},{"type":"Feature","properties":{"id":161,"u":986874837,"v":986880608,"nombre":"Carrera 4","tipo":"secondary","longitud_m":42.6,"lados":[{"lado":"a","orientacion":"oriental","muestra_inicio":5130,"muestra_cantidad":9},{"lado":"b","orientacion":"occidental","muestra_inicio":5139,"muestra_cantidad":9}]},"geometry":{"type":"LineString","coordinates":[[-73.243046,10.478297],[-73.243006,10.478199],[-73.242896,10.477942]]}},{"type":"Feature","properties":{"id":162,"u":986874837,"v":10873705471,"nombre":"Carrera 4","tipo":"secondary","longitud_m":62.4,"lados":[{"lado":"a","orientacion":"occidental","muestra_inicio":5148,"muestra_cantidad":12},{"lado":"b","orientacion":"oriental","muestra_inicio":5160,"muestra_cantidad":12}]},"geometry":{"type":"LineString","coordinates":[[-73.242532,10.477512],[-73.242561,10.477537],[-73.242771,10.477744],[-73.242838,10.477838],[-73.242896,10.477942]]}},{"type":"Feature","properties":{"id":163,"u":986874837,"v":7647140279,"nombre":"Calle 16","tipo":"residential","longitud_m":41.4,"lados":[{"lado":"a","orientacion":"norte","muestra_inicio":5172,"muestra_cantidad":8},{"lado":"b","orientacion":"sur","muestra_inicio":5180,"muestra_cantidad":8}]},"geometry":{"type":"LineString","coordinates":[[-73.24321,10.477734],[-73.242896,10.477942]]}},{"type":"Feature","properties":{"id":164,"u":986874915,"v":986880847,"nombre":"Calle 17","tipo":"tertiary","longitud_m":7.9,"lados":[{"lado":"a","orientacion":"sur","muestra_inicio":5188,"muestra_cantidad":2},{"lado":"b","orientacion":"norte","muestra_inicio":5190,"muestra_cantidad":2}]},"geometry":{"type":"LineString","coordinates":[[-73.246916,10.47212],[-73.246974,10.472077]]}},{"type":"Feature","properties":{"id":165,"u":986874915,"v":986877678,"nombre":"Carrera 11","tipo":"secondary","longitud_m":98.5,"lados":[{"lado":"a","orientacion":"occidental","muestra_inicio":5192,"muestra_cantidad":20},{"lado":"b","orientacion":"oriental","muestra_inicio":5212,"muestra_cantidad":20}]},"geometry":{"type":"LineString","coordinates":[[-73.246429,10.471371],[-73.246916,10.47212]]}},{"type":"Feature","properties":{"id":166,"u":986875638,"v":986877628,"nombre":"","tipo":"residential","longitud_m":45.6,"lados":[{"lado":"a","orientacion":"oriental","muestra_inicio":5232,"muestra_cantidad":9},{"lado":"b","orientacion":"occidental","muestra_inicio":5241,"muestra_cantidad":9}]},"geometry":{"type":"LineString","coordinates":[[-73.241257,10.48084],[-73.241016,10.480504]]}},{"type":"Feature","properties":{"id":167,"u":986875638,"v":986877628,"nombre":"","tipo":"residential","longitud_m":121.3,"lados":[{"lado":"a","orientacion":"oriental","muestra_inicio":5250,"muestra_cantidad":24},{"lado":"b","orientacion":"occidental","muestra_inicio":5274,"muestra_cantidad":24}]},"geometry":{"type":"LineString","coordinates":[[-73.241257,10.48084],[-73.241119,10.481056],[-73.240747,10.480724],[-73.241016,10.480504]]}},{"type":"Feature","properties":{"id":168,"u":986875638,"v":7647108771,"nombre":"","tipo":"residential","longitud_m":36.8,"lados":[{"lado":"a","orientacion":"occidental","muestra_inicio":5298,"muestra_cantidad":7},{"lado":"b","orientacion":"oriental","muestra_inicio":5305,"muestra_cantidad":7}]},"geometry":{"type":"LineString","coordinates":[[-73.24113,10.480191],[-73.241078,10.480351],[-73.241016,10.480504]]}},{"type":"Feature","properties":{"id":169,"u":986875732,"v":986883817,"nombre":"Calle 15","tipo":"residential","longitud_m":126.1,"lados":[{"lado":"a","orientacion":"sur","muestra_inicio":5312,"muestra_cantidad":25},{"lado":"b","orientacion":"norte","muestra_inicio":5337,"muestra_cantidad":25}]},"geometry":{"type":"LineString","coordinates":[[-73.246051,10.477188],[-73.246996,10.476536]]}},{"type":"Feature","properties":{"id":170,"u":986875732,"v":986882662,"nombre":"Carrera 7","tipo":"residential","longitud_m":130.5,"lados":[{"lado":"a","orientacion":"occidental","muestra_inicio":5362,"muestra_cantidad":26},{"lado":"b","orientacion":"oriental","muestra_inicio":5388,"muestra_cantidad":26}]},"geometry":{"type":"LineString","coordinates":[[-73.246051,10.477188],[-73.246646,10.47791],[-73.246805,10.478102]]}},{"type":"Feature","properties":{"id":171,"u":986875732,"v":13345273194,"nombre":"Calle 15","tipo":"residential","longitud_m":121.8,"lados":[{"lado":"a","orientacion":"sur","muestra_inicio":5414,"muestra_cantidad":24},{"lado":"b","orientacion":"norte","muestra_inicio":5438,"muestra_cantidad":24}]},"geometry":{"type":"LineString","coordinates":[[-73.245102,10.477762],[-73.245546,10.477486],[-73.246051,10.477188]]}},{"type":"Feature","properties":{"id":172,"u":986875767,"v":986878161,"nombre":"Carrera 11A","tipo":"residential","longitud_m":101.5,"lados":[{"lado":"a","orientacion":"oriental","muestra_inicio":5462,"muestra_cantidad":20},{"lado":"b","orientacion":"occidental","muestra_inicio":5482,"muestra_cantidad":20}]},"geometry":{"type":"LineString","coordinates":[[-73.249588,10.474703],[-73.24906,10.473948]]}},{"type":"Feature","properties":{"id":173,"u":986875767,"v":986877011,"nombre":"Calle 16","tipo":"secondary","longitud_m":74.9,"lados":[{"lado":"a","orientacion":"norte","muestra_inicio":5502,"muestra_cantidad":15},{"lado":"b","orientacion":"sur","muestra_inicio":5517,"muestra_cantidad":15}]},"geometry":{"type":"LineString","coordinates":[[-73.24906,10.473948],[-73.24848,10.474308]]}},{"type":"Feature","properties":{"id":174,"u":986875767,"v":7646982078,"nombre":"Calle 16","tipo":"secondary","longitud_m":76.1,"lados":[{"lado":"a","orientacion":"norte","muestra_inicio":5532,"muestra_cantidad":15},{"lado":"b","orientacion":"sur","muestra_inicio":5547,"muestra_cantidad":15}]},"geometry":{"type":"LineString","coordinates":[[-73.249633,10.47356],[-73.24906,10.473948]]}},{"type":"Feature","properties":{"id":175,"u":986876031,"v":986886009,"nombre":"Carrera 5","tipo":"residential","longitud_m":68.8,"lados":[{"lado":"a","orientacion":"occidental","muestra_inicio":5562,"muestra_cantidad":14},{"lado":"b","orientacion":"oriental","muestra_inicio":5576,"muestra_cantidad":14}]},"geometry":{"type":"LineString","coordinates":[[-73.24511,10.479128],[-73.245452,10.47965]]}},{"type":"Feature","properties":{"id":176,"u":986876031,"v":986879294,"nombre":"Calle 13C","tipo":"residential","longitud_m":85.8,"lados":[{"lado":"a","orientacion":"sur","muestra_inicio":5590,"muestra_cantidad":17},{"lado":"b","orientacion":"norte","muestra_inicio":5607,"muestra_cantidad":17}]},"geometry":{"type":"LineString","coordinates":[[-73.244767,10.480028],[-73.2449,10.479953],[-73.245452,10.47965]]}},{"type":"Feature","properties":{"id":177,"u":986876120,"v":986882742,"nombre":"Calle 17","tipo":"tertiary","longitud_m":74.3,"lados":[{"lado":"a","orientacion":"sur","muestra_inicio":5624,"muestra_cantidad":15},{"lado":"b","orientacion":"norte","muestra_inicio":5639,"muestra_cantidad":15}]},"geometry":{"type":"LineString","coordinates":[[-73.244872,10.473456],[-73.24545,10.473104]]}},{"type":"Feature","properties":{"id":178,"u":986876120,"v":986879351,"nombre":"Calle 17","tipo":"tertiary","longitud_m":151.8,"lados":[{"lado":"a","orientacion":"sur","muestra_inicio":5654,"muestra_cantidad":30},{"lado":"b","orientacion":"norte","muestra_inicio":5684,"muestra_cantidad":30}]},"geometry":{"type":"LineString","coordinates":[[-73.24372,10.474221],[-73.24379,10.47417],[-73.244872,10.473456]]}},{"type":"Feature","properties":{"id":179,"u":986876120,"v":986880433,"nombre":"Carrera 8","tipo":"tertiary","longitud_m":54.9,"lados":[{"lado":"a","orientacion":"oriental","muestra_inicio":5714,"muestra_cantidad":11},{"lado":"b","orientacion":"occidental","muestra_inicio":5725,"muestra_cantidad":11}]},"geometry":{"type":"LineString","coordinates":[[-73.245154,10.473866],[-73.244872,10.473456]]}},{"type":"Feature","properties":{"id":180,"u":986876182,"v":986883678,"nombre":"Calle 15","tipo":"residential","longitud_m":7.8,"lados":[{"lado":"a","orientacion":"sur","muestra_inicio":5736,"muestra_cantidad":2},{"lado":"b","orientacion":"norte","muestra_inicio":5738,"muestra_cantidad":2}]},"geometry":{"type":"LineString","coordinates":[[-73.24893,10.47513],[-73.248989,10.47509]]}},{"type":"Feature","properties":{"id":181,"u":986876182,"v":9252589190,"nombre":"Carrera 11","tipo":"secondary","longitud_m":60.4,"lados":[{"lado":"a","orientacion":"occidental","muestra_inicio":5740,"muestra_cantidad":12},{"lado":"b","orientacion":"oriental","muestra_inicio":5752,"muestra_cantidad":12}]},"geometry":{"type":"LineString","coordinates":[[-73.24893,10.47513],[-73.249248,10.475576]]}},{"type":"Feature","properties":{"id":182,"u":986876335,"v":13345273194,"nombre":"Calle 15","tipo":"residential","longitud_m":2.4,"lados":[{"lado":"a","orientacion":"sur","muestra_inicio":5764,"muestra_cantidad":1},{"lado":"b","orientacion":"norte","muestra_inicio":5765,"muestra_cantidad":1}]},"geometry":{"type":"LineString","coordinates":[[-73.245083,10.477773],[-73.245102,10.477762]]}},{"type":"Feature","properties":{"id":183,"u":986876335,"v":13352357031,"nombre":"Carrera 6","tipo":"residential","longitud_m":3.8,"lados":[{"lado":"a","orientacion":"oriental","muestra_inicio":5766,"muestra_cantidad":1},{"lado":"b","orientacion":"occidental","muestra_inicio":5767,"muestra_cantidad":1}]},"geometry":{"type":"LineString","coordinates":[[-73.245103,10.477802],[-73.245083,10.477773]]}},{"type":"Feature","properties":{"id":184,"u":986876335,"v":13352355926,"nombre":"Carrera 6","tipo":"residential","longitud_m":3.4,"lados":[{"lado":"a","orientacion":"occidental","muestra_inicio":5768,"muestra_cantidad":1},{"lado":"b","orientacion":"oriental","muestra_inicio":5769,"muestra_cantidad":1}]},"geometry":{"type":"LineString","coordinates":[[-73.245088,10.477743],[-73.245083,10.477773]]}},{"type":"Feature","properties":{"id":185,"u":986876335,"v":13352336426,"nombre":"Calle 15","tipo":"residential","longitud_m":2.4,"lados":[{"lado":"a","orientacion":"sur","muestra_inicio":5770,"muestra_cantidad":1},{"lado":"b","orientacion":"norte","muestra_inicio":5771,"muestra_cantidad":1}]},"geometry":{"type":"LineString","coordinates":[[-73.245065,10.477785],[-73.245083,10.477773]]}},{"type":"Feature","properties":{"id":186,"u":986876376,"v":986880847,"nombre":"Carrera 11","tipo":"secondary","longitud_m":73.2,"lados":[{"lado":"a","orientacion":"oriental","muestra_inicio":5772,"muestra_cantidad":15},{"lado":"b","orientacion":"occidental","muestra_inicio":5787,"muestra_cantidad":15}]},"geometry":{"type":"LineString","coordinates":[[-73.247346,10.472628],[-73.246974,10.472077]]}},{"type":"Feature","properties":{"id":187,"u":986876376,"v":986882868,"nombre":"Carrera 11","tipo":"secondary","longitud_m":7.5,"lados":[{"lado":"a","orientacion":"oriental","muestra_inicio":5802,"muestra_cantidad":1},{"lado":"b","orientacion":"occidental","muestra_inicio":5803,"muestra_cantidad":1}]},"geometry":{"type":"LineString","coordinates":[[-73.247381,10.472686],[-73.247346,10.472628]]}},{"type":"Feature","properties":{"id":188,"u":986876376,"v":986887914,"nombre":"Calle 18B","tipo":"residential","longitud_m":156.4,"lados":[{"lado":"a","orientacion":"norte","muestra_inicio":5804,"muestra_cantidad":31},{"lado":"b","orientacion":"sur","muestra_inicio":5835,"muestra_cantidad":31}]},"geometry":{"type":"LineString","coordinates":[[-73.248532,10.471841],[-73.247346,10.472628]]}},{"type":"Feature","properties":{"id":189,"u":986876494,"v":4060090117,"nombre":"Carrera 4A","tipo":"residential","longitud_m":66.5,"lados":[{"lado":"a","orientacion":"oriental","muestra_inicio":5866,"muestra_cantidad":13},{"lado":"b","orientacion":"occidental","muestra_inicio":5879,"muestra_cantidad":13}]},"geometry":{"type":"LineString","coordinates":[[-73.246957,10.483658],[-73.24663,10.48315]]}},{"type":"Feature","properties":{"id":190,"u":986876494,"v":4060090118,"nombre":"Carrera 4","tipo":"secondary","longitud_m":72.5,"lados":[{"lado":"a","orientacion":"norte","muestra_inicio":5892,"muestra_cantidad":14},{"lado":"b","orientacion":"sur","muestra_inicio":5906,"muestra_cantidad":14}]},"geometry":{"type":"LineString","coordinates":[[-73.246957,10.483658],[-73.2464,10.483303]]}},{"type":"Feature","properties":{"id":191,"u":986876641,"v":986885974,"nombre":"Calle 14","tipo":"residential","longitud_m":63.4,"lados":[{"lado":"a","orientacion":"norte","muestra_inicio":5920,"muestra_cantidad":13},{"lado":"b","orientacion":"sur","muestra_inicio":5933,"muestra_cantidad":13}]},"geometry":{"type":"LineString","coordinates":[[-73.249668,10.476186],[-73.249184,10.4765]]}},{"type":"Feature","properties":{"id":192,"u":986876641,"v":13411373821,"nombre":"Carrera 10","tipo":"residential","longitud_m":9.6,"lados":[{"lado":"a","orientacion":"oriental","muestra_inicio":5946,"muestra_cantidad":2},{"lado":"b","orientacion":"occidental","muestra_inicio":5948,"muestra_cantidad":2}]},"geometry":{"type":"LineString","coordinates":[[-73.249184,10.4765],[-73.249133,10.476429]]}},{"type":"Feature","properties":{"id":193,"u":986876821,"v":9274064694,"nombre":"Calle 19","tipo":"residential","longitud_m":55.6,"lados":[{"lado":"a","orientacion":"sur","muestra_inicio":5950,"muestra_cantidad":11},{"lado":"b","orientacion":"norte","muestra_inicio":5961,"muestra_cantidad":11}]},"geometry":{"type":"LineString","coordinates":[[-73.244977,10.47116],[-73.245373,10.470847]]}},{"type":"Feature","properties":{"id":194,"u":986876821,"v":986878935,"nombre":"Carrera 10","tipo":"residential","longitud_m":116.3,"lados":[{"lado":"a","orientacion":"oriental","muestra_inicio":5972,"muestra_cantidad":23},{"lado":"b","orientacion":"occidental","muestra_inicio":5995,"muestra_cantidad":23}]},"geometry":{"type":"LineString","coordinates":[[-73.245955,10.471727],[-73.245373,10.470847]]}},{"type":"Feature","properties":{"id":195,"u":986876826,"v":986879360,"nombre":"","tipo":"residential","longitud_m":111.8,"lados":[{"lado":"a","orientacion":"oriental","muestra_inicio":6018,"muestra_cantidad":22},{"lado":"b","orientacion":"occidental","muestra_inicio":6040,"muestra_cantidad":22}]},"geometry":{"type":"LineString","coordinates":[[-73.243966,10.480977],[-73.243471,10.480093]]}},{"type":"Feature","properties":{"id":196,"u":986876826,"v":4042750071,"nombre":"Calle 14","tipo":"residential","longitud_m":63.3,"lados":[{"lado":"a","orientacion":"sur","muestra_inicio":6062,"muestra_cantidad":13},{"lado":"b","orientacion":"norte","muestra_inicio":6075,"muestra_cantidad":13}]},"geometry":{"type":"LineString","coordinates":[[-73.24298,10.480395],[-73.243471,10.480093]]}},{"type":"Feature","properties":{"id":197,"u":986876826,"v":9252951404,"nombre":"Calle 14","tipo":"residential","longitud_m":59.9,"lados":[{"lado":"a","orientacion":"norte","muestra_inicio":6088,"muestra_cantidad":12},{"lado":"b","orientacion":"sur","muestra_inicio":6100,"muestra_cantidad":12}]},"geometry":{"type":"LineString","coordinates":[[-73.243931,10.4798],[-73.243471,10.480093]]}},{"type":"Feature","properties":{"id":198,"u":986876826,"v":986889047,"nombre":"","tipo":"residential","longitud_m":118.0,"lados":[{"lado":"a","orientacion":"occidental","muestra_inicio":6112,"muestra_cantidad":24},{"lado":"b","orientacion":"oriental","muestra_inicio":6136,"muestra_cantidad":24}]},"geometry":{"type":"LineString","coordinates":[[-73.242879,10.479202],[-73.243084,10.479532],[-73.243471,10.480093]]}},{"type":"Feature","properties":{"id":199,"u":986876828,"v":7646982079,"nombre":"Carrera 11","tipo":"secondary","longitud_m":5.8,"lados":[{"lado":"a","orientacion":"occidental","muestra_inicio":6160,"muestra_cantidad":1},{"lado":"b","orientacion":"oriental","muestra_inicio":6161,"muestra_cantidad":1}]},"geometry":{"type":"LineString","coordinates":[[-73.247784,10.473444],[-73.247815,10.473487]]}},{"type":"Feature","properties":{"id":200,"u":986876828,"v":986879181,"nombre":"Calle 16A","tipo":"residential","longitud_m":9.5,"lados":[{"lado":"a","orientacion":"norte","muestra_inicio":6162,"muestra_cantidad":2},{"lado":"b","orientacion":"sur","muestra_inicio":6164,"muestra_cantidad":2}]},"geometry":{"type":"LineString","coordinates":[[-73.247855,10.473394],[-73.247784,10.473444]]}},{"type":"Feature","properties":{"id":201,"u":986876828,"v":9282332649,"nombre":"Carrera 11","tipo":"secondary","longitud_m":92.5,"lados":[{"lado":"a","orientacion":"occidental","muestra_inicio":6166,"muestra_cantidad":19},{"lado":"b","orientacion":"oriental","muestra_inicio":6185,"muestra_cantidad":19}]},"geometry":{"type":"LineString","coordinates":[[-73.247322,10.472744],[-73.247784,10.473444]]}},{"type":"Feature","properties":{"id":202,"u":986876828,"v":9282453947,"nombre":"Calle 16A","tipo":"residential","longitud_m":8.3,"lados":[{"lado":"a","orientacion":"oriental","muestra_inicio":6204,"muestra_cantidad":2},{"lado":"b","orientacion":"occidental","muestra_inicio":6206,"muestra_cantidad":2}]},"geometry":{"type":"LineString","coordinates":[[-73.24776,10.473515],[-73.247784,10.473444]]}},{"type":"Feature","properties":{"id":203,"u":986876913,"v":986877999,"nombre":"Carrera 8","tipo":"tertiary","longitud_m":77.5,"lados":[{"lado":"a","orientacion":"oriental","muestra_inicio":6208,"muestra_cantidad":16},{"lado":"b","orientacion":"occidental","muestra_inicio":6224,"muestra_cantidad":16}]},"geometry":{"type":"LineString","coordinates":[[-73.246328,10.475646],[-73.24596,10.475047]]}},{"type":"Feature","properties":{"id":204,"u":986876913,"v":986879729,"nombre":"Carrera 8","tipo":"tertiary","longitud_m":79.2,"lados":[{"lado":"a","orientacion":"oriental","muestra_inicio":6240,"muestra_cantidad":16},{"lado":"b","orientacion":"occidental","muestra_inicio":6256,"muestra_cantidad":16}]},"geometry":{"type":"LineString","coordinates":[[-73.246762,10.476218],[-73.246328,10.475646]]}},{"type":"Feature","properties":{"id":205,"u":986876927,"v":986877180,"nombre":"Calle 13C","tipo":"residential","longitud_m":79.0,"lados":[{"lado":"a","orientacion":"sur","muestra_inicio":6272,"muestra_cantidad":16},{"lado":"b","orientacion":"norte","muestra_inicio":6288,"muestra_cantidad":16}]},"geometry":{"type":"LineString","coordinates":[[-73.250854,10.476522],[-73.251451,10.476121]]}},{"type":"Feature","properties":{"id":206,"u":986876927,"v":986883822,"nombre":"Carrera 12","tipo":"tertiary","longitud_m":100.3,"lados":[{"lado":"a","orientacion":"occidental","muestra_inicio":6304,"muestra_cantidad":20},{"lado":"b","orientacion":"oriental","muestra_inicio":6324,"muestra_cantidad":20}]},"geometry":{"type":"LineString","coordinates":[[-73.250939,10.475368],[-73.251451,10.476121]]}},{"type":"Feature","properties":{"id":207,"u":986876944,"v":11314507486,"nombre":"Calle 13A","tipo":"residential","longitud_m":81.2,"lados":[{"lado":"a","orientacion":"norte","muestra_inicio":6344,"muestra_cantidad":16},{"lado":"b","orientacion":"sur","muestra_inicio":6360,"muestra_cantidad":16}]},"geometry":{"type":"LineString","coordinates":[[-73.246357,10.481156],[-73.245775,10.481611]]}},{"type":"Feature","properties":{"id":208,"u":986876944,"v":986884717,"nombre":"Calle 13A","tipo":"residential","longitud_m":72.2,"lados":[{"lado":"a","orientacion":"sur","muestra_inicio":6376,"muestra_cantidad":14},{"lado":"b","orientacion":"norte","muestra_inicio":6390,"muestra_cantidad":14}]},"geometry":{"type":"LineString","coordinates":[[-73.245248,10.482003],[-73.245775,10.481611]]}},{"type":"Feature","properties":{"id":209,"u":986876944,"v":4060090114,"nombre":"Carrera 4A","tipo":"residential","longitud_m":121.3,"lados":[{"lado":"a","orientacion":"oriental","muestra_inicio":6404,"muestra_cantidad":24},{"lado":"b","orientacion":"occidental","muestra_inicio":6428,"muestra_cantidad":24}]},"geometry":{"type":"LineString","coordinates":[[-73.246393,10.48252],[-73.245775,10.481611]]}},{"type":"Feature","properties":{"id":210,"u":986877011,"v":3533653527,"nombre":"Carrera 11","tipo":"secondary","longitud_m":115.9,"lados":[{"lado":"a","orientacion":"oriental","muestra_inicio":6452,"muestra_cantidad":23},{"lado":"b","orientacion":"occidental","muestra_inicio":6475,"muestra_cantidad":23}]},"geometry":{"type":"LineString","coordinates":[[-73.24848,10.474308],[-73.247888,10.473439]]}},{"type":"Feature","properties":{"id":211,"u":986877011,"v":986883678,"nombre":"Carrera 11","tipo":"secondary","longitud_m":103.0,"lados":[{"lado":"a","orientacion":"oriental","muestra_inicio":6498,"muestra_cantidad":21},{"lado":"b","orientacion":"occidental","muestra_inicio":6519,"muestra_cantidad":21}]},"geometry":{"type":"LineString","coordinates":[[-73.248989,10.47509],[-73.24848,10.474308]]}},{"type":"Feature","properties":{"id":212,"u":986877064,"v":986877788,"nombre":"Carrera 10","tipo":"residential","longitud_m":98.7,"lados":[{"lado":"a","orientacion":"oriental","muestra_inicio":6540,"muestra_cantidad":20},{"lado":"b","orientacion":"occidental","muestra_inicio":6560,"muestra_cantidad":20}]},"geometry":{"type":"LineString","coordinates":[[-73.24745,10.473979],[-73.246949,10.473237]]}},{"type":"Feature","properties":{"id":213,"u":986877064,"v":9282453947,"nombre":"Calle 16A","tipo":"residential","longitud_m":61.5,"lados":[{"lado":"a","orientacion":"oriental","muestra_inicio":6580,"muestra_cantidad":12},{"lado":"b","orientacion":"occidental","muestra_inicio":6592,"muestra_cantidad":12}]},"geometry":{"type":"LineString","coordinates":[[-73.24745,10.473979],[-73.24776,10.473515]]}},{"type":"Feature","properties":{"id":214,"u":986877064,"v":986879773,"nombre":"Carrera 10","tipo":"residential","longitud_m":91.9,"lados":[{"lado":"a","orientacion":"oriental","muestra_inicio":6604,"muestra_cantidad":18},{"lado":"b","orientacion":"occidental","muestra_inicio":6622,"muestra_cantidad":18}]},"geometry":{"type":"LineString","coordinates":[[-73.247894,10.474684],[-73.247595,10.474209],[-73.24745,10.473979]]}},{"type":"Feature","properties":{"id":215,"u":986877125,"v":986881151,"nombre":"Carrera 7","tipo":"residential","longitud_m":97.9,"lados":[{"lado":"a","orientacion":"oriental","muestra_inicio":6640,"muestra_cantidad":20},{"lado":"b","orientacion":"occidental","muestra_inicio":6660,"muestra_cantidad":20}]},"geometry":{"type":"LineString","coordinates":[[-73.242745,10.472506],[-73.242676,10.471624]]}},{"type":"Feature","properties":{"id":216,"u":986877125,"v":998847347,"nombre":"Calle 18B","tipo":"residential","longitud_m":98.4,"lados":[{"lado":"a","orientacion":"sur","muestra_inicio":6680,"muestra_cantidad":20},{"lado":"b","orientacion":"norte","muestra_inicio":6700,"muestra_cantidad":20}]},"geometry":{"type":"LineString","coordinates":[[-73.242745,10.472506],[-73.243528,10.472479],[-73.243644,10.472474]]}},{"type":"Feature","properties":{"id":217,"u":986877178,"v":1791348956,"nombre":"Calle 16","tipo":"residential","longitud_m":18.5,"lados":[{"lado":"a","orientacion":"norte","muestra_inicio":6720,"muestra_cantidad":4},{"lado":"b","orientacion":"sur","muestra_inicio":6724,"muestra_cantidad":4}]},"geometry":{"type":"LineString","coordinates":[[-73.240656,10.479481],[-73.240529,10.479591]]}},{"type":"Feature","properties":{"id":218,"u":986877178,"v":3999555428,"nombre":"Carrera 18","tipo":"residential","longitud_m":64.6,"lados":[{"lado":"a","orientacion":"occidental","muestra_inicio":6728,"muestra_cantidad":13},{"lado":"b","orientacion":"oriental","muestra_inicio":6741,"muestra_cantidad":13}]},"geometry":{"type":"LineString","coordinates":[[-73.240191,10.479111],[-73.240529,10.479591]]}},{"type":"Feature","properties":{"id":219,"u":986877180,"v":986878137,"nombre":"Calle 13C","tipo":"residential","longitud_m":79.0,"lados":[{"lado":"a","orientacion":"sur","muestra_inicio":6754,"muestra_cantidad":16},{"lado":"b","orientacion":"norte","muestra_inicio":6770,"muestra_cantidad":16}]},"geometry":{"type":"LineString","coordinates":[[-73.25025,10.476913],[-73.250854,10.476522]]}},{"type":"Feature","properties":{"id":220,"u":986877202,"v":986882183,"nombre":"Calle 13A Bis","tipo":"residential","longitud_m":153.5,"lados":[{"lado":"a","orientacion":"sur","muestra_inicio":6786,"muestra_cantidad":31},{"lado":"b","orientacion":"norte","muestra_inicio":6817,"muestra_cantidad":31}]},"geometry":{"type":"LineString","coordinates":[[-73.245051,10.48167],[-73.246146,10.480803]]}},{"type":"Feature","properties":{"id":221,"u":986877202,"v":11314507486,"nombre":"Carrera 5","tipo":"residential","longitud_m":45.4,"lados":[{"lado":"a","orientacion":"oriental","muestra_inicio":6848,"muestra_cantidad":9},{"lado":"b","orientacion":"occidental","muestra_inicio":6857,"muestra_cantidad":9}]},"geometry":{"type":"LineString","coordinates":[[-73.246357,10.481156],[-73.246146,10.480803]]}},{"type":"Feature","properties":{"id":222,"u":986877202,"v":13798775576,"nombre":"Calle 13A Bis","tipo":"residential","longitud_m":95.8,"lados":[{"lado":"a","orientacion":"norte","muestra_inicio":6866,"muestra_cantidad":19},{"lado":"b","orientacion":"sur","muestra_inicio":6885,"muestra_cantidad":19}]},"geometry":{"type":"LineString","coordinates":[[-73.246804,10.48024],[-73.246694,10.480313],[-73.246445,10.480502],[-73.246263,10.480672],[-73.246186,10.480742],[-73.246146,10.480803]]}},{"type":"Feature","properties":{"id":223,"u":986877245,"v":986881195,"nombre":"Calle 13A","tipo":"residential","longitud_m":55.9,"lados":[{"lado":"a","orientacion":"norte","muestra_inicio":6904,"muestra_cantidad":11},{"lado":"b","orientacion":"sur","muestra_inicio":6915,"muestra_cantidad":11}]},"geometry":{"type":"LineString","coordinates":[[-73.2511,10.478225],[-73.250673,10.478501]]}},{"type":"Feature","properties":{"id":224,"u":986877245,"v":986886644,"nombre":"Calle 13A","tipo":"residential","longitud_m":87.8,"lados":[{"lado":"a","orientacion":"sur","muestra_inicio":6926,"muestra_cantidad":18},{"lado":"b","orientacion":"norte","muestra_inicio":6944,"muestra_cantidad":18}]},"geometry":{"type":"LineString","coordinates":[[-73.250011,10.47895],[-73.250673,10.478501]]}},{"type":"Feature","properties":{"id":225,"u":986877245,"v":986888728,"nombre":"Carrera 8","tipo":"residential","longitud_m":69.2,"lados":[{"lado":"a","orientacion":"oriental","muestra_inicio":6962,"muestra_cantidad":14},{"lado":"b","orientacion":"occidental","muestra_inicio":6976,"muestra_cantidad":14}]},"geometry":{"type":"LineString","coordinates":[[-73.250673,10.478501],[-73.250311,10.477987]]}},{"type":"Feature","properties":{"id":226,"u":986877245,"v":986878238,"nombre":"Carrera 8","tipo":"residential","longitud_m":88.4,"lados":[{"lado":"a","orientacion":"oriental","muestra_inicio":6990,"muestra_cantidad":18},{"lado":"b","orientacion":"occidental","muestra_inicio":7008,"muestra_cantidad":18}]},"geometry":{"type":"LineString","coordinates":[[-73.251108,10.479174],[-73.250673,10.478501]]}},{"type":"Feature","properties":{"id":227,"u":986877265,"v":986881589,"nombre":"Carrera 7A","tipo":"pedestrian","longitud_m":78.2,"lados":[{"lado":"a","orientacion":"oriental","muestra_inicio":7026,"muestra_cantidad":16},{"lado":"b","orientacion":"occidental","muestra_inicio":7042,"muestra_cantidad":16}]},"geometry":{"type":"LineString","coordinates":[[-73.244905,10.474851],[-73.244501,10.474268]]}},{"type":"Feature","properties":{"id":228,"u":986877265,"v":986880433,"nombre":"Callejón de Pedro Rizo","tipo":"pedestrian","longitud_m":84.2,"lados":[{"lado":"a","orientacion":"norte","muestra_inicio":7058,"muestra_cantidad":17},{"lado":"b","orientacion":"sur","muestra_inicio":7075,"muestra_cantidad":17}]},"geometry":{"type":"LineString","coordinates":[[-73.245154,10.473866],[-73.244501,10.474268]]}},{"type":"Feature","properties":{"id":229,"u":986877265,"v":986884454,"nombre":"Callejón de Pedro Rizo","tipo":"pedestrian","longitud_m":68.6,"lados":[{"lado":"a","orientacion":"sur","muestra_inicio":7092,"muestra_cantidad":14},{"lado":"b","orientacion":"norte","muestra_inicio":7106,"muestra_cantidad":14}]},"geometry":{"type":"LineString","coordinates":[[-73.244011,10.474654],[-73.244501,10.474268]]}},{"type":"Feature","properties":{"id":230,"u":986877344,"v":986878134,"nombre":"Calle 16","tipo":"residential","longitud_m":19.7,"lados":[{"lado":"a","orientacion":"occidental","muestra_inicio":7120,"muestra_cantidad":4},{"lado":"b","orientacion":"oriental","muestra_inicio":7124,"muestra_cantidad":4}]},"geometry":{"type":"LineString","coordinates":[[-73.24112,10.479162],[-73.241011,10.479304]]}},{"type":"Feature","properties":{"id":231,"u":986877344,"v":986886740,"nombre":"Calle 16","tipo":"residential","longitud_m":23.5,"lados":[{"lado":"a","orientacion":"sur","muestra_inicio":7128,"muestra_cantidad":5},{"lado":"b","orientacion":"norte","muestra_inicio":7133,"muestra_cantidad":5}]},"geometry":{"type":"LineString","coordinates":[[-73.240812,10.479383],[-73.241011,10.479304]]}},{"type":"Feature","properties":{"id":232,"u":986877344,"v":4060090091,"nombre":"Carrera 1C","tipo":"residential","longitud_m":47.8,"lados":[{"lado":"a","orientacion":"oriental","muestra_inicio":7138,"muestra_cantidad":10},{"lado":"b","orientacion":"occidental","muestra_inicio":7148,"muestra_cantidad":10}]},"geometry":{"type":"LineString","coordinates":[[-73.241223,10.479682],[-73.241011,10.479304]]}},{"type":"Feature","properties":{"id":233,"u":986877347,"v":986878137,"nombre":"Calle 13C","tipo":"residential","longitud_m":7.1,"lados":[{"lado":"a","orientacion":"norte","muestra_inicio":7158,"muestra_cantidad":1},{"lado":"b","orientacion":"sur","muestra_inicio":7159,"muestra_cantidad":1}]},"geometry":{"type":"LineString","coordinates":[[-73.25025,10.476913],[-73.250194,10.476945]]}},{"type":"Feature","properties":{"id":234,"u":986877347,"v":986880248,"nombre":"Carrera 11","tipo":"secondary","longitud_m":108.1,"lados":[{"lado":"a","orientacion":"occidental","muestra_inicio":7160,"muestra_cantidad":22},{"lado":"b","orientacion":"oriental","muestra_inicio":7182,"muestra_cantidad":22}]},"geometry":{"type":"LineString","coordinates":[[-73.250194,10.476945],[-73.25076,10.477747]]}},{"type":"Feature","properties":{"id":235,"u":986877347,"v":986885974,"nombre":"Carrera 11","tipo":"secondary","longitud_m":101.9,"lados":[{"lado":"a","orientacion":"occidental","muestra_inicio":7204,"muestra_cantidad":20},{"lado":"b","orientacion":"oriental","muestra_inicio":7224,"muestra_cantidad":20}]},"geometry":{"type":"LineString","coordinates":[[-73.249668,10.476186],[-73.250194,10.476945]]}},{"type":"Feature","properties":{"id":236,"u":986877353,"v":11314507486,"nombre":"Carrera 5","tipo":"residential","longitud_m":125.4,"lados":[{"lado":"a","orientacion":"occidental","muestra_inicio":7244,"muestra_cantidad":25},{"lado":"b","orientacion":"oriental","muestra_inicio":7269,"muestra_cantidad":25}]},"geometry":{"type":"LineString","coordinates":[[-73.246357,10.481156],[-73.246968,10.482116]]}},{"type":"Feature","properties":{"id":237,"u":986877353,"v":4060090114,"nombre":"Calle 15 #6-12","tipo":"residential","longitud_m":77.1,"lados":[{"lado":"a","orientacion":"sur","muestra_inicio":7294,"muestra_cantidad":15},{"lado":"b","orientacion":"norte","muestra_inicio":7309,"muestra_cantidad":15}]},"geometry":{"type":"LineString","coordinates":[[-73.246393,10.48252],[-73.246968,10.482116]]}},{"type":"Feature","properties":{"id":238,"u":986877417,"v":986880005,"nombre":"Calle 16B","tipo":"residential","longitud_m":82.3,"lados":[{"lado":"a","orientacion":"norte","muestra_inicio":7324,"muestra_cantidad":16},{"lado":"b","orientacion":"sur","muestra_inicio":7340,"muestra_cantidad":16}]},"geometry":{"type":"LineString","coordinates":[[-73.246083,10.473912],[-73.245514,10.474397]]}},{"type":"Feature","properties":{"id":239,"u":986877417,"v":986877788,"nombre":"Calle 16B","tipo":"residential","longitud_m":120.6,"lados":[{"lado":"a","orientacion":"norte","muestra_inicio":7356,"muestra_cantidad":24},{"lado":"b","orientacion":"sur","muestra_inicio":7380,"muestra_cantidad":24}]},"geometry":{"type":"LineString","coordinates":[[-73.246949,10.473237],[-73.246083,10.473912]]}},{"type":"Feature","properties":{"id":240,"u":986877417,"v":986882742,"nombre":"Carrera 9","tipo":"tertiary","longitud_m":113.3,"lados":[{"lado":"a","orientacion":"occidental","muestra_inicio":7404,"muestra_cantidad":23},{"lado":"b","orientacion":"oriental","muestra_inicio":7427,"muestra_cantidad":23}]},"geometry":{"type":"LineString","coordinates":[[-73.24545,10.473104],[-73.245862,10.473596],[-73.246083,10.473912]]}},{"type":"Feature","properties":{"id":241,"u":986877489,"v":986877637,"nombre":"Calle 15 #6-12","tipo":"residential","longitud_m":84.6,"lados":[{"lado":"a","orientacion":"sur","muestra_inicio":7450,"muestra_cantidad":17},{"lado":"b","orientacion":"norte","muestra_inicio":7467,"muestra_cantidad":17}]},"geometry":{"type":"LineString","coordinates":[[-73.248222,10.48123],[-73.248839,10.480768]]}},{"type":"Feature","properties":{"id":242,"u":986877528,"v":9252458934,"nombre":"Carrera 4","tipo":"secondary","longitud_m":66.6,"lados":[{"lado":"a","orientacion":"oriental","muestra_inicio":7484,"muestra_cantidad":13},{"lado":"b","orientacion":"occidental","muestra_inicio":7497,"muestra_cantidad":13}]},"geometry":{"type":"LineString","coordinates":[[-73.243704,10.479427],[-73.243386,10.478913]]}},{"type":"Feature","properties":{"id":243,"u":986877528,"v":986889047,"nombre":"Calle 15","tipo":"residential","longitud_m":64.1,"lados":[{"lado":"a","orientacion":"sur","muestra_inicio":7510,"muestra_cantidad":13},{"lado":"b","orientacion":"norte","muestra_inicio":7523,"muestra_cantidad":13}]},"geometry":{"type":"LineString","coordinates":[[-73.242879,10.479202],[-73.243386,10.478913]]}},{"type":"Feature","properties":{"id":244,"u":986877528,"v":13684973768,"nombre":"Calle 15","tipo":"residential","longitud_m":50.8,"lados":[{"lado":"a","orientacion":"norte","muestra_inicio":7536,"muestra_cantidad":10},{"lado":"b","orientacion":"sur","muestra_inicio":7546,"muestra_cantidad":10}]},"geometry":{"type":"LineString","coordinates":[[-73.243768,10.478653],[-73.243386,10.478913]]}},{"type":"Feature","properties":{"id":245,"u":986877528,"v":986880608,"nombre":"Carrera 4","tipo":"secondary","longitud_m":77.7,"lados":[{"lado":"a","orientacion":"occidental","muestra_inicio":7556,"muestra_cantidad":16},{"lado":"b","orientacion":"oriental","muestra_inicio":7572,"muestra_cantidad":16}]},"geometry":{"type":"LineString","coordinates":[[-73.243046,10.478297],[-73.243092,10.478393],[-73.243144,10.478485],[-73.243386,10.478913]]}},{"type":"Feature","properties":{"id":246,"u":986877550,"v":986878088,"nombre":"Carrera 7","tipo":"residential","longitud_m":79.1,"lados":[{"lado":"a","orientacion":"occidental","muestra_inicio":7588,"muestra_cantidad":16},{"lado":"b","orientacion":"oriental","muestra_inicio":7604,"muestra_cantidad":16}]},"geometry":{"type":"LineString","coordinates":[[-73.244478,10.475202],[-73.244924,10.475764]]}},{"type":"Feature","properties":{"id":247,"u":986877550,"v":986881589,"nombre":"Calle 16B","tipo":"residential","longitud_m":60.7,"lados":[{"lado":"a","orientacion":"norte","muestra_inicio":7620,"muestra_cantidad":12},{"lado":"b","orientacion":"sur","muestra_inicio":7632,"muestra_cantidad":12}]},"geometry":{"type":"LineString","coordinates":[[-73.244905,10.474851],[-73.244478,10.475202]]}},{"type":"Feature","properties":{"id":248,"u":986877550,"v":986884454,"nombre":"Carrera 7","tipo":"residential","longitud_m":79.3,"lados":[{"lado":"a","orientacion":"occidental","muestra_inicio":7644,"muestra_cantidad":16},{"lado":"b","orientacion":"oriental","muestra_inicio":7660,"muestra_cantidad":16}]},"geometry":{"type":"LineString","coordinates":[[-73.244011,10.474654],[-73.244478,10.475202]]}},{"type":"Feature","properties":{"id":249,"u":986877618,"v":986880559,"nombre":"Calle 18A","tipo":"residential","longitud_m":10.4,"lados":[{"lado":"a","orientacion":"norte","muestra_inicio":7676,"muestra_cantidad":2},{"lado":"b","orientacion":"sur","muestra_inicio":7678,"muestra_cantidad":2}]},"geometry":{"type":"LineString","coordinates":[[-73.239062,10.473435],[-73.238968,10.473448]]}},{"type":"Feature","properties":{"id":250,"u":986877637,"v":986881738,"nombre":"Calle 15 #6-12","tipo":"residential","longitud_m":114.8,"lados":[{"lado":"a","orientacion":"sur","muestra_inicio":7680,"muestra_cantidad":23},{"lado":"b","orientacion":"norte","muestra_inicio":7703,"muestra_cantidad":23}]},"geometry":{"type":"LineString","coordinates":[[-73.248839,10.480768],[-73.249696,10.48017]]}},{"type":"Feature","properties":{"id":251,"u":986877637,"v":986885732,"nombre":"Carrera 7","tipo":"residential","longitud_m":111.9,"lados":[{"lado":"a","orientacion":"occidental","muestra_inicio":7726,"muestra_cantidad":22},{"lado":"b","orientacion":"oriental","muestra_inicio":7748,"muestra_cantidad":22}]},"geometry":{"type":"LineString","coordinates":[[-73.248237,10.47995],[-73.248839,10.480768]]}},{"type":"Feature","properties":{"id":252,"u":986877678,"v":986878935,"nombre":"Calle 18","tipo":"residential","longitud_m":65.2,"lados":[{"lado":"a","orientacion":"norte","muestra_inicio":7770,"muestra_cantidad":13},{"lado":"b","orientacion":"sur","muestra_inicio":7783,"muestra_cantidad":13}]},"geometry":{"type":"LineString","coordinates":[[-73.246429,10.471371],[-73.245955,10.471727]]}},{"type":"Feature","properties":{"id":253,"u":986877705,"v":2749649295,"nombre":"","tipo":"residential","longitud_m":101.9,"lados":[{"lado":"a","orientacion":"occidental","muestra_inicio":7796,"muestra_cantidad":20},{"lado":"b","orientacion":"oriental","muestra_inicio":7816,"muestra_cantidad":20}]},"geometry":{"type":"LineString","coordinates":[[-73.238092,10.475393],[-73.238544,10.476197]]}},{"type":"Feature","properties":{"id":254,"u":986877705,"v":986879146,"nombre":"Calle 17B","tipo":"residential","longitud_m":42.9,"lados":[{"lado":"a","orientacion":"sur","muestra_inicio":7836,"muestra_cantidad":9},{"lado":"b","orientacion":"norte","muestra_inicio":7845,"muestra_cantidad":9}]},"geometry":{"type":"LineString","coordinates":[[-73.238233,10.476434],[-73.238544,10.476197]]}},{"type":"Feature","properties":{"id":255,"u":986877705,"v":2749649310,"nombre":"Calle 17B","tipo":"residential","longitud_m":35.4,"lados":[{"lado":"a","orientacion":"norte","muestra_inicio":7854,"muestra_cantidad":7},{"lado":"b","orientacion":"sur","muestra_inicio":7861,"muestra_cantidad":7}]},"geometry":{"type":"LineString","coordinates":[[-73.238821,10.47603],[-73.238544,10.476197]]}},{"type":"Feature","properties":{"id":256,"u":986877718,"v":3999508757,"nombre":"Calle 17A","tipo":"residential","longitud_m":106.0,"lados":[{"lado":"a","orientacion":"norte","muestra_inicio":7868,"muestra_cantidad":21},{"lado":"b","orientacion":"sur","muestra_inicio":7889,"muestra_cantidad":21}]},"geometry":{"type":"LineString","coordinates":[[-73.242623,10.474168],[-73.241866,10.474766]]}},{"type":"Feature","properties":{"id":257,"u":986877718,"v":986886471,"nombre":"Carrera 5","tipo":"residential","longitud_m":71.2,"lados":[{"lado":"a","orientacion":"occidental","muestra_inicio":7910,"muestra_cantidad":14},{"lado":"b","orientacion":"oriental","muestra_inicio":7924,"muestra_cantidad":14}]},"geometry":{"type":"LineString","coordinates":[[-73.241449,10.474272],[-73.241866,10.474766]]}},{"type":"Feature","properties":{"id":258,"u":986877735,"v":986882427,"nombre":"Calle 16C","tipo":"residential","longitud_m":39.7,"lados":[{"lado":"a","orientacion":"oriental","muestra_inicio":7938,"muestra_cantidad":8},{"lado":"b","orientacion":"occidental","muestra_inicio":7946,"muestra_cantidad":8}]},"geometry":{"type":"LineString","coordinates":[[-73.241804,10.477354],[-73.242048,10.477089]]}},{"type":"Feature","properties":{"id":259,"u":986877735,"v":986880549,"nombre":"Calle 16C","tipo":"residential","longitud_m":8.2,"lados":[{"lado":"a","orientacion":"occidental","muestra_inicio":7954,"muestra_cantidad":2},{"lado":"b","orientacion":"oriental","muestra_inicio":7956,"muestra_cantidad":2}]},"geometry":{"type":"LineString","coordinates":[[-73.242094,10.47703],[-73.242048,10.477089]]}},{"type":"Feature","properties":{"id":260,"u":986877735,"v":10873705471,"nombre":"Carrera 4","tipo":"secondary","longitud_m":72.0,"lados":[{"lado":"a","orientacion":"sur","muestra_inicio":7958,"muestra_cantidad":14},{"lado":"b","orientacion":"norte","muestra_inicio":7972,"muestra_cantidad":14}]},"geometry":{"type":"LineString","coordinates":[[-73.242048,10.477089],[-73.242462,10.477499],[-73.242532,10.477512]]}},{"type":"Feature","properties":{"id":261,"u":986877735,"v":986880753,"nombre":"Carrera 4","tipo":"secondary","longitud_m":151.6,"lados":[{"lado":"a","orientacion":"occidental","muestra_inicio":7986,"muestra_cantidad":30},{"lado":"b","orientacion":"oriental","muestra_inicio":8016,"muestra_cantidad":30}]},"geometry":{"type":"LineString","coordinates":[[-73.241111,10.476079],[-73.242048,10.477089]]}},{"type":"Feature","properties":{"id":262,"u":986877788,"v":9282332640,"nombre":"Calle 16B","tipo":"residential","longitud_m":59.3,"lados":[{"lado":"a","orientacion":"occidental","muestra_inicio":8046,"muestra_cantidad":12},{"lado":"b","orientacion":"oriental","muestra_inicio":8058,"muestra_cantidad":12}]},"geometry":{"type":"LineString","coordinates":[[-73.247273,10.472807],[-73.246949,10.473237]]}},{"type":"Feature","properties":{"id":263,"u":986877794,"v":986883822,"nombre":"Carrera 12","tipo":"tertiary","longitud_m":144.4,"lados":[{"lado":"a","orientacion":"occidental","muestra_inicio":8070,"muestra_cantidad":29},{"lado":"b","orientacion":"oriental","muestra_inicio":8099,"muestra_cantidad":29}]},"geometry":{"type":"LineString","coordinates":[[-73.250204,10.474284],[-73.250939,10.475368]]}},{"type":"Feature","properties":{"id":264,"u":986877794,"v":986878161,"nombre":"Calle 15","tipo":"residential","longitud_m":81.9,"lados":[{"lado":"a","orientacion":"sur","muestra_inicio":8128,"muestra_cantidad":16},{"lado":"b","orientacion":"norte","muestra_inicio":8144,"muestra_cantidad":16}]},"geometry":{"type":"LineString","coordinates":[[-73.249588,10.474703],[-73.250204,10.474284]]}},{"type":"Feature","properties":{"id":265,"u":986877821,"v":986879442,"nombre":"Carrera 11A","tipo":"residential","longitud_m":89.9,"lados":[{"lado":"a","orientacion":"oriental","muestra_inicio":8160,"muestra_cantidad":18},{"lado":"b","orientacion":"occidental","muestra_inicio":8178,"muestra_cantidad":18}]},"geometry":{"type":"LineString","coordinates":[[-73.248785,10.47275],[-73.248321,10.472079]]}},{"type":"Feature","properties":{"id":266,"u":986877821,"v":986882868,"nombre":"Calle 18B","tipo":"residential","longitud_m":122.9,"lados":[{"lado":"a","orientacion":"sur","muestra_inicio":8196,"muestra_cantidad":25},{"lado":"b","orientacion":"norte","muestra_inicio":8221,"muestra_cantidad":25}]},"geometry":{"type":"LineString","coordinates":[[-73.247381,10.472686],[-73.248321,10.472079]]}},{"type":"Feature","properties":{"id":267,"u":986877905,"v":986880549,"nombre":"Calle 16C","tipo":"residential","longitud_m":142.6,"lados":[{"lado":"a","orientacion":"oriental","muestra_inicio":8246,"muestra_cantidad":29},{"lado":"b","orientacion":"occidental","muestra_inicio":8275,"muestra_cantidad":29}]},"geometry":{"type":"LineString","coordinates":[[-73.242094,10.47703],[-73.242932,10.476044]]}},{"type":"Feature","properties":{"id":268,"u":986877905,"v":3999555421,"nombre":"Calle 16C","tipo":"residential","longitud_m":88.5,"lados":[{"lado":"a","orientacion":"occidental","muestra_inicio":8304,"muestra_cantidad":18},{"lado":"b","orientacion":"oriental","muestra_inicio":8322,"muestra_cantidad":18}]},"geometry":{"type":"LineString","coordinates":[[-73.243487,10.475462],[-73.243021,10.475954],[-73.242932,10.476044]]}},{"type":"Feature","properties":{"id":269,"u":986877905,"v":6498967756,"nombre":"Carrera 5","tipo":"residential","longitud_m":100.2,"lados":[{"lado":"a","orientacion":"oriental","muestra_inicio":8340,"muestra_cantidad":20},{"lado":"b","orientacion":"occidental","muestra_inicio":8360,"muestra_cantidad":20}]},"geometry":{"type":"LineString","coordinates":[[-73.243477,10.476771],[-73.243242,10.476457],[-73.242932,10.476044]]}},{"type":"Feature","properties":{"id":270,"u":986877987,"v":986884238,"nombre":"Carrera 9","tipo":"tertiary","longitud_m":88.0,"lados":[{"lado":"a","orientacion":"occidental","muestra_inicio":8380,"muestra_cantidad":18},{"lado":"b","orientacion":"oriental","muestra_inicio":8398,"muestra_cantidad":18}]},"geometry":{"type":"LineString","coordinates":[[-73.249067,10.477725],[-73.249385,10.478129],[-73.249552,10.478359]]}},{"type":"Feature","properties":{"id":271,"u":986877999,"v":986880005,"nombre":"Carrera 8","tipo":"tertiary","longitud_m":86.9,"lados":[{"lado":"a","orientacion":"oriental","muestra_inicio":8416,"muestra_cantidad":17},{"lado":"b","orientacion":"occidental","muestra_inicio":8433,"muestra_cantidad":17}]},"geometry":{"type":"LineString","coordinates":[[-73.24596,10.475047],[-73.245514,10.474397]]}},{"type":"Feature","properties":{"id":272,"u":986877999,"v":9252643272,"nombre":"Calle 16A","tipo":"residential","longitud_m":78.5,"lados":[{"lado":"a","orientacion":"sur","muestra_inicio":8450,"muestra_cantidad":16},{"lado":"b","orientacion":"norte","muestra_inicio":8466,"muestra_cantidad":16}]},"geometry":{"type":"LineString","coordinates":[[-73.24538,10.475464],[-73.24596,10.475047]]}},{"type":"Feature","properties":{"id":273,"u":986878049,"v":13798775576,"nombre":"Calle 13A Bis","tipo":"residential","longitud_m":141.6,"lados":[{"lado":"a","orientacion":"sur","muestra_inicio":8482,"muestra_cantidad":28},{"lado":"b","orientacion":"norte","muestra_inicio":8510,"muestra_cantidad":28}]},"geometry":{"type":"LineString","coordinates":[[-73.246804,10.48024],[-73.247883,10.479533]]}},{"type":"Feature","properties":{"id":274,"u":986878049,"v":986885732,"nombre":"Carrera 7","tipo":"residential","longitud_m":60.2,"lados":[{"lado":"a","orientacion":"occidental","muestra_inicio":8538,"muestra_cantidad":12},{"lado":"b","orientacion":"oriental","muestra_inicio":8550,"muestra_cantidad":12}]},"geometry":{"type":"LineString","coordinates":[[-73.247883,10.479533],[-73.248237,10.47995]]}},{"type":"Feature","properties":{"id":275,"u":986878088,"v":9252643272,"nombre":"Calle 16A","tipo":"residential","longitud_m":59.9,"lados":[{"lado":"a","orientacion":"sur","muestra_inicio":8562,"muestra_cantidad":12},{"lado":"b","orientacion":"norte","muestra_inicio":8574,"muestra_cantidad":12}]},"geometry":{"type":"LineString","coordinates":[[-73.244924,10.475764],[-73.24538,10.475464]]}},{"type":"Feature","properties":{"id":276,"u":986878088,"v":4060090019,"nombre":"Calle 16A","tipo":"residential","longitud_m":109.1,"lados":[{"lado":"a","orientacion":"sur","muestra_inicio":8586,"muestra_cantidad":22},{"lado":"b","orientacion":"norte","muestra_inicio":8608,"muestra_cantidad":22}]},"geometry":{"type":"LineString","coordinates":[[-73.244075,10.476279],[-73.244371,10.476071],[-73.244924,10.475764]]}},{"type":"Feature","properties":{"id":277,"u":986878126,"v":986881274,"nombre":"","tipo":"residential","longitud_m":43.1,"lados":[{"lado":"a","orientacion":"occidental","muestra_inicio":8630,"muestra_cantidad":9},{"lado":"b","orientacion":"oriental","muestra_inicio":8639,"muestra_cantidad":9}]},"geometry":{"type":"LineString","coordinates":[[-73.247127,10.475977],[-73.247324,10.476315]]}},{"type":"Feature","properties":{"id":278,"u":986878126,"v":14089116925,"nombre":"Calle 15","tipo":"residential","longitud_m":54.0,"lados":[{"lado":"a","orientacion":"sur","muestra_inicio":8648,"muestra_cantidad":11},{"lado":"b","orientacion":"norte","muestra_inicio":8659,"muestra_cantidad":11}]},"geometry":{"type":"LineString","coordinates":[[-73.247324,10.476315],[-73.247647,10.476074],[-73.247713,10.476014]]}},{"type":"Feature","properties":{"id":279,"u":986878126,"v":986883817,"nombre":"Calle 15","tipo":"residential","longitud_m":43.5,"lados":[{"lado":"a","orientacion":"sur","muestra_inicio":8670,"muestra_cantidad":9},{"lado":"b","orientacion":"norte","muestra_inicio":8679,"muestra_cantidad":9}]},"geometry":{"type":"LineString","coordinates":[[-73.246996,10.476536],[-73.247324,10.476315]]}},{"type":"Feature","properties":{"id":280,"u":986878134,"v":3999555425,"nombre":"Calle 16","tipo":"residential","longitud_m":40.7,"lados":[{"lado":"a","orientacion":"norte","muestra_inicio":8688,"muestra_cantidad":8},{"lado":"b","orientacion":"sur","muestra_inicio":8696,"muestra_cantidad":8}]},"geometry":{"type":"LineString","coordinates":[[-73.241408,10.478929],[-73.24112,10.479162]]}},{"type":"Feature","properties":{"id":281,"u":986878134,"v":3999555427,"nombre":"Carrera 1C","tipo":"residential","longitud_m":72.5,"lados":[{"lado":"a","orientacion":"occidental","muestra_inicio":8704,"muestra_cantidad":14},{"lado":"b","orientacion":"oriental","muestra_inicio":8718,"muestra_cantidad":14}]},"geometry":{"type":"LineString","coordinates":[[-73.24081,10.478583],[-73.24112,10.479162]]}},{"type":"Feature","properties":{"id":282,"u":986878137,"v":986879370,"nombre":"Carrera 11","tipo":"secondary","longitud_m":102.3,"lados":[{"lado":"a","orientacion":"oriental","muestra_inicio":8732,"muestra_cantidad":20},{"lado":"b","orientacion":"occidental","muestra_inicio":8752,"muestra_cantidad":20}]},"geometry":{"type":"LineString","coordinates":[[-73.25025,10.476913],[-73.249731,10.476144]]}},{"type":"Feature","properties":{"id":283,"u":986878137,"v":986881520,"nombre":"Carrera 11","tipo":"secondary","longitud_m":107.5,"lados":[{"lado":"a","orientacion":"oriental","muestra_inicio":8772,"muestra_cantidad":21},{"lado":"b","orientacion":"occidental","muestra_inicio":8793,"muestra_cantidad":21}]},"geometry":{"type":"LineString","coordinates":[[-73.250805,10.477714],[-73.25025,10.476913]]}},{"type":"Feature","properties":{"id":284,"u":986878141,"v":986882748,"nombre":"Calle 13B","tipo":"residential","longitud_m":52.1,"lados":[{"lado":"a","orientacion":"sur","muestra_inicio":8814,"muestra_cantidad":10},{"lado":"b","orientacion":"norte","muestra_inicio":8824,"muestra_cantidad":10}]},"geometry":{"type":"LineString","coordinates":[[-73.24446,10.480701],[-73.244866,10.480455]]}},{"type":"Feature","properties":{"id":285,"u":986878141,"v":986879294,"nombre":"Carrera 4A","tipo":"residential","longitud_m":48.5,"lados":[{"lado":"a","orientacion":"occidental","muestra_inicio":8834,"muestra_cantidad":10},{"lado":"b","orientacion":"oriental","muestra_inicio":8844,"muestra_cantidad":10}]},"geometry":{"type":"LineString","coordinates":[[-73.244767,10.480028],[-73.244829,10.480239],[-73.244866,10.480455]]}},{"type":"Feature","properties":{"id":286,"u":986878161,"v":986883678,"nombre":"Calle 15","tipo":"residential","longitud_m":78.3,"lados":[{"lado":"a","orientacion":"sur","muestra_inicio":8854,"muestra_cantidad":16},{"lado":"b","orientacion":"norte","muestra_inicio":8870,"muestra_cantidad":16}]},"geometry":{"type":"LineString","coordinates":[[-73.248989,10.47509],[-73.249588,10.474703]]}},{"type":"Feature","properties":{"id":287,"u":986878171,"v":986884238,"nombre":"Calle 13B","tipo":"residential","longitud_m":107.8,"lados":[{"lado":"a","orientacion":"norte","muestra_inicio":8886,"muestra_cantidad":22},{"lado":"b","orientacion":"sur","muestra_inicio":8908,"muestra_cantidad":22}]},"geometry":{"type":"LineString","coordinates":[[-73.249552,10.478359],[-73.248679,10.478809]]}},{"type":"Feature","properties":{"id":288,"u":986878171,"v":986878608,"nombre":"Carrera 8","tipo":"tertiary","longitud_m":180.3,"lados":[{"lado":"a","orientacion":"oriental","muestra_inicio":8930,"muestra_cantidad":36},{"lado":"b","orientacion":"occidental","muestra_inicio":8966,"muestra_cantidad":36}]},"geometry":{"type":"LineString","coordinates":[[-73.248679,10.478809],[-73.247711,10.477491]]}},{"type":"Feature","properties":{"id":289,"u":986878608,"v":9252589189,"nombre":"Carrera 8","tipo":"tertiary","longitud_m":72.6,"lados":[{"lado":"a","orientacion":"oriental","muestra_inicio":9002,"muestra_cantidad":15},{"lado":"b","orientacion":"occidental","muestra_inicio":9017,"muestra_cantidad":15}]},"geometry":{"type":"LineString","coordinates":[[-73.247711,10.477491],[-73.247673,10.477443],[-73.247556,10.477282],[-73.247479,10.477175],[-73.247398,10.477063],[-73.247322,10.476959]]}},{"type":"Feature","properties":{"id":290,"u":986878608,"v":986882662,"nombre":"Calle 14","tipo":"residential","longitud_m":120.1,"lados":[{"lado":"a","orientacion":"sur","muestra_inicio":9032,"muestra_cantidad":24},{"lado":"b","orientacion":"norte","muestra_inicio":9056,"muestra_cantidad":24}]},"geometry":{"type":"LineString","coordinates":[[-73.246805,10.478102],[-73.247187,10.477836],[-73.247711,10.477491]]}},{"type":"Feature","properties":{"id":291,"u":986878696,"v":3999508757,"nombre":"Carrera 6","tipo":"residential","longitud_m":72.5,"lados":[{"lado":"a","orientacion":"occidental","muestra_inicio":9080,"muestra_cantidad":14},{"lado":"b","orientacion":"oriental","muestra_inicio":9094,"muestra_cantidad":14}]},"geometry":{"type":"LineString","coordinates":[[-73.242623,10.474168],[-73.242986,10.474717]]}},{"type":"Feature","properties":{"id":292,"u":986878696,"v":986879351,"nombre":"Calle 17","tipo":"tertiary","longitud_m":97.4,"lados":[{"lado":"a","orientacion":"sur","muestra_inicio":9108,"muestra_cantidad":19},{"lado":"b","orientacion":"norte","muestra_inicio":9127,"muestra_cantidad":19}]},"geometry":{"type":"LineString","coordinates":[[-73.242986,10.474717],[-73.243655,10.474265],[-73.24372,10.474221]]}},{"type":"Feature","properties":{"id":293,"u":986878696,"v":3999555420,"nombre":"Carrera 6","tipo":"residential","longitud_m":79.3,"lados":[{"lado":"a","orientacion":"oriental","muestra_inicio":9146,"muestra_cantidad":16},{"lado":"b","orientacion":"occidental","muestra_inicio":9162,"muestra_cantidad":16}]},"geometry":{"type":"LineString","coordinates":[[-73.24339,10.475312],[-73.242986,10.474717]]}},{"type":"Feature","properties":{"id":294,"u":986878793,"v":986885732,"nombre":"Calle 13A","tipo":"residential","longitud_m":146.8,"lados":[{"lado":"a","orientacion":"norte","muestra_inicio":9178,"muestra_cantidad":29},{"lado":"b","orientacion":"sur","muestra_inicio":9207,"muestra_cantidad":29}]},"geometry":{"type":"LineString","coordinates":[[-73.248237,10.47995],[-73.247107,10.480665]]}},{"type":"Feature","properties":{"id":295,"u":986878793,"v":11314507486,"nombre":"Calle 13A","tipo":"residential","longitud_m":98.5,"lados":[{"lado":"a","orientacion":"sur","muestra_inicio":9236,"muestra_cantidad":20},{"lado":"b","orientacion":"norte","muestra_inicio":9256,"muestra_cantidad":20}]},"geometry":{"type":"LineString","coordinates":[[-73.246357,10.481156],[-73.247107,10.480665]]}},{"type":"Feature","properties":{"id":296,"u":986878793,"v":13798775576,"nombre":"Carrera 6","tipo":"residential","longitud_m":57.5,"lados":[{"lado":"a","orientacion":"occidental","muestra_inicio":9276,"muestra_cantidad":11},{"lado":"b","orientacion":"oriental","muestra_inicio":9287,"muestra_cantidad":11}]},"geometry":{"type":"LineString","coordinates":[[-73.246804,10.48024],[-73.247107,10.480665]]}},{"type":"Feature","properties":{"id":297,"u":986878935,"v":9277296869,"nombre":"Calle 18","tipo":"residential","longitud_m":68.0,"lados":[{"lado":"a","orientacion":"norte","muestra_inicio":9298,"muestra_cantidad":14},{"lado":"b","orientacion":"sur","muestra_inicio":9312,"muestra_cantidad":14}]},"geometry":{"type":"LineString","coordinates":[[-73.245955,10.471727],[-73.245442,10.472074]]}},{"type":"Feature","properties":{"id":298,"u":986879003,"v":9252893408,"nombre":"","tipo":"residential","longitud_m":33.6,"lados":[{"lado":"a","orientacion":"sur","muestra_inicio":9326,"muestra_cantidad":7},{"lado":"b","orientacion":"norte","muestra_inicio":9333,"muestra_cantidad":7}]},"geometry":{"type":"LineString","coordinates":[[-73.241921,10.480479],[-73.24217,10.480301]]}},{"type":"Feature","properties":{"id":299,"u":986879146,"v":986882551,"nombre":"","tipo":"residential","longitud_m":57.1,"lados":[{"lado":"a","orientacion":"oriental","muestra_inicio":9340,"muestra_cantidad":11},{"lado":"b","orientacion":"occidental","muestra_inicio":9351,"muestra_cantidad":11}]},"geometry":{"type":"LineString","coordinates":[[-73.238515,10.476869],[-73.238233,10.476434]]}},{"type":"Feature","properties":{"id":300,"u":986879181,"v":986882868,"nombre":"Carrera 11","tipo":"secondary","longitud_m":94.0,"lados":[{"lado":"a","orientacion":"oriental","muestra_inicio":9362,"muestra_cantidad":19},{"lado":"b","orientacion":"occidental","muestra_inicio":9381,"muestra_cantidad":19}]},"geometry":{"type":"LineString","coordinates":[[-73.247855,10.473394],[-73.247381,10.472686]]}},{"type":"Feature","properties":{"id":301,"u":986879181,"v":986879442,"nombre":"Calle 16A","tipo":"residential","longitud_m":124.3,"lados":[{"lado":"a","orientacion":"norte","muestra_inicio":9400,"muestra_cantidad":25},{"lado":"b","orientacion":"sur","muestra_inicio":9425,"muestra_cantidad":25}]},"geometry":{"type":"LineString","coordinates":[[-73.248785,10.47275],[-73.247855,10.473394]]}},{"type":"Feature","properties":{"id":302,"u":986879181,"v":3533653527,"nombre":"Carrera 11","tipo":"secondary","longitud_m":6.1,"lados":[{"lado":"a","orientacion":"oriental","muestra_inicio":9450,"muestra_cantidad":1},{"lado":"b","orientacion":"occidental","muestra_inicio":9451,"muestra_cantidad":1}]},"geometry":{"type":"LineString","coordinates":[[-73.247888,10.473439],[-73.247855,10.473394]]}},{"type":"Feature","properties":{"id":303,"u":986879272,"v":9259688241,"nombre":"Calle 17B","tipo":"residential","longitud_m":46.0,"lados":[{"lado":"a","orientacion":"sur","muestra_inicio":9452,"muestra_cantidad":9},{"lado":"b","orientacion":"norte","muestra_inicio":9461,"muestra_cantidad":9}]},"geometry":{"type":"LineString","coordinates":[[-73.239334,10.47568],[-73.239678,10.475441]]}},{"type":"Feature","properties":{"id":304,"u":986879272,"v":4060090014,"nombre":"Carrera 3","tipo":"residential","longitud_m":90.8,"lados":[{"lado":"a","orientacion":"oriental","muestra_inicio":9470,"muestra_cantidad":18},{"lado":"b","orientacion":"occidental","muestra_inicio":9488,"muestra_cantidad":18}]},"geometry":{"type":"LineString","coordinates":[[-73.240243,10.476043],[-73.239678,10.475441]]}},{"type":"Feature","properties":{"id":305,"u":986879272,"v":3999500269,"nombre":"Carrera 3","tipo":"residential","longitud_m":124.3,"lados":[{"lado":"a","orientacion":"occidental","muestra_inicio":9506,"muestra_cantidad":25},{"lado":"b","orientacion":"oriental","muestra_inicio":9531,"muestra_cantidad":25}]},"geometry":{"type":"LineString","coordinates":[[-73.239009,10.474533],[-73.239678,10.475441]]}},{"type":"Feature","properties":{"id":306,"u":986879272,"v":4060089992,"nombre":"","tipo":"path","longitud_m":74.2,"lados":[{"lado":"a","orientacion":"sur","muestra_inicio":9556,"muestra_cantidad":15},{"lado":"b","orientacion":"norte","muestra_inicio":9571,"muestra_cantidad":15}]},"geometry":{"type":"LineString","coordinates":[[-73.239069,10.475149],[-73.23927,10.475255],[-73.239678,10.475441]]}},{"type":"Feature","properties":{"id":307,"u":986879294,"v":11269909022,"nombre":"Carrera 4A","tipo":"residential","longitud_m":66.9,"lados":[{"lado":"a","orientacion":"occidental","muestra_inicio":9586,"muestra_cantidad":13},{"lado":"b","orientacion":"oriental","muestra_inicio":9599,"muestra_cantidad":13}]},"geometry":{"type":"LineString","coordinates":[[-73.244474,10.4795],[-73.244642,10.479753],[-73.244767,10.480028]]}},{"type":"Feature","properties":{"id":308,"u":986879351,"v":986884454,"nombre":"Carrera 7","tipo":"residential","longitud_m":58.2,"lados":[{"lado":"a","orientacion":"occidental","muestra_inicio":9612,"muestra_cantidad":12},{"lado":"b","orientacion":"oriental","muestra_inicio":9624,"muestra_cantidad":12}]},"geometry":{"type":"LineString","coordinates":[[-73.24372,10.474221],[-73.243733,10.474287],[-73.244011,10.474654]]}},{"type":"Feature","properties":{"id":309,"u":986879351,"v":998847375,"nombre":"Carrera 7A","tipo":"tertiary","longitud_m":106.3,"lados":[{"lado":"a","orientacion":"occidental","muestra_inicio":9636,"muestra_cantidad":21},{"lado":"b","orientacion":"oriental","muestra_inicio":9657,"muestra_cantidad":21}]},"geometry":{"type":"LineString","coordinates":[[-73.243682,10.473261],[-73.243718,10.474143],[-73.24372,10.474221]]}},{"type":"Feature","properties":{"id":310,"u":986879360,"v":9252893406,"nombre":"Calle 13B","tipo":"residential","longitud_m":3.4,"lados":[{"lado":"a","orientacion":"sur","muestra_inicio":9678,"muestra_cantidad":1},{"lado":"b","orientacion":"norte","muestra_inicio":9679,"muestra_cantidad":1}]},"geometry":{"type":"LineString","coordinates":[[-73.24394,10.480994],[-73.243966,10.480977]]}},{"type":"Feature","properties":{"id":311,"u":986879360,"v":9252893403,"nombre":"Calle 13B","tipo":"residential","longitud_m":44.1,"lados":[{"lado":"a","orientacion":"norte","muestra_inicio":9680,"muestra_cantidad":9},{"lado":"b","orientacion":"sur","muestra_inicio":9689,"muestra_cantidad":9}]},"geometry":{"type":"LineString","coordinates":[[-73.244317,10.480782],[-73.243966,10.480977]]}},{"type":"Feature","properties":{"id":312,"u":986879370,"v":9252589191,"nombre":"Carrera 11","tipo":"secondary","longitud_m":81.7,"lados":[{"lado":"a","orientacion":"oriental","muestra_inicio":9698,"muestra_cantidad":16},{"lado":"b","orientacion":"occidental","muestra_inicio":9714,"muestra_cantidad":16}]},"geometry":{"type":"LineString","coordinates":[[-73.249731,10.476144],[-73.249306,10.475537]]}},{"type":"Feature","properties":{"id":313,"u":986879370,"v":986885974,"nombre":"Calle 14","tipo":"residential","longitud_m":8.3,"lados":[{"lado":"a","orientacion":"sur","muestra_inicio":9730,"muestra_cantidad":2},{"lado":"b","orientacion":"norte","muestra_inicio":9732,"muestra_cantidad":2}]},"geometry":{"type":"LineString","coordinates":[[-73.249668,10.476186],[-73.249731,10.476144]]}},{"type":"Feature","properties":{"id":314,"u":986879530,"v":4060090014,"nombre":"Calle 17A","tipo":"residential","longitud_m":68.4,"lados":[{"lado":"a","orientacion":"sur","muestra_inicio":9734,"muestra_cantidad":14},{"lado":"b","orientacion":"norte","muestra_inicio":9748,"muestra_cantidad":14}]},"geometry":{"type":"LineString","coordinates":[[-73.240243,10.476043],[-73.240726,10.475651]]}},{"type":"Feature","properties":{"id":315,"u":986879530,"v":986880753,"nombre":"Carrera 4","tipo":"secondary","longitud_m":63.4,"lados":[{"lado":"a","orientacion":"occidental","muestra_inicio":9762,"muestra_cantidad":13},{"lado":"b","orientacion":"oriental","muestra_inicio":9775,"muestra_cantidad":13}]},"geometry":{"type":"LineString","coordinates":[[-73.240726,10.475651],[-73.241111,10.476079]]}},{"type":"Feature","properties":{"id":316,"u":986879657,"v":13352357031,"nombre":"Carrera 6","tipo":"residential","longitud_m":130.5,"lados":[{"lado":"a","orientacion":"occidental","muestra_inicio":9788,"muestra_cantidad":26},{"lado":"b","orientacion":"oriental","muestra_inicio":9814,"muestra_cantidad":26}]},"geometry":{"type":"LineString","coordinates":[[-73.245103,10.477802],[-73.245782,10.478771]]}},{"type":"Feature","properties":{"id":317,"u":986879657,"v":986886009,"nombre":"Calle 14","tipo":"residential","longitud_m":83.4,"lados":[{"lado":"a","orientacion":"sur","muestra_inicio":9840,"muestra_cantidad":17},{"lado":"b","orientacion":"norte","muestra_inicio":9857,"muestra_cantidad":17}]},"geometry":{"type":"LineString","coordinates":[[-73.24511,10.479128],[-73.245782,10.478771]]}},{"type":"Feature","properties":{"id":318,"u":986879657,"v":9252643268,"nombre":"Calle 14","tipo":"residential","longitud_m":45.4,"lados":[{"lado":"a","orientacion":"norte","muestra_inicio":9874,"muestra_cantidad":9},{"lado":"b","orientacion":"sur","muestra_inicio":9883,"muestra_cantidad":9}]},"geometry":{"type":"LineString","coordinates":[[-73.246142,10.478568],[-73.245782,10.478771]]}},{"type":"Feature","properties":{"id":319,"u":986879729,"v":986881274,"nombre":"","tipo":"residential","longitud_m":48.0,"lados":[{"lado":"a","orientacion":"sur","muestra_inicio":9892,"muestra_cantidad":10},{"lado":"b","orientacion":"norte","muestra_inicio":9902,"muestra_cantidad":10}]},"geometry":{"type":"LineString","coordinates":[[-73.246762,10.476218],[-73.247127,10.475977]]}},{"type":"Feature","properties":{"id":320,"u":986879729,"v":986883817,"nombre":"Carrera 8","tipo":"tertiary","longitud_m":43.5,"lados":[{"lado":"a","orientacion":"oriental","muestra_inicio":9912,"muestra_cantidad":9},{"lado":"b","orientacion":"occidental","muestra_inicio":9921,"muestra_cantidad":9}]},"geometry":{"type":"LineString","coordinates":[[-73.246996,10.476536],[-73.246762,10.476218]]}},{"type":"Feature","properties":{"id":321,"u":986879773,"v":986886405,"nombre":"Calle 16","tipo":"residential","longitud_m":57.4,"lados":[{"lado":"a","orientacion":"norte","muestra_inicio":9930,"muestra_cantidad":11},{"lado":"b","orientacion":"sur","muestra_inicio":9941,"muestra_cantidad":11}]},"geometry":{"type":"LineString","coordinates":[[-73.247894,10.474684],[-73.247453,10.474965]]}},{"type":"Feature","properties":{"id":322,"u":986879796,"v":986880559,"nombre":"Carrera 4","tipo":"secondary","longitud_m":217.1,"lados":[{"lado":"a","orientacion":"oriental","muestra_inicio":9952,"muestra_cantidad":43},{"lado":"b","orientacion":"occidental","muestra_inicio":9995,"muestra_cantidad":43}]},"geometry":{"type":"LineString","coordinates":[[-73.240256,10.475002],[-73.239062,10.473435]]}},{"type":"Feature","properties":{"id":323,"u":986879796,"v":9252848386,"nombre":"Calle 17B","tipo":"residential","longitud_m":146.0,"lados":[{"lado":"a","orientacion":"norte","muestra_inicio":10038,"muestra_cantidad":29},{"lado":"b","orientacion":"sur","muestra_inicio":10067,"muestra_cantidad":29}]},"geometry":{"type":"LineString","coordinates":[[-73.241309,10.474192],[-73.240256,10.475002]]}},{"type":"Feature","properties":{"id":324,"u":986879818,"v":4060090073,"nombre":"Calle 13C","tipo":"residential","longitud_m":52.5,"lados":[{"lado":"a","orientacion":"norte","muestra_inicio":10096,"muestra_cantidad":10},{"lado":"b","orientacion":"sur","muestra_inicio":10106,"muestra_cantidad":10}]},"geometry":{"type":"LineString","coordinates":[[-73.247199,10.4786],[-73.246815,10.478884]]}},{"type":"Feature","properties":{"id":325,"u":986879818,"v":3999654575,"nombre":"Carrera 6A","tipo":"residential","longitud_m":70.0,"lados":[{"lado":"a","orientacion":"occidental","muestra_inicio":10116,"muestra_cantidad":14},{"lado":"b","orientacion":"oriental","muestra_inicio":10130,"muestra_cantidad":14}]},"geometry":{"type":"LineString","coordinates":[[-73.246422,10.478385],[-73.246815,10.478884]]}},{"type":"Feature","properties":{"id":326,"u":986879818,"v":3999654574,"nombre":"Carrera 6A","tipo":"residential","longitud_m":81.8,"lados":[{"lado":"a","orientacion":"oriental","muestra_inicio":10144,"muestra_cantidad":16},{"lado":"b","orientacion":"occidental","muestra_inicio":10160,"muestra_cantidad":16}]},"geometry":{"type":"LineString","coordinates":[[-73.247255,10.47948],[-73.247061,10.479184],[-73.246815,10.478884]]}},{"type":"Feature","properties":{"id":327,"u":986880005,"v":986881589,"nombre":"Calle 16B","tipo":"residential","longitud_m":83.5,"lados":[{"lado":"a","orientacion":"norte","muestra_inicio":10176,"muestra_cantidad":17},{"lado":"b","orientacion":"sur","muestra_inicio":10193,"muestra_cantidad":17}]},"geometry":{"type":"LineString","coordinates":[[-73.245514,10.474397],[-73.244905,10.474851]]}},{"type":"Feature","properties":{"id":328,"u":986880005,"v":986880433,"nombre":"Carrera 8","tipo":"tertiary","longitud_m":70.7,"lados":[{"lado":"a","orientacion":"oriental","muestra_inicio":10210,"muestra_cantidad":14},{"lado":"b","orientacion":"occidental","muestra_inicio":10224,"muestra_cantidad":14}]},"geometry":{"type":"LineString","coordinates":[[-73.245514,10.474397],[-73.245154,10.473866]]}},{"type":"Feature","properties":{"id":329,"u":986880248,"v":986888728,"nombre":"Calle 13B","tipo":"residential","longitud_m":55.8,"lados":[{"lado":"a","orientacion":"sur","muestra_inicio":10238,"muestra_cantidad":11},{"lado":"b","orientacion":"norte","muestra_inicio":10249,"muestra_cantidad":11}]},"geometry":{"type":"LineString","coordinates":[[-73.250311,10.477987],[-73.25076,10.477747]]}},{"type":"Feature","properties":{"id":330,"u":986880248,"v":986881520,"nombre":"Calle 13B","tipo":"residential","longitud_m":6.2,"lados":[{"lado":"a","orientacion":"norte","muestra_inicio":10260,"muestra_cantidad":1},{"lado":"b","orientacion":"sur","muestra_inicio":10261,"muestra_cantidad":1}]},"geometry":{"type":"LineString","coordinates":[[-73.250805,10.477714],[-73.25076,10.477747]]}},{"type":"Feature","properties":{"id":331,"u":986880248,"v":986881195,"nombre":"Carrera 11","tipo":"secondary","longitud_m":64.8,"lados":[{"lado":"a","orientacion":"occidental","muestra_inicio":10262,"muestra_cantidad":13},{"lado":"b","orientacion":"oriental","muestra_inicio":10275,"muestra_cantidad":13}]},"geometry":{"type":"LineString","coordinates":[[-73.25076,10.477747],[-73.2511,10.478225]]}},{"type":"Feature","properties":{"id":332,"u":986880263,"v":986882954,"nombre":"Carrera 4A","tipo":"residential","longitud_m":71.9,"lados":[{"lado":"a","orientacion":"oriental","muestra_inicio":10288,"muestra_cantidad":14},{"lado":"b","orientacion":"occidental","muestra_inicio":10302,"muestra_cantidad":14}]},"geometry":{"type":"LineString","coordinates":[[-73.246685,10.483111],[-73.246344,10.482555]]}},{"type":"Feature","properties":{"id":333,"u":986880263,"v":4060090114,"nombre":"Calle 15 #6-12","tipo":"residential","longitud_m":6.6,"lados":[{"lado":"a","orientacion":"sur","muestra_inicio":10316,"muestra_cantidad":1},{"lado":"b","orientacion":"norte","muestra_inicio":10317,"muestra_cantidad":1}]},"geometry":{"type":"LineString","coordinates":[[-73.246344,10.482555],[-73.246393,10.48252]]}},{"type":"Feature","properties":{"id":334,"u":986880263,"v":9252893405,"nombre":"Calle 15 #6-12","tipo":"residential","longitud_m":65.6,"lados":[{"lado":"a","orientacion":"sur","muestra_inicio":10318,"muestra_cantidad":13},{"lado":"b","orientacion":"norte","muestra_inicio":10331,"muestra_cantidad":13}]},"geometry":{"type":"LineString","coordinates":[[-73.245854,10.482895],[-73.246344,10.482555]]}},{"type":"Feature","properties":{"id":335,"u":986880472,"v":3999508757,"nombre":"Carrera 6","tipo":"residential","longitud_m":113.2,"lados":[{"lado":"a","orientacion":"oriental","muestra_inicio":10344,"muestra_cantidad":23},{"lado":"b","orientacion":"occidental","muestra_inicio":10367,"muestra_cantidad":23}]},"geometry":{"type":"LineString","coordinates":[[-73.242623,10.474168],[-73.242057,10.473312]]}},{"type":"Feature","properties":{"id":336,"u":986880549,"v":10873705471,"nombre":"Carrera 4","tipo":"secondary","longitud_m":72.4,"lados":[{"lado":"a","orientacion":"oriental","muestra_inicio":10390,"muestra_cantidad":14},{"lado":"b","orientacion":"occidental","muestra_inicio":10404,"muestra_cantidad":14}]},"geometry":{"type":"LineString","coordinates":[[-73.242532,10.477512],[-73.242515,10.477458],[-73.242418,10.477355],[-73.242094,10.47703]]}},{"type":"Feature","properties":{"id":337,"u":986880559,"v":9252848389,"nombre":"Calle 18A","tipo":"residential","longitud_m":172.3,"lados":[{"lado":"a","orientacion":"norte","muestra_inicio":10418,"muestra_cantidad":34},{"lado":"b","orientacion":"sur","muestra_inicio":10452,"muestra_cantidad":34}]},"geometry":{"type":"LineString","coordinates":[[-73.240632,10.473386],[-73.240602,10.473373],[-73.239062,10.473435]]}},{"type":"Feature","properties":{"id":338,"u":986880608,"v":7647140279,"nombre":"","tipo":"service","longitud_m":84.4,"lados":[{"lado":"a","orientacion":"occidental","muestra_inicio":10486,"muestra_cantidad":17},{"lado":"b","orientacion":"oriental","muestra_inicio":10503,"muestra_cantidad":17}]},"geometry":{"type":"LineString","coordinates":[[-73.24321,10.477734],[-73.243229,10.477758],[-73.243379,10.478005],[-73.243358,10.478047],[-73.243046,10.478297]]}},{"type":"Feature","properties":{"id":339,"u":986880644,"v":986882742,"nombre":"Carrera 9","tipo":"tertiary","longitud_m":95.0,"lados":[{"lado":"a","orientacion":"occidental","muestra_inicio":10520,"muestra_cantidad":19},{"lado":"b","orientacion":"oriental","muestra_inicio":10539,"muestra_cantidad":19}]},"geometry":{"type":"LineString","coordinates":[[-73.244917,10.472426],[-73.24545,10.473104]]}},{"type":"Feature","properties":{"id":340,"u":986880644,"v":9277296869,"nombre":"Calle 18","tipo":"residential","longitud_m":69.4,"lados":[{"lado":"a","orientacion":"norte","muestra_inicio":10558,"muestra_cantidad":14},{"lado":"b","orientacion":"sur","muestra_inicio":10572,"muestra_cantidad":14}]},"geometry":{"type":"LineString","coordinates":[[-73.245442,10.472074],[-73.244917,10.472426]]}},{"type":"Feature","properties":{"id":341,"u":986880697,"v":986884848,"nombre":"","tipo":"residential","longitud_m":38.8,"lados":[{"lado":"a","orientacion":"oriental","muestra_inicio":10586,"muestra_cantidad":8},{"lado":"b","orientacion":"occidental","muestra_inicio":10594,"muestra_cantidad":8}]},"geometry":{"type":"LineString","coordinates":[[-73.239296,10.476134],[-73.239104,10.475839]]}},{"type":"Feature","properties":{"id":342,"u":986880697,"v":3999500266,"nombre":"","tipo":"residential","longitud_m":102.6,"lados":[{"lado":"a","orientacion":"occidental","muestra_inicio":10602,"muestra_cantidad":21},{"lado":"b","orientacion":"oriental","muestra_inicio":10623,"muestra_cantidad":21}]},"geometry":{"type":"LineString","coordinates":[[-73.238631,10.475038],[-73.239104,10.475839]]}},{"type":"Feature","properties":{"id":343,"u":986880697,"v":2749649310,"nombre":"Calle 17B","tipo":"residential","longitud_m":37.6,"lados":[{"lado":"a","orientacion":"sur","muestra_inicio":10644,"muestra_cantidad":8},{"lado":"b","orientacion":"norte","muestra_inicio":10652,"muestra_cantidad":8}]},"geometry":{"type":"LineString","coordinates":[[-73.238821,10.47603],[-73.239104,10.475839]]}},{"type":"Feature","properties":{"id":344,"u":986880697,"v":9259688241,"nombre":"Calle 17B","tipo":"residential","longitud_m":30.7,"lados":[{"lado":"a","orientacion":"norte","muestra_inicio":10660,"muestra_cantidad":6},{"lado":"b","orientacion":"sur","muestra_inicio":10666,"muestra_cantidad":6}]},"geometry":{"type":"LineString","coordinates":[[-73.239334,10.47568],[-73.239104,10.475839]]}},{"type":"Feature","properties":{"id":345,"u":986880697,"v":4060089992,"nombre":"","tipo":"path","longitud_m":76.4,"lados":[{"lado":"a","orientacion":"occidental","muestra_inicio":10672,"muestra_cantidad":15},{"lado":"b","orientacion":"oriental","muestra_inicio":10687,"muestra_cantidad":15}]},"geometry":{"type":"LineString","coordinates":[[-73.239069,10.475149],[-73.239104,10.475839]]}},{"type":"Feature","properties":{"id":346,"u":986880753,"v":4060090014,"nombre":"Calle 17 / Carrera 3","tipo":"residential","longitud_m":127.0,"lados":[{"lado":"a","orientacion":"sur","muestra_inicio":10702,"muestra_cantidad":25},{"lado":"b","orientacion":"norte","muestra_inicio":10727,"muestra_cantidad":25}]},"geometry":{"type":"LineString","coordinates":[[-73.240243,10.476043],[-73.240547,10.476408],[-73.240614,10.476426],[-73.240686,10.476405],[-73.241111,10.476079]]}},{"type":"Feature","properties":{"id":347,"u":986880760,"v":986882060,"nombre":"Carrera 1C","tipo":"residential","longitud_m":55.4,"lados":[{"lado":"a","orientacion":"oriental","muestra_inicio":10752,"muestra_cantidad":11},{"lado":"b","orientacion":"occidental","muestra_inicio":10763,"muestra_cantidad":11}]},"geometry":{"type":"LineString","coordinates":[[-73.241814,10.48058],[-73.241525,10.480168]]}},{"type":"Feature","properties":{"id":348,"u":986880760,"v":4060090091,"nombre":"Carrera 1C","tipo":"residential","longitud_m":63.2,"lados":[{"lado":"a","orientacion":"occidental","muestra_inicio":10774,"muestra_cantidad":13},{"lado":"b","orientacion":"oriental","muestra_inicio":10787,"muestra_cantidad":13}]},"geometry":{"type":"LineString","coordinates":[[-73.241223,10.479682],[-73.241434,10.480041],[-73.241525,10.480168]]}},{"type":"Feature","properties":{"id":349,"u":986880813,"v":4060090105,"nombre":"Carrera 2","tipo":"residential","longitud_m":108.3,"lados":[{"lado":"a","orientacion":"oriental","muestra_inicio":10800,"muestra_cantidad":22},{"lado":"b","orientacion":"occidental","muestra_inicio":10822,"muestra_cantidad":22}]},"geometry":{"type":"LineString","coordinates":[[-73.243044,10.481474],[-73.242597,10.4806]]}},{"type":"Feature","properties":{"id":350,"u":986880813,"v":9252893407,"nombre":"Calle 14","tipo":"residential","longitud_m":54.8,"lados":[{"lado":"a","orientacion":"sur","muestra_inicio":10844,"muestra_cantidad":11},{"lado":"b","orientacion":"norte","muestra_inicio":10855,"muestra_cantidad":11}]},"geometry":{"type":"LineString","coordinates":[[-73.242169,10.480857],[-73.242597,10.4806]]}},{"type":"Feature","properties":{"id":351,"u":986880813,"v":4042750071,"nombre":"Calle 14","tipo":"residential","longitud_m":47.7,"lados":[{"lado":"a","orientacion":"norte","muestra_inicio":10866,"muestra_cantidad":10},{"lado":"b","orientacion":"sur","muestra_inicio":10876,"muestra_cantidad":10}]},"geometry":{"type":"LineString","coordinates":[[-73.24298,10.480395],[-73.242597,10.4806]]}},{"type":"Feature","properties":{"id":352,"u":986881151,"v":3533653501,"nombre":"Calle 19A","tipo":"residential","longitud_m":99.5,"lados":[{"lado":"a","orientacion":"norte","muestra_inicio":10886,"muestra_cantidad":20},{"lado":"b","orientacion":"sur","muestra_inicio":10906,"muestra_cantidad":20}]},"geometry":{"type":"LineString","coordinates":[[-73.243579,10.471577],[-73.243379,10.471549],[-73.243166,10.471565],[-73.242676,10.471624]]}},{"type":"Feature","properties":{"id":353,"u":986882060,"v":9252893408,"nombre":"","tipo":"residential","longitud_m":16.2,"lados":[{"lado":"a","orientacion":"norte","muestra_inicio":10926,"muestra_cantidad":3},{"lado":"b","orientacion":"sur","muestra_inicio":10929,"muestra_cantidad":3}]},"geometry":{"type":"LineString","coordinates":[[-73.241921,10.480479],[-73.241814,10.48058]]}},{"type":"Feature","properties":{"id":354,"u":986882183,"v":986884717,"nombre":"Carrera 4","tipo":"secondary","longitud_m":42.7,"lados":[{"lado":"a","orientacion":"oriental","muestra_inicio":10932,"muestra_cantidad":9},{"lado":"b","orientacion":"occidental","muestra_inicio":10941,"muestra_cantidad":9}]},"geometry":{"type":"LineString","coordinates":[[-73.245248,10.482003],[-73.245051,10.48167]]}},{"type":"Feature","properties":{"id":355,"u":986882183,"v":986882748,"nombre":"Carrera 4","tipo":"secondary","longitud_m":125.2,"lados":[{"lado":"a","orientacion":"occidental","muestra_inicio":10950,"muestra_cantidad":25},{"lado":"b","orientacion":"oriental","muestra_inicio":10975,"muestra_cantidad":25}]},"geometry":{"type":"LineString","coordinates":[[-73.24446,10.480701],[-73.245051,10.48167]]}},{"type":"Feature","properties":{"id":356,"u":986882307,"v":3999508757,"nombre":"Calle 17A","tipo":"residential","longitud_m":88.2,"lados":[{"lado":"a","orientacion":"sur","muestra_inicio":11000,"muestra_cantidad":18},{"lado":"b","orientacion":"norte","muestra_inicio":11018,"muestra_cantidad":18}]},"geometry":{"type":"LineString","coordinates":[[-73.242623,10.474168],[-73.24325,10.473667]]}},{"type":"Feature","properties":{"id":357,"u":986882307,"v":13411373806,"nombre":"","tipo":"residential","longitud_m":52.5,"lados":[{"lado":"a","orientacion":"occidental","muestra_inicio":11036,"muestra_cantidad":10},{"lado":"b","orientacion":"oriental","muestra_inicio":11046,"muestra_cantidad":10}]},"geometry":{"type":"LineString","coordinates":[[-73.242957,10.473292],[-73.24325,10.473667]]}},{"type":"Feature","properties":{"id":358,"u":986882307,"v":13411373810,"nombre":"Callejón del Jala Jala","tipo":"pedestrian","longitud_m":66.8,"lados":[{"lado":"a","orientacion":"oriental","muestra_inicio":11056,"muestra_cantidad":13},{"lado":"b","orientacion":"occidental","muestra_inicio":11069,"muestra_cantidad":13}]},"geometry":{"type":"LineString","coordinates":[[-73.243612,10.474153],[-73.24325,10.473667]]}},{"type":"Feature","properties":{"id":359,"u":986882427,"v":4060090031,"nombre":"","tipo":"residential","longitud_m":101.4,"lados":[{"lado":"a","orientacion":"sur","muestra_inicio":11082,"muestra_cantidad":20},{"lado":"b","orientacion":"norte","muestra_inicio":11102,"muestra_cantidad":20}]},"geometry":{"type":"LineString","coordinates":[[-73.241083,10.476787],[-73.241346,10.476977],[-73.241544,10.477151],[-73.241719,10.477254],[-73.241804,10.477354]]}},{"type":"Feature","properties":{"id":360,"u":986882551,"v":7647116682,"nombre":"","tipo":"residential","longitud_m":25.6,"lados":[{"lado":"a","orientacion":"oriental","muestra_inicio":11122,"muestra_cantidad":5},{"lado":"b","orientacion":"occidental","muestra_inicio":11127,"muestra_cantidad":5}]},"geometry":{"type":"LineString","coordinates":[[-73.238634,10.477068],[-73.238515,10.476869]]}},{"type":"Feature","properties":{"id":361,"u":986882551,"v":3999508759,"nombre":"Calle 17A","tipo":"path","longitud_m":36.9,"lados":[{"lado":"a","orientacion":"sur","muestra_inicio":11132,"muestra_cantidad":7},{"lado":"b","orientacion":"norte","muestra_inicio":11139,"muestra_cantidad":7}]},"geometry":{"type":"LineString","coordinates":[[-73.238211,10.477014],[-73.238515,10.476869]]}},{"type":"Feature","properties":{"id":362,"u":986882662,"v":4060090073,"nombre":"Carrera 7","tipo":"residential","longitud_m":70.0,"lados":[{"lado":"a","orientacion":"occidental","muestra_inicio":11146,"muestra_cantidad":14},{"lado":"b","orientacion":"oriental","muestra_inicio":11160,"muestra_cantidad":14}]},"geometry":{"type":"LineString","coordinates":[[-73.246805,10.478102],[-73.247199,10.4786]]}},{"type":"Feature","properties":{"id":363,"u":986882662,"v":3999654575,"nombre":"Calle 14","tipo":"residential","longitud_m":52.3,"lados":[{"lado":"a","orientacion":"sur","muestra_inicio":11174,"muestra_cantidad":10},{"lado":"b","orientacion":"norte","muestra_inicio":11184,"muestra_cantidad":10}]},"geometry":{"type":"LineString","coordinates":[[-73.246422,10.478385],[-73.246805,10.478102]]}},{"type":"Feature","properties":{"id":364,"u":986882742,"v":9277296868,"nombre":"Calle 17","tipo":"tertiary","longitud_m":63.8,"lados":[{"lado":"a","orientacion":"sur","muestra_inicio":11194,"muestra_cantidad":13},{"lado":"b","orientacion":"norte","muestra_inicio":11207,"muestra_cantidad":13}]},"geometry":{"type":"LineString","coordinates":[[-73.24545,10.473104],[-73.245931,10.472779]]}},{"type":"Feature","properties":{"id":365,"u":986882748,"v":9252951404,"nombre":"Carrera 4","tipo":"secondary","longitud_m":115.2,"lados":[{"lado":"a","orientacion":"occidental","muestra_inicio":11220,"muestra_cantidad":23},{"lado":"b","orientacion":"oriental","muestra_inicio":11243,"muestra_cantidad":23}]},"geometry":{"type":"LineString","coordinates":[[-73.243931,10.4798],[-73.24446,10.480701]]}},{"type":"Feature","properties":{"id":366,"u":986882748,"v":9252893403,"nombre":"Calle 13B","tipo":"residential","longitud_m":18.0,"lados":[{"lado":"a","orientacion":"sur","muestra_inicio":11266,"muestra_cantidad":4},{"lado":"b","orientacion":"norte","muestra_inicio":11270,"muestra_cantidad":4}]},"geometry":{"type":"LineString","coordinates":[[-73.244317,10.480782],[-73.24446,10.480701]]}},{"type":"Feature","properties":{"id":367,"u":986882868,"v":9282332649,"nombre":"Calle 18B","tipo":"residential","longitud_m":9.1,"lados":[{"lado":"a","orientacion":"oriental","muestra_inicio":11274,"muestra_cantidad":2},{"lado":"b","orientacion":"occidental","muestra_inicio":11276,"muestra_cantidad":2}]},"geometry":{"type":"LineString","coordinates":[[-73.247322,10.472744],[-73.247357,10.472707],[-73.247381,10.472686]]}},{"type":"Feature","properties":{"id":368,"u":986882954,"v":4060090117,"nombre":"Calle 12","tipo":"tertiary","longitud_m":7.5,"lados":[{"lado":"a","orientacion":"sur","muestra_inicio":11278,"muestra_cantidad":1},{"lado":"b","orientacion":"norte","muestra_inicio":11279,"muestra_cantidad":1}]},"geometry":{"type":"LineString","coordinates":[[-73.24663,10.48315],[-73.246685,10.483111]]}},{"type":"Feature","properties":{"id":369,"u":986883181,"v":4060090019,"nombre":"Carrera 6","tipo":"residential","longitud_m":86.4,"lados":[{"lado":"a","orientacion":"oriental","muestra_inicio":11280,"muestra_cantidad":17},{"lado":"b","orientacion":"occidental","muestra_inicio":11297,"muestra_cantidad":17}]},"geometry":{"type":"LineString","coordinates":[[-73.244491,10.476943],[-73.244075,10.476279]]}},{"type":"Feature","properties":{"id":370,"u":986883181,"v":13352355926,"nombre":"Carrera 6","tipo":"residential","longitud_m":110.0,"lados":[{"lado":"a","orientacion":"oriental","muestra_inicio":11314,"muestra_cantidad":22},{"lado":"b","orientacion":"occidental","muestra_inicio":11336,"muestra_cantidad":22}]},"geometry":{"type":"LineString","coordinates":[[-73.245088,10.477743],[-73.244491,10.476943]]}},{"type":"Feature","properties":{"id":371,"u":986883181,"v":1754385479,"nombre":"Calle 16","tipo":"residential","longitud_m":78.7,"lados":[{"lado":"a","orientacion":"norte","muestra_inicio":11358,"muestra_cantidad":16},{"lado":"b","orientacion":"sur","muestra_inicio":11374,"muestra_cantidad":16}]},"geometry":{"type":"LineString","coordinates":[[-73.244491,10.476943],[-73.244465,10.476959],[-73.244027,10.477232],[-73.243883,10.477323]]}},{"type":"Feature","properties":{"id":372,"u":986883280,"v":986889047,"nombre":"","tipo":"residential","longitud_m":113.6,"lados":[{"lado":"a","orientacion":"oriental","muestra_inicio":11390,"muestra_cantidad":23},{"lado":"b","orientacion":"occidental","muestra_inicio":11413,"muestra_cantidad":23}]},"geometry":{"type":"LineString","coordinates":[[-73.242879,10.479202],[-73.242313,10.478342]]}},{"type":"Feature","properties":{"id":373,"u":986883280,"v":986888514,"nombre":"Calle 16","tipo":"residential","longitud_m":83.1,"lados":[{"lado":"a","orientacion":"sur","muestra_inicio":11436,"muestra_cantidad":17},{"lado":"b","orientacion":"norte","muestra_inicio":11453,"muestra_cantidad":17}]},"geometry":{"type":"LineString","coordinates":[[-73.241675,10.478748],[-73.242313,10.478342]]}},{"type":"Feature","properties":{"id":374,"u":986883678,"v":9252589191,"nombre":"Carrera 11","tipo":"secondary","longitud_m":60.4,"lados":[{"lado":"a","orientacion":"oriental","muestra_inicio":11470,"muestra_cantidad":12},{"lado":"b","orientacion":"occidental","muestra_inicio":11482,"muestra_cantidad":12}]},"geometry":{"type":"LineString","coordinates":[[-73.249306,10.475537],[-73.248989,10.47509]]}},{"type":"Feature","properties":{"id":375,"u":986883817,"v":9252589189,"nombre":"Carrera 8","tipo":"tertiary","longitud_m":58.9,"lados":[{"lado":"a","orientacion":"oriental","muestra_inicio":11494,"muestra_cantidad":12},{"lado":"b","orientacion":"occidental","muestra_inicio":11506,"muestra_cantidad":12}]},"geometry":{"type":"LineString","coordinates":[[-73.247322,10.476959],[-73.2473,10.476929],[-73.247187,10.476773],[-73.246996,10.476536]]}},{"type":"Feature","properties":{"id":376,"u":986884238,"v":986888728,"nombre":"Calle 13B","tipo":"residential","longitud_m":92.8,"lados":[{"lado":"a","orientacion":"norte","muestra_inicio":11518,"muestra_cantidad":19},{"lado":"b","orientacion":"sur","muestra_inicio":11537,"muestra_cantidad":19}]},"geometry":{"type":"LineString","coordinates":[[-73.250311,10.477987],[-73.249552,10.478359]]}},{"type":"Feature","properties":{"id":377,"u":986884238,"v":986886644,"nombre":"Carrera 9","tipo":"tertiary","longitud_m":82.4,"lados":[{"lado":"a","orientacion":"occidental","muestra_inicio":11556,"muestra_cantidad":16},{"lado":"b","orientacion":"oriental","muestra_inicio":11572,"muestra_cantidad":16}]},"geometry":{"type":"LineString","coordinates":[[-73.249552,10.478359],[-73.250011,10.47895]]}},{"type":"Feature","properties":{"id":378,"u":986884340,"v":9252848388,"nombre":"Calle 18B","tipo":"residential","longitud_m":14.5,"lados":[{"lado":"a","orientacion":"sur","muestra_inicio":11588,"muestra_cantidad":3},{"lado":"b","orientacion":"norte","muestra_inicio":11591,"muestra_cantidad":3}]},"geometry":{"type":"LineString","coordinates":[[-73.240144,10.472621],[-73.240276,10.472615]]}},{"type":"Feature","properties":{"id":379,"u":986884454,"v":3999555420,"nombre":"","tipo":"residential","longitud_m":99.7,"lados":[{"lado":"a","orientacion":"oriental","muestra_inicio":11594,"muestra_cantidad":20},{"lado":"b","orientacion":"occidental","muestra_inicio":11614,"muestra_cantidad":20}]},"geometry":{"type":"LineString","coordinates":[[-73.24339,10.475312],[-73.243683,10.47497],[-73.244011,10.474654]]}},{"type":"Feature","properties":{"id":380,"u":986884717,"v":9252893405,"nombre":"Carrera 4","tipo":"secondary","longitud_m":118.9,"lados":[{"lado":"a","orientacion":"oriental","muestra_inicio":11634,"muestra_cantidad":24},{"lado":"b","orientacion":"occidental","muestra_inicio":11658,"muestra_cantidad":24}]},"geometry":{"type":"LineString","coordinates":[[-73.245854,10.482895],[-73.245692,10.482651],[-73.245248,10.482003]]}},{"type":"Feature","properties":{"id":381,"u":986884717,"v":12697598737,"nombre":"Calle 13A","tipo":"residential","longitud_m":67.5,"lados":[{"lado":"a","orientacion":"sur","muestra_inicio":11682,"muestra_cantidad":14},{"lado":"b","orientacion":"norte","muestra_inicio":11696,"muestra_cantidad":14}]},"geometry":{"type":"LineString","coordinates":[[-73.244745,10.482357],[-73.244861,10.482267],[-73.245248,10.482003]]}},{"type":"Feature","properties":{"id":382,"u":986885081,"v":6952441348,"nombre":"Carrera 9","tipo":"tertiary","longitud_m":8.9,"lados":[{"lado":"a","orientacion":"sur","muestra_inicio":11710,"muestra_cantidad":2},{"lado":"b","orientacion":"norte","muestra_inicio":11712,"muestra_cantidad":2}]},"geometry":{"type":"LineString","coordinates":[[-73.243509,10.470664],[-73.24358,10.470704]]}},{"type":"Feature","properties":{"id":383,"u":986885081,"v":13411320097,"nombre":"Carrera 8 / Carrera 7A","tipo":"tertiary","longitud_m":106.8,"lados":[{"lado":"a","orientacion":"oriental","muestra_inicio":11714,"muestra_cantidad":21},{"lado":"b","orientacion":"occidental","muestra_inicio":11735,"muestra_cantidad":21}]},"geometry":{"type":"LineString","coordinates":[[-73.243622,10.471669],[-73.243617,10.471573],[-73.243613,10.471441],[-73.243605,10.471353],[-73.243604,10.471283],[-73.243588,10.470908],[-73.243583,10.470781],[-73.24358,10.470704]]}},{"type":"Feature","properties":{"id":384,"u":986885112,"v":4060090105,"nombre":"Calle 13B","tipo":"residential","longitud_m":47.4,"lados":[{"lado":"a","orientacion":"sur","muestra_inicio":11756,"muestra_cantidad":9},{"lado":"b","orientacion":"norte","muestra_inicio":11765,"muestra_cantidad":9}]},"geometry":{"type":"LineString","coordinates":[[-73.243044,10.481474],[-73.243424,10.481267]]}},{"type":"Feature","properties":{"id":385,"u":986885112,"v":9252893406,"nombre":"Calle 13B","tipo":"residential","longitud_m":64.1,"lados":[{"lado":"a","orientacion":"norte","muestra_inicio":11774,"muestra_cantidad":13},{"lado":"b","orientacion":"sur","muestra_inicio":11787,"muestra_cantidad":13}]},"geometry":{"type":"LineString","coordinates":[[-73.24394,10.480994],[-73.243424,10.481267]]}},{"type":"Feature","properties":{"id":386,"u":986885112,"v":4042750071,"nombre":"Carrera 2A","tipo":"residential","longitud_m":108.0,"lados":[{"lado":"a","orientacion":"occidental","muestra_inicio":11800,"muestra_cantidad":22},{"lado":"b","orientacion":"oriental","muestra_inicio":11822,"muestra_cantidad":22}]},"geometry":{"type":"LineString","coordinates":[[-73.24298,10.480395],[-73.243424,10.481267]]}},{"type":"Feature","properties":{"id":387,"u":986885112,"v":3999555432,"nombre":"Carrera 2A","tipo":"residential","longitud_m":90.1,"lados":[{"lado":"a","orientacion":"oriental","muestra_inicio":11844,"muestra_cantidad":18},{"lado":"b","orientacion":"occidental","muestra_inicio":11862,"muestra_cantidad":18}]},"geometry":{"type":"LineString","coordinates":[[-73.243782,10.482],[-73.243424,10.481267]]}},{"type":"Feature","properties":{"id":388,"u":986885422,"v":12697598737,"nombre":"Calle 13A","tipo":"residential","longitud_m":42.7,"lados":[{"lado":"a","orientacion":"norte","muestra_inicio":11880,"muestra_cantidad":9},{"lado":"b","orientacion":"sur","muestra_inicio":11889,"muestra_cantidad":9}]},"geometry":{"type":"LineString","coordinates":[[-73.244745,10.482357],[-73.244438,10.482595]]}},{"type":"Feature","properties":{"id":389,"u":986885422,"v":9255229445,"nombre":"","tipo":"service","longitud_m":49.0,"lados":[{"lado":"a","orientacion":"sur","muestra_inicio":11898,"muestra_cantidad":10},{"lado":"b","orientacion":"norte","muestra_inicio":11908,"muestra_cantidad":10}]},"geometry":{"type":"LineString","coordinates":[[-73.244117,10.482904],[-73.244438,10.482595]]}},{"type":"Feature","properties":{"id":390,"u":986885422,"v":9252951402,"nombre":"","tipo":"residential","longitud_m":58.4,"lados":[{"lado":"a","orientacion":"sur","muestra_inicio":11918,"muestra_cantidad":12},{"lado":"b","orientacion":"norte","muestra_inicio":11930,"muestra_cantidad":12}]},"geometry":{"type":"LineString","coordinates":[[-73.244015,10.482306],[-73.244299,10.48257],[-73.244376,10.482598],[-73.244438,10.482595]]}},{"type":"Feature","properties":{"id":391,"u":986885974,"v":9252589190,"nombre":"Carrera 11","tipo":"secondary","longitud_m":81.6,"lados":[{"lado":"a","orientacion":"occidental","muestra_inicio":11942,"muestra_cantidad":16},{"lado":"b","orientacion":"oriental","muestra_inicio":11958,"muestra_cantidad":16}]},"geometry":{"type":"LineString","coordinates":[[-73.249248,10.475576],[-73.249668,10.476186]]}},{"type":"Feature","properties":{"id":392,"u":986886009,"v":11269909022,"nombre":"Calle 14","tipo":"residential","longitud_m":80.9,"lados":[{"lado":"a","orientacion":"sur","muestra_inicio":11974,"muestra_cantidad":16},{"lado":"b","orientacion":"norte","muestra_inicio":11990,"muestra_cantidad":16}]},"geometry":{"type":"LineString","coordinates":[[-73.244474,10.4795],[-73.24511,10.479128]]}},{"type":"Feature","properties":{"id":393,"u":986886009,"v":13352303268,"nombre":"Carrera 5","tipo":"residential","longitud_m":123.0,"lados":[{"lado":"a","orientacion":"occidental","muestra_inicio":12006,"muestra_cantidad":25},{"lado":"b","orientacion":"oriental","muestra_inicio":12031,"muestra_cantidad":25}]},"geometry":{"type":"LineString","coordinates":[[-73.244514,10.478185],[-73.24511,10.479128]]}},{"type":"Feature","properties":{"id":394,"u":986886471,"v":9252848387,"nombre":"Carrera 5","tipo":"residential","longitud_m":16.6,"lados":[{"lado":"a","orientacion":"oriental","muestra_inicio":12056,"muestra_cantidad":3},{"lado":"b","orientacion":"occidental","muestra_inicio":12059,"muestra_cantidad":3}]},"geometry":{"type":"LineString","coordinates":[[-73.241449,10.474272],[-73.241409,10.474127]]}},{"type":"Feature","properties":{"id":395,"u":986886471,"v":9252848386,"nombre":"Carrera 5","tipo":"residential","longitud_m":17.8,"lados":[{"lado":"a","orientacion":"sur","muestra_inicio":12062,"muestra_cantidad":4},{"lado":"b","orientacion":"norte","muestra_inicio":12066,"muestra_cantidad":4}]},"geometry":{"type":"LineString","coordinates":[[-73.241309,10.474192],[-73.241449,10.474272]]}},{"type":"Feature","properties":{"id":396,"u":986886740,"v":1791348956,"nombre":"Calle 16","tipo":"residential","longitud_m":20.2,"lados":[{"lado":"a","orientacion":"sur","muestra_inicio":12070,"muestra_cantidad":4},{"lado":"b","orientacion":"norte","muestra_inicio":12074,"muestra_cantidad":4}]},"geometry":{"type":"LineString","coordinates":[[-73.240656,10.479481],[-73.240812,10.479383]]}},{"type":"Feature","properties":{"id":397,"u":986887758,"v":13411320098,"nombre":"Carrera 8","tipo":"tertiary","longitud_m":19.6,"lados":[{"lado":"a","orientacion":"oriental","muestra_inicio":12078,"muestra_cantidad":4},{"lado":"b","orientacion":"occidental","muestra_inicio":12082,"muestra_cantidad":4}]},"geometry":{"type":"LineString","coordinates":[[-73.243876,10.472022],[-73.243767,10.471882]]}},{"type":"Feature","properties":{"id":398,"u":986888514,"v":3999555425,"nombre":"Calle 16","tipo":"residential","longitud_m":35.4,"lados":[{"lado":"a","orientacion":"sur","muestra_inicio":12086,"muestra_cantidad":7},{"lado":"b","orientacion":"norte","muestra_inicio":12093,"muestra_cantidad":7}]},"geometry":{"type":"LineString","coordinates":[[-73.241408,10.478929],[-73.241675,10.478748]]}},{"type":"Feature","properties":{"id":399,"u":986889228,"v":3999555434,"nombre":"Calle 13 A3","tipo":"residential","longitud_m":44.9,"lados":[{"lado":"a","orientacion":"sur","muestra_inicio":12100,"muestra_cantidad":9},{"lado":"b","orientacion":"norte","muestra_inicio":12109,"muestra_cantidad":9}]},"geometry":{"type":"LineString","coordinates":[[-73.24313,10.482607],[-73.243473,10.482383]]}},{"type":"Feature","properties":{"id":400,"u":986889228,"v":4060090105,"nombre":"Carrera 2","tipo":"residential","longitud_m":111.0,"lados":[{"lado":"a","orientacion":"occidental","muestra_inicio":12118,"muestra_cantidad":22},{"lado":"b","orientacion":"oriental","muestra_inicio":12140,"muestra_cantidad":22}]},"geometry":{"type":"LineString","coordinates":[[-73.243044,10.481474],[-73.243473,10.482383]]}},{"type":"Feature","properties":{"id":401,"u":986889228,"v":3999555432,"nombre":"Calle 13 A3","tipo":"residential","longitud_m":55.5,"lados":[{"lado":"a","orientacion":"occidental","muestra_inicio":12162,"muestra_cantidad":11},{"lado":"b","orientacion":"oriental","muestra_inicio":12173,"muestra_cantidad":11}]},"geometry":{"type":"LineString","coordinates":[[-73.243782,10.482],[-73.243662,10.482237],[-73.243473,10.482383]]}},{"type":"Feature","properties":{"id":402,"u":998847347,"v":998847375,"nombre":"Carrera 7A","tipo":"tertiary","longitud_m":87.2,"lados":[{"lado":"a","orientacion":"occidental","muestra_inicio":12184,"muestra_cantidad":17},{"lado":"b","orientacion":"oriental","muestra_inicio":12201,"muestra_cantidad":17}]},"geometry":{"type":"LineString","coordinates":[[-73.243644,10.472474],[-73.243682,10.473261]]}},{"type":"Feature","properties":{"id":403,"u":998847347,"v":9277296844,"nombre":"Carrera 7A","tipo":"tertiary","longitud_m":56.9,"lados":[{"lado":"a","orientacion":"occidental","muestra_inicio":12218,"muestra_cantidad":11},{"lado":"b","orientacion":"oriental","muestra_inicio":12229,"muestra_cantidad":11}]},"geometry":{"type":"LineString","coordinates":[[-73.243616,10.47196],[-73.243644,10.472474]]}},{"type":"Feature","properties":{"id":404,"u":998847375,"v":13411373806,"nombre":"Calle 18A","tipo":"residential","longitud_m":79.6,"lados":[{"lado":"a","orientacion":"sur","muestra_inicio":12240,"muestra_cantidad":16},{"lado":"b","orientacion":"norte","muestra_inicio":12256,"muestra_cantidad":16}]},"geometry":{"type":"LineString","coordinates":[[-73.242957,10.473292],[-73.24362,10.473257],[-73.243682,10.473261]]}},{"type":"Feature","properties":{"id":405,"u":1754385479,"v":13345239136,"nombre":"Carrera 5","tipo":"footway","longitud_m":0.9,"lados":[{"lado":"a","orientacion":"oriental","muestra_inicio":12272,"muestra_cantidad":1},{"lado":"b","orientacion":"occidental","muestra_inicio":12273,"muestra_cantidad":1}]},"geometry":{"type":"LineString","coordinates":[[-73.243889,10.477329],[-73.243883,10.477323]]}},{"type":"Feature","properties":{"id":406,"u":1754385479,"v":7647140279,"nombre":"Calle 16","tipo":"residential","longitud_m":86.5,"lados":[{"lado":"a","orientacion":"norte","muestra_inicio":12274,"muestra_cantidad":17},{"lado":"b","orientacion":"sur","muestra_inicio":12291,"muestra_cantidad":17}]},"geometry":{"type":"LineString","coordinates":[[-73.243883,10.477323],[-73.243877,10.477327],[-73.24387,10.477331],[-73.24321,10.477734]]}},{"type":"Feature","properties":{"id":407,"u":1754385479,"v":6498967756,"nombre":"Carrera 5","tipo":"footway","longitud_m":75.5,"lados":[{"lado":"a","orientacion":"occidental","muestra_inicio":12308,"muestra_cantidad":15},{"lado":"b","orientacion":"oriental","muestra_inicio":12323,"muestra_cantidad":15}]},"geometry":{"type":"LineString","coordinates":[[-73.243477,10.476771],[-73.243559,10.47688],[-73.243877,10.477314],[-73.243883,10.477323]]}},{"type":"Feature","properties":{"id":408,"u":1791348956,"v":3999555436,"nombre":"Carrera 18","tipo":"residential","longitud_m":53.2,"lados":[{"lado":"a","orientacion":"oriental","muestra_inicio":12338,"muestra_cantidad":11},{"lado":"b","orientacion":"occidental","muestra_inicio":12349,"muestra_cantidad":11}]},"geometry":{"type":"LineString","coordinates":[[-73.240918,10.479887],[-73.240656,10.479481]]}},{"type":"Feature","properties":{"id":409,"u":2749649291,"v":2749649310,"nombre":"","tipo":"residential","longitud_m":104.3,"lados":[{"lado":"a","orientacion":"oriental","muestra_inicio":12360,"muestra_cantidad":21},{"lado":"b","orientacion":"occidental","muestra_inicio":12381,"muestra_cantidad":21}]},"geometry":{"type":"LineString","coordinates":[[-73.238821,10.47603],[-73.238329,10.475223]]}},{"type":"Feature","properties":{"id":410,"u":2749649291,"v":2749649295,"nombre":"Calle 17D","tipo":"residential","longitud_m":32.0,"lados":[{"lado":"a","orientacion":"sur","muestra_inicio":12402,"muestra_cantidad":6},{"lado":"b","orientacion":"norte","muestra_inicio":12408,"muestra_cantidad":6}]},"geometry":{"type":"LineString","coordinates":[[-73.238092,10.475393],[-73.238329,10.475223]]}},{"type":"Feature","properties":{"id":411,"u":2749649291,"v":3999500266,"nombre":"Calle 17D","tipo":"residential","longitud_m":38.9,"lados":[{"lado":"a","orientacion":"norte","muestra_inicio":12414,"muestra_cantidad":8},{"lado":"b","orientacion":"sur","muestra_inicio":12422,"muestra_cantidad":8}]},"geometry":{"type":"LineString","coordinates":[[-73.238631,10.475038],[-73.238329,10.475223]]}},{"type":"Feature","properties":{"id":412,"u":2749649310,"v":7647171398,"nombre":"","tipo":"residential","longitud_m":71.8,"lados":[{"lado":"a","orientacion":"oriental","muestra_inicio":12430,"muestra_cantidad":14},{"lado":"b","orientacion":"occidental","muestra_inicio":12444,"muestra_cantidad":14}]},"geometry":{"type":"LineString","coordinates":[[-73.23913,10.476603],[-73.238821,10.47603]]}},{"type":"Feature","properties":{"id":413,"u":2749649315,"v":7647116682,"nombre":"","tipo":"residential","longitud_m":40.5,"lados":[{"lado":"a","orientacion":"norte","muestra_inicio":12458,"muestra_cantidad":8},{"lado":"b","orientacion":"sur","muestra_inicio":12466,"muestra_cantidad":8}]},"geometry":{"type":"LineString","coordinates":[[-73.238634,10.477068],[-73.2383,10.477227]]}},{"type":"Feature","properties":{"id":414,"u":2749649315,"v":3999508759,"nombre":"","tipo":"residential","longitud_m":25.6,"lados":[{"lado":"a","orientacion":"occidental","muestra_inicio":12474,"muestra_cantidad":5},{"lado":"b","orientacion":"oriental","muestra_inicio":12479,"muestra_cantidad":5}]},"geometry":{"type":"LineString","coordinates":[[-73.238211,10.477014],[-73.238242,10.477069],[-73.2383,10.477227]]}},{"type":"Feature","properties":{"id":415,"u":2749649315,"v":7647108775,"nombre":"Calle 16","tipo":"residential","longitud_m":496.1,"lados":[{"lado":"a","orientacion":"oriental","muestra_inicio":12484,"muestra_cantidad":99},{"lado":"b","orientacion":"occidental","muestra_inicio":12583,"muestra_cantidad":99}]},"geometry":{"type":"LineString","coordinates":[[-73.239992,10.479913],[-73.239706,10.480067],[-73.239552,10.480053],[-73.23931,10.479973],[-73.238959,10.479853],[-73.238849,10.479815],[-73.238578,10.479689],[-73.238355,10.47952],[-73.23802,10.479087],[-73.237899,10.478932],[-73.23779,10.478686],[-73.237776,10.478504],[-73.237838,10.47838],[-73.238364,10.477821],[-73.238389,10.477656],[-73.238354,10.477454],[-73.2383,10.477227]]}},{"type":"Feature","properties":{"id":416,"u":3533653501,"v":9252843289,"nombre":"Carrera 7A","tipo":"tertiary","longitud_m":35.8,"lados":[{"lado":"a","orientacion":"occidental","muestra_inicio":12682,"muestra_cantidad":7},{"lado":"b","orientacion":"oriental","muestra_inicio":12689,"muestra_cantidad":7}]},"geometry":{"type":"LineString","coordinates":[[-73.243579,10.471577],[-73.243612,10.471899]]}},{"type":"Feature","properties":{"id":417,"u":3533653501,"v":6952441348,"nombre":"Carrera 7A","tipo":"tertiary","longitud_m":101.2,"lados":[{"lado":"a","orientacion":"occidental","muestra_inicio":12696,"muestra_cantidad":20},{"lado":"b","orientacion":"oriental","muestra_inicio":12716,"muestra_cantidad":20}]},"geometry":{"type":"LineString","coordinates":[[-73.243509,10.470664],[-73.243579,10.471577]]}},{"type":"Feature","properties":{"id":418,"u":3533653501,"v":13411320097,"nombre":"","tipo":"tertiary","longitud_m":11.2,"lados":[{"lado":"a","orientacion":"oriental","muestra_inicio":12736,"muestra_cantidad":2},{"lado":"b","orientacion":"occidental","muestra_inicio":12738,"muestra_cantidad":2}]},"geometry":{"type":"LineString","coordinates":[[-73.243622,10.471669],[-73.243579,10.471577]]}},{"type":"Feature","properties":{"id":419,"u":3533653520,"v":3533653527,"nombre":"Calle 16A","tipo":"residential","longitud_m":157.2,"lados":[{"lado":"a","orientacion":"sur","muestra_inicio":12740,"muestra_cantidad":31},{"lado":"b","orientacion":"norte","muestra_inicio":12771,"muestra_cantidad":31}]},"geometry":{"type":"LineString","coordinates":[[-73.247888,10.473439],[-73.249089,10.472661]]}},{"type":"Feature","properties":{"id":420,"u":3533653527,"v":7646982079,"nombre":"Calle 16A","tipo":"residential","longitud_m":9.6,"lados":[{"lado":"a","orientacion":"sur","muestra_inicio":12802,"muestra_cantidad":2},{"lado":"b","orientacion":"norte","muestra_inicio":12804,"muestra_cantidad":2}]},"geometry":{"type":"LineString","coordinates":[[-73.247815,10.473487],[-73.247888,10.473439]]}},{"type":"Feature","properties":{"id":421,"u":3999500266,"v":4060089992,"nombre":"","tipo":"path","longitud_m":51.6,"lados":[{"lado":"a","orientacion":"norte","muestra_inicio":12806,"muestra_cantidad":10},{"lado":"b","orientacion":"sur","muestra_inicio":12816,"muestra_cantidad":10}]},"geometry":{"type":"LineString","coordinates":[[-73.239069,10.475149],[-73.238916,10.475044],[-73.238631,10.475038]]}},{"type":"Feature","properties":{"id":422,"u":3999555420,"v":3999555421,"nombre":"Carrera 6","tipo":"residential","longitud_m":19.7,"lados":[{"lado":"a","orientacion":"oriental","muestra_inicio":12826,"muestra_cantidad":4},{"lado":"b","orientacion":"occidental","muestra_inicio":12830,"muestra_cantidad":4}]},"geometry":{"type":"LineString","coordinates":[[-73.243487,10.475462],[-73.24339,10.475312]]}},{"type":"Feature","properties":{"id":423,"u":3999555421,"v":4060090019,"nombre":"Carrera 6","tipo":"residential","longitud_m":110.9,"lados":[{"lado":"a","orientacion":"oriental","muestra_inicio":12834,"muestra_cantidad":22},{"lado":"b","orientacion":"occidental","muestra_inicio":12856,"muestra_cantidad":22}]},"geometry":{"type":"LineString","coordinates":[[-73.244075,10.476279],[-73.243487,10.475462]]}},{"type":"Feature","properties":{"id":424,"u":3999555422,"v":3999555426,"nombre":"Calle 16C","tipo":"residential","longitud_m":51.5,"lados":[{"lado":"a","orientacion":"norte","muestra_inicio":12878,"muestra_cantidad":10},{"lado":"b","orientacion":"sur","muestra_inicio":12888,"muestra_cantidad":10}]},"geometry":{"type":"LineString","coordinates":[[-73.240531,10.47803],[-73.240125,10.478264]]}},{"type":"Feature","properties":{"id":425,"u":3999555422,"v":9252160932,"nombre":"","tipo":"residential","longitud_m":26.4,"lados":[{"lado":"a","orientacion":"occidental","muestra_inicio":12898,"muestra_cantidad":5},{"lado":"b","orientacion":"oriental","muestra_inicio":12903,"muestra_cantidad":5}]},"geometry":{"type":"LineString","coordinates":[[-73.240021,10.478048],[-73.240125,10.478264]]}},{"type":"Feature","properties":{"id":426,"u":3999555422,"v":4060090069,"nombre":"","tipo":"residential","longitud_m":45.8,"lados":[{"lado":"a","orientacion":"norte","muestra_inicio":12908,"muestra_cantidad":9},{"lado":"b","orientacion":"sur","muestra_inicio":12917,"muestra_cantidad":9}]},"geometry":{"type":"LineString","coordinates":[[-73.240415,10.478551],[-73.240207,10.478401],[-73.240125,10.478264]]}},{"type":"Feature","properties":{"id":427,"u":3999555424,"v":3999555426,"nombre":"Calle 16C","tipo":"residential","longitud_m":42.4,"lados":[{"lado":"a","orientacion":"sur","muestra_inicio":12926,"muestra_cantidad":8},{"lado":"b","orientacion":"norte","muestra_inicio":12934,"muestra_cantidad":8}]},"geometry":{"type":"LineString","coordinates":[[-73.240531,10.47803],[-73.240864,10.477834]]}},{"type":"Feature","properties":{"id":428,"u":3999555424,"v":3999555425,"nombre":"Carrera 2","tipo":"residential","longitud_m":134.9,"lados":[{"lado":"a","orientacion":"oriental","muestra_inicio":12942,"muestra_cantidad":27},{"lado":"b","orientacion":"occidental","muestra_inicio":12969,"muestra_cantidad":27}]},"geometry":{"type":"LineString","coordinates":[[-73.241408,10.478929],[-73.240864,10.477834]]}},{"type":"Feature","properties":{"id":429,"u":3999555426,"v":3999555427,"nombre":"Carrera 1C","tipo":"residential","longitud_m":68.3,"lados":[{"lado":"a","orientacion":"oriental","muestra_inicio":12996,"muestra_cantidad":14},{"lado":"b","orientacion":"occidental","muestra_inicio":13010,"muestra_cantidad":14}]},"geometry":{"type":"LineString","coordinates":[[-73.24081,10.478583],[-73.240531,10.47803]]}},{"type":"Feature","properties":{"id":430,"u":3999555426,"v":4060090054,"nombre":"Carrera 1C","tipo":"residential","longitud_m":17.9,"lados":[{"lado":"a","orientacion":"occidental","muestra_inicio":13024,"muestra_cantidad":4},{"lado":"b","orientacion":"oriental","muestra_inicio":13028,"muestra_cantidad":4}]},"geometry":{"type":"LineString","coordinates":[[-73.240466,10.477882],[-73.240531,10.47803]]}},{"type":"Feature","properties":{"id":431,"u":3999555428,"v":9252160931,"nombre":"Carrera 18","tipo":"residential","longitud_m":111.4,"lados":[{"lado":"a","orientacion":"occidental","muestra_inicio":13032,"muestra_cantidad":22},{"lado":"b","orientacion":"oriental","muestra_inicio":13054,"muestra_cantidad":22}]},"geometry":{"type":"LineString","coordinates":[[-73.239619,10.478279],[-73.239742,10.478468],[-73.239917,10.478738],[-73.240191,10.479111]]}},{"type":"Feature","properties":{"id":432,"u":3999555431,"v":9252951405,"nombre":"Carrera 18","tipo":"residential","longitud_m":49.5,"lados":[{"lado":"a","orientacion":"occidental","muestra_inicio":13076,"muestra_cantidad":10},{"lado":"b","orientacion":"oriental","muestra_inicio":13086,"muestra_cantidad":10}]},"geometry":{"type":"LineString","coordinates":[[-73.241762,10.481086],[-73.241965,10.481486]]}},{"type":"Feature","properties":{"id":433,"u":3999555431,"v":4060090109,"nombre":"Carrera 18 / Calle 13C","tipo":"residential","longitud_m":107.6,"lados":[{"lado":"a","orientacion":"norte","muestra_inicio":13096,"muestra_cantidad":22},{"lado":"b","orientacion":"sur","muestra_inicio":13118,"muestra_cantidad":22}]},"geometry":{"type":"LineString","coordinates":[[-73.24266,10.481684],[-73.242417,10.481272],[-73.241965,10.481486]]}},{"type":"Feature","properties":{"id":434,"u":3999555431,"v":9252449315,"nombre":"","tipo":"residential","longitud_m":87.1,"lados":[{"lado":"a","orientacion":"sur","muestra_inicio":13140,"muestra_cantidad":17},{"lado":"b","orientacion":"norte","muestra_inicio":13157,"muestra_cantidad":17}]},"geometry":{"type":"LineString","coordinates":[[-73.241354,10.481213],[-73.2417,10.481548],[-73.241781,10.481589],[-73.241856,10.481581],[-73.241965,10.481486]]}},{"type":"Feature","properties":{"id":435,"u":3999555432,"v":7647141787,"nombre":"Calle 13 A3","tipo":"residential","longitud_m":53.1,"lados":[{"lado":"a","orientacion":"occidental","muestra_inicio":13174,"muestra_cantidad":11},{"lado":"b","orientacion":"oriental","muestra_inicio":13185,"muestra_cantidad":11}]},"geometry":{"type":"LineString","coordinates":[[-73.243981,10.481563],[-73.243782,10.482]]}},{"type":"Feature","properties":{"id":436,"u":3999555434,"v":4060090109,"nombre":"Carrera 18","tipo":"residential","longitud_m":114.4,"lados":[{"lado":"a","orientacion":"occidental","muestra_inicio":13196,"muestra_cantidad":23},{"lado":"b","orientacion":"oriental","muestra_inicio":13219,"muestra_cantidad":23}]},"geometry":{"type":"LineString","coordinates":[[-73.24266,10.481684],[-73.24291,10.482151],[-73.24313,10.482607]]}},{"type":"Feature","properties":{"id":437,"u":3999555434,"v":9255229442,"nombre":"","tipo":"service","longitud_m":75.3,"lados":[{"lado":"a","orientacion":"sur","muestra_inicio":13242,"muestra_cantidad":15},{"lado":"b","orientacion":"norte","muestra_inicio":13257,"muestra_cantidad":15}]},"geometry":{"type":"LineString","coordinates":[[-73.242458,10.482665],[-73.242745,10.482693],[-73.242949,10.482677],[-73.24313,10.482607]]}},{"type":"Feature","properties":{"id":438,"u":3999555436,"v":7647108771,"nombre":"Carrera 18","tipo":"residential","longitud_m":40.9,"lados":[{"lado":"a","orientacion":"oriental","muestra_inicio":13272,"muestra_cantidad":8},{"lado":"b","orientacion":"occidental","muestra_inicio":13280,"muestra_cantidad":8}]},"geometry":{"type":"LineString","coordinates":[[-73.24113,10.480191],[-73.240918,10.479887]]}},{"type":"Feature","properties":{"id":439,"u":3999555436,"v":4060090091,"nombre":"Calle 15A","tipo":"residential","longitud_m":40.4,"lados":[{"lado":"a","orientacion":"norte","muestra_inicio":13288,"muestra_cantidad":8},{"lado":"b","orientacion":"sur","muestra_inicio":13296,"muestra_cantidad":8}]},"geometry":{"type":"LineString","coordinates":[[-73.241223,10.479682],[-73.240918,10.479887]]}},{"type":"Feature","properties":{"id":440,"u":3999555437,"v":3999555438,"nombre":"Calle 15A","tipo":"residential","longitud_m":26.3,"lados":[{"lado":"a","orientacion":"sur","muestra_inicio":13304,"muestra_cantidad":5},{"lado":"b","orientacion":"norte","muestra_inicio":13309,"muestra_cantidad":5}]},"geometry":{"type":"LineString","coordinates":[[-73.241603,10.47945],[-73.241814,10.479336]]}},{"type":"Feature","properties":{"id":441,"u":3999555438,"v":4060090091,"nombre":"Calle 15A","tipo":"residential","longitud_m":48.8,"lados":[{"lado":"a","orientacion":"sur","muestra_inicio":13314,"muestra_cantidad":10},{"lado":"b","orientacion":"norte","muestra_inicio":13324,"muestra_cantidad":10}]},"geometry":{"type":"LineString","coordinates":[[-73.241223,10.479682],[-73.241603,10.47945]]}},{"type":"Feature","properties":{"id":442,"u":3999654575,"v":9252951407,"nombre":"Calle 14","tipo":"residential","longitud_m":12.9,"lados":[{"lado":"a","orientacion":"sur","muestra_inicio":13334,"muestra_cantidad":3},{"lado":"b","orientacion":"norte","muestra_inicio":13337,"muestra_cantidad":3}]},"geometry":{"type":"LineString","coordinates":[[-73.246323,10.478449],[-73.246422,10.478385]]}},{"type":"Feature","properties":{"id":443,"u":3999670358,"v":4060090109,"nombre":"Calle 13B","tipo":"residential","longitud_m":56.3,"lados":[{"lado":"a","orientacion":"norte","muestra_inicio":13340,"muestra_cantidad":11},{"lado":"b","orientacion":"sur","muestra_inicio":13351,"muestra_cantidad":11}]},"geometry":{"type":"LineString","coordinates":[[-73.24266,10.481684],[-73.242198,10.481908]]}},{"type":"Feature","properties":{"id":444,"u":4060090014,"v":9259688242,"nombre":"Calle 17A","tipo":"residential","longitud_m":67.0,"lados":[{"lado":"a","orientacion":"sur","muestra_inicio":13362,"muestra_cantidad":13},{"lado":"b","orientacion":"norte","muestra_inicio":13375,"muestra_cantidad":13}]},"geometry":{"type":"LineString","coordinates":[[-73.239697,10.476317],[-73.240243,10.476043]]}},{"type":"Feature","properties":{"id":445,"u":4060090019,"v":6498967756,"nombre":"Calle 16A","tipo":"residential","longitud_m":85.2,"lados":[{"lado":"a","orientacion":"sur","muestra_inicio":13388,"muestra_cantidad":17},{"lado":"b","orientacion":"norte","muestra_inicio":13405,"muestra_cantidad":17}]},"geometry":{"type":"LineString","coordinates":[[-73.243477,10.476771],[-73.24348,10.47677],[-73.24377,10.47653],[-73.244075,10.476279]]}},{"type":"Feature","properties":{"id":446,"u":4060090105,"v":4060090109,"nombre":"Calle 13B","tipo":"residential","longitud_m":48.0,"lados":[{"lado":"a","orientacion":"sur","muestra_inicio":13422,"muestra_cantidad":10},{"lado":"b","orientacion":"norte","muestra_inicio":13432,"muestra_cantidad":10}]},"geometry":{"type":"LineString","coordinates":[[-73.24266,10.481684],[-73.243044,10.481474]]}},{"type":"Feature","properties":{"id":447,"u":4060090117,"v":4060090118,"nombre":"Calle 12","tipo":"tertiary","longitud_m":30.4,"lados":[{"lado":"a","orientacion":"sur","muestra_inicio":13442,"muestra_cantidad":6},{"lado":"b","orientacion":"norte","muestra_inicio":13448,"muestra_cantidad":6}]},"geometry":{"type":"LineString","coordinates":[[-73.2464,10.483303],[-73.24663,10.48315]]}},{"type":"Feature","properties":{"id":448,"u":4060090118,"v":9252893405,"nombre":"Carrera 4","tipo":"secondary","longitud_m":75.3,"lados":[{"lado":"a","orientacion":"norte","muestra_inicio":13454,"muestra_cantidad":15},{"lado":"b","orientacion":"sur","muestra_inicio":13469,"muestra_cantidad":15}]},"geometry":{"type":"LineString","coordinates":[[-73.2464,10.483303],[-73.245953,10.482938],[-73.245854,10.482895]]}},{"type":"Feature","properties":{"id":449,"u":6236376870,"v":7647141787,"nombre":"Calle 13 A3","tipo":"residential","longitud_m":34.3,"lados":[{"lado":"a","orientacion":"oriental","muestra_inicio":13484,"muestra_cantidad":7},{"lado":"b","orientacion":"occidental","muestra_inicio":13491,"muestra_cantidad":7}]},"geometry":{"type":"LineString","coordinates":[[-73.243981,10.481563],[-73.244126,10.481288]]}},{"type":"Feature","properties":{"id":450,"u":6236376870,"v":9252893406,"nombre":"","tipo":"residential","longitud_m":38.5,"lados":[{"lado":"a","orientacion":"occidental","muestra_inicio":13498,"muestra_cantidad":8},{"lado":"b","orientacion":"oriental","muestra_inicio":13506,"muestra_cantidad":8}]},"geometry":{"type":"LineString","coordinates":[[-73.24394,10.480994],[-73.244126,10.481288]]}},{"type":"Feature","properties":{"id":451,"u":6236376870,"v":9252893403,"nombre":"Calle 13 A3","tipo":"residential","longitud_m":60.8,"lados":[{"lado":"a","orientacion":"occidental","muestra_inicio":13514,"muestra_cantidad":12},{"lado":"b","orientacion":"oriental","muestra_inicio":13526,"muestra_cantidad":12}]},"geometry":{"type":"LineString","coordinates":[[-73.244317,10.480782],[-73.244317,10.480855],[-73.24431,10.480916],[-73.244126,10.481288]]}},{"type":"Feature","properties":{"id":452,"u":6498967756,"v":10873705471,"nombre":"Calle 16A","tipo":"residential","longitud_m":132.0,"lados":[{"lado":"a","orientacion":"sur","muestra_inicio":13538,"muestra_cantidad":26},{"lado":"b","orientacion":"norte","muestra_inicio":13564,"muestra_cantidad":26}]},"geometry":{"type":"LineString","coordinates":[[-73.242532,10.477512],[-73.243477,10.476771]]}},{"type":"Feature","properties":{"id":453,"u":7646982079,"v":9282453947,"nombre":"Calle 16A","tipo":"residential","longitud_m":6.7,"lados":[{"lado":"a","orientacion":"sur","muestra_inicio":13590,"muestra_cantidad":1},{"lado":"b","orientacion":"norte","muestra_inicio":13591,"muestra_cantidad":1}]},"geometry":{"type":"LineString","coordinates":[[-73.24776,10.473515],[-73.247815,10.473487]]}},{"type":"Feature","properties":{"id":454,"u":7647108773,"v":7647108775,"nombre":"","tipo":"residential","longitud_m":98.0,"lados":[{"lado":"a","orientacion":"sur","muestra_inicio":13592,"muestra_cantidad":20},{"lado":"b","orientacion":"norte","muestra_inicio":13612,"muestra_cantidad":20}]},"geometry":{"type":"LineString","coordinates":[[-73.239992,10.479913],[-73.240167,10.48015],[-73.240374,10.480347],[-73.240633,10.480518]]}},{"type":"Feature","properties":{"id":455,"u":7647108776,"v":9252160932,"nombre":"","tipo":"residential","longitud_m":149.0,"lados":[{"lado":"a","orientacion":"oriental","muestra_inicio":13632,"muestra_cantidad":30},{"lado":"b","orientacion":"occidental","muestra_inicio":13662,"muestra_cantidad":30}]},"geometry":{"type":"LineString","coordinates":[[-73.240021,10.478048],[-73.23997,10.477943],[-73.239255,10.476937]]}},{"type":"Feature","properties":{"id":456,"u":7647108779,"v":7647116682,"nombre":"","tipo":"residential","longitud_m":82.4,"lados":[{"lado":"a","orientacion":"occidental","muestra_inicio":13692,"muestra_cantidad":16},{"lado":"b","orientacion":"oriental","muestra_inicio":13708,"muestra_cantidad":16}]},"geometry":{"type":"LineString","coordinates":[[-73.238634,10.477068],[-73.23875,10.477252],[-73.23895,10.477741]]}},{"type":"Feature","properties":{"id":457,"u":7647140282,"v":7647141787,"nombre":"","tipo":"residential","longitud_m":63.3,"lados":[{"lado":"a","orientacion":"occidental","muestra_inicio":13724,"muestra_cantidad":13},{"lado":"b","orientacion":"oriental","muestra_inicio":13737,"muestra_cantidad":13}]},"geometry":{"type":"LineString","coordinates":[[-73.243981,10.481563],[-73.244203,10.481706],[-73.244295,10.481792],[-73.24431,10.481846],[-73.244298,10.481908],[-73.24427,10.481967]]}},{"type":"Feature","properties":{"id":458,"u":7647171397,"v":9252160931,"nombre":"Carrera 18","tipo":"residential","longitud_m":179.2,"lados":[{"lado":"a","orientacion":"oriental","muestra_inicio":13750,"muestra_cantidad":36},{"lado":"b","orientacion":"occidental","muestra_inicio":13786,"muestra_cantidad":36}]},"geometry":{"type":"LineString","coordinates":[[-73.239619,10.478279],[-73.239526,10.47811],[-73.239064,10.47714],[-73.238921,10.476814]]}},{"type":"Feature","properties":{"id":459,"u":7647171397,"v":7647171398,"nombre":"","tipo":"residential","longitud_m":40.2,"lados":[{"lado":"a","orientacion":"occidental","muestra_inicio":13822,"muestra_cantidad":8},{"lado":"b","orientacion":"oriental","muestra_inicio":13830,"muestra_cantidad":8}]},"geometry":{"type":"LineString","coordinates":[[-73.23913,10.476603],[-73.239168,10.476677],[-73.238921,10.476814]]}},{"type":"Feature","properties":{"id":460,"u":7647171398,"v":9259688242,"nombre":"Calle 17A","tipo":"residential","longitud_m":69.7,"lados":[{"lado":"a","orientacion":"norte","muestra_inicio":13838,"muestra_cantidad":14},{"lado":"b","orientacion":"sur","muestra_inicio":13852,"muestra_cantidad":14}]},"geometry":{"type":"LineString","coordinates":[[-73.239697,10.476317],[-73.23913,10.476603]]}},{"type":"Feature","properties":{"id":461,"u":9252160931,"v":9252160932,"nombre":"","tipo":"residential","longitud_m":50.8,"lados":[{"lado":"a","orientacion":"norte","muestra_inicio":13866,"muestra_cantidad":10},{"lado":"b","orientacion":"sur","muestra_inicio":13876,"muestra_cantidad":10}]},"geometry":{"type":"LineString","coordinates":[[-73.240021,10.478048],[-73.239619,10.478279]]}},{"type":"Feature","properties":{"id":462,"u":9252458934,"v":9252951404,"nombre":"Carrera 4","tipo":"secondary","longitud_m":48.2,"lados":[{"lado":"a","orientacion":"oriental","muestra_inicio":13886,"muestra_cantidad":10},{"lado":"b","orientacion":"occidental","muestra_inicio":13896,"muestra_cantidad":10}]},"geometry":{"type":"LineString","coordinates":[[-73.243931,10.4798],[-73.243704,10.479427]]}},{"type":"Feature","properties":{"id":463,"u":9252458934,"v":10873482095,"nombre":"","tipo":"residential","longitud_m":104.7,"lados":[{"lado":"a","orientacion":"norte","muestra_inicio":13906,"muestra_cantidad":21},{"lado":"b","orientacion":"sur","muestra_inicio":13927,"muestra_cantidad":21}]},"geometry":{"type":"LineString","coordinates":[[-73.24436,10.478801],[-73.244321,10.47888],[-73.244282,10.479037],[-73.244201,10.479094],[-73.244105,10.479153],[-73.244046,10.479223],[-73.243704,10.479427]]}},{"type":"Feature","properties":{"id":464,"u":9252589187,"v":9252589189,"nombre":"","tipo":"residential","longitud_m":58.7,"lados":[{"lado":"a","orientacion":"norte","muestra_inicio":13948,"muestra_cantidad":12},{"lado":"b","orientacion":"sur","muestra_inicio":13960,"muestra_cantidad":12}]},"geometry":{"type":"LineString","coordinates":[[-73.247322,10.476959],[-73.247163,10.477083],[-73.246924,10.477313]]}},{"type":"Feature","properties":{"id":465,"u":9252589190,"v":9252589191,"nombre":"","tipo":"secondary_link","longitud_m":7.7,"lados":[{"lado":"a","orientacion":"norte","muestra_inicio":13972,"muestra_cantidad":2},{"lado":"b","orientacion":"sur","muestra_inicio":13974,"muestra_cantidad":2}]},"geometry":{"type":"LineString","coordinates":[[-73.249306,10.475537],[-73.249248,10.475576]]}},{"type":"Feature","properties":{"id":466,"u":9252643267,"v":9252643268,"nombre":"","tipo":"service","longitud_m":71.9,"lados":[{"lado":"a","orientacion":"oriental","muestra_inicio":13976,"muestra_cantidad":14},{"lado":"b","orientacion":"occidental","muestra_inicio":13990,"muestra_cantidad":14}]},"geometry":{"type":"LineString","coordinates":[[-73.246142,10.478568],[-73.245767,10.478034]]}},{"type":"Feature","properties":{"id":467,"u":9252643268,"v":9252951407,"nombre":"Calle 14","tipo":"residential","longitud_m":23.8,"lados":[{"lado":"a","orientacion":"norte","muestra_inicio":14004,"muestra_cantidad":5},{"lado":"b","orientacion":"sur","muestra_inicio":14009,"muestra_cantidad":5}]},"geometry":{"type":"LineString","coordinates":[[-73.246323,10.478449],[-73.246142,10.478568]]}},{"type":"Feature","properties":{"id":468,"u":9252643272,"v":9252643273,"nombre":"","tipo":"service","longitud_m":55.2,"lados":[{"lado":"a","orientacion":"oriental","muestra_inicio":14014,"muestra_cantidad":11},{"lado":"b","orientacion":"occidental","muestra_inicio":14025,"muestra_cantidad":11}]},"geometry":{"type":"LineString","coordinates":[[-73.245655,10.475883],[-73.245418,10.47552],[-73.24538,10.475464]]}},{"type":"Feature","properties":{"id":469,"u":9252843289,"v":9277296844,"nombre":"Carrera 7A","tipo":"tertiary","longitud_m":6.8,"lados":[{"lado":"a","orientacion":"occidental","muestra_inicio":14036,"muestra_cantidad":1},{"lado":"b","orientacion":"oriental","muestra_inicio":14037,"muestra_cantidad":1}]},"geometry":{"type":"LineString","coordinates":[[-73.243612,10.471899],[-73.243616,10.47196]]}},{"type":"Feature","properties":{"id":470,"u":9252843289,"v":13411320098,"nombre":"","tipo":"tertiary","longitud_m":21.6,"lados":[{"lado":"a","orientacion":"norte","muestra_inicio":14038,"muestra_cantidad":4},{"lado":"b","orientacion":"sur","muestra_inicio":14042,"muestra_cantidad":4}]},"geometry":{"type":"LineString","coordinates":[[-73.243767,10.471882],[-73.2437,10.471841],[-73.243662,10.471839],[-73.243629,10.471864],[-73.243612,10.471899]]}},{"type":"Feature","properties":{"id":471,"u":9252848386,"v":9252848387,"nombre":"Calle 17B","tipo":"residential","longitud_m":13.1,"lados":[{"lado":"a","orientacion":"norte","muestra_inicio":14046,"muestra_cantidad":3},{"lado":"b","orientacion":"sur","muestra_inicio":14049,"muestra_cantidad":3}]},"geometry":{"type":"LineString","coordinates":[[-73.241409,10.474127],[-73.241309,10.474192]]}},{"type":"Feature","properties":{"id":472,"u":9252848386,"v":9252848389,"nombre":"Carrera 5","tipo":"residential","longitud_m":115.9,"lados":[{"lado":"a","orientacion":"occidental","muestra_inicio":14052,"muestra_cantidad":23},{"lado":"b","orientacion":"oriental","muestra_inicio":14075,"muestra_cantidad":23}]},"geometry":{"type":"LineString","coordinates":[[-73.240632,10.473386],[-73.241309,10.474192]]}},{"type":"Feature","properties":{"id":473,"u":9252848388,"v":9252848389,"nombre":"Carrera 5","tipo":"residential","longitud_m":100.1,"lados":[{"lado":"a","orientacion":"occidental","muestra_inicio":14098,"muestra_cantidad":20},{"lado":"b","orientacion":"oriental","muestra_inicio":14118,"muestra_cantidad":20}]},"geometry":{"type":"LineString","coordinates":[[-73.240144,10.472621],[-73.240632,10.473386]]}},{"type":"Feature","properties":{"id":474,"u":9252893407,"v":9252951405,"nombre":"Calle 14","tipo":"residential","longitud_m":51.2,"lados":[{"lado":"a","orientacion":"sur","muestra_inicio":14138,"muestra_cantidad":10},{"lado":"b","orientacion":"norte","muestra_inicio":14148,"muestra_cantidad":10}]},"geometry":{"type":"LineString","coordinates":[[-73.241762,10.481086],[-73.242169,10.480857]]}},{"type":"Feature","properties":{"id":475,"u":9252893407,"v":9252893408,"nombre":"","tipo":"residential","longitud_m":50.0,"lados":[{"lado":"a","orientacion":"occidental","muestra_inicio":14158,"muestra_cantidad":10},{"lado":"b","orientacion":"oriental","muestra_inicio":14168,"muestra_cantidad":10}]},"geometry":{"type":"LineString","coordinates":[[-73.241921,10.480479],[-73.24203,10.480681],[-73.242169,10.480857]]}},{"type":"Feature","properties":{"id":476,"u":9252951404,"v":11269909022,"nombre":"Calle 14","tipo":"residential","longitud_m":68.1,"lados":[{"lado":"a","orientacion":"norte","muestra_inicio":14178,"muestra_cantidad":14},{"lado":"b","orientacion":"sur","muestra_inicio":14192,"muestra_cantidad":14}]},"geometry":{"type":"LineString","coordinates":[[-73.244474,10.4795],[-73.244194,10.479663],[-73.244038,10.479751],[-73.243931,10.4798]]}},{"type":"Feature","properties":{"id":477,"u":9252951406,"v":9252951407,"nombre":"","tipo":"service","longitud_m":51.0,"lados":[{"lado":"a","orientacion":"oriental","muestra_inicio":14206,"muestra_cantidad":10},{"lado":"b","orientacion":"occidental","muestra_inicio":14216,"muestra_cantidad":10}]},"geometry":{"type":"LineString","coordinates":[[-73.246323,10.478449],[-73.246071,10.478061]]}},{"type":"Feature","properties":{"id":478,"u":9259688241,"v":9259688242,"nombre":"","tipo":"residential","longitud_m":81.0,"lados":[{"lado":"a","orientacion":"oriental","muestra_inicio":14226,"muestra_cantidad":16},{"lado":"b","orientacion":"occidental","muestra_inicio":14242,"muestra_cantidad":16}]},"geometry":{"type":"LineString","coordinates":[[-73.239697,10.476317],[-73.239334,10.47568]]}},{"type":"Feature","properties":{"id":479,"u":9274064693,"v":9274064694,"nombre":"","tipo":"residential","longitud_m":73.9,"lados":[{"lado":"a","orientacion":"occidental","muestra_inicio":14258,"muestra_cantidad":15},{"lado":"b","orientacion":"oriental","muestra_inicio":14273,"muestra_cantidad":15}]},"geometry":{"type":"LineString","coordinates":[[-73.244977,10.47116],[-73.245383,10.471694]]}},{"type":"Feature","properties":{"id":480,"u":9277296843,"v":9277296844,"nombre":"","tipo":"service","longitud_m":74.1,"lados":[{"lado":"a","orientacion":"norte","muestra_inicio":14288,"muestra_cantidad":15},{"lado":"b","orientacion":"sur","muestra_inicio":14303,"muestra_cantidad":15}]},"geometry":{"type":"LineString","coordinates":[[-73.243616,10.47196],[-73.242942,10.472023]]}},{"type":"Feature","properties":{"id":481,"u":9277296868,"v":9277296869,"nombre":"","tipo":"residential","longitud_m":94.6,"lados":[{"lado":"a","orientacion":"occidental","muestra_inicio":14318,"muestra_cantidad":19},{"lado":"b","orientacion":"oriental","muestra_inicio":14337,"muestra_cantidad":19}]},"geometry":{"type":"LineString","coordinates":[[-73.245442,10.472074],[-73.245931,10.472779]]}},{"type":"Feature","properties":{"id":482,"u":9282332640,"v":9282332649,"nombre":"Calle 16B","tipo":"residential","longitud_m":8.8,"lados":[{"lado":"a","orientacion":"occidental","muestra_inicio":14356,"muestra_cantidad":2},{"lado":"b","orientacion":"oriental","muestra_inicio":14358,"muestra_cantidad":2}]},"geometry":{"type":"LineString","coordinates":[[-73.247322,10.472744],[-73.247273,10.472807]]}},{"type":"Feature","properties":{"id":483,"u":10873565708,"v":13352303267,"nombre":"","tipo":"residential","longitud_m":4.1,"lados":[{"lado":"a","orientacion":"oriental","muestra_inicio":14360,"muestra_cantidad":1},{"lado":"b","orientacion":"occidental","muestra_inicio":14361,"muestra_cantidad":1}]},"geometry":{"type":"LineString","coordinates":[[-73.2442,10.478403],[-73.244176,10.478373]]}},{"type":"Feature","properties":{"id":484,"u":10873565708,"v":13684973768,"nombre":"Calle 15","tipo":"residential","longitud_m":54.4,"lados":[{"lado":"a","orientacion":"sur","muestra_inicio":14362,"muestra_cantidad":11},{"lado":"b","orientacion":"norte","muestra_inicio":14373,"muestra_cantidad":11}]},"geometry":{"type":"LineString","coordinates":[[-73.243768,10.478653],[-73.244107,10.478421],[-73.244176,10.478373]]}},{"type":"Feature","properties":{"id":485,"u":10873565710,"v":13352303267,"nombre":"","tipo":"residential","longitud_m":38.9,"lados":[{"lado":"a","orientacion":"occidental","muestra_inicio":14384,"muestra_cantidad":8},{"lado":"b","orientacion":"oriental","muestra_inicio":14392,"muestra_cantidad":8}]},"geometry":{"type":"LineString","coordinates":[[-73.2442,10.478403],[-73.244254,10.478472],[-73.244307,10.478553],[-73.24433,10.478593],[-73.244309,10.478625],[-73.244303,10.478657],[-73.244333,10.478699]]}},{"type":"Feature","properties":{"id":486,"u":12697598736,"v":12697598737,"nombre":"","tipo":"residential","longitud_m":51.5,"lados":[{"lado":"a","orientacion":"sur","muestra_inicio":14400,"muestra_cantidad":10},{"lado":"b","orientacion":"norte","muestra_inicio":14410,"muestra_cantidad":10}]},"geometry":{"type":"LineString","coordinates":[[-73.244745,10.482357],[-73.245108,10.482653]]}},{"type":"Feature","properties":{"id":487,"u":13345239135,"v":13345239136,"nombre":"Escalera","tipo":"steps","longitud_m":72.5,"lados":[{"lado":"a","orientacion":"sur","muestra_inicio":14420,"muestra_cantidad":14},{"lado":"b","orientacion":"norte","muestra_inicio":14434,"muestra_cantidad":14}]},"geometry":{"type":"LineString","coordinates":[[-73.243889,10.477329],[-73.244449,10.476981]]}},{"type":"Feature","properties":{"id":488,"u":13345239136,"v":13352264984,"nombre":"Carrera 5","tipo":"footway","longitud_m":111.3,"lados":[{"lado":"a","orientacion":"oriental","muestra_inicio":14448,"muestra_cantidad":22},{"lado":"b","orientacion":"occidental","muestra_inicio":14470,"muestra_cantidad":22}]},"geometry":{"type":"LineString","coordinates":[[-73.244486,10.478143],[-73.243894,10.477335],[-73.243889,10.477329]]}},{"type":"Feature","properties":{"id":489,"u":13345273194,"v":13352355926,"nombre":"","tipo":"footway","longitud_m":2.6,"lados":[{"lado":"a","orientacion":"occidental","muestra_inicio":14492,"muestra_cantidad":1},{"lado":"b","orientacion":"oriental","muestra_inicio":14493,"muestra_cantidad":1}]},"geometry":{"type":"LineString","coordinates":[[-73.245088,10.477743],[-73.245102,10.477762]]}},{"type":"Feature","properties":{"id":490,"u":13345273194,"v":13356397370,"nombre":"Camino peatonal","tipo":"footway","longitud_m":3.4,"lados":[{"lado":"a","orientacion":"oriental","muestra_inicio":14494,"muestra_cantidad":1},{"lado":"b","orientacion":"occidental","muestra_inicio":14495,"muestra_cantidad":1}]},"geometry":{"type":"LineString","coordinates":[[-73.24512,10.477787],[-73.245102,10.477762]]}},{"type":"Feature","properties":{"id":491,"u":13345273195,"v":13352355926,"nombre":"","tipo":"footway","longitud_m":105.1,"lados":[{"lado":"a","orientacion":"oriental","muestra_inicio":14496,"muestra_cantidad":21},{"lado":"b","orientacion":"occidental","muestra_inicio":14517,"muestra_cantidad":21}]},"geometry":{"type":"LineString","coordinates":[[-73.245088,10.477743],[-73.244535,10.476966]]}},{"type":"Feature","properties":{"id":492,"u":13352264984,"v":13684973768,"nombre":"","tipo":"footway","longitud_m":97.3,"lados":[{"lado":"a","orientacion":"sur","muestra_inicio":14538,"muestra_cantidad":19},{"lado":"b","orientacion":"norte","muestra_inicio":14557,"muestra_cantidad":19}]},"geometry":{"type":"LineString","coordinates":[[-73.243768,10.478653],[-73.243771,10.478636],[-73.244486,10.478143]]}},{"type":"Feature","properties":{"id":493,"u":13352303267,"v":13352303268,"nombre":"","tipo":"footway","longitud_m":42.0,"lados":[{"lado":"a","orientacion":"norte","muestra_inicio":14576,"muestra_cantidad":8},{"lado":"b","orientacion":"sur","muestra_inicio":14584,"muestra_cantidad":8}]},"geometry":{"type":"LineString","coordinates":[[-73.244514,10.478185],[-73.2442,10.478403]]}},{"type":"Feature","properties":{"id":494,"u":13352303268,"v":13352357031,"nombre":"","tipo":"footway","longitud_m":77.2,"lados":[{"lado":"a","orientacion":"norte","muestra_inicio":14592,"muestra_cantidad":15},{"lado":"b","orientacion":"sur","muestra_inicio":14607,"muestra_cantidad":15}]},"geometry":{"type":"LineString","coordinates":[[-73.245103,10.477802],[-73.244514,10.478185]]}},{"type":"Feature","properties":{"id":495,"u":13352310274,"v":13356397370,"nombre":"Camino peatonal","tipo":"footway","longitud_m":129.3,"lados":[{"lado":"a","orientacion":"occidental","muestra_inicio":14622,"muestra_cantidad":26},{"lado":"b","orientacion":"oriental","muestra_inicio":14648,"muestra_cantidad":26}]},"geometry":{"type":"LineString","coordinates":[[-73.24512,10.477787],[-73.245709,10.47865],[-73.245782,10.478755]]}},{"type":"Feature","properties":{"id":496,"u":13352322282,"v":13356397370,"nombre":"","tipo":"footway","longitud_m":120.9,"lados":[{"lado":"a","orientacion":"sur","muestra_inicio":14674,"muestra_cantidad":24},{"lado":"b","orientacion":"norte","muestra_inicio":14698,"muestra_cantidad":24}]},"geometry":{"type":"LineString","coordinates":[[-73.24512,10.477787],[-73.24606,10.477213]]}},{"type":"Feature","properties":{"id":497,"u":13352336426,"v":13352336427,"nombre":"","tipo":"footway","longitud_m":131.8,"lados":[{"lado":"a","orientacion":"oriental","muestra_inicio":14722,"muestra_cantidad":26},{"lado":"b","orientacion":"occidental","muestra_inicio":14748,"muestra_cantidad":26}]},"geometry":{"type":"LineString","coordinates":[[-73.245756,10.478761],[-73.245065,10.477785]]}},{"type":"Feature","properties":{"id":498,"u":13352357031,"v":13356397370,"nombre":"","tipo":"footway","longitud_m":2.5,"lados":[{"lado":"a","orientacion":"norte","muestra_inicio":14774,"muestra_cantidad":1},{"lado":"b","orientacion":"sur","muestra_inicio":14775,"muestra_cantidad":1}]},"geometry":{"type":"LineString","coordinates":[[-73.24512,10.477787],[-73.245103,10.477802]]}},{"type":"Feature","properties":{"id":499,"u":13411320097,"v":13411320098,"nombre":"Carrera 8","tipo":"tertiary","longitud_m":28.4,"lados":[{"lado":"a","orientacion":"oriental","muestra_inicio":14776,"muestra_cantidad":6},{"lado":"b","orientacion":"occidental","muestra_inicio":14782,"muestra_cantidad":6}]},"geometry":{"type":"LineString","coordinates":[[-73.243767,10.471882],[-73.243718,10.471816],[-73.243622,10.471669]]}},{"type":"Feature","properties":{"id":500,"u":13411373821,"v":13411373822,"nombre":"","tipo":"residential","longitud_m":94.3,"lados":[{"lado":"a","orientacion":"norte","muestra_inicio":14788,"muestra_cantidad":19},{"lado":"b","orientacion":"sur","muestra_inicio":14807,"muestra_cantidad":19}]},"geometry":{"type":"LineString","coordinates":[[-73.249133,10.476429],[-73.248423,10.476912]]}},{"type":"Feature","properties":{"id":501,"u":13411373822,"v":14089116925,"nombre":"Carrera 9","tipo":"tertiary","longitud_m":126.2,"lados":[{"lado":"a","orientacion":"occidental","muestra_inicio":14826,"muestra_cantidad":25},{"lado":"b","orientacion":"oriental","muestra_inicio":14851,"muestra_cantidad":25}]},"geometry":{"type":"LineString","coordinates":[[-73.247713,10.476014],[-73.248423,10.476912]]}}]}
