id,especie,lat,lon,altura_m,diametro_copa_m,altura_fuste_m,caducifolio,meses_sin_hojas,fuente,fecha_levantamiento
osm-11141509524,otro,10.479525,-73.24395,8.0,6.5,2.5,no,,osm,
osm-11314456075,otro,10.477425,-73.242951,8.0,6.5,2.5,no,,osm,
osm-11314456076,otro,10.477475,-73.242783,8.0,6.5,2.5,no,,osm,
osm-11314456077,otro,10.477657,-73.242914,8.0,6.5,2.5,no,,osm,
osm-11314456078,otro,10.477223,-73.243129,8.0,6.5,2.5,no,,osm,
osm-11314456079,otro,10.478324,-73.24327,8.0,6.5,2.5,no,,osm,
osm-11314456080,otro,10.478019,-73.243685,8.0,6.5,2.5,no,,osm,
osm-11314456081,otro,10.47762,-73.243657,8.0,6.5,2.5,no,,osm,
osm-11314456082,otro,10.477084,-73.242642,8.0,6.5,2.5,no,,osm,
osm-11314456083,otro,10.476733,-73.242705,8.0,6.5,2.5,no,,osm,
osm-11314456084,otro,10.476448,-73.242926,8.0,6.5,2.5,no,,osm,
osm-11314456085,otro,10.476746,-73.242979,8.0,6.5,2.5,no,,osm,
osm-11314456086,otro,10.476976,-73.242793,8.0,6.5,2.5,no,,osm,
osm-11314456087,otro,10.477219,-73.242545,8.0,6.5,2.5,no,,osm,
osm-11314456088,otro,10.47669,-73.243971,8.0,6.5,2.5,no,,osm,
osm-11314456089,otro,10.476953,-73.243902,8.0,6.5,2.5,no,,osm,
osm-11314456090,otro,10.476766,-73.243865,8.0,6.5,2.5,no,,osm,
osm-11314456091,otro,10.474947,-73.243706,8.0,6.5,2.5,no,,osm,
osm-11314456092,otro,10.476242,-73.244923,8.0,6.5,2.5,no,,osm,
osm-11314456093,otro,10.476305,-73.244827,8.0,6.5,2.5,no,,osm,
osm-11314456094,otro,10.47662,-73.244348,8.0,6.5,2.5,no,,osm,
osm-11314456095,otro,10.476335,-73.247225,8.0,6.5,2.5,no,,osm,
osm-11314456096,otro,10.476471,-73.246328,8.0,6.5,2.5,no,,osm,
osm-11314456097,otro,10.476649,-73.246248,8.0,6.5,2.5,no,,osm,
osm-11314456098,otro,10.477396,-73.246419,8.0,6.5,2.5,no,,osm,
osm-11314456099,otro,10.477292,-73.2471,8.0,6.5,2.5,no,,osm,
osm-11314456100,otro,10.477365,-73.246771,8.0,6.5,2.5,no,,osm,
osm-11314456101,otro,10.477449,-73.246985,8.0,6.5,2.5,no,,osm,
osm-11314456102,otro,10.477743,-73.246855,8.0,6.5,2.5,no,,osm,
osm-11314456103,otro,10.477248,-73.24665,8.0,6.5,2.5,no,,osm,
osm-11314456104,otro,10.477481,-73.246012,8.0,6.5,2.5,no,,osm,
osm-11314456105,otro,10.477754,-73.246055,8.0,6.5,2.5,no,,osm,
osm-11314456106,otro,10.478127,-73.246278,8.0,6.5,2.5,no,,osm,
osm-11314456107,otro,10.477947,-73.245822,8.0,6.5,2.5,no,,osm,
osm-11314456108,otro,10.477876,-73.245587,8.0,6.5,2.5,no,,osm,
osm-11314456109,otro,10.477634,-73.245749,8.0,6.5,2.5,no,,osm,
osm-11314456110,otro,10.477226,-73.24555,8.0,6.5,2.5,no,,osm,
osm-11314456111,otro,10.4771,-73.245453,8.0,6.5,2.5,no,,osm,
osm-11314456112,otro,10.477292,-73.245242,8.0,6.5,2.5,no,,osm,
osm-11314456115,otro,10.478371,-73.245279,8.0,6.5,2.5,no,,osm,
osm-11314456117,otro,10.478647,-73.245074,8.0,6.5,2.5,no,,osm,
osm-11314456118,otro,10.477962,-73.243818,8.0,6.5,2.5,no,,osm,
osm-11314456119,otro,10.478494,-73.243815,8.0,6.5,2.5,no,,osm,
osm-11314456120,otro,10.479043,-73.243852,8.0,6.5,2.5,no,,osm,
osm-11314456121,otro,10.47895,-73.244481,8.0,6.5,2.5,no,,osm,
osm-11314456122,otro,10.479347,-73.243974,8.0,6.5,2.5,no,,osm,
osm-11314473266,otro,10.47622,-73.247346,8.0,6.5,2.5,no,,osm,
osm-11314473267,otro,10.476108,-73.247263,8.0,6.5,2.5,no,,osm,
osm-11314473268,otro,10.475948,-73.247435,8.0,6.5,2.5,no,,osm,
osm-11314506975,otro,10.480269,-73.24386,8.0,6.5,2.5,no,,osm,
osm-11314506976,otro,10.479511,-73.243418,8.0,6.5,2.5,no,,osm,
osm-11314506977,otro,10.479368,-73.243319,8.0,6.5,2.5,no,,osm,
osm-11314506979,otro,10.47925,-73.243018,8.0,6.5,2.5,no,,osm,
osm-11314506980,otro,10.479935,-73.243431,8.0,6.5,2.5,no,,osm,
osm-11314506981,otro,10.479583,-73.24373,8.0,6.5,2.5,no,,osm,
osm-11314506982,otro,10.478691,-73.24424,8.0,6.5,2.5,no,,osm,
osm-11314506983,otro,10.479085,-73.245004,8.0,6.5,2.5,no,,osm,
osm-11314506984,otro,10.47873,-73.24479,8.0,6.5,2.5,no,,osm,
osm-11314506985,otro,10.478892,-73.243183,8.0,6.5,2.5,no,,osm,
osm-11314506986,otro,10.478595,-73.242905,8.0,6.5,2.5,no,,osm,
osm-11314506987,otro,10.478529,-73.242563,8.0,6.5,2.5,no,,osm,
osm-11314506988,otro,10.478433,-73.242679,8.0,6.5,2.5,no,,osm,
osm-11314506990,otro,10.478315,-73.24292,8.0,6.5,2.5,no,,osm,
osm-11314506991,otro,10.478057,-73.242529,8.0,6.5,2.5,no,,osm,
osm-11314506992,otro,10.47806,-73.242358,8.0,6.5,2.5,no,,osm,
osm-11314506993,otro,10.478051,-73.242203,8.0,6.5,2.5,no,,osm,
osm-11314506994,otro,10.477748,-73.242429,8.0,6.5,2.5,no,,osm,
osm-11314506995,otro,10.477967,-73.242716,8.0,6.5,2.5,no,,osm,
osm-11314506996,otro,10.478261,-73.243573,8.0,6.5,2.5,no,,osm,
osm-11314506997,otro,10.478135,-73.244378,8.0,6.5,2.5,no,,osm,
osm-11314506998,otro,10.478095,-73.243749,8.0,6.5,2.5,no,,osm,
osm-11314506999,otro,10.476909,-73.244375,8.0,6.5,2.5,no,,osm,
osm-11314507000,otro,10.475495,-73.245728,8.0,6.5,2.5,no,,osm,
osm-11314507001,otro,10.475413,-73.243562,8.0,6.5,2.5,no,,osm,
osm-11314507002,otro,10.475762,-73.244133,8.0,6.5,2.5,no,,osm,
osm-11314507003,otro,10.475729,-73.243806,8.0,6.5,2.5,no,,osm,
osm-11314507004,otro,10.47657,-73.245676,8.0,6.5,2.5,no,,osm,
osm-11314507005,otro,10.476858,-73.245881,8.0,6.5,2.5,no,,osm,
osm-11314507006,otro,10.476414,-73.247097,8.0,6.5,2.5,no,,osm,
osm-11314507470,otro,10.475994,-73.247593,8.0,6.5,2.5,no,,osm,
osm-11314507471,otro,10.475812,-73.246405,8.0,6.5,2.5,no,,osm,
osm-11314507472,otro,10.476408,-73.246121,8.0,6.5,2.5,no,,osm,
osm-11314507473,otro,10.47608,-73.245828,8.0,6.5,2.5,no,,osm,
osm-11314507474,otro,10.476812,-73.246772,8.0,6.5,2.5,no,,osm,
osm-11314507475,otro,10.477971,-73.246756,8.0,6.5,2.5,no,,osm,
osm-11314507476,otro,10.47803,-73.246609,8.0,6.5,2.5,no,,osm,
osm-11314507477,otro,10.477842,-73.246349,8.0,6.5,2.5,no,,osm,
osm-11314507478,otro,10.477466,-73.246163,8.0,6.5,2.5,no,,osm,
osm-11314507479,otro,10.477762,-73.245326,8.0,6.5,2.5,no,,osm,
osm-11314507480,otro,10.477916,-73.246181,8.0,6.5,2.5,no,,osm,
osm-11314507481,otro,10.478078,-73.24541,8.0,6.5,2.5,no,,osm,
osm-11314507482,otro,10.478347,-73.246216,8.0,6.5,2.5,no,,osm,
osm-11314507483,otro,10.478408,-73.2461,8.0,6.5,2.5,no,,osm,
osm-11314507484,otro,10.478299,-73.245824,8.0,6.5,2.5,no,,osm,
osm-11314507485,otro,10.478066,-73.24548,8.0,6.5,2.5,no,,osm,
osm-11314507486,otro,10.481156,-73.246357,8.0,6.5,2.5,no,,osm,
osm-11314507487,otro,10.47889,-73.245223,8.0,6.5,2.5,no,,osm,
osm-11314507488,otro,10.478633,-73.246649,8.0,6.5,2.5,no,,osm,
osm-11314507489,otro,10.479239,-73.247161,8.0,6.5,2.5,no,,osm,
osm-11314507490,otro,10.47872,-73.246934,8.0,6.5,2.5,no,,osm,
osm-11314507491,otro,10.478751,-73.246728,8.0,6.5,2.5,no,,osm,
osm-11314507492,otro,10.478575,-73.246858,8.0,6.5,2.5,no,,osm,
osm-11314507493,otro,10.478433,-73.247037,8.0,6.5,2.5,no,,osm,
osm-11314507494,otro,10.478808,-73.246399,8.0,6.5,2.5,no,,osm,
osm-11314507495,otro,10.478868,-73.2461,8.0,6.5,2.5,no,,osm,
osm-11314507496,otro,10.479216,-73.246415,8.0,6.5,2.5,no,,osm,
osm-11314507497,otro,10.478961,-73.246527,8.0,6.5,2.5,no,,osm,
osm-11314507498,otro,10.479204,-73.246733,8.0,6.5,2.5,no,,osm,
osm-11314507499,otro,10.479116,-73.247122,8.0,6.5,2.5,no,,osm,
osm-11314507501,otro,10.479025,-73.247423,8.0,6.5,2.5,no,,osm,
osm-11314507502,otro,10.479273,-73.247599,8.0,6.5,2.5,no,,osm,
osm-11314507503,otro,10.479282,-73.247017,8.0,6.5,2.5,no,,osm,
osm-11314507504,otro,10.47933,-73.246867,8.0,6.5,2.5,no,,osm,
osm-11314507505,otro,10.479082,-73.246675,8.0,6.5,2.5,no,,osm,
osm-11314507506,otro,10.479432,-73.246552,8.0,6.5,2.5,no,,osm,
osm-11314507513,otro,10.479756,-73.246966,8.0,6.5,2.5,no,,osm,
osm-11314507514,otro,10.480374,-73.247154,8.0,6.5,2.5,no,,osm,
osm-11314507517,otro,10.480093,-73.2463,8.0,6.5,2.5,no,,osm,
osm-11314507518,otro,10.480238,-73.246142,8.0,6.5,2.5,no,,osm,
osm-11314507519,otro,10.480304,-73.246026,8.0,6.5,2.5,no,,osm,
osm-11314507520,otro,10.480543,-73.246237,8.0,6.5,2.5,no,,osm,
osm-11314507521,otro,10.48047,-73.246487,8.0,6.5,2.5,no,,osm,
osm-11314507522,otro,10.479637,-73.245989,8.0,6.5,2.5,no,,osm,
osm-11314507523,otro,10.479746,-73.24583,8.0,6.5,2.5,no,,osm,
osm-11314507524,otro,10.479708,-73.245237,8.0,6.5,2.5,no,,osm,
osm-11314507525,otro,10.479532,-73.245353,8.0,6.5,2.5,no,,osm,
osm-11314507526,otro,10.480589,-73.245297,8.0,6.5,2.5,no,,osm,
osm-11314507527,otro,10.480452,-73.245536,8.0,6.5,2.5,no,,osm,
osm-11314507528,otro,10.480755,-73.24545,8.0,6.5,2.5,no,,osm,
osm-11314507529,otro,10.480662,-73.245647,8.0,6.5,2.5,no,,osm,
osm-11314507530,otro,10.480671,-73.245892,8.0,6.5,2.5,no,,osm,
osm-11314507531,otro,10.480951,-73.245966,8.0,6.5,2.5,no,,osm,
osm-11314507532,otro,10.481181,-73.245677,8.0,6.5,2.5,no,,osm,
osm-11314507533,otro,10.480958,-73.245438,8.0,6.5,2.5,no,,osm,
osm-11314507534,otro,10.480448,-73.245272,8.0,6.5,2.5,no,,osm,
osm-11314507535,otro,10.480867,-73.245135,8.0,6.5,2.5,no,,osm,
osm-11314507536,otro,10.480828,-73.244825,8.0,6.5,2.5,no,,osm,
osm-11314507537,otro,10.481013,-73.24491,8.0,6.5,2.5,no,,osm,
osm-11314507538,otro,10.481247,-73.245133,8.0,6.5,2.5,no,,osm,
osm-11314507539,otro,10.480972,-73.245251,8.0,6.5,2.5,no,,osm,
osm-11314507540,otro,10.48155,-73.245098,8.0,6.5,2.5,no,,osm,
osm-11314507541,otro,10.481507,-73.245267,8.0,6.5,2.5,no,,osm,
osm-11314507542,otro,10.480532,-73.244098,8.0,6.5,2.5,no,,osm,
osm-11314507543,otro,10.48009,-73.243747,8.0,6.5,2.5,no,,osm,
osm-11314507544,otro,10.480156,-73.243647,8.0,6.5,2.5,no,,osm,
osm-11314507545,otro,10.4804,-73.243953,8.0,6.5,2.5,no,,osm,
osm-11314507546,otro,10.478739,-73.246615,8.0,6.5,2.5,no,,osm,
osm-11314507547,otro,10.478973,-73.246156,8.0,6.5,2.5,no,,osm,
osm-11314507549,otro,10.478985,-73.245684,8.0,6.5,2.5,no,,osm,
osm-11314507550,otro,10.479127,-73.245615,8.0,6.5,2.5,no,,osm,
osm-11314507551,otro,10.479187,-73.245752,8.0,6.5,2.5,no,,osm,
osm-11314507552,otro,10.479308,-73.245549,8.0,6.5,2.5,no,,osm,
osm-11314507553,otro,10.479361,-73.246023,8.0,6.5,2.5,no,,osm,
osm-11314507554,otro,10.479613,-73.245507,8.0,6.5,2.5,no,,osm,
osm-11314507555,otro,10.479935,-73.243681,8.0,6.5,2.5,no,,osm,
osm-12191249174,otro,10.476774,-73.243128,5.0,6.5,2.5,no,,osm,
osm-12191257210,otro,10.476901,-73.242738,8.0,6.5,2.5,no,,osm,
osm-12191257211,otro,10.476593,-73.242691,8.0,6.5,2.5,no,,osm,
osm-12690422288,otro,10.473159,-73.24079,5.0,6.5,2.5,no,,osm,
osm-12690767677,otro,10.47313,-73.241765,5.0,6.5,2.5,no,,osm,
osm-12690767685,otro,10.473811,-73.241292,5.0,6.5,2.5,no,,osm,
osm-13081737208,otro,10.472682,-73.24682,8.0,6.5,2.5,no,,osm,
osm-13081737209,otro,10.472617,-73.246872,8.0,6.5,2.5,no,,osm,
osm-13081737210,otro,10.47254,-73.246869,8.0,6.5,2.5,no,,osm,
osm-13081737211,otro,10.473481,-73.247718,8.0,6.5,2.5,no,,osm,
osm-13081737212,otro,10.473567,-73.247638,8.0,6.5,2.5,no,,osm,
osm-13081737213,otro,10.473621,-73.247589,8.0,6.5,2.5,no,,osm,
osm-13081737214,otro,10.473364,-73.247715,8.0,6.5,2.5,no,,osm,
osm-13081737215,otro,10.47334,-73.247691,8.0,6.5,2.5,no,,osm,
osm-13081737216,otro,10.473277,-73.247657,8.0,6.5,2.5,no,,osm,
osm-13081737217,otro,10.473224,-73.247623,8.0,6.5,2.5,no,,osm,
osm-13081737218,otro,10.473506,-73.247654,8.0,6.5,2.5,no,,osm,
osm-13087329839,otro,10.477124,-73.241134,6.0,6.5,2.5,no,,osm,
osm-13087329840,otro,10.476286,-73.239979,6.0,6.5,2.5,no,,osm,
osm-13087329841,otro,10.476692,-73.240392,6.0,6.5,2.5,no,,osm,
osm-13087329842,otro,10.477213,-73.240522,6.0,6.5,2.5,no,,osm,
osm-13087329843,otro,10.477155,-73.241355,6.0,6.5,2.5,no,,osm,
osm-13087329844,otro,10.477684,-73.240157,6.0,6.5,2.5,no,,osm,
osm-13087329845,otro,10.476632,-73.239619,6.0,6.5,2.5,no,,osm,
osm-13087329846,otro,10.477532,-73.239944,6.0,6.5,2.5,no,,osm,
osm-13087329847,otro,10.477253,-73.23972,6.0,6.5,2.5,no,,osm,
osm-13087329848,otro,10.477103,-73.239609,6.0,6.5,2.5,no,,osm,
osm-13087329849,otro,10.476655,-73.240696,6.0,6.5,2.5,no,,osm,
osm-13087329850,otro,10.475987,-73.240139,6.0,6.5,2.5,no,,osm,
osm-13087329851,otro,10.475884,-73.239974,6.0,6.5,2.5,no,,osm,
osm-13180758725,otro,10.472799,-73.240337,5.0,6.5,2.5,no,,osm,
osm-13180758726,otro,10.474141,-73.240493,5.0,6.5,2.5,no,,osm,
osm-13180758727,otro,10.47332,-73.240026,5.0,6.5,2.5,no,,osm,
osm-13180758728,otro,10.47374,-73.241141,5.0,6.5,2.5,no,,osm,
osm-13180758729,otro,10.473124,-73.240652,5.0,6.5,2.5,no,,osm,
osm-13180758730,otro,10.475197,-73.241252,5.0,6.5,2.5,no,,osm,
osm-13180758731,otro,10.474879,-73.240973,5.0,6.5,2.5,no,,osm,
osm-13180758732,otro,10.475305,-73.241085,5.0,6.5,2.5,no,,osm,
osm-13180758733,otro,10.475794,-73.242165,5.0,6.5,2.5,no,,osm,
osm-13180758734,otro,10.476081,-73.241955,5.0,6.5,2.5,no,,osm,
osm-13180758735,otro,10.47629,-73.242157,5.0,6.5,2.5,no,,osm,
osm-13180758736,otro,10.476366,-73.242927,5.0,6.5,2.5,no,,osm,
osm-13180758737,otro,10.476394,-73.243539,5.0,6.5,2.5,no,,osm,
osm-13180758738,otro,10.47636,-73.243402,5.0,6.5,2.5,no,,osm,
osm-13180758739,otro,10.476155,-73.243563,5.0,6.5,2.5,no,,osm,
osm-13340595964,otro,10.477841,-73.244768,8.0,6.5,2.5,no,,osm,
osm-13345193935,otro,10.477814,-73.244363,8.0,6.5,2.5,no,,osm,
osm-13345222580,otro,10.477323,-73.244322,8.0,6.5,2.5,no,,osm,
osm-13345245912,otro,10.477911,-73.244443,8.0,6.5,2.5,no,,osm,
osm-13345246513,otro,10.477167,-73.244208,8.0,6.5,2.5,no,,osm,
osm-13345247542,otro,10.47796,-73.244598,8.0,6.5,2.5,no,,osm,
osm-13345289784,otro,10.477802,-73.244837,8.0,6.5,2.5,no,,osm,
osm-13345289786,otro,10.477912,-73.244655,8.0,6.5,2.5,no,,osm,
osm-13345289787,otro,10.477947,-73.244699,8.0,6.5,2.5,no,,osm,
osm-13676670032,otro,10.479615,-73.24784,8.0,6.5,2.5,no,,osm,
osm-13676670033,otro,10.479653,-73.247782,8.0,6.5,2.5,no,,osm,
osm-13676670034,otro,10.479717,-73.247683,8.0,6.5,2.5,no,,osm,
osm-13676670035,otro,10.479866,-73.247423,8.0,6.5,2.5,no,,osm,
osm-13676670036,otro,10.479779,-73.247588,8.0,6.5,2.5,no,,osm,
osm-13676670037,otro,10.479899,-73.247373,8.0,6.5,2.5,no,,osm,
osm-13676670039,otro,10.480056,-73.247132,8.0,6.5,2.5,no,,osm,
osm-13676670040,otro,10.480101,-73.247063,8.0,6.5,2.5,no,,osm,
osm-13676670041,otro,10.480223,-73.246874,8.0,6.5,2.5,no,,osm,
osm-13676670042,otro,10.480185,-73.246933,8.0,6.5,2.5,no,,osm,
osm-13676670043,otro,10.480612,-73.247141,8.0,6.5,2.5,no,,osm,
osm-13676670044,otro,10.480444,-73.247402,8.0,6.5,2.5,no,,osm,
osm-13676670045,otro,10.480488,-73.247334,8.0,6.5,2.5,no,,osm,
osm-13676670046,otro,10.480409,-73.247456,8.0,6.5,2.5,no,,osm,
osm-13676670047,otro,10.480384,-73.247494,8.0,6.5,2.5,no,,osm,
osm-13676670048,otro,10.480368,-73.247519,8.0,6.5,2.5,no,,osm,
osm-13676670049,otro,10.480324,-73.247585,8.0,6.5,2.5,no,,osm,
osm-13676670050,otro,10.480293,-73.247632,8.0,6.5,2.5,no,,osm,
osm-13676670051,otro,10.480266,-73.247671,8.0,6.5,2.5,no,,osm,
osm-13676670052,otro,10.480238,-73.247716,8.0,6.5,2.5,no,,osm,
osm-13676670053,otro,10.480169,-73.247825,8.0,6.5,2.5,no,,osm,
osm-13681653456,otro,10.475788,-73.250985,8.0,6.5,2.5,no,,osm,
osm-14091042000,otro,10.476787,-73.24869,8.0,6.5,2.5,no,,osm,
osm-14091074601,otro,10.476767,-73.248745,8.0,6.5,2.5,no,,osm,
osm-14091074602,otro,10.476745,-73.248778,8.0,6.5,2.5,no,,osm,
osm-14091074603,otro,10.476713,-73.248812,8.0,6.5,2.5,no,,osm,
osm-14091074604,otro,10.476664,-73.248871,8.0,6.5,2.5,no,,osm,
osm-14091074605,otro,10.476654,-73.248903,8.0,6.5,2.5,no,,osm,
osm-14091074606,otro,10.476619,-73.248933,8.0,6.5,2.5,no,,osm,
osm-14091074607,otro,10.476593,-73.248972,8.0,6.5,2.5,no,,osm,
osm-14091074608,otro,10.476576,-73.249012,8.0,6.5,2.5,no,,osm,
osm-14091074609,otro,10.476562,-73.249034,8.0,6.5,2.5,no,,osm,
osm-14091074610,otro,10.476348,-73.249101,8.0,6.5,2.5,no,,osm,
osm-14091074611,otro,10.476491,-73.249015,8.0,6.5,2.5,no,,osm,
osm-14091074613,otro,10.476574,-73.248888,8.0,6.5,2.5,no,,osm,
osm-14091074614,otro,10.476514,-73.248983,8.0,6.5,2.5,no,,osm,
osm-14091074615,otro,10.476422,-73.248712,8.0,6.5,2.5,no,,osm,
osm-14091074616,otro,10.476175,-73.248619,8.0,6.5,2.5,no,,osm,
osm-14091074617,otro,10.476293,-73.248894,8.0,6.5,2.5,no,,osm,
osm-14091074618,otro,10.47606,-73.248812,8.0,6.5,2.5,no,,osm,
osm-14091074619,otro,10.476029,-73.248788,8.0,6.5,2.5,no,,osm,
osm-14091074620,otro,10.476003,-73.248768,8.0,6.5,2.5,no,,osm,
osm-14091074621,otro,10.47597,-73.248743,8.0,6.5,2.5,no,,osm,
osm-14091074622,otro,10.476068,-73.248427,8.0,6.5,2.5,no,,osm,
osm-14091074623,otro,10.476014,-73.248431,8.0,6.5,2.5,no,,osm,
osm-14091074624,otro,10.475835,-73.248448,8.0,6.5,2.5,no,,osm,
osm-14234047870,otro,10.473834,-73.243662,8.0,6.5,2.5,no,,osm,
osm-14234047871,otro,10.473393,-73.243056,8.0,6.5,2.5,no,,osm,
osm-14234047872,otro,10.473599,-73.243238,8.0,6.5,2.5,no,,osm,
prov-0001,mango,10.474802,-73.241932,10.2,8.6,2.5,no,,provisional,
prov-0002,otro,10.47492,-73.242029,9.5,6.2,2.5,no,,provisional,
prov-0003,mango,10.475045,-73.242132,10.1,8.6,2.5,no,,provisional,
prov-0004,mango,10.475163,-73.24223,11.7,10.8,2.5,no,,provisional,
prov-0005,mango,10.475538,-73.241917,11.7,10.0,2.5,no,,provisional,
prov-0006,mango,10.475451,-73.239711,11.9,8.4,2.5,no,,provisional,
prov-0007,mango,10.475324,-73.239879,8.9,10.1,2.5,no,,provisional,
prov-0008,otro,10.47522,-73.240016,8.4,5.3,2.5,no,,provisional,
prov-0009,mango,10.475107,-73.240167,9.5,8.2,2.5,no,,provisional,
prov-0010,otro,10.475066,-73.240221,8.4,7.6,2.5,no,,provisional,
prov-0011,mango,10.475018,-73.240194,9.6,9.7,2.5,no,,provisional,
prov-0012,mango,10.475151,-73.240239,9.8,8.3,2.5,no,,provisional,
prov-0013,canaguate,10.475292,-73.24036,8.8,7.2,3.0,si,"1,2,3",provisional,
prov-0014,mango,10.47542,-73.240469,8.1,10.8,2.5,no,,provisional,
prov-0015,mango,10.47559,-73.240616,9.2,11.8,2.5,no,,provisional,
prov-0016,mango,10.480717,-73.241589,9.3,11.5,2.5,no,,provisional,
prov-0017,canaguate,10.480587,-73.241523,10.0,7.5,3.0,si,"1,2,3",provisional,
prov-0018,otro,10.48047,-73.241464,7.1,5.6,2.5,no,,provisional,
prov-0019,mango,10.480184,-73.24117,10.6,10.7,2.5,no,,provisional,
prov-0020,canaguate,10.480262,-73.241293,9.7,6.7,3.0,si,"1,2,3",provisional,
prov-0021,otro,10.482086,-73.248145,7.9,6.7,2.5,no,,provisional,
prov-0022,mango,10.481975,-73.248309,8.4,10.6,2.5,no,,provisional,
prov-0023,mango,10.48188,-73.24845,9.6,8.9,2.5,no,,provisional,
prov-0024,mango,10.481772,-73.24861,8.5,8.8,2.5,no,,provisional,
prov-0025,canaguate,10.481361,-73.249219,10.6,6.3,3.0,si,"1,2,3",provisional,
prov-0026,mango,10.481467,-73.249062,11.5,9.4,2.5,no,,provisional,
prov-0027,canaguate,10.481567,-73.248913,9.1,8.3,3.0,si,"1,2,3",provisional,
prov-0028,otro,10.481652,-73.248788,7.1,7.1,2.5,no,,provisional,
prov-0029,mango,10.481737,-73.248662,10.4,11.6,2.5,no,,provisional,
prov-0030,mango,10.472813,-73.244389,9.0,8.3,2.5,no,,provisional,
prov-0031,mango,10.472656,-73.244279,8.5,11.1,2.5,no,,provisional,
prov-0032,mango,10.472536,-73.244196,11.5,11.0,2.5,no,,provisional,
prov-0033,mango,10.472421,-73.244115,10.0,11.0,2.5,no,,provisional,
prov-0034,mango,10.472257,-73.244001,9.4,10.3,2.5,no,,provisional,
prov-0035,otro,10.472073,-73.243873,7.6,7.8,2.5,no,,provisional,
prov-0036,mango,10.472692,-73.244383,9.6,11.3,2.5,no,,provisional,
prov-0037,canaguate,10.472532,-73.244271,8.5,7.4,3.0,si,"1,2,3",provisional,
prov-0038,mango,10.472432,-73.244201,11.7,8.3,2.5,no,,provisional,
prov-0039,canaguate,10.472286,-73.244099,8.4,7.5,3.0,si,"1,2,3",provisional,
prov-0040,canaguate,10.47214,-73.243998,9.6,8.0,3.0,si,"1,2,3",provisional,
prov-0041,canaguate,10.472031,-73.243921,10.7,7.0,3.0,si,"1,2,3",provisional,
prov-0042,otro,10.473428,-73.244814,8.1,7.5,2.5,no,,provisional,
prov-0043,mango,10.473311,-73.244733,10.6,10.4,2.5,no,,provisional,
prov-0044,canaguate,10.473207,-73.244661,8.5,7.6,3.0,si,"1,2,3",provisional,
prov-0045,mango,10.473109,-73.244594,10.8,10.2,2.5,no,,provisional,
prov-0046,mango,10.472965,-73.244494,11.5,9.2,2.5,no,,provisional,
prov-0047,mango,10.473371,-73.244852,8.9,11.9,2.5,no,,provisional,
prov-0048,mango,10.473268,-73.244781,8.6,10.3,2.5,no,,provisional,
prov-0049,mango,10.473114,-73.244674,8.9,9.1,2.5,no,,provisional,
prov-0050,mango,10.472992,-73.24459,11.0,10.5,2.5,no,,provisional,
prov-0051,mango,10.472805,-73.244461,8.8,10.4,2.5,no,,provisional,
prov-0052,mango,10.472511,-73.244849,9.1,11.4,2.5,no,,provisional,
prov-0053,canaguate,10.472633,-73.244685,10.5,6.9,3.0,si,"1,2,3",provisional,
prov-0054,canaguate,10.472731,-73.244553,11.9,7.4,3.0,si,"1,2,3",provisional,
prov-0055,mango,10.481038,-73.2417,10.7,11.2,2.5,no,,provisional,
prov-0056,mango,10.480881,-73.241609,11.2,10.0,2.5,no,,provisional,
prov-0057,otro,10.480782,-73.24156,6.6,7.2,2.5,no,,provisional,
prov-0058,mango,10.476245,-73.238605,8.1,9.5,2.5,no,,provisional,
prov-0059,mango,10.476437,-73.238721,11.4,11.3,2.5,no,,provisional,
prov-0060,mango,10.476558,-73.238794,12.0,11.2,2.5,no,,provisional,
prov-0061,mango,10.47668,-73.238868,8.0,10.0,2.5,no,,provisional,
prov-0062,canaguate,10.475608,-73.240742,9.6,7.5,3.0,si,"1,2,3",provisional,
prov-0063,mango,10.474797,-73.241782,9.6,9.5,2.5,no,,provisional,
prov-0064,otro,10.474922,-73.241623,8.3,6.5,2.5,no,,provisional,
prov-0065,mango,10.475056,-73.241451,10.8,9.4,2.5,no,,provisional,
prov-0066,mango,10.475166,-73.241309,8.1,10.7,2.5,no,,provisional,
prov-0067,mango,10.475268,-73.241179,10.8,11.9,2.5,no,,provisional,
prov-0068,canaguate,10.475385,-73.241029,10.4,7.6,3.0,si,"1,2,3",provisional,
prov-0069,canaguate,10.475463,-73.24093,11.9,7.6,3.0,si,"1,2,3",provisional,
prov-0070,canaguate,10.475546,-73.240824,9.7,6.8,3.0,si,"1,2,3",provisional,
prov-0071,canaguate,10.476026,-73.241093,8.9,7.5,3.0,si,"1,2,3",provisional,
prov-0072,mango,10.475935,-73.241008,8.5,11.9,2.5,no,,provisional,
prov-0073,mango,10.475785,-73.24087,10.1,9.0,2.5,no,,provisional,
prov-0074,mango,10.475992,-73.241173,8.3,10.5,2.5,no,,provisional,
prov-0075,canaguate,10.475881,-73.24107,9.5,6.7,3.0,si,"1,2,3",provisional,
prov-0076,mango,10.475779,-73.240975,11.2,9.3,2.5,no,,provisional,
prov-0077,mango,10.481274,-73.249347,11.0,11.3,2.5,no,,provisional,
prov-0078,mango,10.481166,-73.249508,8.8,8.3,2.5,no,,provisional,
prov-0079,mango,10.481095,-73.249612,11.6,8.3,2.5,no,,provisional,
prov-0080,mango,10.481,-73.249752,10.7,8.9,2.5,no,,provisional,
prov-0081,canaguate,10.480914,-73.249881,9.5,7.0,3.0,si,"1,2,3",provisional,
prov-0082,mango,10.480836,-73.249995,9.8,11.5,2.5,no,,provisional,
prov-0083,canaguate,10.480764,-73.250102,10.3,9.0,3.0,si,"1,2,3",provisional,
prov-0084,mango,10.481343,-73.249358,10.7,8.4,2.5,no,,provisional,
prov-0085,mango,10.481279,-73.249453,8.7,9.9,2.5,no,,provisional,
prov-0086,mango,10.481152,-73.249641,11.6,9.1,2.5,no,,provisional,
prov-0087,mango,10.481086,-73.249738,12.0,9.2,2.5,no,,provisional,
prov-0088,mango,10.480983,-73.249892,9.0,11.8,2.5,no,,provisional,
prov-0089,mango,10.480874,-73.250053,8.3,11.0,2.5,no,,provisional,
prov-0090,otro,10.480801,-73.250161,8.9,7.9,2.5,no,,provisional,
prov-0091,mango,10.480208,-73.250916,8.3,10.4,2.5,no,,provisional,
prov-0092,otro,10.480275,-73.250818,8.0,6.4,2.5,no,,provisional,
prov-0093,mango,10.480392,-73.250647,11.8,10.4,2.5,no,,provisional,
prov-0094,canaguate,10.480506,-73.25048,11.3,8.9,3.0,si,"1,2,3",provisional,
prov-0095,mango,10.480575,-73.25038,8.7,11.2,2.5,no,,provisional,
prov-0096,canaguate,10.480671,-73.250238,10.3,8.3,3.0,si,"1,2,3",provisional,
prov-0097,mango,10.480245,-73.242205,11.0,9.6,2.5,no,,provisional,
prov-0098,mango,10.480159,-73.24233,9.6,11.7,2.5,no,,provisional,
prov-0099,mango,10.480527,-73.242521,8.4,8.4,2.5,no,,provisional,
prov-0100,otro,10.480336,-73.242407,8.4,5.5,2.5,no,,provisional,
prov-0101,mango,10.48289,-73.248662,8.4,9.6,2.5,no,,provisional,
prov-0102,canaguate,10.48279,-73.248591,8.5,7.3,3.0,si,"1,2,3",provisional,
prov-0103,mango,10.48265,-73.248491,10.9,11.5,2.5,no,,provisional,
prov-0104,canaguate,10.482541,-73.248413,10.3,8.2,3.0,si,"1,2,3",provisional,
prov-0105,mango,10.482384,-73.248301,11.4,10.2,2.5,no,,provisional,
prov-0106,canaguate,10.482228,-73.24819,10.6,7.3,3.0,si,"1,2,3",provisional,
prov-0107,canaguate,10.482904,-73.248739,9.6,6.6,3.0,si,"1,2,3",provisional,
prov-0108,otro,10.482737,-73.248621,8.2,6.0,2.5,no,,provisional,
prov-0109,mango,10.482581,-73.248509,9.7,9.8,2.5,no,,provisional,
prov-0110,mango,10.482413,-73.248389,11.9,8.1,2.5,no,,provisional,
prov-0111,mango,10.482317,-73.248321,11.1,10.9,2.5,no,,provisional,
prov-0112,mango,10.482145,-73.248198,11.7,10.6,2.5,no,,provisional,
prov-0113,mango,10.482663,-73.247405,10.0,8.7,2.5,no,,provisional,
prov-0114,mango,10.48257,-73.247542,11.0,10.4,2.5,no,,provisional,
prov-0115,mango,10.482506,-73.247637,11.6,9.9,2.5,no,,provisional,
prov-0116,mango,10.482396,-73.247799,11.1,8.5,2.5,no,,provisional,
prov-0117,mango,10.482309,-73.247928,11.3,11.0,2.5,no,,provisional,
prov-0118,mango,10.482163,-73.248144,11.3,9.1,2.5,no,,provisional,
prov-0119,otro,10.481444,-73.249406,9.3,7.2,2.5,no,,provisional,
prov-0120,mango,10.481585,-73.249516,8.2,9.1,2.5,no,,provisional,
prov-0121,mango,10.481675,-73.249586,10.4,8.9,2.5,no,,provisional,
prov-0122,mango,10.481778,-73.249667,10.6,11.9,2.5,no,,provisional,
prov-0123,mango,10.481908,-73.249768,11.4,10.3,2.5,no,,provisional,
prov-0124,mango,10.482005,-73.249843,11.5,8.4,2.5,no,,provisional,
prov-0125,canaguate,10.480834,-73.248856,10.5,8.2,3.0,si,"1,2,3",provisional,
prov-0126,mango,10.480972,-73.248965,10.8,9.0,2.5,no,,provisional,
prov-0127,mango,10.481064,-73.249038,8.1,8.8,2.5,no,,provisional,
prov-0128,mango,10.481217,-73.249159,10.6,11.4,2.5,no,,provisional,
prov-0129,mango,10.477798,-73.240872,8.7,11.8,2.5,no,,provisional,
prov-0130,mango,10.477741,-73.240969,10.2,9.3,2.5,no,,provisional,
prov-0131,mango,10.477678,-73.241075,8.9,8.5,2.5,no,,provisional,
prov-0132,mango,10.477364,-73.241722,11.8,11.9,2.5,no,,provisional,
prov-0133,otro,10.477419,-73.241606,6.1,6.1,2.5,no,,provisional,
prov-0134,canaguate,10.477487,-73.241464,10.4,7.1,3.0,si,"1,2,3",provisional,
prov-0135,otro,10.477578,-73.241273,7.1,7.1,2.5,no,,provisional,
prov-0136,mango,10.477639,-73.241146,11.8,9.2,2.5,no,,provisional,
prov-0137,mango,10.483301,-73.246361,9.6,11.9,2.5,no,,provisional,
prov-0138,canaguate,10.483362,-73.246368,10.8,7.1,3.0,si,"1,2,3",provisional,
prov-0139,mango,10.483438,-73.246491,10.6,8.7,2.5,no,,provisional,
prov-0140,canaguate,10.483524,-73.246628,9.9,7.9,3.0,si,"1,2,3",provisional,
prov-0141,mango,10.483617,-73.246776,11.5,10.9,2.5,no,,provisional,
prov-0142,mango,10.483712,-73.24693,11.9,11.6,2.5,no,,provisional,
prov-0143,canaguate,10.483784,-73.247061,11.0,8.1,3.0,si,"1,2,3",provisional,
prov-0144,mango,10.483886,-73.247249,10.4,10.3,2.5,no,,provisional,
prov-0145,canaguate,10.483472,-73.24639,10.8,8.8,3.0,si,"1,2,3",provisional,
prov-0146,canaguate,10.483553,-73.24652,11.6,6.3,3.0,si,"1,2,3",provisional,
prov-0147,otro,10.483651,-73.246677,10.0,5.4,2.5,no,,provisional,
prov-0148,mango,10.48377,-73.246867,10.1,11.0,2.5,no,,provisional,
prov-0149,canaguate,10.483841,-73.246997,8.8,6.3,3.0,si,"1,2,3",provisional,
prov-0150,canaguate,10.483918,-73.247138,10.5,6.8,3.0,si,"1,2,3",provisional,
prov-0151,mango,10.484007,-73.247301,11.9,11.2,2.5,no,,provisional,
prov-0152,canaguate,10.485844,-73.246742,8.5,8.1,3.0,si,"1,2,3",provisional,
prov-0153,mango,10.4857,-73.246672,10.1,8.2,2.5,no,,provisional,
prov-0154,mango,10.485564,-73.246608,11.8,8.7,2.5,no,,provisional,
prov-0155,mango,10.485391,-73.246531,11.9,10.2,2.5,no,,provisional,
prov-0156,mango,10.485204,-73.246434,8.5,11.8,2.5,no,,provisional,
prov-0157,mango,10.485081,-73.246362,9.5,8.1,2.5,no,,provisional,
prov-0158,mango,10.484961,-73.246287,11.6,8.6,2.5,no,,provisional,
prov-0159,mango,10.484779,-73.246179,9.8,9.0,2.5,no,,provisional,
prov-0160,mango,10.484635,-73.246106,8.1,11.7,2.5,no,,provisional,
prov-0161,mango,10.484501,-73.246038,9.2,8.5,2.5,no,,provisional,
prov-0162,canaguate,10.484271,-73.245998,9.4,7.8,3.0,si,"1,2,3",provisional,
prov-0163,mango,10.484138,-73.246179,12.0,10.0,2.5,no,,provisional,
prov-0164,mango,10.484004,-73.246272,10.0,10.8,2.5,no,,provisional,
prov-0165,mango,10.483837,-73.24628,8.3,11.0,2.5,no,,provisional,
prov-0166,mango,10.483686,-73.24625,11.1,8.8,2.5,no,,provisional,
prov-0167,mango,10.483553,-73.246252,9.6,9.0,2.5,no,,provisional,
prov-0168,canaguate,10.485817,-73.246789,10.8,7.4,3.0,si,"1,2,3",provisional,
prov-0169,otro,10.485672,-73.246719,7.2,6.3,2.5,no,,provisional,
prov-0170,otro,10.485505,-73.246641,8.9,8.0,2.5,no,,provisional,
prov-0171,mango,10.485391,-73.246591,11.1,11.8,2.5,no,,provisional,
prov-0172,mango,10.485218,-73.246506,10.9,10.1,2.5,no,,provisional,
prov-0173,mango,10.485038,-73.2464,11.0,10.2,2.5,no,,provisional,
prov-0174,otro,10.484915,-73.246323,9.2,5.5,2.5,no,,provisional,
prov-0175,canaguate,10.484755,-73.246228,8.5,7.9,3.0,si,"1,2,3",provisional,
prov-0176,mango,10.484646,-73.246173,11.0,9.9,2.5,no,,provisional,
prov-0177,mango,10.484533,-73.246115,11.8,10.6,2.5,no,,provisional,
prov-0178,canaguate,10.484409,-73.246053,9.0,8.7,3.0,si,"1,2,3",provisional,
prov-0179,mango,10.484278,-73.24607,11.4,10.8,2.5,no,,provisional,
prov-0180,otro,10.484212,-73.246165,7.0,5.9,2.5,no,,provisional,
prov-0181,canaguate,10.48408,-73.246307,9.2,6.9,3.0,si,"1,2,3",provisional,
prov-0182,canaguate,10.483965,-73.246333,11.6,8.4,3.0,si,"1,2,3",provisional,
prov-0183,mango,10.48383,-73.246335,11.1,11.4,2.5,no,,provisional,
prov-0184,mango,10.483717,-73.246309,9.2,8.2,2.5,no,,provisional,
prov-0185,mango,10.483526,-73.246309,10.2,11.4,2.5,no,,provisional,
prov-0186,mango,10.472409,-73.246446,11.9,10.1,2.5,no,,provisional,
prov-0187,mango,10.472305,-73.246596,10.2,10.6,2.5,no,,provisional,
prov-0188,mango,10.472182,-73.246772,9.5,9.6,2.5,no,,provisional,
prov-0189,otro,10.472415,-73.246547,6.2,5.7,2.5,no,,provisional,
prov-0190,canaguate,10.472328,-73.246672,10.6,7.8,3.0,si,"1,2,3",provisional,
prov-0191,mango,10.472255,-73.246778,10.2,10.8,2.5,no,,provisional,
prov-0192,mango,10.472154,-73.246922,11.3,8.7,2.5,no,,provisional,
prov-0193,mango,10.47275,-73.246035,10.9,12.0,2.5,no,,provisional,
prov-0194,canaguate,10.472634,-73.246215,9.1,8.8,3.0,si,"1,2,3",provisional,
prov-0195,mango,10.472516,-73.246399,9.3,10.1,2.5,no,,provisional,
prov-0196,mango,10.476475,-73.250854,9.9,9.3,2.5,no,,provisional,
prov-0197,mango,10.476348,-73.250764,10.6,10.3,2.5,no,,provisional,
prov-0198,mango,10.47619,-73.250653,9.6,11.7,2.5,no,,provisional,
prov-0199,mango,10.476094,-73.250586,11.6,8.9,2.5,no,,provisional,
prov-0200,mango,10.476,-73.25052,10.7,9.0,2.5,no,,provisional,
prov-0201,canaguate,10.475856,-73.250419,11.4,8.7,3.0,si,"1,2,3",provisional,
prov-0202,canaguate,10.476141,-73.249787,10.1,6.7,3.0,si,"1,2,3",provisional,
prov-0203,mango,10.476052,-73.249926,10.3,8.8,2.5,no,,provisional,
prov-0204,canaguate,10.475934,-73.25011,8.5,8.6,3.0,si,"1,2,3",provisional,
prov-0205,mango,10.475838,-73.250261,10.9,9.5,2.5,no,,provisional,
prov-0206,mango,10.478394,-73.244194,10.0,10.3,2.5,no,,provisional,
prov-0207,mango,10.478292,-73.244345,10.0,8.8,2.5,no,,provisional,
prov-0208,canaguate,10.478228,-73.24444,10.6,8.8,3.0,si,"1,2,3",provisional,
prov-0209,mango,10.471316,-73.248228,9.3,11.7,2.5,no,,provisional,
prov-0210,mango,10.471442,-73.24831,11.5,9.8,2.5,no,,provisional,
prov-0211,canaguate,10.471627,-73.248431,10.2,8.4,3.0,si,"1,2,3",provisional,
prov-0212,mango,10.471751,-73.248512,11.9,11.9,2.5,no,,provisional,
prov-0213,canaguate,10.471407,-73.248211,8.4,6.4,3.0,si,"1,2,3",provisional,
prov-0214,otro,10.471507,-73.248276,9.7,5.1,2.5,no,,provisional,
prov-0215,mango,10.471626,-73.248354,8.6,11.5,2.5,no,,provisional,
prov-0216,mango,10.471747,-73.248433,9.6,10.0,2.5,no,,provisional,
prov-0217,mango,10.471857,-73.248505,10.5,11.3,2.5,no,,provisional,
prov-0218,mango,10.472021,-73.247012,9.2,8.3,2.5,no,,provisional,
prov-0219,otro,10.471959,-73.247111,6.1,7.4,2.5,no,,provisional,
prov-0220,mango,10.471894,-73.247212,11.4,8.9,2.5,no,,provisional,
prov-0221,canaguate,10.471834,-73.247308,11.0,8.1,3.0,si,"1,2,3",provisional,
prov-0222,mango,10.471761,-73.247423,10.0,10.6,2.5,no,,provisional,
prov-0223,canaguate,10.471643,-73.247609,8.4,7.7,3.0,si,"1,2,3",provisional,
prov-0224,canaguate,10.471584,-73.247704,8.7,6.2,3.0,si,"1,2,3",provisional,
prov-0225,canaguate,10.471463,-73.247894,9.2,7.1,3.0,si,"1,2,3",provisional,
prov-0226,mango,10.471396,-73.248001,11.5,9.4,2.5,no,,provisional,
prov-0227,mango,10.471298,-73.248155,11.9,11.1,2.5,no,,provisional,
prov-0228,mango,10.483628,-73.247951,9.7,10.5,2.5,no,,provisional,
prov-0229,mango,10.483454,-73.247841,9.0,9.9,2.5,no,,provisional,
prov-0230,mango,10.48333,-73.247763,8.0,9.4,2.5,no,,provisional,
prov-0231,canaguate,10.483173,-73.247664,9.2,7.6,3.0,si,"1,2,3",provisional,
prov-0232,canaguate,10.483048,-73.247585,8.1,6.3,3.0,si,"1,2,3",provisional,
prov-0233,canaguate,10.482907,-73.247497,10.2,6.3,3.0,si,"1,2,3",provisional,
prov-0234,otro,10.482762,-73.247405,6.9,5.2,2.5,no,,provisional,
prov-0235,mango,10.48311,-73.246743,10.4,9.3,2.5,no,,provisional,
prov-0236,mango,10.483034,-73.246856,9.8,9.8,2.5,no,,provisional,
prov-0237,otro,10.482916,-73.247029,9.8,7.4,2.5,no,,provisional,
prov-0238,otro,10.482806,-73.247193,8.1,6.4,2.5,no,,provisional,
prov-0239,canaguate,10.482739,-73.247292,10.9,6.7,3.0,si,"1,2,3",provisional,
prov-0240,mango,10.477655,-73.242368,11.8,12.0,2.5,no,,provisional,
prov-0241,canaguate,10.477734,-73.242264,8.2,7.6,3.0,si,"1,2,3",provisional,
prov-0242,mango,10.47781,-73.242178,8.4,8.8,2.5,no,,provisional,
prov-0243,canaguate,10.477524,-73.242463,9.0,8.1,3.0,si,"1,2,3",provisional,
prov-0244,canaguate,10.477615,-73.242331,10.5,6.6,3.0,si,"1,2,3",provisional,
prov-0245,canaguate,10.477684,-73.242238,10.8,8.0,3.0,si,"1,2,3",provisional,
prov-0246,mango,10.477829,-73.242074,11.8,9.4,2.5,no,,provisional,
prov-0247,mango,10.479667,-73.245481,11.9,9.2,2.5,no,,provisional,
prov-0248,otro,10.479605,-73.245632,6.4,7.6,2.5,no,,provisional,
prov-0249,mango,10.479554,-73.245754,8.5,11.2,2.5,no,,provisional,
prov-0250,mango,10.479496,-73.245894,10.5,11.8,2.5,no,,provisional,
prov-0251,mango,10.479452,-73.245999,10.1,9.7,2.5,no,,provisional,
prov-0252,mango,10.47938,-73.246175,8.2,10.7,2.5,no,,provisional,
prov-0253,canaguate,10.478933,-73.246794,8.3,8.5,3.0,si,"1,2,3",provisional,
prov-0254,mango,10.479002,-73.246699,8.1,10.8,2.5,no,,provisional,
prov-0255,mango,10.479128,-73.246526,11.0,8.1,2.5,no,,provisional,
prov-0256,canaguate,10.479308,-73.246278,8.4,6.5,3.0,si,"1,2,3",provisional,
prov-0257,mango,10.479081,-73.245956,11.4,10.7,2.5,no,,provisional,
prov-0258,otro,10.478916,-73.245846,8.4,6.3,2.5,no,,provisional,
prov-0259,mango,10.479189,-73.246094,10.9,9.8,2.5,no,,provisional,
prov-0260,otro,10.479005,-73.245971,8.0,6.1,2.5,no,,provisional,
prov-0261,canaguate,10.478909,-73.245907,9.6,8.2,3.0,si,"1,2,3",provisional,
prov-0262,mango,10.478809,-73.24584,10.9,11.7,2.5,no,,provisional,
prov-0263,mango,10.471716,-73.244349,10.6,10.0,2.5,no,,provisional,
prov-0264,canaguate,10.471829,-73.244433,10.5,8.2,3.0,si,"1,2,3",provisional,
prov-0265,mango,10.471966,-73.244535,10.9,9.3,2.5,no,,provisional,
prov-0266,mango,10.472144,-73.244668,11.4,10.4,2.5,no,,provisional,
prov-0267,mango,10.472297,-73.244782,10.5,8.1,2.5,no,,provisional,
prov-0268,canaguate,10.472405,-73.244862,11.4,8.8,3.0,si,"1,2,3",provisional,
prov-0269,mango,10.471194,-73.244978,11.3,8.9,2.5,no,,provisional,
prov-0270,mango,10.4713,-73.244845,11.8,11.6,2.5,no,,provisional,
prov-0271,mango,10.471422,-73.244689,10.8,8.4,2.5,no,,provisional,
prov-0272,mango,10.471545,-73.244534,10.4,9.4,2.5,no,,provisional,
prov-0273,otro,10.471642,-73.244411,9.4,7.0,2.5,no,,provisional,
prov-0274,mango,10.475435,-73.248378,9.4,10.8,2.5,no,,provisional,
prov-0275,otro,10.475286,-73.248276,7.7,6.4,2.5,no,,provisional,
prov-0276,canaguate,10.475113,-73.248156,11.6,6.1,3.0,si,"1,2,3",provisional,
prov-0277,canaguate,10.475985,-73.247703,9.1,7.3,3.0,si,"1,2,3",provisional,
prov-0278,mango,10.47587,-73.24785,11.3,9.2,2.5,no,,provisional,
prov-0279,mango,10.475759,-73.248001,9.6,8.1,2.5,no,,provisional,
prov-0280,mango,10.475652,-73.248148,9.7,10.2,2.5,no,,provisional,
prov-0281,canaguate,10.475528,-73.248318,8.6,8.9,3.0,si,"1,2,3",provisional,
prov-0282,mango,10.479062,-73.240219,8.9,9.2,2.5,no,,provisional,
prov-0283,mango,10.478974,-73.240362,8.8,10.9,2.5,no,,provisional,
prov-0284,mango,10.477218,-73.249696,11.5,8.8,2.5,no,,provisional,
prov-0285,mango,10.477113,-73.249616,10.0,10.1,2.5,no,,provisional,
prov-0286,mango,10.476953,-73.249494,10.2,11.6,2.5,no,,provisional,
prov-0287,mango,10.476863,-73.249426,11.6,9.2,2.5,no,,provisional,
prov-0288,canaguate,10.476714,-73.249312,8.8,7.6,3.0,si,"1,2,3",provisional,
prov-0289,mango,10.476608,-73.249232,10.6,9.3,2.5,no,,provisional,
prov-0290,mango,10.477149,-73.249712,11.4,11.8,2.5,no,,provisional,
prov-0291,mango,10.477053,-73.249639,11.6,10.4,2.5,no,,provisional,
prov-0292,canaguate,10.476948,-73.249559,10.7,7.4,3.0,si,"1,2,3",provisional,
prov-0293,canaguate,10.476817,-73.24946,10.2,8.3,3.0,si,"1,2,3",provisional,
prov-0294,canaguate,10.476656,-73.249337,11.3,7.4,3.0,si,"1,2,3",provisional,
prov-0295,otro,10.476498,-73.249216,8.5,7.1,2.5,no,,provisional,
prov-0296,canaguate,10.476282,-73.245402,11.3,6.2,3.0,si,"1,2,3",provisional,
prov-0297,mango,10.476735,-73.245743,11.7,8.5,2.5,no,,provisional,
prov-0298,mango,10.476834,-73.245819,10.9,9.6,2.5,no,,provisional,
prov-0299,canaguate,10.476999,-73.245943,9.1,8.5,3.0,si,"1,2,3",provisional,
prov-0300,otro,10.477109,-73.246026,7.4,6.5,2.5,no,,provisional,
prov-0301,otro,10.476368,-73.245324,9.2,6.1,2.5,no,,provisional,
prov-0302,mango,10.476451,-73.245217,11.3,11.9,2.5,no,,provisional,
prov-0303,mango,10.476526,-73.24512,8.7,9.7,2.5,no,,provisional,
prov-0304,otro,10.476649,-73.24496,6.7,6.5,2.5,no,,provisional,
prov-0305,mango,10.476936,-73.24455,8.5,9.6,2.5,no,,provisional,
prov-0306,canaguate,10.475685,-73.246319,8.3,7.4,3.0,si,"1,2,3",provisional,
prov-0307,mango,10.475752,-73.24622,10.0,10.2,2.5,no,,provisional,
prov-0308,canaguate,10.475825,-73.246112,10.2,7.1,3.0,si,"1,2,3",provisional,
prov-0309,mango,10.475916,-73.245979,9.6,10.1,2.5,no,,provisional,
prov-0310,canaguate,10.476025,-73.245819,11.8,6.9,3.0,si,"1,2,3",provisional,
prov-0311,otro,10.476097,-73.245713,9.0,5.1,2.5,no,,provisional,
prov-0312,mango,10.476221,-73.245531,9.5,8.4,2.5,no,,provisional,
prov-0313,canaguate,10.475784,-73.247491,10.1,6.4,3.0,si,"1,2,3",provisional,
prov-0314,mango,10.475894,-73.247578,9.0,10.1,2.5,no,,provisional,
prov-0315,mango,10.475236,-73.247163,8.0,11.3,2.5,no,,provisional,
prov-0316,canaguate,10.475381,-73.24727,11.2,8.8,3.0,si,"1,2,3",provisional,
prov-0317,otro,10.47553,-73.24738,8.7,5.9,2.5,no,,provisional,
prov-0318,mango,10.475629,-73.247453,9.2,8.2,2.5,no,,provisional,
prov-0319,mango,10.475947,-73.247214,8.9,8.2,2.5,no,,provisional,
prov-0320,canaguate,10.475822,-73.247386,8.5,7.1,3.0,si,"1,2,3",provisional,
prov-0321,canaguate,10.479543,-73.247175,10.0,8.4,3.0,si,"1,2,3",provisional,
prov-0322,otro,10.479621,-73.246991,6.5,7.0,2.5,no,,provisional,
prov-0323,mango,10.479698,-73.24681,10.0,10.0,2.5,no,,provisional,
prov-0324,canaguate,10.479743,-73.246702,10.6,6.9,3.0,si,"1,2,3",provisional,
prov-0325,mango,10.479825,-73.246508,10.2,8.9,2.5,no,,provisional,
prov-0326,mango,10.480175,-73.246725,8.1,10.0,2.5,no,,provisional,
prov-0327,mango,10.480074,-73.246652,10.2,10.3,2.5,no,,provisional,
prov-0328,mango,10.479965,-73.246574,10.7,11.1,2.5,no,,provisional,
prov-0329,mango,10.480161,-73.246782,9.6,10.4,2.5,no,,provisional,
prov-0330,mango,10.48,-73.246666,9.1,9.9,2.5,no,,provisional,
prov-0331,canaguate,10.479875,-73.246577,9.0,8.4,3.0,si,"1,2,3",provisional,
prov-0332,mango,10.478119,-73.25114,8.6,9.2,2.5,no,,provisional,
prov-0333,canaguate,10.477949,-73.25102,9.3,6.6,3.0,si,"1,2,3",provisional,
prov-0334,canaguate,10.477815,-73.250926,10.0,9.0,3.0,si,"1,2,3",provisional,
prov-0335,otro,10.477718,-73.250858,7.3,6.7,2.5,no,,provisional,
prov-0336,mango,10.478187,-73.251105,10.0,12.0,2.5,no,,provisional,
prov-0337,mango,10.472776,-73.247305,11.3,10.0,2.5,no,,provisional,
prov-0338,canaguate,10.472698,-73.24726,10.9,6.8,3.0,si,"1,2,3",provisional,
prov-0339,otro,10.472182,-73.247006,8.2,7.7,2.5,no,,provisional,
prov-0340,canaguate,10.472348,-73.247114,11.9,6.6,3.0,si,"1,2,3",provisional,
prov-0341,mango,10.472473,-73.247196,10.9,10.9,2.5,no,,provisional,
prov-0342,canaguate,10.472571,-73.247261,11.1,7.2,3.0,si,"1,2,3",provisional,
prov-0343,mango,10.476554,-73.249153,8.3,9.5,2.5,no,,provisional,
prov-0344,canaguate,10.476631,-73.249043,11.8,6.8,3.0,si,"1,2,3",provisional,
prov-0345,mango,10.476925,-73.248621,10.4,8.5,2.5,no,,provisional,
prov-0346,canaguate,10.477054,-73.248496,11.8,7.9,3.0,si,"1,2,3",provisional,
prov-0347,canaguate,10.477179,-73.248595,10.5,8.2,3.0,si,"1,2,3",provisional,
prov-0348,canaguate,10.4773,-73.24869,8.6,7.4,3.0,si,"1,2,3",provisional,
prov-0349,canaguate,10.477416,-73.248782,9.0,7.0,3.0,si,"1,2,3",provisional,
prov-0350,canaguate,10.47756,-73.248896,11.3,8.5,3.0,si,"1,2,3",provisional,
prov-0351,mango,10.477655,-73.248971,10.1,9.7,2.5,no,,provisional,
prov-0352,canaguate,10.477447,-73.247729,11.6,7.1,3.0,si,"1,2,3",provisional,
prov-0353,mango,10.477364,-73.247855,10.0,8.2,2.5,no,,provisional,
prov-0354,mango,10.477295,-73.247961,11.8,9.3,2.5,no,,provisional,
prov-0355,mango,10.477191,-73.248121,8.1,9.8,2.5,no,,provisional,
prov-0356,canaguate,10.477128,-73.248217,8.7,6.3,3.0,si,"1,2,3",provisional,
prov-0357,canaguate,10.477067,-73.248311,9.8,8.7,3.0,si,"1,2,3",provisional,
prov-0358,canaguate,10.476993,-73.248425,10.2,6.7,3.0,si,"1,2,3",provisional,
prov-0359,mango,10.474623,-73.246699,8.5,9.6,2.5,no,,provisional,
prov-0360,canaguate,10.474783,-73.246821,8.8,6.4,3.0,si,"1,2,3",provisional,
prov-0361,otro,10.474932,-73.246934,10.0,5.7,2.5,no,,provisional,
prov-0362,canaguate,10.47508,-73.247046,11.3,7.7,3.0,si,"1,2,3",provisional,
prov-0363,mango,10.474636,-73.246629,9.6,8.3,2.5,no,,provisional,
prov-0364,mango,10.474811,-73.246762,11.4,9.1,2.5,no,,provisional,
prov-0365,mango,10.47493,-73.246852,11.9,11.6,2.5,no,,provisional,
prov-0366,canaguate,10.475076,-73.246963,9.3,8.1,3.0,si,"1,2,3",provisional,
prov-0367,mango,10.475179,-73.247041,9.7,8.2,2.5,no,,provisional,
prov-0368,canaguate,10.473935,-73.246143,9.1,6.2,3.0,si,"1,2,3",provisional,
prov-0369,mango,10.474062,-73.246246,11.8,10.5,2.5,no,,provisional,
prov-0370,otro,10.474196,-73.246355,8.4,5.8,2.5,no,,provisional,
prov-0371,mango,10.474284,-73.246427,11.9,8.1,2.5,no,,provisional,
prov-0372,canaguate,10.474382,-73.246507,10.4,7.2,3.0,si,"1,2,3",provisional,
prov-0373,mango,10.474539,-73.246635,11.8,11.6,2.5,no,,provisional,
prov-0374,canaguate,10.473964,-73.246085,11.7,7.3,3.0,si,"1,2,3",provisional,
prov-0375,otro,10.474064,-73.246166,9.9,6.0,2.5,no,,provisional,
prov-0376,mango,10.474167,-73.24625,9.7,9.0,2.5,no,,provisional,
prov-0377,mango,10.47428,-73.246342,10.4,11.4,2.5,no,,provisional,
prov-0378,mango,10.4744,-73.246439,11.7,11.0,2.5,no,,provisional,
prov-0379,otro,10.474554,-73.246564,9.0,5.2,2.5,no,,provisional,
prov-0380,otro,10.473378,-73.240826,9.7,5.4,2.5,no,,provisional,
prov-0381,otro,10.473218,-73.240704,9.6,5.9,2.5,no,,provisional,
prov-0382,mango,10.473084,-73.240601,9.5,8.9,2.5,no,,provisional,
prov-0383,otro,10.472906,-73.240465,7.9,7.2,2.5,no,,provisional,
prov-0384,mango,10.472727,-73.240328,10.6,11.6,2.5,no,,provisional,
prov-0385,mango,10.479658,-73.240475,10.0,10.1,2.5,no,,provisional,
prov-0386,otro,10.479746,-73.240343,7.8,7.5,2.5,no,,provisional,
prov-0387,mango,10.479622,-73.240432,9.6,9.4,2.5,no,,provisional,
prov-0388,otro,10.479683,-73.240339,9.3,7.3,2.5,no,,provisional,
prov-0389,canaguate,10.479915,-73.240045,10.1,7.7,3.0,si,"1,2,3",provisional,
prov-0390,mango,10.479855,-73.240154,10.7,11.8,2.5,no,,provisional,
prov-0391,mango,10.479575,-73.239769,11.8,10.5,2.5,no,,provisional,
prov-0392,mango,10.479649,-73.239949,9.7,11.9,2.5,no,,provisional,
prov-0393,canaguate,10.479697,-73.240066,9.8,7.3,3.0,si,"1,2,3",provisional,
prov-0394,mango,10.479978,-73.240439,8.6,8.9,2.5,no,,provisional,
prov-0395,canaguate,10.479853,-73.240329,9.3,7.6,3.0,si,"1,2,3",provisional,
prov-0396,mango,10.474372,-73.248473,9.4,11.6,2.5,no,,provisional,
prov-0397,canaguate,10.474472,-73.24854,8.3,7.2,3.0,si,"1,2,3",provisional,
prov-0398,canaguate,10.474577,-73.24861,10.1,7.9,3.0,si,"1,2,3",provisional,
prov-0399,otro,10.474761,-73.248733,9.0,6.4,2.5,no,,provisional,
prov-0400,mango,10.474911,-73.248833,10.3,9.8,2.5,no,,provisional,
prov-0401,mango,10.475042,-73.248921,10.3,10.6,2.5,no,,provisional,
prov-0402,canaguate,10.474432,-73.248414,11.6,8.4,3.0,si,"1,2,3",provisional,
prov-0403,otro,10.47458,-73.248514,8.8,7.0,2.5,no,,provisional,
prov-0404,mango,10.474683,-73.248582,10.2,11.2,2.5,no,,provisional,
prov-0405,canaguate,10.474787,-73.248652,9.3,6.7,3.0,si,"1,2,3",provisional,
prov-0406,otro,10.475063,-73.248837,6.9,7.6,2.5,no,,provisional,
prov-0407,mango,10.474317,-73.248392,9.4,9.9,2.5,no,,provisional,
prov-0408,mango,10.478798,-73.24864,10.1,11.4,2.5,no,,provisional,
prov-0409,canaguate,10.478895,-73.248441,10.7,7.6,3.0,si,"1,2,3",provisional,
prov-0410,mango,10.478952,-73.248324,11.2,11.4,2.5,no,,provisional,
prov-0411,canaguate,10.479018,-73.248188,8.6,7.8,3.0,si,"1,2,3",provisional,
prov-0412,canaguate,10.479071,-73.248079,9.2,7.2,3.0,si,"1,2,3",provisional,
prov-0413,mango,10.479154,-73.247909,9.3,8.3,2.5,no,,provisional,
prov-0414,otro,10.479214,-73.247786,9.1,6.8,2.5,no,,provisional,
prov-0415,canaguate,10.479354,-73.247793,10.3,8.9,3.0,si,"1,2,3",provisional,
prov-0416,canaguate,10.478617,-73.247246,10.2,6.7,3.0,si,"1,2,3",provisional,
prov-0417,mango,10.478748,-73.247344,11.8,8.6,2.5,no,,provisional,
prov-0418,mango,10.478904,-73.247461,11.6,9.2,2.5,no,,provisional,
prov-0419,otro,10.479018,-73.247546,6.7,5.5,2.5,no,,provisional,
prov-0420,canaguate,10.479107,-73.247613,10.7,8.9,3.0,si,"1,2,3",provisional,
prov-0421,mango,10.47926,-73.247728,8.7,8.8,2.5,no,,provisional,
prov-0422,mango,10.478697,-73.247238,8.6,8.9,2.5,no,,provisional,
prov-0423,mango,10.478824,-73.247333,8.8,9.5,2.5,no,,provisional,
prov-0424,mango,10.479154,-73.24758,10.1,9.5,2.5,no,,provisional,
prov-0425,otro,10.475289,-73.246937,7.8,8.0,2.5,no,,provisional,
prov-0426,canaguate,10.475402,-73.246755,10.7,8.6,3.0,si,"1,2,3",provisional,
prov-0427,mango,10.475477,-73.246635,11.9,11.0,2.5,no,,provisional,
prov-0428,mango,10.475587,-73.24646,10.9,11.7,2.5,no,,provisional,
prov-0429,mango,10.475093,-73.247276,9.2,12.0,2.5,no,,provisional,
prov-0430,mango,10.475151,-73.247169,10.2,9.2,2.5,no,,provisional,
prov-0431,mango,10.473306,-73.242929,11.3,11.3,2.5,no,,provisional,
prov-0432,mango,10.47316,-73.242812,9.9,8.5,2.5,no,,provisional,
prov-0433,mango,10.472941,-73.242758,10.1,10.1,2.5,no,,provisional,
prov-0434,mango,10.472731,-73.242737,12.0,11.5,2.5,no,,provisional,
prov-0435,mango,10.47262,-73.242728,8.2,10.7,2.5,no,,provisional,
prov-0436,mango,10.473189,-73.242885,10.3,10.4,2.5,no,,provisional,
prov-0437,mango,10.473049,-73.242827,9.8,10.8,2.5,no,,provisional,
prov-0438,canaguate,10.472837,-73.242802,11.8,8.7,3.0,si,"1,2,3",provisional,
prov-0439,mango,10.472619,-73.242783,11.1,9.1,2.5,no,,provisional,
prov-0440,mango,10.479524,-73.250594,11.7,11.0,2.5,no,,provisional,
prov-0441,mango,10.47941,-73.250746,10.0,8.3,2.5,no,,provisional,
prov-0442,mango,10.47929,-73.250907,9.7,8.6,2.5,no,,provisional,
prov-0443,mango,10.479189,-73.251043,11.8,11.0,2.5,no,,provisional,
prov-0444,mango,10.479699,-73.250558,11.8,8.1,2.5,no,,provisional,
prov-0445,canaguate,10.479787,-73.250624,10.8,8.9,3.0,si,"1,2,3",provisional,
prov-0446,mango,10.479878,-73.250693,8.2,8.8,2.5,no,,provisional,
prov-0447,mango,10.479994,-73.250781,9.3,10.4,2.5,no,,provisional,
prov-0448,canaguate,10.480122,-73.250878,11.1,6.6,3.0,si,"1,2,3",provisional,
prov-0449,mango,10.479012,-73.250019,10.5,9.9,2.5,no,,provisional,
prov-0450,mango,10.479171,-73.250144,9.4,8.5,2.5,no,,provisional,
prov-0451,canaguate,10.479264,-73.250218,9.5,7.9,3.0,si,"1,2,3",provisional,
prov-0452,mango,10.479438,-73.250355,8.5,9.6,2.5,no,,provisional,
prov-0453,mango,10.479551,-73.250444,10.2,10.0,2.5,no,,provisional,
prov-0454,canaguate,10.479671,-73.242195,10.1,6.5,3.0,si,"1,2,3",provisional,
prov-0455,mango,10.479754,-73.242069,8.7,8.4,2.5,no,,provisional,
prov-0456,mango,10.479815,-73.241978,11.6,9.5,2.5,no,,provisional,
prov-0457,mango,10.480143,-73.241513,11.0,10.4,2.5,no,,provisional,
prov-0458,mango,10.480064,-73.241622,10.2,10.7,2.5,no,,provisional,
prov-0459,otro,10.479999,-73.241712,9.4,6.4,2.5,no,,provisional,
prov-0460,canaguate,10.480178,-73.241559,8.8,7.5,3.0,si,"1,2,3",provisional,
prov-0461,canaguate,10.480102,-73.241663,11.8,8.3,3.0,si,"1,2,3",provisional,
prov-0462,mango,10.479981,-73.241829,11.4,10.3,2.5,no,,provisional,
prov-0463,otro,10.476528,-73.250892,7.1,7.6,2.5,no,,provisional,
prov-0464,mango,10.476658,-73.25099,9.1,10.4,2.5,no,,provisional,
prov-0465,mango,10.476764,-73.25107,11.5,10.5,2.5,no,,provisional,
prov-0466,mango,10.476918,-73.251185,8.9,8.4,2.5,no,,provisional,
prov-0467,otro,10.47709,-73.251314,9.6,7.7,2.5,no,,provisional,
prov-0468,mango,10.477218,-73.25141,10.0,10.6,2.5,no,,provisional,
prov-0469,canaguate,10.477678,-73.250818,9.9,6.4,3.0,si,"1,2,3",provisional,
prov-0470,canaguate,10.477602,-73.250984,10.1,7.4,3.0,si,"1,2,3",provisional,
prov-0471,canaguate,10.477551,-73.251095,8.6,8.9,3.0,si,"1,2,3",provisional,
prov-0472,canaguate,10.477504,-73.251198,9.5,7.2,3.0,si,"1,2,3",provisional,
prov-0473,mango,10.477428,-73.251363,9.9,11.0,2.5,no,,provisional,
prov-0474,otro,10.477619,-73.251078,7.1,6.9,2.5,no,,provisional,
prov-0475,mango,10.477569,-73.251186,11.1,11.5,2.5,no,,provisional,
prov-0476,mango,10.477477,-73.251385,9.3,8.9,2.5,no,,provisional,
prov-0477,canaguate,10.480404,-73.24491,9.2,8.4,3.0,si,"1,2,3",provisional,
prov-0478,mango,10.480249,-73.245244,10.7,8.3,2.5,no,,provisional,
prov-0479,mango,10.480165,-73.245426,11.0,8.2,2.5,no,,provisional,
prov-0480,mango,10.480077,-73.245614,11.8,10.6,2.5,no,,provisional,
prov-0481,canaguate,10.480751,-73.246146,11.7,8.1,3.0,si,"1,2,3",provisional,
prov-0482,mango,10.480144,-73.245774,9.8,9.7,2.5,no,,provisional,
prov-0483,canaguate,10.472586,-73.240313,9.8,6.6,3.0,si,"1,2,3",provisional,
prov-0484,mango,10.472582,-73.240444,10.9,11.8,2.5,no,,provisional,
prov-0485,canaguate,10.472578,-73.240554,11.1,6.6,3.0,si,"1,2,3",provisional,
prov-0486,mango,10.472574,-73.24069,11.3,11.4,2.5,no,,provisional,
prov-0487,mango,10.472568,-73.240882,12.0,9.2,2.5,no,,provisional,
prov-0488,canaguate,10.472561,-73.241087,12.0,6.7,3.0,si,"1,2,3",provisional,
prov-0489,otro,10.472557,-73.241212,8.3,5.0,2.5,no,,provisional,
prov-0490,mango,10.472551,-73.241388,11.5,8.1,2.5,no,,provisional,
prov-0491,canaguate,10.472534,-73.242732,8.0,9.0,3.0,si,"1,2,3",provisional,
prov-0492,canaguate,10.472546,-73.24251,8.1,8.3,3.0,si,"1,2,3",provisional,
prov-0493,otro,10.472557,-73.242323,9.3,5.9,2.5,no,,provisional,
prov-0494,mango,10.472565,-73.242187,8.7,9.8,2.5,no,,provisional,
prov-0495,otro,10.472576,-73.241987,6.6,7.0,2.5,no,,provisional,
prov-0496,canaguate,10.472587,-73.241798,10.3,8.5,3.0,si,"1,2,3",provisional,
prov-0497,otro,10.472597,-73.241622,8.0,6.0,2.5,no,,provisional,
prov-0498,canaguate,10.473275,-73.242065,9.6,6.7,3.0,si,"1,2,3",provisional,
prov-0499,mango,10.473136,-73.241974,11.4,10.6,2.5,no,,provisional,
prov-0500,mango,10.473009,-73.24189,11.6,11.5,2.5,no,,provisional,
prov-0501,canaguate,10.472841,-73.241779,10.0,7.3,3.0,si,"1,2,3",provisional,
prov-0502,mango,10.472707,-73.24169,8.9,10.7,2.5,no,,provisional,
prov-0503,mango,10.471729,-73.241044,9.8,11.9,2.5,no,,provisional,
prov-0504,canaguate,10.471899,-73.241156,11.2,8.5,3.0,si,"1,2,3",provisional,
prov-0505,canaguate,10.47208,-73.241275,8.8,7.3,3.0,si,"1,2,3",provisional,
prov-0506,mango,10.472196,-73.241352,10.8,9.4,2.5,no,,provisional,
prov-0507,mango,10.472367,-73.241466,8.7,11.9,2.5,no,,provisional,
prov-0508,mango,10.472487,-73.241544,10.2,10.3,2.5,no,,provisional,
prov-0509,mango,10.471791,-73.241019,8.5,8.4,2.5,no,,provisional,
prov-0510,mango,10.471969,-73.241137,9.1,9.0,2.5,no,,provisional,
prov-0511,canaguate,10.472075,-73.241207,10.2,6.9,3.0,si,"1,2,3",provisional,
prov-0512,mango,10.47221,-73.241296,11.4,10.8,2.5,no,,provisional,
prov-0513,otro,10.472309,-73.241362,6.2,6.3,2.5,no,,provisional,
prov-0514,mango,10.472414,-73.241431,9.5,11.6,2.5,no,,provisional,
prov-0515,canaguate,10.472547,-73.241519,11.1,7.3,3.0,si,"1,2,3",provisional,
prov-0516,otro,10.471384,-73.246459,7.7,5.1,2.5,no,,provisional,
prov-0517,mango,10.479082,-73.249839,9.4,10.4,2.5,no,,provisional,
prov-0518,canaguate,10.479178,-73.249677,11.0,6.3,3.0,si,"1,2,3",provisional,
prov-0519,mango,10.479267,-73.249525,8.5,10.8,2.5,no,,provisional,
prov-0520,mango,10.479343,-73.249397,10.3,8.7,2.5,no,,provisional,
prov-0521,otro,10.47945,-73.249216,8.0,5.8,2.5,no,,provisional,
prov-0522,mango,10.479927,-73.248336,11.4,9.6,2.5,no,,provisional,
prov-0523,mango,10.479822,-73.248531,11.5,11.4,2.5,no,,provisional,
prov-0524,canaguate,10.479735,-73.24869,9.3,8.6,3.0,si,"1,2,3",provisional,
prov-0525,mango,10.479657,-73.248836,11.5,11.9,2.5,no,,provisional,
prov-0526,mango,10.479568,-73.249,8.2,9.6,2.5,no,,provisional,
prov-0527,mango,10.480171,-73.249657,10.3,8.2,2.5,no,,provisional,
prov-0528,mango,10.48008,-73.249592,10.9,9.4,2.5,no,,provisional,
prov-0529,mango,10.479982,-73.249522,8.3,8.4,2.5,no,,provisional,
prov-0530,mango,10.479891,-73.249457,9.1,9.1,2.5,no,,provisional,
prov-0531,mango,10.479783,-73.24938,11.1,8.1,2.5,no,,provisional,
prov-0532,mango,10.479694,-73.249316,9.0,9.0,2.5,no,,provisional,
prov-0533,mango,10.479517,-73.249189,10.6,11.7,2.5,no,,provisional,
prov-0534,mango,10.480087,-73.249675,10.4,11.2,2.5,no,,provisional,
prov-0535,mango,10.479917,-73.249554,8.8,9.1,2.5,no,,provisional,
prov-0536,canaguate,10.479792,-73.249465,8.9,6.3,3.0,si,"1,2,3",provisional,
prov-0537,mango,10.479654,-73.249366,9.6,11.2,2.5,no,,provisional,
prov-0538,otro,10.479526,-73.249274,7.9,6.9,2.5,no,,provisional,
prov-0539,mango,10.474183,-73.24721,10.0,9.5,2.5,no,,provisional,
prov-0540,mango,10.474006,-73.247458,11.6,8.1,2.5,no,,provisional,
prov-0541,mango,10.480717,-73.247112,9.7,9.8,2.5,no,,provisional,
prov-0542,mango,10.480809,-73.247177,11.6,8.0,2.5,no,,provisional,
prov-0543,mango,10.480918,-73.247255,11.7,10.7,2.5,no,,provisional,
prov-0544,mango,10.481094,-73.247381,9.2,11.7,2.5,no,,provisional,
prov-0545,mango,10.481215,-73.247467,8.2,11.9,2.5,no,,provisional,
prov-0546,otro,10.481364,-73.247573,9.3,6.5,2.5,no,,provisional,
prov-0547,mango,10.481507,-73.247675,10.2,8.6,2.5,no,,provisional,
prov-0548,otro,10.481478,-73.247821,7.7,5.0,2.5,no,,provisional,
prov-0549,otro,10.481386,-73.247952,9.7,7.8,2.5,no,,provisional,
prov-0550,mango,10.481282,-73.2481,11.4,11.3,2.5,no,,provisional,
prov-0551,mango,10.482093,-73.246954,8.9,10.9,2.5,no,,provisional,
prov-0552,otro,10.482003,-73.24708,9.2,5.1,2.5,no,,provisional,
prov-0553,canaguate,10.481894,-73.247235,9.4,6.5,3.0,si,"1,2,3",provisional,
prov-0554,mango,10.481786,-73.247386,8.2,10.1,2.5,no,,provisional,
prov-0555,canaguate,10.481706,-73.2475,9.8,8.3,3.0,si,"1,2,3",provisional,
prov-0556,canaguate,10.481579,-73.247678,8.6,8.9,3.0,si,"1,2,3",provisional,
prov-0557,mango,10.477961,-73.24286,10.8,9.2,2.5,no,,provisional,
prov-0558,mango,10.478202,-73.243051,9.9,8.1,2.5,no,,provisional,
prov-0559,canaguate,10.478048,-73.242986,9.6,6.8,3.0,si,"1,2,3",provisional,
prov-0560,mango,10.47793,-73.242936,9.1,9.5,2.5,no,,provisional,
prov-0561,mango,10.477607,-73.242574,8.2,10.9,2.5,no,,provisional,
prov-0562,otro,10.477732,-73.242701,9.2,6.3,2.5,no,,provisional,
prov-0563,mango,10.477857,-73.242802,9.9,11.1,2.5,no,,provisional,
prov-0564,mango,10.477789,-73.243176,9.1,8.8,2.5,no,,provisional,
prov-0565,otro,10.4779,-73.243009,9.7,6.7,2.5,no,,provisional,
prov-0566,mango,10.480795,-73.241191,8.7,9.7,2.5,no,,provisional,
prov-0567,canaguate,10.480633,-73.241075,9.7,7.4,3.0,si,"1,2,3",provisional,
prov-0568,mango,10.480977,-73.241137,11.6,9.0,2.5,no,,provisional,
prov-0569,mango,10.480964,-73.241057,11.8,11.0,2.5,no,,provisional,
prov-0570,otro,10.480871,-73.240952,7.9,8.0,2.5,no,,provisional,
prov-0571,mango,10.480722,-73.240786,11.1,9.9,2.5,no,,provisional,
prov-0572,mango,10.480635,-73.240899,9.6,9.6,2.5,no,,provisional,
prov-0573,mango,10.480243,-73.241084,8.6,11.3,2.5,no,,provisional,
prov-0574,mango,10.480451,-73.241008,10.1,10.8,2.5,no,,provisional,
prov-0575,mango,10.477448,-73.245557,11.5,11.6,2.5,no,,provisional,
prov-0576,otro,10.477347,-73.245727,8.3,6.3,2.5,no,,provisional,
prov-0577,mango,10.477281,-73.24584,9.7,9.4,2.5,no,,provisional,
prov-0578,otro,10.477165,-73.246036,9.1,6.1,2.5,no,,provisional,
prov-0579,mango,10.474647,-73.249515,10.9,10.5,2.5,no,,provisional,
prov-0580,otro,10.474548,-73.249447,8.7,7.8,2.5,no,,provisional,
prov-0581,canaguate,10.474431,-73.249365,8.8,7.2,3.0,si,"1,2,3",provisional,
prov-0582,mango,10.47427,-73.249252,11.5,8.1,2.5,no,,provisional,
prov-0583,canaguate,10.474115,-73.249143,8.4,8.6,3.0,si,"1,2,3",provisional,
prov-0584,mango,10.473982,-73.24905,11.7,9.1,2.5,no,,provisional,
prov-0585,otro,10.47394,-73.248996,10.0,7.1,2.5,no,,provisional,
prov-0586,mango,10.474041,-73.248832,9.4,8.7,2.5,no,,provisional,
prov-0587,mango,10.474124,-73.248699,9.8,10.9,2.5,no,,provisional,
prov-0588,canaguate,10.474208,-73.248564,10.4,7.3,3.0,si,"1,2,3",provisional,
prov-0589,otro,10.473617,-73.249621,6.2,5.4,2.5,no,,provisional,
prov-0590,mango,10.473703,-73.249494,8.1,10.1,2.5,no,,provisional,
prov-0591,mango,10.473786,-73.249372,8.7,9.3,2.5,no,,provisional,
prov-0592,mango,10.473878,-73.249236,9.8,10.8,2.5,no,,provisional,
prov-0593,otro,10.47343,-73.244976,8.8,5.8,2.5,no,,provisional,
prov-0594,mango,10.473317,-73.245161,11.9,10.5,2.5,no,,provisional,
prov-0595,mango,10.473214,-73.24533,11.6,9.0,2.5,no,,provisional,
prov-0596,mango,10.477796,-73.245099,11.0,11.0,2.5,no,,provisional,
prov-0597,mango,10.472583,-73.247365,9.6,11.0,2.5,no,,provisional,
prov-0598,mango,10.472475,-73.247292,9.9,10.6,2.5,no,,provisional,
prov-0599,mango,10.472377,-73.247226,8.7,8.3,2.5,no,,provisional,
prov-0600,mango,10.47227,-73.247153,11.3,12.0,2.5,no,,provisional,
prov-0601,otro,10.472107,-73.247043,8.5,6.9,2.5,no,,provisional,
prov-0602,mango,10.472664,-73.24732,9.8,8.9,2.5,no,,provisional,
prov-0603,mango,10.471977,-73.248376,8.9,10.9,2.5,no,,provisional,
prov-0604,mango,10.472057,-73.248255,11.8,8.7,2.5,no,,provisional,
prov-0605,canaguate,10.472121,-73.248159,10.7,6.0,3.0,si,"1,2,3",provisional,
prov-0606,otro,10.472235,-73.247987,8.9,7.6,2.5,no,,provisional,
prov-0607,mango,10.472342,-73.247826,9.8,10.6,2.5,no,,provisional,
prov-0608,canaguate,10.472464,-73.247642,9.6,6.1,3.0,si,"1,2,3",provisional,
prov-0609,mango,10.472541,-73.247526,9.3,11.8,2.5,no,,provisional,
prov-0610,mango,10.472617,-73.247411,10.9,9.9,2.5,no,,provisional,
prov-0611,mango,10.483573,-73.24687,8.1,11.1,2.5,no,,provisional,
prov-0612,otro,10.483423,-73.246773,9.0,6.3,2.5,no,,provisional,
prov-0613,canaguate,10.483302,-73.246695,8.9,7.0,3.0,si,"1,2,3",provisional,
prov-0614,mango,10.483184,-73.246619,9.9,9.1,2.5,no,,provisional,
prov-0615,mango,10.476255,-73.249611,10.5,9.6,2.5,no,,provisional,
prov-0616,mango,10.476354,-73.249459,10.8,11.2,2.5,no,,provisional,
prov-0617,mango,10.47645,-73.249312,11.5,10.2,2.5,no,,provisional,
prov-0618,otro,10.476469,-73.249128,6.0,7.9,2.5,no,,provisional,
prov-0619,mango,10.471673,-73.245886,8.5,8.9,2.5,no,,provisional,
prov-0620,canaguate,10.471568,-73.245817,10.9,8.1,3.0,si,"1,2,3",provisional,
prov-0621,mango,10.471388,-73.245698,10.1,8.2,2.5,no,,provisional,
prov-0622,mango,10.471236,-73.245598,11.2,11.8,2.5,no,,provisional,
prov-0623,canaguate,10.471055,-73.245478,10.9,8.1,3.0,si,"1,2,3",provisional,
prov-0624,canaguate,10.470889,-73.245369,10.1,7.1,3.0,si,"1,2,3",provisional,
prov-0625,mango,10.471668,-73.245949,8.2,11.6,2.5,no,,provisional,
prov-0626,mango,10.471538,-73.245863,9.8,11.8,2.5,no,,provisional,
prov-0627,mango,10.471411,-73.245779,12.0,11.1,2.5,no,,provisional,
prov-0628,mango,10.471257,-73.245677,9.4,11.1,2.5,no,,provisional,
prov-0629,mango,10.47115,-73.245607,8.0,9.9,2.5,no,,provisional,
prov-0630,mango,10.471048,-73.245539,9.7,8.4,2.5,no,,provisional,
prov-0631,mango,10.470942,-73.245469,10.6,10.3,2.5,no,,provisional,
prov-0632,mango,10.480934,-73.243911,11.5,8.6,2.5,no,,provisional,
prov-0633,canaguate,10.480823,-73.243849,9.8,7.8,3.0,si,"1,2,3",provisional,
prov-0634,otro,10.480695,-73.243777,6.8,5.1,2.5,no,,provisional,
prov-0635,mango,10.480542,-73.243691,9.0,8.4,2.5,no,,provisional,
prov-0636,canaguate,10.480385,-73.243603,10.6,7.5,3.0,si,"1,2,3",provisional,
prov-0637,canaguate,10.480208,-73.243504,10.9,7.2,3.0,si,"1,2,3",provisional,
prov-0638,mango,10.480944,-73.243979,8.3,11.6,2.5,no,,provisional,
prov-0639,otro,10.480753,-73.243872,9.9,6.3,2.5,no,,provisional,
prov-0640,mango,10.480654,-73.243817,9.8,9.1,2.5,no,,provisional,
prov-0641,mango,10.480482,-73.24372,9.3,10.8,2.5,no,,provisional,
prov-0642,mango,10.480298,-73.243617,11.7,11.5,2.5,no,,provisional,
prov-0643,mango,10.480135,-73.243526,11.9,11.6,2.5,no,,provisional,
prov-0644,mango,10.480369,-73.24297,8.5,8.5,2.5,no,,provisional,
prov-0645,mango,10.480297,-73.243087,8.5,9.0,2.5,no,,provisional,
prov-0646,mango,10.4802,-73.243245,10.1,11.8,2.5,no,,provisional,
prov-0647,mango,10.480113,-73.243387,12.0,10.9,2.5,no,,provisional,
prov-0648,otro,10.479846,-73.24391,9.4,6.8,2.5,no,,provisional,
prov-0649,mango,10.479933,-73.243773,10.6,10.7,2.5,no,,provisional,
prov-0650,mango,10.480038,-73.243608,8.8,10.5,2.5,no,,provisional,
prov-0651,otro,10.472783,-73.247397,8.5,5.9,2.5,no,,provisional,
prov-0652,canaguate,10.472962,-73.247515,8.9,8.2,3.0,si,"1,2,3",provisional,
prov-0653,otro,10.473123,-73.247621,7.2,7.6,2.5,no,,provisional,
prov-0654,mango,10.473284,-73.247728,8.9,10.0,2.5,no,,provisional,
prov-0655,mango,10.473412,-73.247812,9.6,10.9,2.5,no,,provisional,
prov-0656,mango,10.475577,-73.246249,8.2,9.1,2.5,no,,provisional,
prov-0657,canaguate,10.475484,-73.246191,8.1,7.5,3.0,si,"1,2,3",provisional,
prov-0658,mango,10.475362,-73.246116,9.8,11.9,2.5,no,,provisional,
prov-0659,mango,10.475204,-73.246019,11.5,10.7,2.5,no,,provisional,
prov-0660,otro,10.475391,-73.250993,6.3,7.8,2.5,no,,provisional,
prov-0661,canaguate,10.475542,-73.251096,9.1,8.6,3.0,si,"1,2,3",provisional,
prov-0662,mango,10.475643,-73.251164,9.7,9.7,2.5,no,,provisional,
prov-0663,canaguate,10.475749,-73.251236,11.0,6.4,3.0,si,"1,2,3",provisional,
prov-0664,mango,10.475905,-73.251342,10.6,9.2,2.5,no,,provisional,
prov-0665,otro,10.476015,-73.251417,9.9,6.0,2.5,no,,provisional,
prov-0666,canaguate,10.475459,-73.250962,8.9,8.9,3.0,si,"1,2,3",provisional,
prov-0667,mango,10.475587,-73.25105,10.6,11.3,2.5,no,,provisional,
prov-0668,mango,10.475724,-73.251143,8.5,10.9,2.5,no,,provisional,
prov-0669,mango,10.475878,-73.251247,10.8,9.3,2.5,no,,provisional,
prov-0670,canaguate,10.476055,-73.251367,11.8,6.8,3.0,si,"1,2,3",provisional,
prov-0671,mango,10.481333,-73.246175,11.7,10.3,2.5,no,,provisional,
prov-0672,mango,10.481432,-73.246048,11.5,8.9,2.5,no,,provisional,
prov-0673,otro,10.481522,-73.245933,6.2,7.6,2.5,no,,provisional,
prov-0674,canaguate,10.481606,-73.245825,10.4,8.0,3.0,si,"1,2,3",provisional,
prov-0675,otro,10.481949,-73.245275,9.0,6.1,2.5,no,,provisional,
prov-0676,canaguate,10.481823,-73.245444,8.7,6.1,3.0,si,"1,2,3",provisional,
prov-0677,mango,10.481699,-73.245611,11.2,9.6,2.5,no,,provisional,
prov-0678,mango,10.481625,-73.245711,8.1,11.1,2.5,no,,provisional,
prov-0679,mango,10.482005,-73.245291,9.9,10.2,2.5,no,,provisional,
prov-0680,mango,10.481889,-73.245447,10.2,9.6,2.5,no,,provisional,
prov-0681,canaguate,10.481755,-73.245626,10.8,7.0,3.0,si,"1,2,3",provisional,
prov-0682,mango,10.48167,-73.245741,8.3,10.3,2.5,no,,provisional,
prov-0683,mango,10.482475,-73.246396,11.5,10.4,2.5,no,,provisional,
prov-0684,canaguate,10.482351,-73.246312,9.2,8.8,3.0,si,"1,2,3",provisional,
prov-0685,mango,10.482242,-73.246237,11.0,9.8,2.5,no,,provisional,
prov-0686,mango,10.482123,-73.246156,10.5,8.7,2.5,no,,provisional,
prov-0687,mango,10.481968,-73.246051,10.5,10.2,2.5,no,,provisional,
prov-0688,otro,10.481856,-73.245974,7.5,7.5,2.5,no,,provisional,
prov-0689,otro,10.481722,-73.245883,7.8,6.3,2.5,no,,provisional,
prov-0690,otro,10.474276,-73.248508,7.8,7.0,2.5,no,,provisional,
prov-0691,mango,10.474139,-73.248414,10.9,9.9,2.5,no,,provisional,
prov-0692,canaguate,10.474017,-73.248331,8.2,6.1,3.0,si,"1,2,3",provisional,
prov-0693,mango,10.473854,-73.24822,9.3,10.2,2.5,no,,provisional,
prov-0694,mango,10.473719,-73.248128,11.0,8.9,2.5,no,,provisional,
prov-0695,otro,10.473617,-73.248059,9.2,6.6,2.5,no,,provisional,
prov-0696,otro,10.473451,-73.247945,7.4,5.7,2.5,no,,provisional,
prov-0697,mango,10.473916,-73.247375,10.7,11.3,2.5,no,,provisional,
prov-0698,otro,10.473746,-73.24726,7.0,5.7,2.5,no,,provisional,
prov-0699,mango,10.473878,-73.247485,9.0,9.6,2.5,no,,provisional,
prov-0700,canaguate,10.473689,-73.247611,8.7,8.5,3.0,si,"1,2,3",provisional,
prov-0701,mango,10.474698,-73.24787,8.9,11.4,2.5,no,,provisional,
prov-0702,canaguate,10.474538,-73.24777,11.5,8.5,3.0,si,"1,2,3",provisional,
prov-0703,otro,10.472432,-73.242767,7.8,7.1,2.5,no,,provisional,
prov-0704,mango,10.472211,-73.24275,8.2,9.8,2.5,no,,provisional,
prov-0705,canaguate,10.472036,-73.242736,10.5,7.1,3.0,si,"1,2,3",provisional,
prov-0706,canaguate,10.471869,-73.242723,8.7,7.2,3.0,si,"1,2,3",provisional,
prov-0707,mango,10.471698,-73.24271,9.7,11.2,2.5,no,,provisional,
prov-0708,mango,10.472473,-73.24293,8.7,11.7,2.5,no,,provisional,
prov-0709,mango,10.472469,-73.243049,9.1,9.8,2.5,no,,provisional,
prov-0710,mango,10.472464,-73.24318,11.4,10.5,2.5,no,,provisional,
prov-0711,mango,10.472457,-73.243391,10.0,8.7,2.5,no,,provisional,
prov-0712,mango,10.472453,-73.243514,9.0,9.1,2.5,no,,provisional,
prov-0713,canaguate,10.479526,-73.240563,8.9,6.3,3.0,si,"1,2,3",provisional,
prov-0714,mango,10.47918,-73.240206,8.0,8.4,2.5,no,,provisional,
prov-0715,mango,10.479349,-73.240325,9.0,8.3,2.5,no,,provisional,
prov-0716,mango,10.47944,-73.24039,11.0,11.9,2.5,no,,provisional,
prov-0717,mango,10.48102,-73.246244,8.8,11.0,2.5,no,,provisional,
prov-0718,otro,10.480919,-73.246184,9.5,6.6,2.5,no,,provisional,
prov-0719,mango,10.480242,-73.246753,11.6,11.4,2.5,no,,provisional,
prov-0720,mango,10.480323,-73.246635,10.9,8.2,2.5,no,,provisional,
prov-0721,canaguate,10.480565,-73.246337,10.4,6.1,3.0,si,"1,2,3",provisional,
prov-0722,canaguate,10.480646,-73.24625,11.2,8.6,3.0,si,"1,2,3",provisional,
prov-0723,otro,10.47485,-73.244882,7.0,7.1,2.5,no,,provisional,
prov-0724,canaguate,10.474734,-73.244801,10.5,7.0,3.0,si,"1,2,3",provisional,
prov-0725,mango,10.474625,-73.244726,8.2,8.4,2.5,no,,provisional,
prov-0726,canaguate,10.474502,-73.244641,9.2,7.5,3.0,si,"1,2,3",provisional,
prov-0727,mango,10.474361,-73.244543,8.3,9.7,2.5,no,,provisional,
prov-0728,mango,10.473882,-73.245094,10.4,9.0,2.5,no,,provisional,
prov-0729,mango,10.473959,-73.244969,12.0,11.5,2.5,no,,provisional,
prov-0730,mango,10.474027,-73.244858,10.3,8.4,2.5,no,,provisional,
prov-0731,canaguate,10.474085,-73.244764,11.1,8.3,3.0,si,"1,2,3",provisional,
prov-0732,mango,10.474168,-73.244629,8.2,10.8,2.5,no,,provisional,
prov-0733,mango,10.474622,-73.24408,8.1,8.4,2.5,no,,provisional,
prov-0734,mango,10.474544,-73.244179,8.0,9.8,2.5,no,,provisional,
prov-0735,mango,10.474407,-73.244354,8.7,10.6,2.5,no,,provisional,
prov-0736,mango,10.479386,-73.240879,10.4,8.1,2.5,no,,provisional,
prov-0737,otro,10.476978,-73.250167,6.4,5.7,2.5,no,,provisional,
prov-0738,mango,10.477103,-73.250256,8.4,10.9,2.5,no,,provisional,
prov-0739,canaguate,10.477209,-73.25033,8.8,8.9,3.0,si,"1,2,3",provisional,
prov-0740,mango,10.477317,-73.250406,11.3,11.2,2.5,no,,provisional,
prov-0741,otro,10.477416,-73.250476,9.2,7.3,2.5,no,,provisional,
prov-0742,mango,10.477554,-73.250574,8.5,10.8,2.5,no,,provisional,
prov-0743,canaguate,10.477679,-73.250662,11.6,8.4,3.0,si,"1,2,3",provisional,
prov-0744,canaguate,10.476224,-73.249744,11.2,6.3,3.0,si,"1,2,3",provisional,
prov-0745,mango,10.476317,-73.249809,11.0,11.1,2.5,no,,provisional,
prov-0746,canaguate,10.476466,-73.249912,8.6,8.9,3.0,si,"1,2,3",provisional,
prov-0747,canaguate,10.476629,-73.250025,8.3,7.3,3.0,si,"1,2,3",provisional,
prov-0748,mango,10.476793,-73.250139,8.6,9.2,2.5,no,,provisional,
prov-0749,canaguate,10.481297,-73.246479,11.3,6.6,3.0,si,"1,2,3",provisional,
prov-0750,canaguate,10.48143,-73.246564,10.8,6.7,3.0,si,"1,2,3",provisional,
prov-0751,mango,10.481528,-73.246626,9.9,11.1,2.5,no,,provisional,
prov-0752,mango,10.481674,-73.246719,9.1,9.9,2.5,no,,provisional,
prov-0753,mango,10.481768,-73.246779,10.7,11.9,2.5,no,,provisional,
prov-0754,mango,10.481934,-73.246885,10.6,11.2,2.5,no,,provisional,
prov-0755,mango,10.482031,-73.246946,8.0,11.6,2.5,no,,provisional,
prov-0756,otro,10.47399,-73.246033,6.8,5.4,2.5,no,,provisional,
prov-0757,otro,10.47411,-73.245893,8.5,6.6,2.5,no,,provisional,
prov-0758,otro,10.474236,-73.245745,9.5,5.5,2.5,no,,provisional,
prov-0759,mango,10.474383,-73.245572,11.7,9.8,2.5,no,,provisional,
prov-0760,mango,10.473125,-73.245509,10.8,9.0,2.5,no,,provisional,
prov-0761,mango,10.473227,-73.245594,11.4,10.5,2.5,no,,provisional,
prov-0762,mango,10.473396,-73.245736,10.7,8.7,2.5,no,,provisional,
prov-0763,canaguate,10.473568,-73.24588,8.6,7.8,3.0,si,"1,2,3",provisional,
prov-0764,canaguate,10.473675,-73.245956,9.5,7.9,3.0,si,"1,2,3",provisional,
prov-0765,otro,10.473855,-73.246082,9.5,5.3,2.5,no,,provisional,
prov-0766,mango,10.48115,-73.248284,10.4,10.7,2.5,no,,provisional,
prov-0767,canaguate,10.48105,-73.248417,11.1,8.9,3.0,si,"1,2,3",provisional,
prov-0768,otro,10.480968,-73.248526,6.4,5.6,2.5,no,,provisional,
prov-0769,otro,10.480862,-73.248668,7.8,6.3,2.5,no,,provisional,
prov-0770,canaguate,10.479261,-73.243553,11.7,7.6,3.0,si,"1,2,3",provisional,
prov-0771,otro,10.478956,-73.243364,9.9,6.3,2.5,no,,provisional,
prov-0772,otro,10.479128,-73.242954,7.2,7.2,2.5,no,,provisional,
prov-0773,canaguate,10.479018,-73.243149,9.7,7.3,3.0,si,"1,2,3",provisional,
prov-0774,mango,10.479182,-73.242969,8.5,10.1,2.5,no,,provisional,
prov-0775,canaguate,10.47912,-73.243078,11.0,8.0,3.0,si,"1,2,3",provisional,
prov-0776,otro,10.479053,-73.243196,9.5,6.2,2.5,no,,provisional,
prov-0777,canaguate,10.478986,-73.243314,8.8,6.5,3.0,si,"1,2,3",provisional,
prov-0778,mango,10.478707,-73.243738,11.8,10.8,2.5,no,,provisional,
prov-0779,canaguate,10.478793,-73.243612,11.0,7.8,3.0,si,"1,2,3",provisional,
prov-0780,mango,10.478915,-73.243433,8.9,10.0,2.5,no,,provisional,
prov-0781,canaguate,10.478636,-73.243745,8.5,6.2,3.0,si,"1,2,3",provisional,
prov-0782,mango,10.478736,-73.243599,9.3,9.2,2.5,no,,provisional,
prov-0783,mango,10.478836,-73.243451,9.4,8.5,2.5,no,,provisional,
prov-0784,otro,10.478333,-73.243109,8.9,7.0,2.5,no,,provisional,
prov-0785,mango,10.478436,-73.243163,10.4,8.5,2.5,no,,provisional,
prov-0786,mango,10.478323,-73.243013,9.2,11.2,2.5,no,,provisional,
prov-0787,otro,10.478466,-73.243086,6.8,7.8,2.5,no,,provisional,
prov-0788,otro,10.478566,-73.243143,9.5,7.0,2.5,no,,provisional,
prov-0789,mango,10.478724,-73.243232,11.2,8.1,2.5,no,,provisional,
prov-0790,mango,10.478881,-73.243321,9.6,10.9,2.5,no,,provisional,
prov-0791,mango,10.475253,-73.244553,8.0,9.2,2.5,no,,provisional,
prov-0792,mango,10.47534,-73.244623,8.0,11.4,2.5,no,,provisional,
prov-0793,mango,10.475466,-73.244722,10.4,9.0,2.5,no,,provisional,
prov-0794,mango,10.475633,-73.244855,10.3,10.2,2.5,no,,provisional,
prov-0795,canaguate,10.47572,-73.244924,10.3,6.5,3.0,si,"1,2,3",provisional,
prov-0796,mango,10.475001,-73.244764,11.9,11.8,2.5,no,,provisional,
prov-0797,mango,10.475131,-73.244606,10.6,8.8,2.5,no,,provisional,
prov-0798,mango,10.475206,-73.244515,9.4,8.4,2.5,no,,provisional,
prov-0799,mango,10.474893,-73.24481,9.2,9.9,2.5,no,,provisional,
prov-0800,mango,10.474971,-73.244715,11.6,10.8,2.5,no,,provisional,
prov-0801,mango,10.475073,-73.244591,10.2,10.0,2.5,no,,provisional,
prov-0802,mango,10.474758,-73.244135,10.3,9.6,2.5,no,,provisional,
prov-0803,otro,10.474906,-73.244261,8.3,6.8,2.5,no,,provisional,
prov-0804,canaguate,10.475073,-73.244404,10.2,8.2,3.0,si,"1,2,3",provisional,
prov-0805,mango,10.474683,-73.244,8.7,11.2,2.5,no,,provisional,
prov-0806,mango,10.474802,-73.244101,11.4,11.2,2.5,no,,provisional,
prov-0807,canaguate,10.474964,-73.24424,10.9,6.6,3.0,si,"1,2,3",provisional,
prov-0808,mango,10.475118,-73.244371,10.0,9.8,2.5,no,,provisional,
prov-0809,mango,10.473463,-73.239057,9.1,11.3,2.5,no,,provisional,
prov-0810,otro,10.473419,-73.238983,7.7,7.9,2.5,no,,provisional,
prov-0811,canaguate,10.480747,-73.248917,9.2,7.5,3.0,si,"1,2,3",provisional,
prov-0812,mango,10.480637,-73.249074,9.3,11.5,2.5,no,,provisional,
prov-0813,canaguate,10.480569,-73.249172,11.5,7.5,3.0,si,"1,2,3",provisional,
prov-0814,canaguate,10.480498,-73.249274,10.1,7.2,3.0,si,"1,2,3",provisional,
prov-0815,mango,10.480432,-73.249369,8.7,9.7,2.5,no,,provisional,
prov-0816,canaguate,10.48036,-73.249471,8.4,6.4,3.0,si,"1,2,3",provisional,
prov-0817,mango,10.48026,-73.249615,10.6,11.1,2.5,no,,provisional,
prov-0818,mango,10.471452,-73.246368,8.4,9.4,2.5,no,,provisional,
prov-0819,otro,10.471571,-73.246209,6.2,7.2,2.5,no,,provisional,
prov-0820,mango,10.471647,-73.246107,10.7,9.1,2.5,no,,provisional,
prov-0821,mango,10.475411,-73.238071,8.9,10.5,2.5,no,,provisional,
prov-0822,canaguate,10.475602,-73.238178,8.7,8.0,3.0,si,"1,2,3",provisional,
prov-0823,canaguate,10.475805,-73.238292,8.8,7.2,3.0,si,"1,2,3",provisional,
prov-0824,mango,10.476139,-73.23848,10.3,9.7,2.5,no,,provisional,
prov-0825,mango,10.47637,-73.238273,11.3,8.3,2.5,no,,provisional,
prov-0826,otro,10.476302,-73.238361,6.9,7.6,2.5,no,,provisional,
prov-0827,mango,10.476197,-73.238499,11.1,11.0,2.5,no,,provisional,
prov-0828,otro,10.476079,-73.238793,8.7,7.8,2.5,no,,provisional,
prov-0829,canaguate,10.476165,-73.23865,11.7,8.8,3.0,si,"1,2,3",provisional,
prov-0830,otro,10.474207,-73.242619,8.8,6.8,2.5,no,,provisional,
prov-0831,otro,10.474301,-73.242499,6.7,5.9,2.5,no,,provisional,
prov-0832,otro,10.474391,-73.242385,6.6,5.0,2.5,no,,provisional,
prov-0833,mango,10.474477,-73.242276,11.7,11.3,2.5,no,,provisional,
prov-0834,otro,10.4746,-73.242121,8.9,7.2,2.5,no,,provisional,
prov-0835,mango,10.47471,-73.241981,10.8,10.1,2.5,no,,provisional,
prov-0836,mango,10.474202,-73.242537,11.7,8.1,2.5,no,,provisional,
prov-0837,mango,10.474285,-73.242431,8.8,11.7,2.5,no,,provisional,
prov-0838,mango,10.474394,-73.242293,10.4,11.3,2.5,no,,provisional,
prov-0839,mango,10.474485,-73.242179,11.7,8.0,2.5,no,,provisional,
prov-0840,mango,10.474578,-73.24206,11.8,10.4,2.5,no,,provisional,
prov-0841,canaguate,10.47471,-73.241894,8.1,7.7,3.0,si,"1,2,3",provisional,
prov-0842,mango,10.474309,-73.241516,10.4,11.8,2.5,no,,provisional,
prov-0843,mango,10.474461,-73.241645,9.5,10.0,2.5,no,,provisional,
prov-0844,canaguate,10.474578,-73.241743,10.5,6.2,3.0,si,"1,2,3",provisional,
prov-0845,mango,10.477313,-73.241879,8.2,8.8,2.5,no,,provisional,
prov-0846,mango,10.477222,-73.241962,8.6,11.6,2.5,no,,provisional,
prov-0847,mango,10.4771,-73.242074,11.1,11.5,2.5,no,,provisional,
prov-0848,canaguate,10.477282,-73.242184,8.4,8.0,3.0,si,"1,2,3",provisional,
prov-0849,mango,10.477431,-73.242335,9.1,8.9,2.5,no,,provisional,
prov-0850,mango,10.476101,-73.241187,9.9,10.0,2.5,no,,provisional,
prov-0851,canaguate,10.476244,-73.24132,11.4,8.3,3.0,si,"1,2,3",provisional,
prov-0852,mango,10.476365,-73.241432,9.7,8.2,2.5,no,,provisional,
prov-0853,mango,10.476458,-73.241518,11.0,11.7,2.5,no,,provisional,
prov-0854,mango,10.476594,-73.241644,8.3,11.8,2.5,no,,provisional,
prov-0855,canaguate,10.476711,-73.241753,8.5,7.2,3.0,si,"1,2,3",provisional,
prov-0856,canaguate,10.476875,-73.241905,8.8,8.4,3.0,si,"1,2,3",provisional,
prov-0857,mango,10.477002,-73.242023,10.9,9.8,2.5,no,,provisional,
prov-0858,mango,10.474303,-73.250179,9.7,10.0,2.5,no,,provisional,
prov-0859,mango,10.474433,-73.250267,9.8,9.8,2.5,no,,provisional,
prov-0860,mango,10.474527,-73.250331,8.9,9.1,2.5,no,,provisional,
prov-0861,mango,10.474692,-73.250442,11.2,11.0,2.5,no,,provisional,
prov-0862,mango,10.47481,-73.250522,11.2,11.8,2.5,no,,provisional,
prov-0863,mango,10.474946,-73.250615,10.0,9.1,2.5,no,,provisional,
prov-0864,mango,10.475121,-73.250733,11.6,11.8,2.5,no,,provisional,
prov-0865,mango,10.475305,-73.250858,11.7,9.4,2.5,no,,provisional,
prov-0866,canaguate,10.474668,-73.249687,10.4,8.4,3.0,si,"1,2,3",provisional,
prov-0867,mango,10.474556,-73.249853,9.2,10.8,2.5,no,,provisional,
prov-0868,mango,10.474483,-73.24996,11.7,12.0,2.5,no,,provisional,
prov-0869,mango,10.4744,-73.250083,8.3,10.4,2.5,no,,provisional,
prov-0870,mango,10.476998,-73.242085,8.1,8.8,2.5,no,,provisional,
prov-0871,mango,10.476864,-73.242199,9.1,10.8,2.5,no,,provisional,
prov-0872,mango,10.476712,-73.242328,10.0,8.3,2.5,no,,provisional,
prov-0873,otro,10.476563,-73.242455,8.6,6.9,2.5,no,,provisional,
prov-0874,mango,10.47645,-73.242551,9.6,9.0,2.5,no,,provisional,
prov-0875,mango,10.476317,-73.242664,10.4,8.0,2.5,no,,provisional,
prov-0876,canaguate,10.47551,-73.24348,9.1,8.5,3.0,si,"1,2,3",provisional,
prov-0877,mango,10.475628,-73.243368,9.1,9.3,2.5,no,,provisional,
prov-0878,mango,10.475494,-73.24342,8.1,11.5,2.5,no,,provisional,
prov-0879,mango,10.475627,-73.243293,9.3,10.3,2.5,no,,provisional,
prov-0880,canaguate,10.475777,-73.243151,11.7,6.7,3.0,si,"1,2,3",provisional,
prov-0881,mango,10.475873,-73.24306,10.3,9.6,2.5,no,,provisional,
prov-0882,canaguate,10.475981,-73.242956,8.0,6.9,3.0,si,"1,2,3",provisional,
prov-0883,canaguate,10.476745,-73.243492,12.0,6.5,3.0,si,"1,2,3",provisional,
prov-0884,mango,10.476654,-73.243424,11.2,8.3,2.5,no,,provisional,
prov-0885,mango,10.476503,-73.243311,9.6,11.9,2.5,no,,provisional,
prov-0886,mango,10.476353,-73.243198,11.6,9.4,2.5,no,,provisional,
prov-0887,mango,10.47626,-73.243129,11.9,10.4,2.5,no,,provisional,
prov-0888,mango,10.476167,-73.243059,8.8,11.2,2.5,no,,provisional,
prov-0889,canaguate,10.476055,-73.242975,9.1,6.4,3.0,si,"1,2,3",provisional,
prov-0890,canaguate,10.477806,-73.249089,11.8,7.2,3.0,si,"1,2,3",provisional,
prov-0891,mango,10.477919,-73.249179,9.8,11.3,2.5,no,,provisional,
prov-0892,otro,10.478068,-73.249296,9.6,6.6,2.5,no,,provisional,
prov-0893,mango,10.478215,-73.249408,9.9,11.2,2.5,no,,provisional,
prov-0894,mango,10.475416,-73.245401,9.9,10.3,2.5,no,,provisional,
prov-0895,mango,10.475309,-73.245549,9.4,11.0,2.5,no,,provisional,
prov-0896,mango,10.475235,-73.245652,10.5,10.3,2.5,no,,provisional,
prov-0897,mango,10.475155,-73.245764,8.9,9.8,2.5,no,,provisional,
prov-0898,mango,10.475086,-73.24586,9.1,10.4,2.5,no,,provisional,
prov-0899,otro,10.48007,-73.247014,6.3,7.0,2.5,no,,provisional,
prov-0900,otro,10.479961,-73.24718,9.9,6.1,2.5,no,,provisional,
prov-0901,mango,10.479869,-73.24732,10.8,8.2,2.5,no,,provisional,
prov-0902,canaguate,10.479518,-73.247905,9.3,8.9,3.0,si,"1,2,3",provisional,
prov-0903,canaguate,10.479638,-73.248008,9.9,6.2,3.0,si,"1,2,3",provisional,
prov-0904,mango,10.479761,-73.248112,9.8,9.5,2.5,no,,provisional,
prov-0905,mango,10.479921,-73.248248,9.1,8.4,2.5,no,,provisional,
prov-0906,canaguate,10.475592,-73.245136,9.7,6.9,3.0,si,"1,2,3",provisional,
prov-0907,mango,10.475492,-73.245289,9.3,9.2,2.5,no,,provisional,
prov-0908,mango,10.475769,-73.244965,11.7,9.5,2.5,no,,provisional,
prov-0909,mango,10.475679,-73.245103,10.2,9.2,2.5,no,,provisional,
prov-0910,mango,10.475587,-73.245243,8.3,11.0,2.5,no,,provisional,
prov-0911,mango,10.475513,-73.245355,8.3,11.3,2.5,no,,provisional,
prov-0912,mango,10.476247,-73.244074,8.2,9.5,2.5,no,,provisional,
prov-0913,otro,10.476179,-73.24417,8.5,5.0,2.5,no,,provisional,
prov-0914,mango,10.476095,-73.244289,8.3,9.9,2.5,no,,provisional,
prov-0915,canaguate,10.47599,-73.244459,8.9,7.9,3.0,si,"1,2,3",provisional,
prov-0916,mango,10.475932,-73.244565,10.9,9.4,2.5,no,,provisional,
prov-0917,canaguate,10.475864,-73.244688,11.3,6.7,3.0,si,"1,2,3",provisional,
prov-0918,otro,10.475781,-73.244837,9.8,5.2,2.5,no,,provisional,
prov-0919,mango,10.476055,-73.247141,8.9,11.4,2.5,no,,provisional,
prov-0920,canaguate,10.47622,-73.247237,10.2,7.1,3.0,si,"1,2,3",provisional,
prov-0921,canaguate,10.476128,-73.247529,9.5,7.6,3.0,si,"1,2,3",provisional,
prov-0922,mango,10.476028,-73.247657,8.3,8.8,2.5,no,,provisional,
prov-0923,canaguate,10.476271,-73.247428,11.3,7.6,3.0,si,"1,2,3",provisional,
prov-0924,otro,10.476147,-73.247595,10.0,6.4,2.5,no,,provisional,
prov-0925,mango,10.476062,-73.2477,9.7,8.8,2.5,no,,provisional,
prov-0926,mango,10.476514,-73.247076,9.9,10.5,2.5,no,,provisional,
prov-0927,mango,10.476399,-73.247247,9.1,10.3,2.5,no,,provisional,
prov-0928,otro,10.47899,-73.241376,8.6,5.2,2.5,no,,provisional,
prov-0929,canaguate,10.479091,-73.24125,11.9,7.8,3.0,si,"1,2,3",provisional,
prov-0930,canaguate,10.47908,-73.241107,9.5,8.3,3.0,si,"1,2,3",provisional,
prov-0931,mango,10.478666,-73.240824,9.0,10.5,2.5,no,,provisional,
prov-0932,canaguate,10.478771,-73.24088,8.9,7.6,3.0,si,"1,2,3",provisional,
prov-0933,otro,10.478959,-73.240981,6.0,6.5,2.5,no,,provisional,
prov-0934,canaguate,10.479073,-73.241042,10.4,8.5,3.0,si,"1,2,3",provisional,
prov-0935,mango,10.477716,-73.250757,10.4,9.0,2.5,no,,provisional,
prov-0936,mango,10.477593,-73.250671,9.6,9.2,2.5,no,,provisional,
prov-0937,mango,10.477424,-73.250554,11.6,8.8,2.5,no,,provisional,
prov-0938,canaguate,10.477312,-73.250477,8.7,7.3,3.0,si,"1,2,3",provisional,
prov-0939,canaguate,10.477171,-73.250379,9.6,8.9,3.0,si,"1,2,3",provisional,
prov-0940,canaguate,10.476996,-73.250258,9.6,8.2,3.0,si,"1,2,3",provisional,
prov-0941,mango,10.480661,-73.244473,11.4,10.2,2.5,no,,provisional,
prov-0942,mango,10.480564,-73.244633,8.1,10.6,2.5,no,,provisional,
prov-0943,mango,10.480465,-73.244796,9.7,12.0,2.5,no,,provisional,
prov-0944,mango,10.478403,-73.249526,10.2,8.1,2.5,no,,provisional,
prov-0945,mango,10.478491,-73.249356,10.5,10.3,2.5,no,,provisional,
prov-0946,otro,10.478574,-73.249194,9.0,6.9,2.5,no,,provisional,
prov-0947,mango,10.478657,-73.249034,8.1,11.4,2.5,no,,provisional,
prov-0948,otro,10.478726,-73.248899,9.3,6.4,2.5,no,,provisional,
prov-0949,mango,10.478811,-73.248734,10.6,9.1,2.5,no,,provisional,
prov-0950,mango,10.478404,-73.248342,10.4,8.6,2.5,no,,provisional,
prov-0951,canaguate,10.478257,-73.248234,10.7,8.7,3.0,si,"1,2,3",provisional,
prov-0952,canaguate,10.47815,-73.248155,8.5,6.3,3.0,si,"1,2,3",provisional,
prov-0953,canaguate,10.478044,-73.248077,8.7,6.9,3.0,si,"1,2,3",provisional,
prov-0954,mango,10.477865,-73.247946,10.9,10.7,2.5,no,,provisional,
prov-0955,mango,10.477722,-73.247841,11.0,11.8,2.5,no,,provisional,
prov-0956,otro,10.477601,-73.247752,6.6,5.1,2.5,no,,provisional,
prov-0957,canaguate,10.477494,-73.247673,9.4,8.9,3.0,si,"1,2,3",provisional,
prov-0958,mango,10.477328,-73.24755,9.5,9.4,2.5,no,,provisional,
prov-0959,mango,10.477192,-73.247452,11.2,10.4,2.5,no,,provisional,
prov-0960,mango,10.47704,-73.247342,11.9,10.5,2.5,no,,provisional,
prov-0961,otro,10.47741,-73.247688,8.3,6.2,2.5,no,,provisional,
prov-0962,mango,10.47729,-73.247602,11.5,8.9,2.5,no,,provisional,
prov-0963,mango,10.477113,-73.247473,9.0,8.1,2.5,no,,provisional,
prov-0964,canaguate,10.475309,-73.243355,11.9,6.1,3.0,si,"1,2,3",provisional,
prov-0965,otro,10.475161,-73.243254,8.7,7.4,2.5,no,,provisional,
prov-0966,canaguate,10.47502,-73.243159,8.9,8.4,3.0,si,"1,2,3",provisional,
prov-0967,canaguate,10.474875,-73.24306,8.0,8.5,3.0,si,"1,2,3",provisional,
prov-0968,otro,10.474751,-73.242976,8.0,7.0,2.5,no,,provisional,
prov-0969,mango,10.480019,-73.248178,9.4,8.7,2.5,no,,provisional,
prov-0970,mango,10.480103,-73.248046,11.6,8.5,2.5,no,,provisional,
prov-0971,otro,10.480221,-73.247859,7.2,6.8,2.5,no,,provisional,
prov-0972,canaguate,10.480298,-73.247738,10.1,6.8,3.0,si,"1,2,3",provisional,
prov-0973,mango,10.480372,-73.247621,10.5,8.8,2.5,no,,provisional,
prov-0974,mango,10.480458,-73.247486,10.2,10.3,2.5,no,,provisional,
prov-0975,otro,10.480541,-73.247353,9.2,6.0,2.5,no,,provisional,
prov-0976,otro,10.480619,-73.24723,7.4,6.0,2.5,no,,provisional,
prov-0977,mango,10.481152,-73.246413,10.3,11.3,2.5,no,,provisional,
prov-0978,otro,10.481079,-73.246525,6.3,6.8,2.5,no,,provisional,
prov-0979,mango,10.480965,-73.246699,11.0,11.0,2.5,no,,provisional,
prov-0980,otro,10.480888,-73.246817,7.7,6.2,2.5,no,,provisional,
prov-0981,mango,10.480825,-73.246913,9.9,11.0,2.5,no,,provisional,
prov-0982,mango,10.480285,-73.246803,9.5,10.0,2.5,no,,provisional,
prov-0983,mango,10.480385,-73.246874,9.1,9.3,2.5,no,,provisional,
prov-0984,mango,10.480483,-73.246944,10.8,11.8,2.5,no,,provisional,
prov-0985,mango,10.480577,-73.247011,11.2,9.5,2.5,no,,provisional,
prov-0986,canaguate,10.471793,-73.245905,11.6,6.9,3.0,si,"1,2,3",provisional,
prov-0987,mango,10.471886,-73.245769,11.0,11.8,2.5,no,,provisional,
prov-0988,mango,10.471985,-73.245623,8.2,10.9,2.5,no,,provisional,
prov-0989,otro,10.472071,-73.245495,7.3,6.6,2.5,no,,provisional,
prov-0990,mango,10.480426,-73.241948,8.9,9.3,2.5,no,,provisional,
prov-0991,mango,10.48034,-73.242069,8.4,8.2,2.5,no,,provisional,
prov-0992,mango,10.480495,-73.241946,11.1,10.1,2.5,no,,provisional,
prov-0993,mango,10.480382,-73.242103,9.1,8.4,2.5,no,,provisional,
prov-0994,mango,10.476828,-73.238456,11.1,10.4,2.5,no,,provisional,
prov-0995,mango,10.476519,-73.238256,11.1,10.6,2.5,no,,provisional,
prov-0996,mango,10.476806,-73.238507,10.4,8.5,2.5,no,,provisional,
prov-0997,mango,10.476698,-73.238437,8.8,11.6,2.5,no,,provisional,
prov-0998,mango,10.476546,-73.238339,12.0,10.1,2.5,no,,provisional,
prov-0999,mango,10.47643,-73.238264,10.7,10.0,2.5,no,,provisional,
prov-1000,mango,10.473325,-73.247857,11.0,11.2,2.5,no,,provisional,
prov-1001,mango,10.473223,-73.247789,11.7,9.1,2.5,no,,provisional,
prov-1002,mango,10.473056,-73.247678,9.9,9.8,2.5,no,,provisional,
prov-1003,otro,10.472937,-73.247598,8.4,5.2,2.5,no,,provisional,
prov-1004,mango,10.472841,-73.247534,9.2,12.0,2.5,no,,provisional,
prov-1005,canaguate,10.472677,-73.247424,12.0,6.3,3.0,si,"1,2,3",provisional,
prov-1006,mango,10.476021,-73.240185,10.3,8.2,2.5,no,,provisional,
prov-1007,mango,10.475895,-73.240067,9.6,9.2,2.5,no,,provisional,
prov-1008,mango,10.475753,-73.239933,8.7,9.2,2.5,no,,provisional,
prov-1009,otro,10.475634,-73.239822,8.9,5.1,2.5,no,,provisional,
prov-1010,canaguate,10.474522,-73.239035,10.1,6.6,3.0,si,"1,2,3",provisional,
prov-1011,mango,10.474669,-73.239143,11.1,10.5,2.5,no,,provisional,
prov-1012,canaguate,10.474796,-73.239237,8.7,7.4,3.0,si,"1,2,3",provisional,
prov-1013,mango,10.474892,-73.239308,10.9,8.4,2.5,no,,provisional,
prov-1014,canaguate,10.475069,-73.239438,11.3,7.0,3.0,si,"1,2,3",provisional,
prov-1015,canaguate,10.475193,-73.239529,10.0,6.0,3.0,si,"1,2,3",provisional,
prov-1016,otro,10.475322,-73.239624,6.8,6.8,2.5,no,,provisional,
prov-1017,mango,10.480803,-73.244223,11.9,8.1,2.5,no,,provisional,
prov-1018,canaguate,10.480884,-73.244077,11.6,8.7,3.0,si,"1,2,3",provisional,
prov-1019,mango,10.47596,-73.240302,9.6,11.1,2.5,no,,provisional,
prov-1020,canaguate,10.47586,-73.240426,11.4,8.0,3.0,si,"1,2,3",provisional,
prov-1021,mango,10.475746,-73.240565,8.5,10.9,2.5,no,,provisional,
prov-1022,mango,10.475669,-73.240661,10.9,8.5,2.5,no,,provisional,
prov-1023,mango,10.476035,-73.240296,11.9,11.3,2.5,no,,provisional,
prov-1024,mango,10.475945,-73.240406,8.6,8.6,2.5,no,,provisional,
prov-1025,mango,10.475876,-73.240492,10.1,11.4,2.5,no,,provisional,
prov-1026,canaguate,10.475748,-73.24065,11.6,6.5,3.0,si,"1,2,3",provisional,
prov-1027,mango,10.479093,-73.245119,10.0,11.7,2.5,no,,provisional,
prov-1028,mango,10.47902,-73.245255,8.5,10.8,2.5,no,,provisional,
prov-1029,mango,10.478939,-73.245407,10.6,9.8,2.5,no,,provisional,
prov-1030,otro,10.478874,-73.24553,6.3,7.5,2.5,no,,provisional,
prov-1031,canaguate,10.478815,-73.245642,11.3,7.2,3.0,si,"1,2,3",provisional,
prov-1032,mango,10.478753,-73.245759,8.1,9.7,2.5,no,,provisional,
prov-1033,otro,10.476541,-73.24696,8.1,6.2,2.5,no,,provisional,
prov-1034,mango,10.476363,-73.24683,8.7,8.8,2.5,no,,provisional,
prov-1035,mango,10.476499,-73.247009,9.1,8.3,2.5,no,,provisional,
prov-1036,mango,10.476396,-73.246933,9.7,10.7,2.5,no,,provisional,
prov-1037,mango,10.47626,-73.246833,11.6,10.5,2.5,no,,provisional,
prov-1038,mango,10.474886,-73.240116,9.8,11.0,2.5,no,,provisional,
prov-1039,mango,10.474758,-73.240018,10.7,9.0,2.5,no,,provisional,
prov-1040,mango,10.474662,-73.239945,10.9,9.9,2.5,no,,provisional,
prov-1041,mango,10.474495,-73.239818,9.2,10.3,2.5,no,,provisional,
prov-1042,mango,10.474323,-73.239687,11.2,8.7,2.5,no,,provisional,
prov-1043,mango,10.474147,-73.239553,11.4,10.5,2.5,no,,provisional,
prov-1044,mango,10.473983,-73.239428,11.4,9.7,2.5,no,,provisional,
prov-1045,mango,10.473833,-73.239314,11.2,11.7,2.5,no,,provisional,
prov-1046,mango,10.473661,-73.239183,8.8,11.3,2.5,no,,provisional,
prov-1047,mango,10.478595,-73.247161,11.5,9.8,2.5,no,,provisional,
prov-1048,mango,10.478683,-73.247041,9.0,11.9,2.5,no,,provisional,
prov-1049,mango,10.474367,-73.245455,9.9,10.9,2.5,no,,provisional,
prov-1050,mango,10.474205,-73.245346,9.5,11.1,2.5,no,,provisional,
prov-1051,mango,10.474087,-73.245265,10.9,11.5,2.5,no,,provisional,
prov-1052,mango,10.473961,-73.24518,11.3,8.6,2.5,no,,provisional,
prov-1053,mango,10.477768,-73.250825,8.2,8.8,2.5,no,,provisional,
prov-1054,canaguate,10.477945,-73.250951,10.6,7.0,3.0,si,"1,2,3",provisional,
prov-1055,mango,10.478058,-73.251032,8.5,10.3,2.5,no,,provisional,
prov-1056,mango,10.483109,-73.246652,10.5,11.8,2.5,no,,provisional,
prov-1057,mango,10.482971,-73.246567,10.0,10.0,2.5,no,,provisional,
prov-1058,mango,10.482832,-73.246482,9.7,9.0,2.5,no,,provisional,
prov-1059,mango,10.482697,-73.246399,9.6,9.6,2.5,no,,provisional,
prov-1060,mango,10.482576,-73.246325,9.1,8.9,2.5,no,,provisional,
prov-1061,mango,10.483041,-73.246674,10.7,10.1,2.5,no,,provisional,
prov-1062,otro,10.482931,-73.246607,7.8,6.1,2.5,no,,provisional,
prov-1063,canaguate,10.482796,-73.246524,10.7,7.7,3.0,si,"1,2,3",provisional,
prov-1064,canaguate,10.482873,-73.245934,10.1,8.5,3.0,si,"1,2,3",provisional,
prov-1065,mango,10.482807,-73.246028,11.4,9.5,2.5,no,,provisional,
prov-1066,mango,10.482744,-73.246119,11.7,10.3,2.5,no,,provisional,
prov-1067,mango,10.482676,-73.246217,10.3,9.9,2.5,no,,provisional,
prov-1068,canaguate,10.474068,-73.24259,10.7,7.2,3.0,si,"1,2,3",provisional,
prov-1069,mango,10.473885,-73.242469,9.9,10.7,2.5,no,,provisional,
prov-1070,mango,10.473774,-73.242395,9.2,8.2,2.5,no,,provisional,
prov-1071,mango,10.473627,-73.242298,8.9,9.9,2.5,no,,provisional,
prov-1072,mango,10.473512,-73.242222,9.7,11.5,2.5,no,,provisional,
prov-1073,mango,10.47337,-73.242128,9.2,9.6,2.5,no,,provisional,
prov-1074,mango,10.477469,-73.242469,11.4,9.0,2.5,no,,provisional,
prov-1075,mango,10.477371,-73.242377,9.0,10.0,2.5,no,,provisional,
prov-1076,mango,10.477218,-73.242224,11.7,8.8,2.5,no,,provisional,
prov-1077,otro,10.47746,-73.242559,8.2,6.3,2.5,no,,provisional,
prov-1078,mango,10.473355,-73.240628,11.2,9.9,2.5,no,,provisional,
prov-1079,otro,10.473353,-73.240432,7.7,7.0,2.5,no,,provisional,
prov-1080,mango,10.473361,-73.240223,11.7,9.8,2.5,no,,provisional,
prov-1081,mango,10.473367,-73.240092,11.5,11.2,2.5,no,,provisional,
prov-1082,canaguate,10.473372,-73.239955,9.2,8.7,3.0,si,"1,2,3",provisional,
prov-1083,mango,10.473377,-73.239831,9.5,9.3,2.5,no,,provisional,
prov-1084,canaguate,10.473385,-73.239643,12.0,8.9,3.0,si,"1,2,3",provisional,
prov-1085,canaguate,10.473391,-73.239472,8.7,8.6,3.0,si,"1,2,3",provisional,
prov-1086,canaguate,10.473397,-73.239345,11.0,7.5,3.0,si,"1,2,3",provisional,
prov-1087,mango,10.473402,-73.239213,11.6,10.4,2.5,no,,provisional,
prov-1088,canaguate,10.472437,-73.244967,10.1,8.7,3.0,si,"1,2,3",provisional,
prov-1089,canaguate,10.472525,-73.245036,11.6,7.1,3.0,si,"1,2,3",provisional,
prov-1090,otro,10.472623,-73.245113,6.3,6.5,2.5,no,,provisional,
prov-1091,mango,10.472799,-73.245251,10.0,9.0,2.5,no,,provisional,
prov-1092,canaguate,10.472967,-73.245383,9.4,7.0,3.0,si,"1,2,3",provisional,
prov-1093,otro,10.472058,-73.245417,8.9,6.9,2.5,no,,provisional,
prov-1094,otro,10.472176,-73.245241,6.4,6.6,2.5,no,,provisional,
prov-1095,mango,10.47227,-73.245101,8.9,9.5,2.5,no,,provisional,
prov-1096,canaguate,10.472349,-73.244982,8.4,7.0,3.0,si,"1,2,3",provisional,
prov-1097,otro,10.475198,-73.239076,6.1,5.1,2.5,no,,provisional,
prov-1098,mango,10.475334,-73.239083,8.0,11.7,2.5,no,,provisional,
prov-1099,mango,10.475511,-73.239092,8.3,10.1,2.5,no,,provisional,
prov-1100,mango,10.475661,-73.2391,8.4,10.8,2.5,no,,provisional,
prov-1101,mango,10.475767,-73.239096,9.9,9.6,2.5,no,,provisional,
prov-1102,mango,10.481404,-73.242978,9.6,9.9,2.5,no,,provisional,
prov-1103,otro,10.481275,-73.242912,6.7,5.4,2.5,no,,provisional,
prov-1104,mango,10.481175,-73.242861,8.4,8.7,2.5,no,,provisional,
prov-1105,mango,10.481009,-73.242776,10.2,10.4,2.5,no,,provisional,
prov-1106,otro,10.480821,-73.242679,8.8,7.1,2.5,no,,provisional,
prov-1107,mango,10.480676,-73.242605,12.0,10.3,2.5,no,,provisional,
prov-1108,canaguate,10.480822,-73.242174,11.6,6.1,3.0,si,"1,2,3",provisional,
prov-1109,mango,10.480755,-73.242286,10.1,11.8,2.5,no,,provisional,
prov-1110,canaguate,10.480656,-73.242451,9.7,6.2,3.0,si,"1,2,3",provisional,
prov-1111,mango,10.480579,-73.242579,8.1,9.1,2.5,no,,provisional,
prov-1112,mango,10.480853,-73.242228,8.3,11.2,2.5,no,,provisional,
prov-1113,mango,10.480791,-73.242332,8.7,10.9,2.5,no,,provisional,
prov-1114,canaguate,10.48073,-73.242433,8.1,7.6,3.0,si,"1,2,3",provisional,
prov-1115,mango,10.480664,-73.242544,8.5,11.6,2.5,no,,provisional,
prov-1116,mango,10.471541,-73.243519,9.4,11.1,2.5,no,,provisional,
prov-1117,canaguate,10.471527,-73.243314,9.7,9.0,3.0,si,"1,2,3",provisional,
prov-1118,mango,10.471536,-73.243188,8.7,10.0,2.5,no,,provisional,
prov-1119,mango,10.471557,-73.243004,10.4,9.4,2.5,no,,provisional,
prov-1120,otro,10.471577,-73.242841,9.4,5.5,2.5,no,,provisional,
prov-1121,mango,10.480475,-73.241885,11.3,10.9,2.5,no,,provisional,
prov-1122,otro,10.480899,-73.244629,8.6,5.5,2.5,no,,provisional,
prov-1123,mango,10.481037,-73.244713,10.8,10.6,2.5,no,,provisional,
prov-1124,canaguate,10.474122,-73.242725,11.4,6.0,3.0,si,"1,2,3",provisional,
prov-1125,otro,10.474017,-73.242856,6.8,7.1,2.5,no,,provisional,
prov-1126,mango,10.473884,-73.243022,9.2,10.9,2.5,no,,provisional,
prov-1127,mango,10.473771,-73.243163,8.7,8.2,2.5,no,,provisional,
prov-1128,mango,10.473368,-73.242981,11.6,8.6,2.5,no,,provisional,
prov-1129,otro,10.473472,-73.243062,8.8,6.5,2.5,no,,provisional,
prov-1130,otro,10.473649,-73.243201,7.5,7.0,2.5,no,,provisional,
prov-1131,mango,10.474142,-73.243581,11.4,11.7,2.5,no,,provisional,
prov-1132,mango,10.474034,-73.243501,8.2,10.5,2.5,no,,provisional,
prov-1133,otro,10.473891,-73.243394,9.6,7.0,2.5,no,,provisional,
prov-1134,mango,10.473765,-73.2433,8.1,10.0,2.5,no,,provisional,
prov-1135,otro,10.474074,-73.243576,6.1,7.1,2.5,no,,provisional,
prov-1136,canaguate,10.473912,-73.243455,8.4,6.8,3.0,si,"1,2,3",provisional,
prov-1137,mango,10.476858,-73.241135,10.0,9.0,2.5,no,,provisional,
prov-1138,mango,10.476956,-73.24127,10.7,8.8,2.5,no,,provisional,
prov-1139,otro,10.477082,-73.241424,7.1,6.9,2.5,no,,provisional,
prov-1140,canaguate,10.477202,-73.241578,9.6,7.6,3.0,si,"1,2,3",provisional,
prov-1141,otro,10.477294,-73.241717,8.3,6.4,2.5,no,,provisional,
prov-1142,mango,10.478086,-73.246827,10.5,8.4,2.5,no,,provisional,
prov-1143,canaguate,10.47821,-73.246925,8.6,7.5,3.0,si,"1,2,3",provisional,
prov-1144,mango,10.478367,-73.247049,8.9,9.1,2.5,no,,provisional,
prov-1145,mango,10.4785,-73.247155,9.8,8.1,2.5,no,,provisional,
prov-1146,mango,10.478379,-73.246476,10.3,10.5,2.5,no,,provisional,
prov-1147,canaguate,10.478288,-73.246598,10.7,8.6,3.0,si,"1,2,3",provisional,
prov-1148,mango,10.478197,-73.246722,10.1,9.0,2.5,no,,provisional,
prov-1149,mango,10.479804,-73.243981,9.2,8.4,2.5,no,,provisional,
prov-1150,canaguate,10.479928,-73.244054,8.5,8.1,3.0,si,"1,2,3",provisional,
prov-1151,mango,10.4801,-73.244155,10.7,10.7,2.5,no,,provisional,
prov-1152,mango,10.480268,-73.244253,11.2,10.9,2.5,no,,provisional,
prov-1153,otro,10.480413,-73.244338,9.8,6.4,2.5,no,,provisional,
prov-1154,mango,10.480542,-73.244414,10.2,11.0,2.5,no,,provisional,
prov-1155,mango,10.480702,-73.244413,10.4,10.9,2.5,no,,provisional,
prov-1156,mango,10.472736,-73.247367,11.1,8.9,2.5,no,,provisional,
prov-1157,mango,10.476881,-73.244485,8.5,8.6,2.5,no,,provisional,
prov-1158,canaguate,10.476767,-73.244413,11.3,8.8,3.0,si,"1,2,3",provisional,
prov-1159,mango,10.476583,-73.244298,8.7,10.2,2.5,no,,provisional,
prov-1160,canaguate,10.476411,-73.24419,10.1,6.9,3.0,si,"1,2,3",provisional,
prov-1161,mango,10.476305,-73.244124,9.9,10.7,2.5,no,,provisional,
prov-1162,mango,10.477702,-73.245023,8.0,8.3,2.5,no,,provisional,
prov-1163,canaguate,10.477534,-73.244898,9.6,6.5,3.0,si,"1,2,3",provisional,
prov-1164,mango,10.477388,-73.244789,11.0,11.8,2.5,no,,provisional,
prov-1165,otro,10.477273,-73.244703,6.8,6.0,2.5,no,,provisional,
prov-1166,mango,10.477147,-73.244609,9.5,10.1,2.5,no,,provisional,
prov-1167,mango,10.476994,-73.244495,10.4,8.3,2.5,no,,provisional,
prov-1168,canaguate,10.477021,-73.244417,11.1,8.8,3.0,si,"1,2,3",provisional,
prov-1169,canaguate,10.477095,-73.244298,9.3,8.2,3.0,si,"1,2,3",provisional,
prov-1170,canaguate,10.477188,-73.244148,8.6,8.6,3.0,si,"1,2,3",provisional,
prov-1171,mango,10.477309,-73.243956,11.2,11.7,2.5,no,,provisional,
prov-1172,mango,10.479174,-73.242828,11.3,11.4,2.5,no,,provisional,
prov-1173,canaguate,10.47903,-73.242733,11.8,7.5,3.0,si,"1,2,3",provisional,
prov-1174,otro,10.47888,-73.242634,8.2,5.8,2.5,no,,provisional,
prov-1175,canaguate,10.478718,-73.242527,10.7,6.5,3.0,si,"1,2,3",provisional,
prov-1176,mango,10.478562,-73.242425,11.2,10.6,2.5,no,,provisional,
prov-1177,mango,10.47839,-73.242312,11.8,8.4,2.5,no,,provisional,
prov-1178,otro,10.476906,-73.247244,8.8,6.5,2.5,no,,provisional,
prov-1179,otro,10.476728,-73.24711,8.8,7.9,2.5,no,,provisional,
prov-1180,canaguate,10.47659,-73.246999,9.3,7.0,3.0,si,"1,2,3",provisional,
prov-1181,mango,10.47691,-73.247326,9.6,8.3,2.5,no,,provisional,
prov-1182,mango,10.476807,-73.247251,8.0,11.6,2.5,no,,provisional,
prov-1183,mango,10.476644,-73.247124,8.7,11.1,2.5,no,,provisional,
prov-1184,mango,10.478058,-73.25023,11.0,9.4,2.5,no,,provisional,
prov-1185,canaguate,10.478138,-73.250066,8.6,6.0,3.0,si,"1,2,3",provisional,
prov-1186,mango,10.47821,-73.249917,9.5,10.8,2.5,no,,provisional,
prov-1187,mango,10.478297,-73.24974,9.6,9.2,2.5,no,,provisional,
prov-1188,mango,10.478372,-73.249586,10.4,10.5,2.5,no,,provisional,
prov-1189,mango,10.478604,-73.249702,11.5,12.0,2.5,no,,provisional,
prov-1190,mango,10.478724,-73.249795,8.3,11.3,2.5,no,,provisional,
prov-1191,canaguate,10.478836,-73.249882,8.5,8.9,3.0,si,"1,2,3",provisional,
prov-1192,mango,10.472643,-73.240247,8.6,9.1,2.5,no,,provisional,
prov-1193,mango,10.475224,-73.243429,9.9,11.9,2.5,no,,provisional,
prov-1194,mango,10.475086,-73.243548,11.1,10.2,2.5,no,,provisional,
prov-1195,canaguate,10.474981,-73.243638,10.1,7.6,3.0,si,"1,2,3",provisional,
prov-1196,otro,10.474847,-73.243772,9.6,7.1,2.5,no,,provisional,
prov-1197,mango,10.474757,-73.243864,8.3,10.4,2.5,no,,provisional,
prov-1198,otro,10.482892,-73.245803,9.2,7.8,2.5,no,,provisional,
prov-1199,mango,10.482773,-73.245724,10.3,11.5,2.5,no,,provisional,
prov-1200,mango,10.482645,-73.245639,12.0,11.8,2.5,no,,provisional,
prov-1201,mango,10.48255,-73.245573,8.1,10.1,2.5,no,,provisional,
prov-1202,canaguate,10.48239,-73.245463,11.2,7.1,3.0,si,"1,2,3",provisional,
prov-1203,otro,10.482284,-73.245391,9.4,5.4,2.5,no,,provisional,
prov-1204,mango,10.482125,-73.245282,11.2,11.0,2.5,no,,provisional,
prov-1205,mango,10.482029,-73.245216,9.7,10.0,2.5,no,,provisional,
prov-1206,mango,10.470656,-73.24356,8.3,9.3,2.5,no,,provisional,
prov-1207,canaguate,10.470694,-73.243497,10.5,6.8,3.0,si,"1,2,3",provisional,
prov-1208,mango,10.48103,-73.24393,9.0,11.5,2.5,no,,provisional,
prov-1209,otro,10.481095,-73.243807,9.0,7.7,2.5,no,,provisional,
prov-1210,mango,10.481149,-73.243706,11.1,11.2,2.5,no,,provisional,
prov-1211,canaguate,10.481207,-73.243595,10.1,7.9,3.0,si,"1,2,3",provisional,
prov-1212,mango,10.481011,-73.243849,10.5,8.7,2.5,no,,provisional,
prov-1213,canaguate,10.481072,-73.243735,9.2,7.6,3.0,si,"1,2,3",provisional,
prov-1214,mango,10.481156,-73.243575,11.5,8.8,2.5,no,,provisional,
prov-1215,mango,10.481225,-73.243445,9.6,10.5,2.5,no,,provisional,
prov-1216,mango,10.480463,-73.243045,10.7,8.0,2.5,no,,provisional,
prov-1217,canaguate,10.480633,-73.243132,10.7,7.1,3.0,si,"1,2,3",provisional,
prov-1218,mango,10.480813,-73.243223,8.5,9.7,2.5,no,,provisional,
prov-1219,mango,10.480937,-73.243287,8.8,10.2,2.5,no,,provisional,
prov-1220,otro,10.48109,-73.243365,9.4,7.5,2.5,no,,provisional,
prov-1221,canaguate,10.480613,-73.24306,9.8,8.9,3.0,si,"1,2,3",provisional,
prov-1222,canaguate,10.480784,-73.243148,10.8,7.8,3.0,si,"1,2,3",provisional,
prov-1223,mango,10.480981,-73.243248,8.1,9.7,2.5,no,,provisional,
prov-1224,canaguate,10.481155,-73.243336,11.3,8.7,3.0,si,"1,2,3",provisional,
prov-1225,mango,10.482444,-73.244677,10.3,8.3,2.5,no,,provisional,
prov-1226,mango,10.482533,-73.244562,11.8,9.2,2.5,no,,provisional,
prov-1227,mango,10.482394,-73.244653,11.9,10.8,2.5,no,,provisional,
prov-1228,canaguate,10.482464,-73.244562,11.7,7.8,3.0,si,"1,2,3",provisional,
prov-1229,mango,10.482572,-73.244423,10.6,8.1,2.5,no,,provisional,
prov-1230,mango,10.479512,-73.244508,9.4,9.6,2.5,no,,provisional,
prov-1231,mango,10.479413,-73.244677,8.7,10.6,2.5,no,,provisional,
prov-1232,mango,10.479236,-73.244979,10.2,9.7,2.5,no,,provisional,
prov-1233,mango,10.479166,-73.245099,10.0,11.2,2.5,no,,provisional,
prov-1234,otro,10.479406,-73.240725,6.7,7.5,2.5,no,,provisional,
prov-1235,mango,10.479494,-73.240688,11.6,11.9,2.5,no,,provisional,
prov-1236,otro,10.471996,-73.243815,8.8,7.7,2.5,no,,provisional,
prov-1237,mango,10.47193,-73.243845,11.6,8.4,2.5,no,,provisional,
prov-1238,canaguate,10.47256,-73.24368,8.7,8.5,3.0,si,"1,2,3",provisional,
prov-1239,canaguate,10.472756,-73.243689,8.2,6.7,3.0,si,"1,2,3",provisional,
prov-1240,mango,10.472916,-73.243697,10.5,12.0,2.5,no,,provisional,
prov-1241,mango,10.473065,-73.243705,9.0,9.8,2.5,no,,provisional,
prov-1242,canaguate,10.473231,-73.243713,11.5,8.4,3.0,si,"1,2,3",provisional,
prov-1243,mango,10.472536,-73.243615,9.6,11.9,2.5,no,,provisional,
prov-1244,canaguate,10.472735,-73.243624,9.3,7.9,3.0,si,"1,2,3",provisional,
prov-1245,mango,10.472949,-73.243635,10.4,9.7,2.5,no,,provisional,
prov-1246,mango,10.473071,-73.243641,9.4,9.3,2.5,no,,provisional,
prov-1247,mango,10.473243,-73.243649,10.8,10.2,2.5,no,,provisional,
prov-1248,otro,10.472007,-73.243587,8.7,6.7,2.5,no,,provisional,
prov-1249,mango,10.472199,-73.243597,10.8,11.8,2.5,no,,provisional,
prov-1250,otro,10.472409,-73.243608,9.7,6.6,2.5,no,,provisional,
prov-1251,canaguate,10.473315,-73.243028,8.3,7.3,3.0,si,"1,2,3",provisional,
prov-1252,mango,10.473307,-73.243185,10.2,10.5,2.5,no,,provisional,
prov-1253,otro,10.473298,-73.243357,8.0,5.8,2.5,no,,provisional,
prov-1254,otro,10.473287,-73.243571,9.5,5.8,2.5,no,,provisional,
prov-1255,mango,10.477742,-73.243249,10.5,11.4,2.5,no,,provisional,
prov-1256,otro,10.476832,-73.243528,7.2,7.3,2.5,no,,provisional,
prov-1257,mango,10.476947,-73.243613,11.4,9.7,2.5,no,,provisional,
prov-1258,mango,10.477077,-73.243709,11.8,10.7,2.5,no,,provisional,
prov-1259,canaguate,10.477254,-73.243838,11.2,8.6,3.0,si,"1,2,3",provisional,
prov-1260,mango,10.47595,-73.238804,11.2,10.0,2.5,no,,provisional,
prov-1261,canaguate,10.475855,-73.238746,11.3,7.3,3.0,si,"1,2,3",provisional,
prov-1262,canaguate,10.475733,-73.238671,8.9,8.2,3.0,si,"1,2,3",provisional,
prov-1263,mango,10.475425,-73.238484,10.3,9.1,2.5,no,,provisional,
prov-1264,mango,10.475253,-73.238379,11.8,9.9,2.5,no,,provisional,
prov-1265,otro,10.477082,-73.238542,7.6,7.0,2.5,no,,provisional,
prov-1266,mango,10.477158,-73.238383,8.4,11.8,2.5,no,,provisional,
prov-1267,mango,10.479975,-73.239934,10.4,12.0,2.5,no,,provisional,
prov-1268,mango,10.480051,-73.239792,8.5,8.9,2.5,no,,provisional,
prov-1269,otro,10.48009,-73.239665,9.2,7.2,2.5,no,,provisional,
prov-1270,mango,10.480079,-73.239546,11.0,8.8,2.5,no,,provisional,
prov-1271,otro,10.480027,-73.239388,8.5,7.5,2.5,no,,provisional,
prov-1272,mango,10.479992,-73.23928,8.6,10.3,2.5,no,,provisional,
prov-1273,mango,10.479955,-73.239173,10.9,11.4,2.5,no,,provisional,
prov-1274,mango,10.479885,-73.238968,11.9,11.4,2.5,no,,provisional,
prov-1275,mango,10.479843,-73.238847,11.3,10.5,2.5,no,,provisional,
prov-1276,mango,10.479765,-73.238677,10.4,10.5,2.5,no,,provisional,
prov-1277,canaguate,10.478422,-73.237787,11.5,7.0,3.0,si,"1,2,3",provisional,
prov-1278,canaguate,10.478284,-73.237891,8.1,8.3,3.0,si,"1,2,3",provisional,
prov-1279,mango,10.478121,-73.238044,10.1,8.5,2.5,no,,provisional,
prov-1280,mango,10.477976,-73.238181,11.6,10.2,2.5,no,,provisional,
prov-1281,mango,10.477862,-73.238288,9.6,9.2,2.5,no,,provisional,
prov-1282,canaguate,10.477733,-73.238349,9.6,6.1,3.0,si,"1,2,3",provisional,
prov-1283,canaguate,10.477527,-73.238339,9.3,6.7,3.0,si,"1,2,3",provisional,
prov-1284,canaguate,10.477349,-73.238301,8.2,6.9,3.0,si,"1,2,3",provisional,
prov-1285,mango,10.471638,-73.243573,8.6,9.6,2.5,no,,provisional,
prov-1286,mango,10.471633,-73.243641,10.0,11.7,2.5,no,,provisional,
prov-1287,mango,10.473353,-73.248071,10.9,8.4,2.5,no,,provisional,
prov-1288,mango,10.473284,-73.248178,11.1,11.5,2.5,no,,provisional,
prov-1289,otro,10.47319,-73.248322,6.6,6.3,2.5,no,,provisional,
prov-1290,mango,10.473106,-73.248451,11.0,9.7,2.5,no,,provisional,
prov-1291,mango,10.472996,-73.248621,9.5,8.8,2.5,no,,provisional,
prov-1292,canaguate,10.472926,-73.24873,11.9,7.7,3.0,si,"1,2,3",provisional,
prov-1293,canaguate,10.472865,-73.248823,10.2,7.0,3.0,si,"1,2,3",provisional,
prov-1294,mango,10.472747,-73.249005,11.1,9.0,2.5,no,,provisional,
prov-1295,mango,10.473482,-73.247873,9.0,11.6,2.5,no,,provisional,
prov-1296,canaguate,10.475144,-73.239054,11.8,6.1,3.0,si,"1,2,3",provisional,
prov-1297,canaguate,10.475048,-73.238912,10.6,7.6,3.0,si,"1,2,3",provisional,
prov-1298,mango,10.475044,-73.238704,11.0,11.7,2.5,no,,provisional,
prov-1299,otro,10.478214,-73.240157,8.6,8.0,2.5,no,,provisional,
prov-1300,otro,10.477976,-73.240568,6.1,6.5,2.5,no,,provisional,
prov-1301,mango,10.477865,-73.240758,8.8,11.5,2.5,no,,provisional,
prov-1302,canaguate,10.478892,-73.24142,8.4,7.9,3.0,si,"1,2,3",provisional,
prov-1303,canaguate,10.478769,-73.241359,10.1,7.8,3.0,si,"1,2,3",provisional,
prov-1304,mango,10.478623,-73.241286,9.8,8.7,2.5,no,,provisional,
prov-1305,mango,10.478505,-73.241228,11.0,9.1,2.5,no,,provisional,
prov-1306,mango,10.478395,-73.241173,9.4,8.7,2.5,no,,provisional,
prov-1307,mango,10.478274,-73.241113,11.1,9.6,2.5,no,,provisional,
prov-1308,mango,10.478083,-73.241018,10.3,10.2,2.5,no,,provisional,
prov-1309,mango,10.477982,-73.240968,10.0,11.9,2.5,no,,provisional,
prov-1310,mango,10.478563,-73.240769,11.5,11.1,2.5,no,,provisional,
prov-1311,mango,10.478415,-73.240695,11.3,10.2,2.5,no,,provisional,
prov-1312,mango,10.47827,-73.240622,9.7,10.3,2.5,no,,provisional,
prov-1313,otro,10.478132,-73.240552,8.9,5.2,2.5,no,,provisional,
prov-1314,mango,10.481126,-73.241813,8.5,10.5,2.5,no,,provisional,
prov-1315,mango,10.481241,-73.241872,9.4,8.9,2.5,no,,provisional,
prov-1316,canaguate,10.481393,-73.241949,8.7,7.7,3.0,si,"1,2,3",provisional,
prov-1317,mango,10.48157,-73.243947,10.7,11.9,2.5,no,,provisional,
prov-1318,mango,10.481756,-73.243863,11.3,9.8,2.5,no,,provisional,
prov-1319,mango,10.481907,-73.243794,9.7,8.8,2.5,no,,provisional,
prov-1320,mango,10.481766,-73.242673,8.4,8.1,2.5,no,,provisional,
prov-1321,mango,10.481956,-73.242775,8.0,11.6,2.5,no,,provisional,
prov-1322,mango,10.482127,-73.242867,11.7,8.1,2.5,no,,provisional,
prov-1323,mango,10.482285,-73.242945,10.3,9.8,2.5,no,,provisional,
prov-1324,mango,10.482431,-73.243015,10.8,10.3,2.5,no,,provisional,
prov-1325,mango,10.482564,-73.243079,11.8,8.9,2.5,no,,provisional,
prov-1326,mango,10.480141,-73.241129,10.4,10.2,2.5,no,,provisional,
prov-1327,mango,10.480003,-73.241032,9.6,8.4,2.5,no,,provisional,
prov-1328,canaguate,10.479397,-73.241645,8.3,7.1,3.0,si,"1,2,3",provisional,
prov-1329,mango,10.479437,-73.241684,11.7,10.1,2.5,no,,provisional,
prov-1330,mango,10.479674,-73.241288,10.2,11.9,2.5,no,,provisional,
prov-1331,mango,10.47957,-73.241458,11.2,11.9,2.5,no,,provisional,
prov-1332,canaguate,10.476284,-73.239703,9.0,8.4,3.0,si,"1,2,3",provisional,
prov-1333,mango,10.476222,-73.239826,8.0,11.4,2.5,no,,provisional,
prov-1334,otro,10.476148,-73.239974,9.5,5.2,2.5,no,,provisional,
prov-1335,otro,10.476076,-73.240117,7.4,5.5,2.5,no,,provisional,
prov-1336,otro,10.476623,-73.243615,7.1,5.6,2.5,no,,provisional,
prov-1337,mango,10.4765,-73.243764,8.5,8.8,2.5,no,,provisional,
prov-1338,mango,10.476388,-73.243901,11.4,9.1,2.5,no,,provisional,
prov-1339,canaguate,10.481686,-73.242713,10.3,7.8,3.0,si,"1,2,3",provisional,
prov-1340,mango,10.481627,-73.24282,10.5,9.5,2.5,no,,provisional,
prov-1341,otro,10.4815,-73.243053,8.3,7.5,2.5,no,,provisional,
prov-1342,mango,10.483238,-73.24644,9.1,11.2,2.5,no,,provisional,
prov-1343,canaguate,10.483132,-73.2466,9.9,6.8,3.0,si,"1,2,3",provisional,
prov-1344,canaguate,10.483273,-73.246298,8.9,9.0,3.0,si,"1,2,3",provisional,
prov-1345,mango,10.483186,-73.246191,10.8,10.3,2.5,no,,provisional,
prov-1346,mango,10.483104,-73.246091,10.2,11.2,2.5,no,,provisional,
prov-1347,canaguate,10.482996,-73.245959,12.0,7.2,3.0,si,"1,2,3",provisional,
prov-1348,mango,10.481511,-73.244039,9.9,8.1,2.5,no,,provisional,
prov-1349,otro,10.481348,-73.244126,6.2,6.7,2.5,no,,provisional,
prov-1350,mango,10.481029,-73.243995,11.5,10.5,2.5,no,,provisional,
prov-1351,mango,10.481139,-73.244064,11.5,9.2,2.5,no,,provisional,
prov-1352,canaguate,10.480789,-73.244345,9.7,6.8,3.0,si,"1,2,3",provisional,
prov-1353,mango,10.480936,-73.24433,10.4,9.8,2.5,no,,provisional,
prov-1354,mango,10.481092,-73.244254,8.8,10.9,2.5,no,,provisional,
prov-1355,canaguate,10.481204,-73.244198,9.2,8.8,3.0,si,"1,2,3",provisional,
prov-1356,mango,10.473535,-73.247781,10.0,9.7,2.5,no,,provisional,
prov-1357,mango,10.480061,-73.240136,8.8,8.7,2.5,no,,provisional,
prov-1358,mango,10.480219,-73.240279,8.5,9.6,2.5,no,,provisional,
prov-1359,mango,10.480315,-73.24038,10.9,8.3,2.5,no,,provisional,
prov-1360,mango,10.480418,-73.240531,11.8,8.6,2.5,no,,provisional,
prov-1361,mango,10.477073,-73.238669,10.6,9.4,2.5,no,,provisional,
prov-1362,otro,10.477167,-73.238729,7.8,7.2,2.5,no,,provisional,
prov-1363,canaguate,10.477368,-73.238827,9.6,6.9,3.0,si,"1,2,3",provisional,
prov-1364,mango,10.477492,-73.238877,9.2,11.3,2.5,no,,provisional,
prov-1365,mango,10.477103,-73.238624,11.4,8.5,2.5,no,,provisional,
prov-1366,otro,10.477271,-73.238728,9.5,5.8,2.5,no,,provisional,
prov-1367,mango,10.477404,-73.238782,10.9,11.1,2.5,no,,provisional,
prov-1368,mango,10.477531,-73.238834,8.3,10.6,2.5,no,,provisional,
prov-1369,mango,10.477708,-73.238906,12.0,9.0,2.5,no,,provisional,
prov-1370,mango,10.481659,-73.24408,9.2,8.9,2.5,no,,provisional,
prov-1371,mango,10.481727,-73.244184,11.3,9.4,2.5,no,,provisional,
prov-1372,mango,10.481822,-73.244275,9.3,8.3,2.5,no,,provisional,
prov-1373,mango,10.478216,-73.239553,10.0,9.8,2.5,no,,provisional,
prov-1374,canaguate,10.478054,-73.239469,9.2,7.8,3.0,si,"1,2,3",provisional,
prov-1375,otro,10.477871,-73.239382,7.4,6.9,2.5,no,,provisional,
prov-1376,mango,10.477669,-73.239286,9.0,9.0,2.5,no,,provisional,
prov-1377,canaguate,10.47753,-73.239219,8.1,8.2,3.0,si,"1,2,3",provisional,
prov-1378,mango,10.477336,-73.239127,9.3,8.8,2.5,no,,provisional,
prov-1379,mango,10.477201,-73.239062,10.8,10.9,2.5,no,,provisional,
prov-1380,canaguate,10.477085,-73.23901,11.3,7.1,3.0,si,"1,2,3",provisional,
prov-1381,mango,10.476889,-73.238924,11.2,9.1,2.5,no,,provisional,
prov-1382,mango,10.476655,-73.239151,10.0,9.5,2.5,no,,provisional,
prov-1383,mango,10.47675,-73.23898,9.0,9.0,2.5,no,,provisional,
prov-1384,mango,10.476332,-73.239607,11.5,11.6,2.5,no,,provisional,
prov-1385,mango,10.476383,-73.239506,10.7,9.6,2.5,no,,provisional,
prov-1386,canaguate,10.47647,-73.239334,9.5,8.7,3.0,si,"1,2,3",provisional,
prov-1387,otro,10.476548,-73.239179,9.3,7.6,2.5,no,,provisional,
prov-1388,mango,10.478088,-73.240006,10.4,10.3,2.5,no,,provisional,
prov-1389,mango,10.478172,-73.23986,11.9,11.1,2.5,no,,provisional,
prov-1390,mango,10.478272,-73.239686,11.7,9.4,2.5,no,,provisional,
prov-1391,otro,10.479653,-73.24389,9.3,5.1,2.5,no,,provisional,
prov-1392,mango,10.479516,-73.243806,11.3,9.2,2.5,no,,provisional,
prov-1393,canaguate,10.478895,-73.244345,8.9,8.9,3.0,si,"1,2,3",provisional,
prov-1394,otro,10.479063,-73.244293,8.4,5.2,2.5,no,,provisional,
prov-1395,otro,10.479174,-73.244123,9.4,7.5,2.5,no,,provisional,
prov-1396,mango,10.479265,-73.244028,11.1,11.8,2.5,no,,provisional,
prov-1397,mango,10.479371,-73.243851,9.2,9.0,2.5,no,,provisional,
prov-1398,canaguate,10.478852,-73.244304,11.0,6.1,3.0,si,"1,2,3",provisional,
prov-1399,mango,10.478991,-73.244265,9.2,10.2,2.5,no,,provisional,
prov-1400,mango,10.479089,-73.244156,10.3,9.1,2.5,no,,provisional,
prov-1401,mango,10.479183,-73.244044,11.9,11.1,2.5,no,,provisional,
prov-1402,otro,10.479245,-73.243956,9.1,5.5,2.5,no,,provisional,
prov-1403,canaguate,10.479345,-73.243788,9.1,7.1,3.0,si,"1,2,3",provisional,
prov-1404,canaguate,10.477248,-73.247031,8.2,7.0,3.0,si,"1,2,3",provisional,
prov-1405,mango,10.475528,-73.249271,8.3,10.0,2.5,no,,provisional,
prov-1406,otro,10.475799,-73.245622,8.8,6.7,2.5,no,,provisional,
prov-1407,canaguate,10.47566,-73.245531,10.2,6.8,3.0,si,"1,2,3",provisional,
prov-1408,canaguate,10.47551,-73.245433,8.4,6.3,3.0,si,"1,2,3",provisional,
prov-1409,mango,10.471898,-73.243732,9.2,11.9,2.5,no,,provisional,
prov-1410,otro,10.474177,-73.241382,7.2,7.3,2.5,no,,provisional,
prov-1411,mango,10.473526,-73.240785,11.9,9.8,2.5,no,,provisional,
prov-1412,otro,10.473638,-73.240879,7.8,8.0,2.5,no,,provisional,
prov-1413,canaguate,10.473752,-73.240975,11.5,6.5,3.0,si,"1,2,3",provisional,
prov-1414,mango,10.473871,-73.241075,9.0,9.8,2.5,no,,provisional,
prov-1415,mango,10.474001,-73.241184,11.7,9.4,2.5,no,,provisional,
prov-1416,canaguate,10.474128,-73.241291,11.9,8.4,3.0,si,"1,2,3",provisional,
prov-1417,mango,10.472652,-73.240132,9.3,8.8,2.5,no,,provisional,
prov-1418,canaguate,10.472794,-73.240222,11.2,8.6,3.0,si,"1,2,3",provisional,
prov-1419,mango,10.472887,-73.240282,10.9,10.2,2.5,no,,provisional,
prov-1420,mango,10.47301,-73.24036,8.8,10.0,2.5,no,,provisional,
prov-1421,canaguate,10.473179,-73.240468,10.1,7.4,3.0,si,"1,2,3",provisional,
prov-1422,mango,10.473327,-73.240562,11.3,9.3,2.5,no,,provisional,
prov-1423,mango,10.48101,-73.241842,11.1,8.9,2.5,no,,provisional,
prov-1424,canaguate,10.480954,-73.241941,8.1,6.2,3.0,si,"1,2,3",provisional,
prov-1425,mango,10.480862,-73.242105,8.8,9.6,2.5,no,,provisional,
prov-1426,mango,10.478384,-73.246259,8.8,11.1,2.5,no,,provisional,
prov-1427,mango,10.478284,-73.246194,10.5,11.4,2.5,no,,provisional,
prov-1428,mango,10.478179,-73.246126,9.0,9.8,2.5,no,,provisional,
prov-1429,canaguate,10.478401,-73.246314,10.2,8.4,3.0,si,"1,2,3",provisional,
prov-1430,mango,10.478124,-73.246133,9.0,8.6,2.5,no,,provisional,
prov-1431,mango,10.475699,-73.239313,8.9,10.8,2.5,no,,provisional,
prov-1432,mango,10.472197,-73.245561,11.9,9.2,2.5,no,,provisional,
prov-1433,mango,10.472295,-73.245629,8.7,9.5,2.5,no,,provisional,
prov-1434,canaguate,10.472467,-73.245748,11.9,6.7,3.0,si,"1,2,3",provisional,
prov-1435,otro,10.472597,-73.245838,6.1,7.7,2.5,no,,provisional,
prov-1436,otro,10.472229,-73.245516,6.7,6.8,2.5,no,,provisional,
prov-1437,mango,10.472368,-73.245613,11.8,10.0,2.5,no,,provisional,
prov-1438,canaguate,10.472461,-73.245677,9.1,8.8,3.0,si,"1,2,3",provisional,
prov-1439,mango,10.472632,-73.245796,10.0,9.7,2.5,no,,provisional,
prov-1440,mango,10.472785,-73.245902,10.8,10.7,2.5,no,,provisional,
prov-1441,mango,10.478508,-73.243932,8.9,9.8,2.5,no,,provisional,
prov-1442,mango,10.478391,-73.244103,11.1,8.4,2.5,no,,provisional,
prov-1443,canaguate,10.478424,-73.244252,8.0,6.8,3.0,si,"1,2,3",provisional,
prov-1444,mango,10.478537,-73.244329,9.0,8.3,2.5,no,,provisional,
prov-1445,mango,10.482358,-73.244789,9.0,8.1,2.5,no,,provisional,
prov-1446,mango,10.482462,-73.244917,9.6,9.6,2.5,no,,provisional,
prov-1447,mango,10.482606,-73.245093,8.5,11.5,2.5,no,,provisional,
prov-1448,mango,10.477397,-73.244848,11.2,8.4,2.5,no,,provisional,
prov-1449,otro,10.477294,-73.244774,8.9,7.3,2.5,no,,provisional,
prov-1450,otro,10.477202,-73.244709,9.7,7.5,2.5,no,,provisional,
prov-1451,mango,10.47703,-73.244586,11.6,8.7,2.5,no,,provisional,
prov-1452,mango,10.478618,-73.243805,9.2,11.8,2.5,no,,provisional,
prov-1453,mango,10.478479,-73.244007,9.5,9.7,2.5,no,,provisional,
prov-1454,mango,10.478302,-73.244264,11.3,11.8,2.5,no,,provisional,
prov-1455,otro,10.478188,-73.244502,7.6,6.2,2.5,no,,provisional,
prov-1456,canaguate,10.478359,-73.244255,9.4,6.4,3.0,si,"1,2,3",provisional,
prov-1457,mango,10.477846,-73.245027,9.0,11.8,2.5,no,,provisional,
prov-1458,canaguate,10.477936,-73.244888,8.2,8.3,3.0,si,"1,2,3",provisional,
prov-1459,mango,10.478028,-73.244748,9.4,8.8,2.5,no,,provisional,
prov-1460,mango,10.478147,-73.244565,11.2,8.2,2.5,no,,provisional,
prov-1461,canaguate,10.477926,-73.24522,8.9,6.9,3.0,si,"1,2,3",provisional,
prov-1462,mango,10.478105,-73.245342,10.9,9.2,2.5,no,,provisional,
prov-1463,otro,10.478239,-73.245434,6.5,7.5,2.5,no,,provisional,
prov-1464,mango,10.478414,-73.245553,8.6,8.9,2.5,no,,provisional,
prov-1465,mango,10.478521,-73.245626,8.7,11.4,2.5,no,,provisional,
prov-1466,mango,10.478656,-73.245719,9.6,11.6,2.5,no,,provisional,
prov-1467,canaguate,10.477756,-73.245161,10.8,6.8,3.0,si,"1,2,3",provisional,
prov-1468,mango,10.477652,-73.245333,8.1,11.5,2.5,no,,provisional,
prov-1469,mango,10.477563,-73.245477,9.5,10.6,2.5,no,,provisional,
prov-1470,mango,10.477466,-73.245636,9.2,11.6,2.5,no,,provisional,
prov-1471,otro,10.47738,-73.245778,9.0,6.8,2.5,no,,provisional,
prov-1472,canaguate,10.477222,-73.246036,11.8,7.0,3.0,si,"1,2,3",provisional,
prov-1473,mango,10.471777,-73.243655,9.6,10.0,2.5,no,,provisional,
prov-1474,canaguate,10.476065,-73.247532,9.8,8.4,3.0,si,"1,2,3",provisional,
prov-1475,mango,10.476076,-73.247427,10.6,10.9,2.5,no,,provisional,
prov-1476,mango,10.476175,-73.247448,10.1,10.7,2.5,no,,provisional,
prov-1477,mango,10.476074,-73.247331,12.0,8.4,2.5,no,,provisional,
prov-1478,canaguate,10.476148,-73.247363,9.4,8.2,3.0,si,"1,2,3",provisional,
prov-1479,canaguate,10.477741,-73.244943,8.5,8.8,3.0,si,"1,2,3",provisional,
prov-1480,canaguate,10.47764,-73.244884,8.4,7.0,3.0,si,"1,2,3",provisional,
prov-1481,mango,10.477464,-73.244766,8.1,9.0,2.5,no,,provisional,
prov-1482,otro,10.477537,-73.244761,9.5,6.7,2.5,no,,provisional,
prov-1483,canaguate,10.477637,-73.244793,11.7,7.2,3.0,si,"1,2,3",provisional,
prov-1484,mango,10.47774,-73.244791,10.6,9.4,2.5,no,,provisional,
prov-1485,mango,10.477442,-73.24467,8.3,11.7,2.5,no,,provisional,
prov-1486,mango,10.477557,-73.24467,10.8,8.1,2.5,no,,provisional,
prov-1487,mango,10.477638,-73.244684,11.6,9.2,2.5,no,,provisional,
prov-1488,canaguate,10.477729,-73.244681,9.5,8.4,3.0,si,"1,2,3",provisional,
prov-1489,canaguate,10.477826,-73.244682,12.0,6.4,3.0,si,"1,2,3",provisional,
prov-1490,mango,10.478002,-73.244681,8.3,10.1,2.5,no,,provisional,
prov-1491,canaguate,10.477262,-73.244613,9.1,7.8,3.0,si,"1,2,3",provisional,
prov-1492,otro,10.477546,-73.244597,6.5,5.2,2.5,no,,provisional,
prov-1493,otro,10.477633,-73.244611,9.3,7.6,2.5,no,,provisional,
prov-1494,canaguate,10.477741,-73.244605,8.8,6.3,3.0,si,"1,2,3",provisional,
prov-1495,otro,10.47783,-73.244608,9.8,7.3,2.5,no,,provisional,
prov-1496,mango,10.47718,-73.244514,10.8,12.0,2.5,no,,provisional,
prov-1497,mango,10.477268,-73.244523,9.3,8.2,2.5,no,,provisional,
prov-1498,otro,10.47754,-73.244491,9.6,7.8,2.5,no,,provisional,
prov-1499,mango,10.477626,-73.244506,10.6,9.9,2.5,no,,provisional,
prov-1500,otro,10.477721,-73.244497,8.8,6.0,2.5,no,,provisional,
prov-1501,mango,10.477836,-73.2445,9.1,8.3,2.5,no,,provisional,
prov-1502,mango,10.478083,-73.244498,10.2,11.5,2.5,no,,provisional,
prov-1503,canaguate,10.477101,-73.244396,10.4,8.6,3.0,si,"1,2,3",provisional,
prov-1504,canaguate,10.477529,-73.244406,9.8,8.1,3.0,si,"1,2,3",provisional,
prov-1505,mango,10.47762,-73.244405,11.0,8.7,2.5,no,,provisional,
prov-1506,mango,10.47771,-73.244411,10.1,11.7,2.5,no,,provisional,
prov-1507,canaguate,10.477834,-73.244415,11.9,7.4,3.0,si,"1,2,3",provisional,
prov-1508,mango,10.477982,-73.244408,8.3,8.1,2.5,no,,provisional,
prov-1509,canaguate,10.477179,-73.24433,9.8,8.8,3.0,si,"1,2,3",provisional,
prov-1510,otro,10.477261,-73.244311,9.7,5.3,2.5,no,,provisional,
prov-1511,mango,10.477561,-73.244306,8.0,11.3,2.5,no,,provisional,
prov-1512,mango,10.477276,-73.244235,8.3,11.5,2.5,no,,provisional,
prov-1513,canaguate,10.477454,-73.244216,9.6,7.7,3.0,si,"1,2,3",provisional,
prov-1514,mango,10.477543,-73.244211,10.2,10.4,2.5,no,,provisional,
prov-1515,mango,10.477624,-73.244217,8.1,11.9,2.5,no,,provisional,
prov-1516,mango,10.477721,-73.244221,8.0,9.4,2.5,no,,provisional,
prov-1517,mango,10.477451,-73.244146,9.3,9.6,2.5,no,,provisional,
prov-1518,mango,10.477365,-73.244051,9.1,9.2,2.5,no,,provisional,
prov-1519,mango,10.477457,-73.244063,10.3,8.9,2.5,no,,provisional,
prov-1520,mango,10.477379,-73.243951,8.6,8.1,2.5,no,,provisional,
prov-1521,canaguate,10.477897,-73.243236,8.4,8.0,3.0,si,"1,2,3",provisional,
prov-1522,canaguate,10.478088,-73.243208,8.9,8.0,3.0,si,"1,2,3",provisional,
prov-1523,mango,10.477917,-73.243147,8.7,10.2,2.5,no,,provisional,
prov-1524,canaguate,10.478008,-73.243122,10.0,7.9,3.0,si,"1,2,3",provisional,
prov-1525,canaguate,10.478092,-73.243124,9.4,7.2,3.0,si,"1,2,3",provisional,
prov-1526,mango,10.478159,-73.243124,9.6,8.9,2.5,no,,provisional,
prov-1527,canaguate,10.481761,-73.248516,10.1,8.6,3.0,si,"1,2,3",provisional,
prov-1528,mango,10.48167,-73.248432,11.9,9.3,2.5,no,,provisional,
prov-1529,otro,10.481783,-73.248434,6.6,6.1,2.5,no,,provisional,
prov-1530,mango,10.481669,-73.248335,8.4,11.7,2.5,no,,provisional,
prov-1531,otro,10.481862,-73.248319,9.2,7.6,2.5,no,,provisional,
prov-1532,mango,10.481506,-73.248249,11.6,9.6,2.5,no,,provisional,
prov-1533,canaguate,10.481582,-73.248249,11.1,6.5,3.0,si,"1,2,3",provisional,
prov-1534,mango,10.481694,-73.248253,11.0,8.1,2.5,no,,provisional,
prov-1535,mango,10.481777,-73.248254,10.2,9.6,2.5,no,,provisional,
prov-1536,mango,10.481848,-73.248252,8.2,10.8,2.5,no,,provisional,
prov-1537,mango,10.481959,-73.248233,9.5,9.2,2.5,no,,provisional,
prov-1538,canaguate,10.481333,-73.248172,9.0,6.4,3.0,si,"1,2,3",provisional,
prov-1539,mango,10.481599,-73.248151,9.2,8.2,2.5,no,,provisional,
prov-1540,canaguate,10.481692,-73.248138,9.7,7.1,3.0,si,"1,2,3",provisional,
prov-1541,mango,10.481785,-73.248154,10.9,11.4,2.5,no,,provisional,
prov-1542,mango,10.482027,-73.248155,10.8,10.3,2.5,no,,provisional,
prov-1543,canaguate,10.481494,-73.248046,10.8,8.8,3.0,si,"1,2,3",provisional,
prov-1544,mango,10.481579,-73.24808,9.0,9.1,2.5,no,,provisional,
prov-1545,mango,10.481666,-73.248061,9.2,8.7,2.5,no,,provisional,
prov-1546,mango,10.481864,-73.248074,8.5,8.5,2.5,no,,provisional,
prov-1547,mango,10.481492,-73.247982,9.8,10.5,2.5,no,,provisional,
prov-1548,mango,10.481593,-73.247982,11.7,8.7,2.5,no,,provisional,
prov-1549,mango,10.481772,-73.247962,9.6,8.4,2.5,no,,provisional,
prov-1550,mango,10.481594,-73.247879,10.5,11.6,2.5,no,,provisional,
